image,phash
1000268201_693b08cb0e.jpg,fdd54b17f9609140
1001773457_577c3a7d70.jpg,9b1d4e42e163e6e4
1002674143_1b742ab4b8.jpg,daa9259207d69ace
1003163366_44323f5815.jpg,be66f3b3b0838838
1007129816_e794419615.jpg,d5904ab5f36016ee
1007320043_627395c3d8.jpg,d2e5b37cad0c25b0
1009434119_febe49276a.jpg,a464121b596d67f6
1012212859_01547e3f17.jpg,9b9e24336d4ccc8d
1015118661_980735411b.jpg,ea0cb34b0c9f4e95
1015584366_dfcec3c85a.jpg,ed14daa6c55919c5
101654506_8eb26cfb60.jpg,f4160bebd53628c9
101669240_b2d3e7f17b.jpg,9a35e55a650fd861
1016887272_03199f49c4.jpg,8c868198d7dcf276
1019077836_6fc9b15408.jpg,80c6c6ef381f1727
1019604187_d087bf9a5f.jpg,da6c24b3d91d2d26
1020651753_06077ec457.jpg,955967775c1b82c8
1022454332_6af2c1449a.jpg,cd132cd4dbe4e892
1022454428_b6b660a67b.jpg,c29079e61cf37d48
1022975728_75515238d8.jpg,ca683496dab29eb1
102351840_323e3de834.jpg,ab379469cc96694a
1024138940_f1fefbdce1.jpg,a5c3da3d64f61d08
102455176_5f8ead62d5.jpg,e7e9991a30c6e631
1026685415_0431cbf574.jpg,e6398c476b362d92
1028205764_7e8df9a2ea.jpg,b4791992ee4bd524
1030985833_b0902ea560.jpg,cc65f223e10f3279
103106960_e8a41d64f8.jpg,edacd129833b19e4
103195344_5d2dc613a3.jpg,c196ad50bdc34ea6
103205630_682ca7285b.jpg,e666999931e5d864
1032122270_ea6f0beedb.jpg,d5d52f2a68e0ae2a
1032460886_4a598ed535.jpg,a3d07c9f4e31ccb0
1034276567_49bb87c51c.jpg,8d3043a89747fc73
104136873_5b5d41be75.jpg,95d08db1a7e8aa3a
1042020065_fb3d3ba5ba.jpg,d825197609b164ff
1042590306_95dea0916c.jpg,c58e1ce90cdb391b
1045521051_108ebc19be.jpg,e1e01e3f1d0f0fb0
1048710776_bb5b0a5c7c.jpg,879333bed8be4848
1052358063_eae6744153.jpg,c3a59d66549b906d
105342180_4d4a40b47f.jpg,c0cc973b70dc2793
1053804096_ad278b25f1.jpg,b227cd396646384f
1055623002_8195a43714.jpg,9ca9543276376bc8
1055753357_4fa3d8d693.jpg,ebfcf53304012ea5
1056249424_ef2a2e041c.jpg,90a2a55f3ae505db
1056338697_4f7d7ce270.jpg,833b7c8d382e8c37
1056359656_662cee0814.jpg,ccbcbc13ff610e20
1056873310_49c665eb22.jpg,d3720687999aa3e5
1057089366_ca83da0877.jpg,8d8ef3717c080f93
1057210460_09c6f4c6c1.jpg,aa15c72ad425d4fc
1057251835_6ded4ada9c.jpg,c473434c173f3666
106490881_5a2dd9b7bd.jpg,f23ab238a7e59191
106514190_bae200f463.jpg,906f4990f6495bb6
1067180831_a59dc64344.jpg,e7ce5c4d6613192c
1067675215_7336a694d6.jpg,d0b427e7ec1991b4
1067790824_f3cc97239b.jpg,ac90f36e2491db3c
1072153132_53d2bb1b60.jpg,b3c61d33661893e6
107318069_e9f2ef32de.jpg,d3cc3c32765493e1
1075716537_62105738b4.jpg,cf4620999dbcb1b1
107582366_d86f2d3347.jpg,9c9c6949723236dd
1075867198_27ca2e7efe.jpg,b8389be5641ac3c7
1075881101_d55c46bece.jpg,b630a34f71143eea
1077546505_a4f6c4daa9.jpg,d07c38ba1667ad29
1077931201_1e0bb83105.jpg,939a66ce6c751163
1079274291_9aaf896cc1.jpg,83ca1d39f1b59686
10815824_2997e03d76.jpg,b64a49bd2e66d251
1082252566_8c79beef93.jpg,a34c83ed94e26f29
1082379191_ec1e53f996.jpg,97d1e0ba8cf033c3
1084040636_97d9633581.jpg,dbec27c26413f126
1084104085_3b06223afe.jpg,e25274616bda7263
1087168168_70280d024a.jpg,85975a1a7b60e8e3
1087539207_9f77ab3aaf.jpg,b1da07d967464936
1088767354_2acee738cf.jpg,cf30516f62652e78
108898978_7713be88fc.jpg,9e43983bc1b69a74
108899015_bf36131a57.jpg,857d70836a28d3d7
1089181217_ee1167f7af.jpg,a6dbd88c9187a4b5
1089755335_0bfbfd30e6.jpg,9ce39689279c715a
109202756_b97fcdc62c.jpg,e5d68f71c10e113b
109202801_c6381eef15.jpg,fa0482faa5a5e476
109260216_85b0be5378.jpg,aa31411d5cd81fcf
109260218_fca831f933.jpg,dc5c8fc8349bc49a
1093716555_801aacef79.jpg,bdd33434c26cd386
1093737381_b313cd49ff.jpg,b16746ffb8988d01
1094462889_f9966dafa6.jpg,b34e0c33f7c6914a
1095476286_87d4f8664e.jpg,991902a7674b2f37
1095580424_76f0aa8a3e.jpg,b0f8c323df4f0c4c
1095590286_c654f7e5a9.jpg,8dc9433e78953497
1095980313_3c94799968.jpg,e718ec5b72ad124c
1096097967_ac305887b4.jpg,91e0e343db0ede38
1096165011_cc5eb16aa6.jpg,c6f54b2c476aa585
1096395242_fc69f0ae5a.jpg,df1b1992e6e6060e
109671650_f7bbc297fa.jpg,f18f307ec19e2a49
109738763_90541ef30d.jpg,88a0a095f5d5cf67
109738916_236dc456ac.jpg,e576d4cec2c1b40d
109823394_83fcb735e1.jpg,e8d61e395326399c
109823395_6fb423a90f.jpg,b0c38f7c30b1cd4e
109823397_e35154645f.jpg,eded9018d6e62239
1100214449_d10861e633.jpg,cf07b4b0a84685fd
1104133405_c04a00707f.jpg,95ad64e6981aaaba
1105959054_9c3a738096.jpg,d6ec39923c793036
110595925_f3395c8bd6.jpg,a1c8ffd309207b2e
1107246521_d16a476380.jpg,fec0491b3871e6a6
1107471216_4336c9b328.jpg,cfd5b4e2e8906352
1110208841_5bb6806afe.jpg,aba1c34e3ce960f4
1112212364_0c48235fc2.jpg,c1ae9223139ae4ef
111497985_38e9f88856.jpg,a6d869b6c3b11c2b
111537217_082a4ba060.jpg,879e2822c778a5eb
111537222_07e56d5a30.jpg,8964967763b92726
1115565519_d976d4b1f1.jpg,eea16f1e1868d962
1115679311_245eff2f4b.jpg,a148c8b733c8ecb7
111766423_4522d36e56.jpg,e48cdb19b66d841b
1117972841_2b9261f95f.jpg,b49bc7671f5c1848
1118557877_736f339752.jpg,83075c5f27f078d8
1119015538_e8e796281e.jpg,95e6689d9366cc91
1119418776_58e4b93eac.jpg,d1b1b98e860f076b
1119463452_69d4eecd08.jpg,f06276f4f0f2e083
1121416483_c7902d0d49.jpg,b3f34c0cd6c13c1e
112178718_87270d9b4d.jpg,e605999266c9d9d6
112243673_fd68255217.jpg,9672d0de901c3f69
1122944218_8eb3607403.jpg,94636fad8d4c3893
1124448967_2221af8dc5.jpg,ef8f9378c0364c83
1129704496_4a61441f2c.jpg,e7e816d2e98594aa
1130017585_1a219257ac.jpg,c6d9cb8b1c93631c
1130369873_d80a1aa59c.jpg,8964b3437c9966b9
1130401779_8c30182e3e.jpg,ef248ae725cec438
1131155939_b4b457b05e.jpg,e1934ea49c2b71ba
1131340021_83f46b150a.jpg,ad3456d4893a7ac9
1131800850_89c7ffd477.jpg,8ce4f3d37906360d
1131804997_177c3c0640.jpg,f7bab075ea548013
1131932671_c8d17751b3.jpg,a07ac80ddf3223e7
1132772170_600610c5df.jpg,f123fd1e03e11e38
113678030_87a6a6e42e.jpg,9fc6f01c47b14c74
1138784872_69ade3f2ab.jpg,dc7cf3475421a331
114051287_dd85625a04.jpg,a49a9d8cc3c8cccf
1141718391_24164bf1b1.jpg,c7f5acb790a089ca
1141739219_2c47195e4c.jpg,b4e9a1c4cc76ac3a
1142283988_6b227c5231.jpg,d248617c4f1f1e3c
1142847777_2a0c1c2551.jpg,860d6a3288cfd3bd
1143373711_2e90b7b799.jpg,9454e420327fb74f
1143882946_1898d2eeb9.jpg,8fc7130103b9fc6e
1144288288_e5c9558b6a.jpg,9d0c2271dfcbc0f2
1148238960_f8cacec2fc.jpg,9e6fcdda4d40a2d0
1149179852_acad4d7300.jpg,ea03d57c8558be13
114949897_490ca7eaec.jpg,c19b2d381fe4cd64
1151466868_3bc4d9580b.jpg,f679cc72328cc499
1153704539_542f7aa3a5.jpg,d771cca65582f126
1155138244_859fd6e079.jpg,e40b3f4b6894cbb4
115684808_cb01227802.jpg,85e856331d472b1f
1159574340_99ba8c3c59.jpg,a61e5369a9b0e5c3
1160034462_16b38174fe.jpg,9a17ed6c22f906b1
1160441615_fe6b3c5277.jpg,900bb6b99bf19589
1163282319_b729b24c46.jpg,993bc26626d64937
116409198_0fe0c94f3b.jpg,f2c75c32479c604f
1164131282_b30926f332.jpg,e4959b36266c949b
1164765687_7aca07bbe7.jpg,db60c53e30619fb1
1167662968_e466f1e80a.jpg,e0c055b98b1faa8f
1167669558_87a8a467d6.jpg,84368f5b4fd83aa4
1167908324_8caab45e15.jpg,9b9b389526b4b6a2
1169307342_e7a4685a5c.jpg,e9cb9636b0c9c934
1174525839_7c1e6cfa86.jpg,c5e12363e6e33332
1174629344_a2e1a2bdbf.jpg,cc86fece4439c6c1
1176580356_9810d877bf.jpg,d0d8dbd2cc991b94
1177994172_10d143cb8d.jpg,c23368b61ecc3d3c
1178705300_c224d9a4f1.jpg,dc59313376363352
118187095_d422383c81.jpg,b706ac0f93f0913b
118309463_a532b75be9.jpg,c43826dc8b25fb8b
1184967930_9e29ce380d.jpg,d5f4b796c1c12919
1187435567_18173c148b.jpg,eb568923182ecf33
1187593464_ce862352c6.jpg,c4591bee5919eca4
1189977786_4f5aaed773.jpg,a0820fd33d79b32e
1191338263_a4fa073154.jpg,89e95252666db857
1193116658_c0161c35b5.jpg,c827b78f42a9631d
119534510_d52b3781a3.jpg,edac6313166a9966
1197800988_7fb0ca4888.jpg,a0492dd0bbdc7635
1198194316_543cc7b945.jpg,eae4b794621ccb92
1204996216_71d7519d9a.jpg,fd1c60b057b8a9b1
1206506157_c7956accd5.jpg,b866c799f1660cd8
1207159468_425b902bfb.jpg,940b2eb5d89486fb
1211015912_9f3ee3a995.jpg,8c79778c0369a357
1213336750_2269b51397.jpg,9b18699fda163aa2
1215334959_b1970965f7.jpg,8491d3a8e4792dfc
121800200_bef08fae5f.jpg,8a6924927b53f34e
121971540_0a986ee176.jpg,ecf85947e4b0780b
1220401002_3f44b1f3f7.jpg,f354794e0cccf0f0
1222322358_225067636e.jpg,e7e4280b7ad65c0e
1224851143_33bcdd299c.jpg,dd4a60a59f12ca2f
1225443522_1633e7121f.jpg,c63c05cb3749954f
1227655020_b11a1bb112.jpg,eac0b63742732d2e
1229756013_94663527d7.jpg,951693c90bcbcdc6
1231229740_8dcbf80bfb.jpg,af427061ab76bc52
1232148178_4f45cc3284.jpg,c68eb1f3e3c163a0
1234293791_6566284bcd.jpg,e3d1be1d0d80b0ed
1234817607_924893f6e1.jpg,d3c94ca2b785b694
1235580648_7eebaed9bc.jpg,aeae595849b64b49
1235681222_819231767a.jpg,f6e481e346d9a54a
1235685934_be89b231fb.jpg,c799c4c009fbfe03
1236951314_0308dc4138.jpg,be7cc9490987b466
1236964638_1808784a3c.jpg,d5958eaa72151d4d
1237985362_dbafc59280.jpg,8738ec601d7c6b5c
123889082_d3751e0350.jpg,cdd95a594309acae
123997871_6a9ca987b1.jpg,83cc9c502ff6a2e9
1240297429_c36ae0c58f.jpg,c89b36e4494bb636
124195430_d14028660f.jpg,bc3b90e4d3cccc92
1244140539_da4804d828.jpg,b135cf9919c699c2
1244306891_8e78ae1620.jpg,cbcfd2a6a4ccb0c1
1244485675_822e6efe60.jpg,d3794cb7931a4c29
1245022983_fb329886dd.jpg,b3b3a845ceccea0c
1247181182_35cabd76f3.jpg,e6e6989197717066
1248357227_2b4175fc39.jpg,c8d3163d3b4e4c53
1248734482_3038218f3b.jpg,9b651e9bb0a4b38a
124881487_36e668145d.jpg,ce4bd9c819bc3127
1248940539_46d33ed487.jpg,af911aa4c2fae48e
1248953128_24c9f8d924.jpg,d040639ccbd387e7
124972799_de706b6d0b.jpg,8d0be1694b8c8f5e
1251558317_4ef844b775.jpg,f88220d647bdb28f
1252396628_eb81d3905b.jpg,aef5735808317746
1252787177_4b08625897.jpg,b1445bc4dab4ea65
125319704_49ead3463c.jpg,daa593da6ccdc814
1253264731_e7c689eca5.jpg,93364b641584f6dd
1253275679_e955fb7304.jpg,e3a0b43ef5c36192
1255504166_f2437febcb.jpg,d3ceccb93814e4c9
1258913059_07c613f7ff.jpg,e0989d62e223cf9e
1259936608_e3f0064f23.jpg,bd1a07998498fb1b
1260816604_570fc35836.jpg,bf96c26ac15a191d
1262077938_8b9516c273.jpg,f4491362b7da4786
1262454669_f1caafec2d.jpg,ca9a3d69292555e3
1262583859_653f1469a9.jpg,e6cdc6665a14a8e9
1263126002_881ebd7ac9.jpg,80834d4abf8279bf
1263801010_5c74bf1715.jpg,cab6257455e6d384
1267711451_e2a754b4f8.jpg,9d73e1fc0f060761
1269470943_ba7fc49b4d.jpg,cce2f3188ce3b16c
1271210445_7f7ecf3791.jpg,c4397bc638c5728e
1271960365_e54033f883.jpg,f80517b9ecc4153d
1273001772_1585562051.jpg,81f170beaf1b12d2
127450902_533ceeddfc.jpg,dcfd90020fe5f894
127488876_f2d2a89588.jpg,a26381a86f95dc3e
127490019_7c5c08cb11.jpg,a1e75e10835fa167
1277185009_06478dd457.jpg,f6d9199c4626d949
1277743944_f4e8c78403.jpg,cd93136cc3363c4b
1280147517_98767ca3b3.jpg,ba6375fe439c4031
1280320287_b2a4b9b7bd.jpg,816a987f635e80ed
1282392036_5a0328eb86.jpg,e6462b258ae6d2ea
12830823_87d2654e31.jpg,9640af3d4ff83461
1285067106_2adc307240.jpg,95356dca4a162de9
1285874746_486731a954.jpg,b3b071684643675f
1286408831_05282582ed.jpg,cc6020df3327df1a
1287064529_aa4e4f3c31.jpg,88a5c2f2a6dcdb8c
1287073593_f3d2a62455.jpg,a4cc9b3a9bc9243e
1287475186_2dee85f1a5.jpg,bff0600fcb4f8342
1287920676_d21a0b289b.jpg,b4e2c85c9b1a4a7b
1287931016_fb015e2e10.jpg,b8cd83d3c611f41e
1287982439_6578006e22.jpg,996631a3c6b866c7
1288909046_d2b2b62607.jpg,ba2a6a2accd73319
128912885_8350d277a4.jpg,838f271f1b067b19
1289142574_2bd6a082dd.jpg,a32d3cfa5692d530
1290894194_8a4ffdc7eb.jpg,adc4c4911acfd978
1294578091_2ad02fea91.jpg,9e5352a3226c3c7d
1295669416_21cabf594d.jpg,a1784a6fb2bb8525
1295671216_cde1b9c9d1.jpg,f21dc982ac684f6d
1295698260_e10c53c137.jpg,ae08e546d86f607b
129599450_cab4e77343.jpg,d994342d638f9b38
1296412797_85b6d2f8d6.jpg,f1ee4b84963322e9
1296770308_3db2022f5a.jpg,9692946c6da7c969
1298295313_db1f4c6522.jpg,f8b945062d7173a3
1298866571_b4c496b71c.jpg,d2feedc18484b392
1299459550_1fd5594fa2.jpg,d1d826262f6969f2
1299459562_ed0e064aee.jpg,81c1747a96572be5
1301140633_046e4e8010.jpg,cdb33c65c432c731
130211457_be3f6b335d.jpg,f08b98971767ca26
1302657647_46b36c0d66.jpg,8d45673319696cd9
1303335399_b3facd47ab.jpg,c3c0e84acc7d697c
1303548017_47de590273.jpg,b36c62a3eec24e49
1303550623_cb43ac044a.jpg,a2ef482197dccc56
1303727066_23d0f6ed43.jpg,e21f2134363f9d89
1303727828_d1052ee341.jpg,c72bf0b5fc0a85a1
1304100320_c8990a1539.jpg,d5caa4165be4daa4
1304961697_76b86b0c18.jpg,b84fa758453768d8
1305564994_00513f9a5b.jpg,8d50fb2fc438955a
1306145560_1e37081b91.jpg,a4ed9b92248d9bb2
1307635496_94442dc21a.jpg,a2b34d8cd873d866
1308472581_9961782889.jpg,8b2c3df36586e50c
1308617539_54e1a3dfbe.jpg,e6e4999aa626cc69
1309330801_aeeb23f1ee.jpg,cc6833ebc31f2cd0
1311132744_5ffd03f831.jpg,e467cb99996c648c
1311388430_4ab0cd1a1f.jpg,8f7a05ea156ad827
1312020846_5abb4a9be2.jpg,816d75331b4acba5
1312227131_771b5ed201.jpg,d1d9b5246d4bca92
1312954382_cf6d70d63a.jpg,b1cd92864e3d3369
1313693129_71d0b21c63.jpg,8cbfb3aacac0d151
1313961775_824b87d155.jpg,e31d78c73c21df80
1316247213_1d2c726dd5.jpg,dc8c61b96e766432
131632409_4de0d4e710.jpg,d4ca633525cad6ca
1317292658_ba29330a0b.jpg,e10ce9a69963b9a5
1319634306_816f21677f.jpg,d9d0d10e06e7f079
1321723162_9d4c78b8af.jpg,8392c87934b5d676
1321949151_77b77b4617.jpg,fed0929d8c2e3925
1322323208_c7ecb742c6.jpg,c4c69bd1662eb172
1324816249_86600a6759.jpg,d9e71c382473f09c
132489044_3be606baf7.jpg,96dae9990c263b72
1329832826_432538d331.jpg,d0d3c744cc6eec61
1330645772_24f831ff8f.jpg,aa2b8bb4c25b32e5
133189853_811de6ab2a.jpg,9d4b34740bd8bbb0
1332208215_fa824f6659.jpg,c1e078793ad6c5cc
1332492622_8c66992b62.jpg,af87e251e82cb472
1332722096_1e3de8ae70.jpg,a602cb695757a8e9
1332815795_8eea44375e.jpg,cdcfdaf220219372
1332823164_c70a5d930e.jpg,9f6738c47b0c615c
1333888922_26f15c18c3.jpg,d4e2e5f2ec9622c1
1334892555_1beff092c3.jpg,e0f45868a3e7e525
1335617803_4fbc03dab0.jpg,8c2ab99531e4dc73
1337792872_d01a390b33.jpg,8679c9262adcf907
1338523142_57fce8229b.jpg,f6ad29c4964c19b6
133905560_9d012b47f3.jpg,fa52063cb5e95a58
1339596997_8ac29c1841.jpg,96420a6b6f2d6d71
1341787777_4f1ebb1793.jpg,eb3a38352e0b993c
1342766791_1e72f92455.jpg,a5e5d8f2a17c0e8c
1342780478_bacc32344d.jpg,874df09580ca8ffc
1343426964_cde3fb54e8.jpg,c1bbc90dcc31d927
1346051107_9cdc14e070.jpg,b9c86733cc3c7348
1346529555_e916816cfe.jpg,93266b1b6d4b6634
134724228_30408cd77f.jpg,b17793b913b0b514
1347519824_e402241e4f.jpg,ccf173ce8d3160c6
1348113612_5bfc5f429e.jpg,d1b148ce673319dc
1348304997_afe60a61df.jpg,a5edf6524a899193
1348891916_ebd4413033.jpg,e4389ac2c3b96e8d
134894450_dadea45d65.jpg,fc939e39393303c2
1348947380_14f0fc1237.jpg,b694e9490bf216ab
1348957576_c4a78eb974.jpg,bd366268994d5c69
1350811702_2ce7cfd0c5.jpg,b6c8c93326e6713c
1350948838_fdebe4ff65.jpg,e653994c9c6b9325
1351315701_6580b51c41.jpg,cb333349b5927a2a
1351764581_4d4fb1b40f.jpg,ad4a776612cd1b91
135235570_5698072cd4.jpg,f0f0290fd2f86d07
1352398363_9cc8ffcce9.jpg,a7870e9309599e5b
1352410176_af6b139734.jpg,e696d8e8b0d8ac36
1354318519_2f9baed754.jpg,93956c6c9a27699a
1355450069_c0675b0706.jpg,eed655858a4bb330
1355703632_5683a4b6fb.jpg,941617395fcf9832
1355833561_9c43073eda.jpg,d3d10c7c71f3b224
1355935187_2c99648138.jpg,c9cc462c39d38f3c
1355945307_f9e01a9a05.jpg,ee1793acbc612ca8
1356543628_c13ebe38fb.jpg,a490526d7b1e2e3b
1356796100_b265479721.jpg,a592f9ad68534c35
1357689954_72588dfdc4.jpg,a73398cc33936e64
1357724865_4faf4e1418.jpg,c8d84f6783f1f124
1357753846_6185e26040.jpg,d0a94e9329fe654a
1358089136_976e3d2e30.jpg,f86a2e97d0e86712
1358892595_7a37c45788.jpg,973d2e6acb9c8426
1359101233_16c2c150e3.jpg,a63c1943666cd9da
1361420539_e9599c60ae.jpg,accbd21431616f9e
1362128028_8422d53dc4.jpg,ca9046cbad6cae4b
1363843090_9425d93064.jpg,f7f8181d11034f4f
1363924449_487f0733df.jpg,a5a4bd93861707a7
136552115_6dc3e7231c.jpg,d5e5d8e188166b9a
136639119_6040b00946.jpg,983f69cea025c9d3
136644343_0e2b423829.jpg,e3cd99b1a4da622c
136644885_f7d2bbf546.jpg,98bc38e3298f0f0f
1368338041_6b4077ca98.jpg,967169e6cc383366
1368383637_614646cc4a.jpg,8fb35a6c93c95429
136886677_6026c622eb.jpg,94978d6a60eddc86
1370615506_2b96105ca3.jpg,9b9909393b39899b
1370773415_967b1ffde1.jpg,b6b600959b5f3721
1377668044_36398401dd.jpg,ec7b928d0aacc4d6
1378557186_4bd1da6834.jpg,ae21136de5dc9e22
1379026456_153fd8b51b.jpg,8a2e6b3c96d0e33c
1383698008_8ac53ed7ec.jpg,b64848373ecc723b
1383840121_c092110917.jpg,964e7c392273d29a
1384292980_4022a7520c.jpg,e64c629d1d66989d
1386251841_5f384a0fea.jpg,f09ffc86878a1159
1386964743_9e80d96b05.jpg,9163c9658acda2bd
138705546_be7a6845dd.jpg,cacb40bed9639760
138718600_f430ebca17.jpg,ce1280ff48837d75
1387443857_602ab6f9bf.jpg,869be8a0989cd3bb
1387461595_2fe6925f73.jpg,9cf2e327f118911b
1387785218_cee67735f5.jpg,d1f466f1d1e39181
1388346434_524d0b6dfa.jpg,e3e7db61100cf3c1
1388373425_3c72b56639.jpg,98d0b05e8fb54e96
1388970365_162edcceb4.jpg,9969962b396d5856
1389264266_8170bc1c54.jpg,dd53a3e8549c813b
1389323170_d1c81d6b51.jpg,8f1ffb63c6589024
1389651420_8d95d8f6ed.jpg,9055486fd6376636
1390268323_2c8204e91c.jpg,b4ce0b71e1d4946d
1392272228_cf104086e6.jpg,f3cc9c336390cc4b
1394368714_3bc7c19969.jpg,9510736f6c559f50
1394396709_65040d97ab.jpg,ec52986bf6cc01b3
1394599090_fe0ba238f0.jpg,ab58255ec7bd9812
1394620454_bf708cc501.jpg,a192f37e5b2c5072
1394927474_0afdd82fc4.jpg,e6e41859199f5999
1396064003_3fd949c9dd.jpg,e7b3186cd312ecc8
1396703063_e8c3687afe.jpg,c0b0efb321e78137
1397295388_8a5b6b525d.jpg,84cc2e0e853db7c7
1397887419_e798697b93.jpg,d460d619cd96cea3
1397923690_d3bf1f799e.jpg,a453db946b4db588
1398606571_f543f7698a.jpg,b1d1cc8ece293336
1398613231_18de248606.jpg,ecf393b0cc8f9890
1398873613_7e3174dd6c.jpg,ec831ce3f3b90da0
1400424834_1c76e700c4.jpg,8b4b5c6ec426c5a7
1401961581_76921a75c5.jpg,8e8c9d33dbb6440e
1402640441_81978e32a9.jpg,d5395bd6aca1230e
1402641725_5e027ecaa7.jpg,c4be9cd9cce0e489
1402843760_d30f1dbf0f.jpg,e2e26b6c4ccc9636
1402859872_0fc8cf8108.jpg,9695ad1ce9e98d28
1403414927_5f80281505.jpg,848d7184ce3b79ce
140377584_12bdbdf2f8.jpg,c64d2da43699596e
140430106_2978fda105.jpg,91efce9e11134e4c
1404832008_68e432665b.jpg,b67939063839d2d3
1405221276_21634dcd58.jpg,c3cf5cf261f8c0d0
140526326_da07305c1c.jpg,8ea8393ecc8435b7
140526327_3cb984de09.jpg,d6d52d0999e62732
1406010299_5755339f08.jpg,9fb7ec803b6114c9
1408958345_68eea9a4e4.jpg,b14c4786acf35b38
1410193619_13fff6c875.jpg,a9aec5902c33df8c
141139674_246c0f90a1.jpg,cda31cb0f8cc73c4
141140165_9002a04f19.jpg,b84647398a5af527
1412832223_99e8b4701a.jpg,e3ce48b1338ccc73
1413956047_c826f90c8b.jpg,f3c44c33a6edc41a
1414779054_31946f9dfc.jpg,f3118e9ef383c0f0
1414820925_3504c394e1.jpg,bd6dc67b48067216
1415591512_a84644750c.jpg,e2ce9d9517464a4e
1417031097_ab656bc4bd.jpg,acd3996649cd859a
1417295167_5299df6db8.jpg,b8ee96b2224a8de9
141755290_4b954529f3.jpg,b81c90de61b6b275
141755292_7a0b3364cf.jpg,c8e99575a97c844b
1417637704_572b4d6557.jpg,95fecb0881543f4e
1417882092_c94c251eb3.jpg,9e9d230703d3d8bc
1417941060_2a0f7908bc.jpg,ecb83843d569e247
1418019748_51c7d59c11.jpg,a7742f90c89f0adc
1418266617_b32143275b.jpg,959fca82f369ec10
1418503947_953d373632.jpg,98a85ac76555c56b
1419286010_b59af3962a.jpg,e5d4daf9296304b8
1419385780_1383ec7ba9.jpg,aaa4d69a1ece86a5
1420060020_7a6984e2ea.jpg,aa9dde998c9c0d62
1420060118_aed262d606.jpg,b983dec2423c919f
1423126855_6cd2a3956c.jpg,c9d6968d090b7774
1423997242_ea2189ec5e.jpg,d59ef9e50a183552
1424237335_b3be9920ba.jpg,9b89c6368ce91b99
1424775129_ffea9c13ab.jpg,c6ef1fdc40a3c419
1425013325_bff69bc9da.jpg,8e81811d7ee6e4f1
1425069308_488e5fcf9d.jpg,9c86f3f9084e7c64
1425069590_570cc7c2d8.jpg,9b4f6d6162c2c6a6
1425485485_d7c97a5470.jpg,8d53eae6651be058
1425919702_ddb761aeec.jpg,d8c78af5681f4668
1426014905_da60d72957.jpg,d2fc0537041ef1ce
1427391496_ea512cbe7f.jpg,b2a6c35b0d69f88c
142802798_962a4ec5ce.jpg,d1d3c787330c1e3c
1428578577_82864facae.jpg,a6f89bcc261bd807
1428641354_f7453afbea.jpg,940b6edd33b17704
1428681303_04213524e3.jpg,862e828e254def6e
1429546659_44cb09cbe2.jpg,e22995966e6c07bc
1429723917_6af585e4c0.jpg,a69a0716b3f33836
1429814475_0b592b9995.jpg,9446e4b9d37ce611
1430154945_71bbaa094a.jpg,8788c1e70b5c96bd
1432179046_8e3d75cf81.jpg,cdc43233cdca31b5
1432342377_3e41603f26.jpg,933cec4b96b461d2
143237785_93f81b3201.jpg,fe9bc370148af864
1433088025_bce2cb69f8.jpg,dc330b68b19ed661
1433142189_cda8652603.jpg,d2c8851778fb850f
1433397131_8634fa6664.jpg,9a9727c159ced485
1433577867_39a1510c43.jpg,924d4733394b4b6e
1434005938_ad75c8598c.jpg,86a19dd1363949d7
1434607942_da5432c28c.jpg,a7b636c0ca69299d
143552697_af27e9acf5.jpg,d6e1d9b1cc9226a6
143552829_72b6ba49d4.jpg,b797647580073e69
1436760519_8d6101a0ed.jpg,dae1b596292c96a3
143680442_2f03f76944.jpg,a42e3b5bdb4444b5
143680966_0010ff8c60.jpg,8cc776636196383d
143684568_3c59299bae.jpg,94c2f32c296535db
143688205_630813a466.jpg,91a49bb2b4b72363
143688283_a96ded20f1.jpg,959d973a6ed86083
143688895_e837c3bc76.jpg,9c9c5596d78b20a7
1439046601_cf110a75a7.jpg,9d079cc3ccf16545
1439282131_3814d6ae04.jpg,e5da90f48fe38198
1440024115_129212c988.jpg,80b09bca40fd1f3f
1443807993_aebfb2784a.jpg,e136161ac2f1f1e9
1445123245_c7b9db0e0c.jpg,c32794f03b4e866b
1445754124_647168f211.jpg,a48952fd2c03f1fa
1446053356_a924b4893f.jpg,8606a1fb1f94276d
1446933195_8fe9725d62.jpg,ecb1865879ec131b
1448511770_1a4a9c453b.jpg,d587aa78d4aa2995
1449370354_380c4123c9.jpg,d578488c55ff434a
1449625950_fc9a8d02d9.jpg,bc92c178f097be42
1449692616_60507875fb.jpg,e3f2ac2eb02c96a5
1452361926_6d8c535e32.jpg,cde59290cd1e7859
1453366750_6e8cf601bf.jpg,cf443a96581b8f74
1454678644_7e5a371301.jpg,bc59d036e4c1c8de
1454841725_4b6e6199e2.jpg,b9548baf045cf0d5
1456393634_74022d9056.jpg,9096e6733b1e91cc
1456630952_dd4778a48f.jpg,830c5c7e7770e08f
145721496_687af9bb18.jpg,a1e44ebd518196be
145721498_a27d2db576.jpg,e88d3372686ec339
1457762320_7fe121b285.jpg,bfa5ec60514aab07
1459032057_97e73ed6ab.jpg,9978adf272f043c4
1459250022_bf1eddad11.jpg,9092b537d10f9d96
1460352062_d64fb633e0.jpg,f68d846f0a7a7113
1460500597_866fa0c6f3.jpg,d63649299f0c4eb3
146098876_0d99d7fb98.jpg,a344b03bcd7723a9
146100443_906d87faa2.jpg,efc24c23963fc318
1461329041_c623b06e5b.jpg,eaede5aa1a91121e
1461653394_8ab96aae63.jpg,a51e1369ccecc633
1461667284_041c8a2475.jpg,d2fc658d0c718b4b
1463638541_c02cfa04dc.jpg,a69f29527428ba9b
1463732130_a754441289.jpg,8c3d5ada35b54b12
1463732807_0cdf4f22c7.jpg,847333e07333c47d
1464120327_d90279ca3a.jpg,cfb1b29661b381ac
1465666502_de289b3b9c.jpg,a7389625494f7bc2
146577645_91b570c0d0.jpg,e2a3cc98602f7f1a
146577646_9e64b8c2dc.jpg,acc2db6164b6c599
1466307485_5e6743332e.jpg,f2a1e0239bd785cc
1466307489_cb8a74de09.jpg,bc9bd025c78649ae
1466479163_439db855af.jpg,b89cc7c7c1a49a3a
1467533293_a2656cc000.jpg,c5c4b4aaaabb6a0e
1468103286_96a6e07029.jpg,c23c3d01cb7873d5
1468389504_c724bdcad0.jpg,c7e4a4af1b131257
1468429623_f001988691.jpg,b146463bc3d85c67
1468962616_5803b4397f.jpg,b3c5d299e046a9f8
1469000260_5d473c8283.jpg,c767864cff3c9801
1469358746_2a879abaf3.jpg,e4cb19720dcce54e
1470061031_4cb59c12a8.jpg,eceb7a85852e2623
1470132731_fa416b7504.jpg,b1aba6954bad9648
1470536919_1f3fd6c65a.jpg,e46b373899269ce2
1472053993_bed67a3ba7.jpg,d12e3e51af9641b1
1472230829_803818a383.jpg,c03b1dee6e90592e
1472249944_d887c3aeda.jpg,c317d8ed36c3c950
1472653060_7427d2865a.jpg,a51cd11c6b756770
1472882567_33dc14c8b6.jpg,bc47c1a8275ec69c
1473080948_bae2925dc8.jpg,b8890d3d581cf793
1473250020_dc829a090f.jpg,8f5875a71a2c7592
1473618073_7db56a5237.jpg,dc6f4fb2220762b8
1474474514_b3eb492722.jpg,e70be186e93d07c2
1475046848_831245fc64.jpg,e6d999e62612d989
1476002408_4256b7b2fa.jpg,e4bf80d83a104ff3
1476241331_2f43b67aed.jpg,bc8ae56152fc8e07
1478268555_7e301fc510.jpg,b4df153d51551722
1478294229_7e1c822fea.jpg,cd4e229bfca09d68
1478606153_a7163bf899.jpg,e7f428b92668b352
1479028910_3dab3448c8.jpg,cfcf8060cce0e277
1479124077_17dcc0d5d7.jpg,a361cc9e16b68f29
1479513774_70c94cf9d3.jpg,b0d83873af493b07
1479679558_d0a01bc62b.jpg,cc895a9ae4b906ee
1479857177_9d4a6f38fd.jpg,8cf561c684337b99
1480712062_32a61ad4b7.jpg,f4e18767263cd0d8
1481062342_d9e34366c4.jpg,b1e8cccd66341bb1
1482960952_95f2d419cb.jpg,ec20939f93702caf
148512773_bae6901fd6.jpg,cc92f6cd969c0c1d
1488937076_5baa73fc2a.jpg,eba9d9c2d2dc9890
1489286545_8df476fa26.jpg,e49c9a53e52c51f2
1490213660_9ea45550cf.jpg,83057c71d3c6bc69
1490670858_e122df2560.jpg,859953336c66c7e2
1491192153_7c395991e5.jpg,a64a04279eb2f9e3
1499495021_d295ce577c.jpg,f82506da5dcc897a
1499554025_a8ffe0e479.jpg,c9c57ef8f61e0121
1499581619_a5f65a882c.jpg,a4e3c79e9acd8988
1500853305_0150615ce9.jpg,81e8a6fbc9436ac5
1501297480_8db52c15b0.jpg,d2576b25161b25cd
1501811302_5e723fc529.jpg,981a1a5cdedb99a4
1501985304_8c50093004.jpg,af601871790e67d9
150387174_24825cf871.jpg,e6b649cc91db6621
1505686764_9e3bcd854a.jpg,9b13448c3af09f73
150582765_bad8dec237.jpg,946ae3854fac935c
1507563902_6ec8d5d822.jpg,de4073a03da567a3
1508269285_6c5723f67d.jpg,ce9bf1428e3730cc
1509786421_f03158adfc.jpg,c59c7ad666cb1264
1510078253_96e9ec50e7.jpg,e699c4d33dc2076c
1510669311_75330b4781.jpg,9d484d7e2327c43b
1511807116_41c3645e8c.jpg,f0a7cb19953c9ca4
1514957266_a19827c538.jpg,83464c6773786c7c
1515025681_999199cb79.jpg,9519626a9ef1652e
1515883224_14e36a53c7.jpg,d9f9b7a0a087a2cc
1516714577_7d1c35a8d8.jpg,818031fadfdf2538
1517340899_ee1c74a8f6.jpg,b7c81de226936699
1517721825_10176d0683.jpg,c26b8cf0a7cce887
1517807181_ca6588f2a0.jpg,808fc7e65f0f128b
152029243_b3582c36fa.jpg,edbd0c2ed15c3231
1521623639_4bda3407cc.jpg,8a0a9e5e7ab99931
1522787272_5a31497ef2.jpg,c591396ecad2332e
1523800748_a59e980eee.jpg,8b80c0c757667e3b
1523984678_edd68464da.jpg,f4c94b14b54a726d
1525153022_06c48dbe52.jpg,cc24939b6d9493e6
1526181215_c1a94325ae.jpg,d6067913c8dd9927
1526325728_74eb4153d8.jpg,b6c1c136b2626ecd
1527297882_dededc7891.jpg,982d646b956b9966
1527333441_af65636a74.jpg,dbd04e0e976c6a34
1527513023_3d8152b379.jpg,95fae9855c09ca65
1528205014_1323aa9dfd.jpg,f31732983cc0a9af
1529044279_4922ead27c.jpg,a4f090b9b5379a2e
1536597926_c2e1bc2379.jpg,ca3583729c6b906f
1536774449_e16b1b6382.jpg,dbd8f0600f97f260
1539166395_0cdc0accee.jpg,d54a68c763cbcc85
1540631615_8b42c1b160.jpg,d381ccf28e85f1b8
1541272333_1624b22546.jpg,91e79c4573e39e04
1542033433_5453d4c466.jpg,d9b1a082176f47cd
1547883892_e29b3db42e.jpg,a08eb376b30ca799
154871781_ae77696b77.jpg,a5ab3a4981d87d6c
1550772959_9ca9fa625f.jpg,cea6c46c88adcacd
1552065993_b4dcd2eadf.jpg,cec3333cdc6c3183
155221027_b23a4331b7.jpg,efc9109766698b92
1554713437_61b64527dd.jpg,93eae9907296e949
1557451043_f5c91ff6f4.jpg,847ad2d5959ae2a9
1557838421_a33f2a4911.jpg,b5ead485da3861e4
1561658940_a947f2446a.jpg,d5a45e53960b93c5
1562392511_522a26063b.jpg,e1ce6642cadb25a5
1562478333_43d13e5427.jpg,9168f880ceb9b61f
1562478713_505ab6d924.jpg,f6b4cf8a324e6928
1563731247_7f21d8bec0.jpg,d9c1be3261dd6823
1564614124_0ee6799935.jpg,e6959a5a8d38c978
1566117559_f5d98fbeb0.jpg,9b696632cc6139d6
1569562856_eedb5a0a1f.jpg,c79c19999e9692a6
156967462_72db9b722c.jpg,87238ece5a6c4cdc
1569687608_0e3b3ad044.jpg,e9ac47a6d0567ad0
1570723692_3a2b064d43.jpg,d4ab6a609d875e91
157139628_5dc483e2e4.jpg,a996c8e15b3c93e8
1572286502_64e5c4b920.jpg,b4e6ca39e033c92e
1572532018_64c030c974.jpg,fa16033cf8f6122e
1573017288_4d481856e2.jpg,8592dbc5bcac4b23
1574401950_6bedc0d29b.jpg,ff9880635ab67c84
1576185717_f841ddc3da.jpg,87684a87f8de0f68
1579198375_84b18e003a.jpg,815e63af58c6385b
1579206585_5ca6a24db0.jpg,adb962465aa3a5a5
1579287915_4257c54451.jpg,b4d9e288b72c5a66
1579798212_d30844b4c5.jpg,a5b3069ef0f0e899
1580172290_e19067e0dd.jpg,c31e79c98e933466
1580671272_3e99d94305.jpg,bec3c59e91848cf8
1581822598_0ae23074f1.jpg,b64cf13e8e4370a6
1584315962_5b0b45d02d.jpg,cb94dc6b9689306b
1594038143_57f299aa8a.jpg,81970ee64f752972
159712188_d530dd478c.jpg,b8e6e64660b9391d
1597319381_1e80d9e39c.jpg,a5a15352f5adcca4
1597557856_30640e0b43.jpg,f0610d9d5b1a0f97
1598085252_f3219b6140.jpg,9e8fdef8f0e0e001
1600208439_e94527b80f.jpg,986e437826c7cdb1
160541986_d5be2ab4c1.jpg,97e90b4da4964b2d
160566014_59528ff897.jpg,a9d4122766ecec63
160585932_fa6339f248.jpg,8f9f1bcbc415a2a8
1606988704_fe330878a3.jpg,b9cd16b049e77a18
160792599_6a7ec52516.jpg,9867e498d378acc3
160805827_5e6646b753.jpg,93dba4cda7441974
1616016569_673de1d678.jpg,ce927869f1d101de
161669933_3e7d8c7e2c.jpg,ad199266991b6c73
161905204_247c6ca6de.jpg,d2d2f0b43e038bf8
1620397000_3883e3ecd3.jpg,8df031d1ce9c31b3
162152393_52ecd33fc5.jpg,81bf7885fa40be4a
1622619190_d0b51aff28.jpg,833dfc2181dd0af6
1625306051_7099519baa.jpg,b14f8c34cbcd344b
1626754053_81126b67b6.jpg,b9c6c8b1cf18e389
162743064_bb242faa31.jpg,e6e2e989091ed666
1643915227_9f48068772.jpg,cc80833fd78db0d6
1650280501_29810b46e5.jpg,d26936dae8619b2c
1655781989_b15ab4cbff.jpg,8113c3c56f1f1cec
1659358133_95cd1027bd.jpg,9a0c3ca197ee985d
1659358141_0433c9bf99.jpg,d9866d5387718e25
1659396176_ced00a549f.jpg,c0406c343f9f1fcd
1662261486_db967930de.jpg,b171c3b31bd3c30c
166321294_4a5e68535f.jpg,eb1518e6e9ed8a12
1663454406_5e2cf8c5bb.jpg,9ea0b4db671a34b8
1663751778_90501966f0.jpg,a2d5cc2a371bc9e4
166433861_70b66cd381.jpg,e5190c26b3ec7359
166507476_9be5b9852a.jpg,9b5ce526da2bca09
166654939_80ea4ddbcc.jpg,86d21935c6c33dce
1670592963_39731a3dac.jpg,cc3284c79955337d
167295035_336f5f5f27.jpg,a4ad52297bf2a54a
1674612291_7154c5ab61.jpg,e61b0c2c9be6d9c2
1675679141_36c9bc2969.jpg,86b5c99671c59cb2
1676601498_7d59327523.jpg,f7c48c2d2ea6e2a2
1679557684_50a206e4a9.jpg,8f4fd2d818f5c524
1679565118_d36f0d6d52.jpg,a0205cdd0f1fdbf0
1679617928_a73c1769be.jpg,aad6685cc1a9a9a7
1680126311_b92a2e8e72.jpg,8d726689da077b25
1682079482_9a72fa57fa.jpg,f29607e305193b97
1683444418_815f660379.jpg,d9c1e6c9ce34b612
1685463722_55843b6d3c.jpg,8d21f2584c7d3aa7
1685990174_09c4fb7df8.jpg,f3560429cbe9b9c4
1688699579_2f72328c7e.jpg,e3159de4623f9930
1689658980_0074d81d28.jpg,cde97092b437c730
1691573772_1adef8e40e.jpg,cc3276e408da73ab
169490297_b6ff13632a.jpg,882537c8778d6aec
170100272_d820db2199.jpg,8f6956abc94d11f0
1713248047_d03721456d.jpg,ef929269a3cf9484
1713248099_d860df4e10.jpg,cabeb5c3c20c8ce5
1714316707_8bbaa2a2ba.jpg,d619ed3c933888e5
171488318_fb26af58e2.jpg,f16e0731864cf933
1716445442_9cf3528342.jpg,a3b1d7d8c6064da9
1718184338_5968d88edb.jpg,cd209b7e3b07c5c1
172092461_a9a9762e13.jpg,e67a2cc909067b9e
172092464_d9eb4f4f2f.jpg,e7194c9b26ec19e4
172097782_f0844ec317.jpg,9c5c24464bb173af
172097783_292c5413d8.jpg,f10f63085ef3439c
1721637099_93e9ec2a2f.jpg,9fa57005631961fb
17273391_55cfc7d3d4.jpg,8f6f30406299ae3f
173020287_230bfc4ffc.jpg,9b989ac994b6a3a3
1731546544_9fbf14617b.jpg,e4cb93d2646dd912
1732217138_aa0199ef87.jpg,c4633bbf48f0bc48
1732436777_950bcdc9b8.jpg,8193decc136a95b9
174466741_329a52b2fe.jpg,e4e49b1965e6261b
1745110280_0cbff5e273.jpg,e4ef9e90999885b8
1752454466_723790dbd6.jpg,c9343f4b1c1c31f3
1763020597_d4cc8f0f8a.jpg,c3f8bc813c87e136
1764955991_5e53a28c87.jpg,d4d0e42c3cdcd1e3
1765164972_92dac06fa9.jpg,ec4b15bf7a18e026
1770036088_08abe4f6e9.jpg,bb5b451c64a6d05b
1771490732_0ab5f029ac.jpg,8481336cc8e3ff9c
1772859261_236c09b861.jpg,93e34ccc33b94e13
177302997_5b2d770a0a.jpg,f337617e19744701
1773928579_5664a810dc.jpg,b9e74eb8b3038e88
1775029934_e1e96038a8.jpg,b8b3c7c69c98c4cc
1776981714_5b224d0f7a.jpg,f0b2bac90b5db506
1777816180_08d7e8063b.jpg,b8cbc68f097c1a71
1778020185_1d44c04dae.jpg,998c4cde3233b366
1781227288_6811e734be.jpg,f8c8d5562e2074eb
1784309115_0ad6791146.jpg,d025b5cb2d38d237
1785138090_76a56aaabc.jpg,ce4c156e3162be65
1786425974_c7c5ad6aa1.jpg,839498ef764a7916
1787222774_d5c68cce53.jpg,acccc662f373d308
179009558_69be522c63.jpg,a50cf1731ee11ea5
1794818900_e0ffdd268e.jpg,eae49c1eda3d6a20
1795151944_d69b82f942.jpg,e65101aa9d6a769d
1797507760_384744fb34.jpg,df8170a08edd23f8
1797554350_20998753c0.jpg,925c6db8936c6571
1798209205_77dbf525b0.jpg,dc0be53277a37c10
1798215547_ef7ad95be8.jpg,f911ea6e91c9b4e0
179829865_095b040377.jpg,ed13166a6d12556e
1799188614_b5189728ba.jpg,c9769649d2c4ed92
1799271536_6e69c8f1dc.jpg,e79095675a952d1a
1800601130_1c0f248d12.jpg,b69ccbc9e3049c9a
180094434_b0f244832d.jpg,ed25f21a846cc56d
1801063894_60bce29e19.jpg,91bcea0af5c2ba94
1801188148_a176954965.jpg,c89137666449df2e
1801663973_5ad393caeb.jpg,ac87e61d0b769649
1801874841_4c12055e2f.jpg,ce6b511ce483bb19
1802092493_7b44fdb6b9.jpg,954a2bd887ad591b
1803631090_05e07cc159.jpg,c7320c8779d827e3
180506881_de0f59770f.jpg,a5a5a5385c5ae5a5
1805990081_da9cefe3a5.jpg,d32cacd3c68e4b1a
1806580620_a8fe0fb9f8.jpg,b385ce849d0e4fb8
1807169176_7f5226bf5a.jpg,8c4e33b3cc6c329b
1808007704_ee8a93abb4.jpg,91e65499271eb44f
1808370027_2088394eb4.jpg,8687464e3cbcdcc9
1808504612_3508f3c9bb.jpg,8f5c20535134dfb9
1809758121_96026913bb.jpg,8fa1c1427f9649ba
1809796012_a2dac6c26b.jpg,994c6733a471dbe0
1810651611_35aae644fb.jpg,a5ba4a59a4b6cb0b
181103691_fb2f956abd.jpg,c1efa00c0c87e7f3
181157221_e12410ef0b.jpg,d2032e6d7d7c42c6
1812525037_528465037c.jpg,cf777ec92224108f
1813266419_08bf66fe98.jpg,8eae71d5d4430b66
1813597483_3f09d2a020.jpg,e0718c4cb03f7f31
1813777902_07d1d4b00c.jpg,a486b1e9f27ba485
1814086703_33390d5fc7.jpg,f30a197b378c5951
181415975_2627aa6668.jpg,ecb213d9ec8493ca
1814391289_83a1eb71d3.jpg,cdc99ea4a596538c
181777261_84c48b31cb.jpg,dad4444a2a7ded29
1818403842_553a2a392c.jpg,a73e88d3e3653c30
1819261140_6c022f4b1d.jpg,d943b05d239c42fd
1821238649_2fda79d6d7.jpg,ca3ce407f00bf60f
182493240_40410254b0.jpg,817dfb029f11c29b
1827560917_c8d3c5627f.jpg,99e4ed5617a2d4a1
1835511273_790eaae6e6.jpg,88c8ced75c5bb232
1836335410_de8313a64e.jpg,c31e64669b9a9cc3
1837976956_3c45d0f9b8.jpg,996b74a4625bf08e
185057637_e8ada37343.jpg,ef31c79683721b30
1858963639_4588cd4be9.jpg,c5c34ede98684d53
185972340_781d60ccfd.jpg,f830c2a574ca2f9d
1859726819_9a793b3b44.jpg,94ee6b7b322b0714
1859941832_7faf6e5fa9.jpg,efce54d0d08a2bb1
1860543210_47e94cf652.jpg,9c0c683967a732f3
186346360_541047336f.jpg,d18fe415324db9ca
186348874_75b2cf1ec5.jpg,d56bea9364c86b88
1865794069_6e3a1e57bb.jpg,a1097b73e683b199
186890601_8a6b0f1769.jpg,d4f63a6a0e952d68
186890605_ddff5b694e.jpg,d5f63a4e2ab52264
1874617189_e85d3f4326.jpg,9f00149fa8b39fe4
1876536922_8fdf8d7028.jpg,a19a86219f7ca47b
1881494074_1bebd93089.jpg,8e6b74d1d5cc4833
1884065356_c6c34b4568.jpg,b0619e92cf896fa4
1884727806_d84f209868.jpg,95ca6e97c3e4348a
1895768965_43cd9d164f.jpg,93db5cbc2d4e2191
1897025969_0c41688fa6.jpg,b676d9c624388f61
189721896_1ffe76d89e.jpg,8dc972525c4dccd9
189740668_0b045f1ff2.jpg,dc26e3660e7138ce
1904112245_549e47c8aa.jpg,e3ca5c8935748dd8
190638179_be9da86589.jpg,eee391143a6b6ec0
190965502_0b9ed331d9.jpg,822f7d15f480e1b7
191003283_992257f835.jpg,9525b5b5a5316a6a
191003284_1025b0fb7d.jpg,c948e443bb27478f
191003285_edd8d0cf58.jpg,8b1ff5917e52c061
191003287_2915c11d8e.jpg,8f1ef2926409cd67
191592626_477ef5e026.jpg,dbca92faaa9808e5
1917203130_fcaff8b10e.jpg,f7ea485c73711066
1917265421_aeccf1ca38.jpg,8b542f1692879ccf
1918573100_d31cbb6b77.jpg,f9714a8ead6d8492
19212715_20476497a3.jpg,828ad9a667998e73
1921398767_771743bf4e.jpg,cd4d34a3bab26649
1923476156_e20976b32d.jpg,c2e03d3e39aba6c4
1924234308_c9ddcf206d.jpg,e44d330bf3f0d644
1925434818_2949a8f6d8.jpg,c36f3ae3c65841c6
1926129518_4350f4f552.jpg,b494dda6869d6e60
1928319708_ccf1f4ee72.jpg,bc575321b55c984e
1931690777_897a7d8ab6.jpg,c142f217dc269be6
1932161768_996eadac87.jpg,84c48c797e67954b
1932314876_9cc46fd054.jpg,eb5c7e3441a9c6c8
1936215201_d03a75cbba.jpg,c70983379c814f3f
1937104503_313d22a2d0.jpg,a612999d1d7131cf
1937262236_cbf5bfa101.jpg,b4c253bf34b9c344
1947351225_288d788983.jpg,a791d0b893c4b9f4
195084264_72fb347b0f.jpg,b69b19ae682aba1c
1952896009_cee8147c90.jpg,cc7cf878c4e69c18
1956678973_223cb1b847.jpg,eec8c1d59150f2f2
1956944011_c5661d3f22.jpg,8d18e773197d484e
1957371533_62bc720bac.jpg,bde4c21b993d4931
195962284_e57178054a.jpg,a9dc949c8ca6572e
195962790_3380aea352.jpg,d36aac9539465556
1962729184_6996e128e7.jpg,89fce868dd8688ce
1965278563_8279e408de.jpg,d5eac5d2d5d4a00d
1969573381_5ecfae4c80.jpg,92a67d48c5f91e16
197107117_4b438b1872.jpg,c893e54b1227fd31
197142902_f05ff198c2.jpg,98f2e70d4711dc5c
197504190_fd1fc3d4b7.jpg,df7e289dd86090ca
1975171469_84e425f61b.jpg,a3af36b4ca48343d
1975531316_8b00eeaaf7.jpg,f96b4e8e323a2c0e
1977827746_4e13d7e19f.jpg,c23a0c6fd7b2a3a1
197924859_f6e39a7dfa.jpg,a2db9614c1e3f896
1980315248_82dbc34676.jpg,d8c8d183eacd4ce6
1980882959_9a161f3469.jpg,c3747c0b43a59f4a
1982852140_56425fa7a2.jpg,ecd696d612339391
1984936420_3f3102132b.jpg,c4c0c4ecd459adfc
1989145280_3b54452188.jpg,b217e0a5c8cb58d7
1991806812_065f747689.jpg,864ea661cd46d6b5
1994416869_4dd769a806.jpg,97b668cc43939768
199463720_329a802206.jpg,9212ab2dec3c9e36
199809190_e3f6bbe2bc.jpg,e5cc933464d85b2b
1998255400_0cd086908f.jpg,f44541bd31b53764
1998457059_c9ac9a1e1a.jpg,c6d949e61229d6f2
1999444757_1b92efb590.jpg,e7c23017847fcf41
2000459828_3c9e109106.jpg,896c96f25a173c8d
2003663004_5b70920a98.jpg,e7883070e4277f66
2004674713_2883e63c67.jpg,b0704464daf92f9e
200771289_31902164a7.jpg,fdf74202a199d847
2009636597_e3f4fe19fb.jpg,eb0ed0595327ad2a
201682811_105241dee3.jpg,9e9fc9c191c1c9cc
2017276266_566656c59d.jpg,9293a4b23b696cb6
2021602343_03023e1fd1.jpg,b613611d0e66cf66
2021613437_d99731f986.jpg,f85358e3edc112cc
2021671653_567395c7cf.jpg,918efcf0a4ccecc8
2029280005_a19609c81a.jpg,e141fc219cdce1ae
2030781555_b7ff7be28f.jpg,fec2b08f317064d3
203114209_e4cd71a6b7.jpg,e250256b9b37ac5a
2034553054_b00c166895.jpg,a0f6c8cf0e347378
2036407732_d5a0389bba.jpg,8a7f306e91b54b15
2038662925_f4fa8c2534.jpg,b6e8096ef220e0ef
2039457436_fc30f5e1ce.jpg,d7d7262668628d1b
2040941056_7f5fd50794.jpg,a6493cb643d744ad
2041867793_552819a40b.jpg,96a4b46e2d947ba1
2042009399_afad34e7c1.jpg,9f524130fba6970e
2043427251_83b746da8e.jpg,f7f6a989d94c4c04
2043520315_4a2c782c90.jpg,d1cca1e0be9b4761
2044063458_fcc76a7636.jpg,a75ad866d9c9cc88
2045023435_181854c013.jpg,9b2c63591c42e5f3
2045109977_b00ec93491.jpg,de4fa116a1339b31
2045562030_654ddea5e5.jpg,fbe06ecb94246358
2045928594_92510c1c2a.jpg,9b39f11c98c1333e
2046222127_a6f300e202.jpg,aa92d54ae17aa2bc
2046778775_0dd7cac6ab.jpg,e0b39e7e7f880107
2049051050_20359a434a.jpg,b3f1e24b171f6888
2049646140_d0de01e3c4.jpg,c3cbfc8c0e4b91a6
2050067751_22d2763fd2.jpg,a55298a9e633c8eb
2051194177_fbeee211e3.jpg,92b46d97d36434c9
2052202553_373dad145b.jpg,d2c9ac969d6a7324
2052702658_da1204f6d1.jpg,b14e3699b3d5262a
2052953131_30834196fb.jpg,91070739c77c4dce
2053006423_6adf69ca67.jpg,a6f18c4c7be4926c
2053441349_a98b5fc742.jpg,b2cd9d32a4c91736
2053733930_e245615ad4.jpg,8f600ff1cc1bf41c
2053777548_108e54c826.jpg,cd181b33b1b74c6c
2054308369_f9c6ec7815.jpg,dee1931a8d4e045f
2054869561_ff723e9eab.jpg,b2b08c607b4d41ff
2055646179_169807fed4.jpg,c16e1c31e393b665
2056041678_d6b5b39b26.jpg,ce4e8cf27093d155
2056042552_f59e338533.jpg,edc6f27847616047
2056377805_e9a9b3bcf0.jpg,97e7dcb049912e70
205682549_713aa6cd88.jpg,bcd06b34b28027fb
2056930414_d2b0f1395a.jpg,b3c4a656d99a954a
2057160636_6e9cf3b5f0.jpg,87d8e83799c03b1e
2057305043_952b8dc82c.jpg,d4f225c9da1614ed
2057306459_2f52ce648e.jpg,830f3c79f187c29c
2058091220_2087270068.jpg,819117994779d33b
2058124718_89822bc96e.jpg,a88f5368eea1343e
2058472558_7dd5014abd.jpg,ec36594955caa553
2059616165_b7c99c1009.jpg,b8a69a0f96d9646a
2059842472_f4fb61ea08.jpg,b1074e98c67197ce
2060031241_a3ae7a06bb.jpg,809e3cc9e1cbdd98
206087108_d4557d38ee.jpg,81389cdf5f5e4161
2061144717_5b3a1864f0.jpg,85723cf70944f21f
2061354254_faa5bd294b.jpg,8909a3870d36bfb9
2061397486_53a61e17c5.jpg,d8c9c9d848e77634
2061927950_dafba5b8a3.jpg,f14a4f9d15665c19
2061944672_0383e65c8a.jpg,db0dca37a1c659a4
2062607137_dac194ad02.jpg,b89cc76b4c94316e
2063277300_f7ff476914.jpg,92336d9849e51bad
2064417101_3b9d817f4a.jpg,92103f7b7cc8c355
2064780645_8f28a1529f.jpg,91c786b56bf0258b
2064790732_219e52e19c.jpg,8969575746f02b8b
2064792226_97e41d8167.jpg,ada596464bcb6968
2065309381_705b774f51.jpg,cbc0356ec81b76a5
2065875490_a46b58c12b.jpg,a6edab7a58d094a4
2066048248_f53f5ef5e2.jpg,ea15d10cd56af5b0
2066241589_b80e9f676c.jpg,9e62e3871e6c2f42
2066271441_1f1f056c01.jpg,b49f83bc0cb273c8
2067362863_59577f9d4d.jpg,9c196564c67b6c4e
2067833088_04e84e5bf2.jpg,99fef4a4ebc05424
2068403258_2669cf9763.jpg,cf67baa838b8b098
2068465241_3bcabacfd7.jpg,b3a0ccccb373a6c4
2068960566_21e85ae0dc.jpg,f1860cfab50ec933
2069279767_fb32bfb2de.jpg,e7e2e3e5844e0716
2070798293_6b9405e04d.jpg,90eb3dc2b847196d
2070831281_dc04b3e15d.jpg,9a16f8d46753a951
2070831523_5035d5537e.jpg,e65aa324331ccf59
2071309418_1d7580b0f0.jpg,c7a619e96e0ce631
207237775_fa0a15c6fe.jpg,c9e9ee3657842c34
2072574835_febf0c5fb9.jpg,cd55737c20833ee4
207275121_ee4dfa0bf2.jpg,c6244c683b3f9abc
2073105823_6dacade004.jpg,96ed78c962320dc7
2073174497_18b779999c.jpg,c9b5b434c8699f31
2073756099_7e02c0110c.jpg,ec61333a351e898f
2073964624_52da3a0fc4.jpg,c8949e726c9b369a
2074146683_7c83167aa1.jpg,e082f8dc9412ddcf
2074244690_82e30ff44b.jpg,d46927968c92693f
2074764331_90a9962b52.jpg,bb36b412d8c93879
2075041394_0b3ea1822d.jpg,dd23327ccc133665
2075321027_c8fcbaf581.jpg,b10dc79e362ace32
2075493556_b763648389.jpg,9ba0345dce2671d9
207584893_63e73c5c28.jpg,e3e76663e3c4c40c
2076428547_738e0a132f.jpg,f38e8c49b1246e97
2076865206_53918c820c.jpg,8ee371d4b83c0f83
2076906555_c20dc082db.jpg,fcb5305c64f16272
2077079696_03380d218b.jpg,93a46dd32c79728c
207731022_988f6afb35.jpg,d9c7b0b46be84313
2077346067_0a3a5aae65.jpg,9c32e3c49923b6ba
2078311270_f01c9eaf4c.jpg,fccbe5708c35286c
2079110798_ad1370a646.jpg,8a36384f47805f7e
2079152458_40712c3b40.jpg,d3bee3c8b1b08631
207930963_af3a2f1784.jpg,92b7c98d555cc836
2079554580_f18d5c181b.jpg,c9c9e6a498f23533
2080033499_6be742f483.jpg,a2a2c46d2abbc54f
2081141788_38fa84ce3c.jpg,ca493234c051fdf7
2081446176_f97dc76951.jpg,a9c54f0636b930f3
2081615901_13092cac56.jpg,f99393b9de0c0607
2081679622_6f1442367d.jpg,a3f4122ed1a833db
2082005167_a0d6a70020.jpg,99d599926aa195b5
2083434441_a93bc6306b.jpg,ed1472ececb20639
2083778090_3aecaa11cc.jpg,c8b3969c8ee2d853
2084103826_ffd76b1e3e.jpg,a23a1237361617f7
2084157130_f288e492e4.jpg,cc3d1b183d738633
2084217208_7bd9bc85e5.jpg,95530e6d572a58ad
2085078076_b9db242d21.jpg,f3a4d86d926a25d2
2085255128_61224cc47f.jpg,cf9a9216344dcb5c
2085400856_ae09df33a7.jpg,f33a98a94896277a
2085403342_a17b0654fe.jpg,f8c8c8bccc3ad949
2085557551_7a88d01d4e.jpg,ceb231c798646ccd
2085726719_a57a75dbe5.jpg,bbbda59799009278
2086513494_dbbcb583e7.jpg,f665a182876f49c9
2086532897_b8714f2237.jpg,840e3cf93003fb77
2086534745_1e4ab80078.jpg,e13167c85b14f3d2
2086678529_b3301c2d71.jpg,f7c90478309fcf60
2087317114_cf06df5aa5.jpg,c6ca594c2db72d2c
2087640654_1a84577a44.jpg,99c92666cb992967
2088120475_d6318364f5.jpg,99a7c3664647037b
2088460083_42ee8a595a.jpg,b516b436945a817f
2088532947_c628e44c4a.jpg,c4fc09937e7cb1c0
2088910854_c6f8d4f5f9.jpg,e3879cc6d8f06788
2089122314_40d5739aef.jpg,b7b649b1648e338c
2089350172_dc2cf9fcf6.jpg,cbec70950e62e09f
2089426086_7acc98a3a8.jpg,c289cad64d92c73d
2089442007_6fc798548c.jpg,cd1e23633c3c9363
2089539651_9e518ec7de.jpg,97e80c37f18c3743
2089542487_b4c1ee7025.jpg,8c9b9bec4662ac99
2089555297_95cf001fa7.jpg,e6997966da893f00
2090327868_9f99e2740d.jpg,c80a9d3336767674
2090339522_d30d2436f9.jpg,e59a9c6973861669
2090386465_b6ebb7df2c.jpg,9bbdd2c260c94766
2090387793_274ab4cf7d.jpg,a7d9e3004e2db44f
2090545563_a4e66ec76b.jpg,d9c4463959c63ec9
2090723611_318031cfa5.jpg,f4929a8c6d69b436
2090997177_76d482b158.jpg,e6d8d932661859b3
2091171488_c8512fec76.jpg,cc70b37ac1b3183b
2092177624_13ab757e8b.jpg,a32d5cb4e05b7127
2092419948_eea8001d0f.jpg,bbe6c88bdcb8cc01
2092870249_90e3f1855b.jpg,c2c6377fe8619168
2094323311_27d58b1513.jpg,955a678b938d6913
2094543127_46d2f1fedf.jpg,f312438ca7d28fd1
2094810449_f8df9dcdf7.jpg,a92492bbe991b4ec
2095007523_591f255708.jpg,b2fd09636d65b604
2095078658_c14ba89bc2.jpg,d1414771b1be8f43
2095435987_1b7591d214.jpg,db1fe47c1fd3000a
2095444126_201ff9f222.jpg,a6303332dedc9971
2095478050_736c4d2d28.jpg,941fb2a93be3484e
209605542_ca9cc52e7b.jpg,f4fe4bc9083287ac
2096771662_984441d20d.jpg,e8a586d6da1bb834
2097398349_ff178b3f1b.jpg,855dd24a9bb66a46
2097403787_77a154f5b9.jpg,99596ea7ac811b1d
2097407245_c798e0dcaf.jpg,a153e0b465d59b2d
2097420505_439f63c863.jpg,f14cec3edc528ce0
2097489021_ca1b9f5c3b.jpg,cb267c9293a9476c
2098174172_e57d86ea03.jpg,9c8e4b71636672b8
2098418613_85a0c9afea.jpg,a24accd4c6ef2533
2098646162_e3b3bbf14c.jpg,df8dc01b126725f4
2099323664_bb20457f26.jpg,9cc3431e1cf1a33e
2100046085_69b59b6645.jpg,cf0f70237c30b387
2100735137_05c6079537.jpg,c9d57c16929685e9
2100816230_ff866fb352.jpg,f34c73334c334c99
2100909581_b7dde5b704.jpg,810c5363ecb3b66e
2101128963_fdf8b2a0d7.jpg,cb6b226707f03b83
210126070_0d43b300b9.jpg,a1cbda2dca278716
2101457132_69c950bc45.jpg,bd4981efa730186d
2101808682_0d66ef4a08.jpg,f0c366b876a652b1
2102030040_2e8f4738f7.jpg,cd3685c9323d4ae5
2102315758_a9148a842f.jpg,b3d0cc966d73860d
2102360862_264452db8e.jpg,da2965e4ced003d7
2102581664_5ea50f85c6.jpg,a196e2d7e0e2f0aa
2102724238_3cf921d7bb.jpg,c0c8bab8d666e553
2102732029_9ae520914d.jpg,c338a1c6d839e771
2103361407_4ed4fc46bf.jpg,c7f765a892177848
2103568100_5d018c495b.jpg,94527bacc39b9496
2105756457_a100d8434e.jpg,bbc9c1b9b4353416
210625425_fb1ef5d23b.jpg,af0f1a7070387b6a
2106772874_381824648b.jpg,948d4ad61b5a693b
210686241_b8e069fff3.jpg,c8b5964aaaaaa9ad
2107837987_ffecfc367a.jpg,d126593947c6b699
2107838729_a527e434bd.jpg,fcb6821b14e4e51b
210839948_bbd5bfa3b6.jpg,9b83a40d0e6edbc3
2108799322_e25aa6e185.jpg,c997b4ca9237618d
2109370875_05241bdda7.jpg,96c065c7c62e5dc5
2109479807_eec8d72ca7.jpg,89809187ecf9fa56
2109911919_af45b93ef3.jpg,8239f97626835ce5
2110692070_8aaaa1ae39.jpg,887fd6be5c586680
2110898123_07729c1461.jpg,e34b9b6261d896b2
2111360187_d2505437b7.jpg,c66079b3fac4c0e9
2112661738_de71b60b88.jpg,e2dcc6979e1190b5
211277478_7d43aaee09.jpg,f14186db38dcc31b
2112921744_92bf706805.jpg,fdf9d2f8c0258183
211295363_49010ca38d.jpg,8de4e6d978139c29
2113530024_5bc6a90e42.jpg,abc6963964e3192d
2114126343_a0f74ff63b.jpg,fbd1944e93316a29
2114355355_9d7e2d8178.jpg,d2b5c338b1ce8572
2114739371_83aa8bdb0e.jpg,ec1693c12c6dc736
2115620856_4fa5025ac6.jpg,915bd84fe46236a3
2115631346_9585a479b0.jpg,f965667868473998
2115849046_2aa9fa8d13.jpg,e4a392ed4d62c2b5
2116316160_d5fa7abdc3.jpg,df8e6661a5643859
2116444946_1f5d1fe5d1.jpg,c6107beccc2538f9
2119302248_72493d458c.jpg,8c47a8769369f439
2119660490_ce0d4d1f73.jpg,a52916ee6d93c8c6
211981411_e88b8043c2.jpg,a1697e94050fcb79
2120383553_5825333a3f.jpg,cfe4dcba92882571
2120411340_104eb610b1.jpg,891fbc413f3ac0c7
2120469056_7a738413be.jpg,b51ae1b5d2718d1c
2120571547_05cd56de85.jpg,879690adcdcce931
2121140070_a09644550b.jpg,c3c090b7bf2c4b5a
2121357310_f8235311da.jpg,ad2a1869a2e6b6e9
2123932281_1a4fd38455.jpg,a0a28e9cd8534bfb
2124040721_bffc0a091a.jpg,e6ea70b6cef01885
2125216241_5b265a2fbc.jpg,a7d22d927f003cd3
2125454445_5c5c4bf906.jpg,91b3ee5c07894cf1
2125626631_a4b63af97e.jpg,976578d8c6c70d8c
2126950128_74a4882658.jpg,d69c716e8d913668
2127031632_77505e4218.jpg,b105477f38c0e637
2127207912_9298824e66.jpg,c7cfc2e61f41f084
2127209046_94711c747b.jpg,9212d39d0df73d14
2128119486_4407061c40.jpg,d089ff8c8b6e3138
2129430111_338a94f8fb.jpg,cf8fd612594b254c
2130203183_49bae96b96.jpg,bccec7b1388e3e10
2130851544_d36f4f2ea6.jpg,cccbc9e233258c7c
2130986011_47cb05c8c9.jpg,e88b533e71ce8712
2131762850_5293a288d9.jpg,f8a576223195aac7
213216174_0632af65a2.jpg,e982b63589c96e63
2133650765_fc6e5f295e.jpg,d2522cf1f1945c6e
2135360514_7dcb9ed796.jpg,8d96f446f968163c
2135502491_a15c6b5eae.jpg,bd03c9fc96889927
2136455112_202c093ba4.jpg,e2e64e19c4c71f19
2136514643_93d8f75a77.jpg,9692bc87c32f49b8
2136992638_098d62a3c5.jpg,f8db88e9e39e2302
2137071442_1c9658c81a.jpg,ffeed058180f8705
2137789511_69a6c6afa8.jpg,d38cccf30cc8f30e
2138487671_5b89104043.jpg,e364ccb3b2cc931c
2139519215_8ca16dd192.jpg,81216e2a5eef985e
2140182410_8e2a06fbda.jpg,cd0d99527b2b174a
2140305708_591d10b54d.jpg,b9a4e7ce0d8ea461
2140747429_62cfd89ae9.jpg,bdc092cce133d87c
2141065212_463a6997e1.jpg,c984193176d2afcd
2141713971_e25eb12712.jpg,a5119adb37627466
2142232919_c857a09dd7.jpg,a7d8cc5666236699
2144049642_070cf541b4.jpg,9c19937d61cb60a7
2144050118_3e7d2e05b1.jpg,9d4b7c6035a6363c
2144846312_d4c738dc6c.jpg,8b3fb453498596ca
214501174_6db1f4d69c.jpg,ece8b2daccc5868c
214543992_ce6c0d9f9b.jpg,ff6fc130249899c3
2147199188_d2d70b88ec.jpg,e4e56d110f4b7331
2148013097_6a4f495bc5.jpg,cf9882a7dd560a74
2148695079_9ae6a9b1c7.jpg,af2d392e3c30e49c
2148916767_644ea6a7fa.jpg,b14e4e338bcc3176
2148991939_3b9fd6c439.jpg,b6c9b48bcc72b388
2149968397_a7411729d1.jpg,8fd0700f8fb0d1dc
2149982207_5345633bbf.jpg,d09e6fc49b0bd087
2150564996_d173a506d7.jpg,d6d4953136ec09b9
2151056407_c9c09b0a02.jpg,81b63658cac2ede6
2151300603_248a9fe715.jpg,f3f01cef004e07f8
215214751_e913b6ff09.jpg,9938329c9c9c5dcd
2156131463_5b53636cf0.jpg,9fa0523d62f39750
2156726763_034ecd2e39.jpg,9e633e1ec16cc558
2157003092_eaeb977789.jpg,9d7cc4c87a771c48
2157173498_2eea42ee38.jpg,956bb74c4a95aa49
2158247955_484f0a1f11.jpg,e41bbcec0f5303a5
2158267555_db1d94e468.jpg,e7cecac28d8c7071
215876547_fa584c5ec3.jpg,94d2351e7bb1c0b5
2159447283_fab8c272b0.jpg,93c36fbc582c2c5c
2160266952_a2ab39191b.jpg,8c89f217b84f2cb6
216172386_9ac5356dae.jpg,f3f74c8c911926c3
2161799386_27aa938421.jpg,f2e81595c6cecc89
2162469360_ff777edc95.jpg,bc9461e892a54fcb
2162564553_96de62c7e6.jpg,b36766b1b0b2b548
2164363131_6930455d45.jpg,8fbcfcfcbc9080a0
2165459064_5b81ff23eb.jpg,92c16c3a39b5964f
2165461920_1a4144eb2b.jpg,a91e56f238879578
2165677531_e1d5e086f7.jpg,d630bc6e8318b6ec
2167644298_100ca79f54.jpg,fdf0070ee8f0252d
2169067981_cc19268f23.jpg,ede69e1052bd650a
2169951750_495820a215.jpg,b4e3cbcccc983233
2170187328_65c2f11891.jpg,982d71e687e6ca15
2170222061_e8bce4a32d.jpg,9c9ce3e7e0c0e332
2171154778_8189169336.jpg,c348ccd248b5bba7
2171576939_d1e72daab2.jpg,b6cfc90d19f36424
2171891283_dedd9cf416.jpg,90e4296bf65a8bd1
2172493537_128bc8b187.jpg,b403c1643a9f47eb
2172526745_649f420569.jpg,8891c56d983eaead
2173061319_1f267765dc.jpg,b3cccc33cb348c63
2173312932_269f9786fc.jpg,fb66269ad8f08117
2173677067_9d0732bcc2.jpg,87a5343dbd274352
2174206711_11cb712a8d.jpg,aff023a393cca45c
217583047_5e93e1e119.jpg,cc7131cea3194ea7
2176147758_9a8deba576.jpg,e91195e7b58d0c78
2176364472_31fcd37531.jpg,eaae91d39c917648
2176874361_2b4149010b.jpg,de41631eb121d6e6
2176980976_7054c99621.jpg,8cf3e00b321de7e4
2178064851_bb39652d28.jpg,a7978d0c239786c7
2178095150_436b035741.jpg,c5791a26b971e68c
2178306830_6af49375b4.jpg,94ca43393dcfc631
217838128_1f0a84ddc1.jpg,e8f141e895d1eaa6
2180356743_b3a3c9a7f6.jpg,cec348e649cec749
2180480870_dcaf5ac0df.jpg,ac0f1f72c9593233
2180886307_5156460b2c.jpg,8d736ba454c9ab54
2181117039_c4eea8036e.jpg,b6764380e43b33d6
2181724497_dbb7fcb0a9.jpg,e5e50d7845a5b09d
2181846120_3744ca3942.jpg,c2d1ca1d9d5bc5c1
2182050469_1edac0bc60.jpg,9827da2966d9664b
2182488373_df73c7cc09.jpg,96e39f8ed0ac5170
2183227136_8bb657846b.jpg,cdd927cc262398d9
218342358_1755a9cce1.jpg,c7a19ce2b1dce4b0
2183967273_d182e18cf6.jpg,a5379e0a11f59a8b
2185793891_5a5e903ca6.jpg,d9c92703ba4b24dd
2186087673_c7a73da7ce.jpg,9696696dc793382c
2186139563_e60c1d4b8b.jpg,988ce4e3330d6d3e
2186367337_0ce9ce2104.jpg,e6e3d9840c5c38f9
2187222896_c206d63396.jpg,9e031ceef3c890f8
2187503678_fd743e0a00.jpg,c15fbf6071875039
2187720319_112d00f07d.jpg,f006769a83ed4dd2
2187904131_96ea83b9b5.jpg,b20d3ff1540699f2
2188192752_09d9fc5431.jpg,e5e59a8a3fbd0222
2188688248_f57a28a5a7.jpg,95459a3a62e9c717
2189181027_a445b13438.jpg,a699596499736699
2189995738_352607a63b.jpg,877d343c4b9d8dc0
2190137367_746335f707.jpg,b225dd7be5c8c043
2190227737_6e0bde2623.jpg,dfc0b8bb68782714
219070971_ae43410b9e.jpg,c9c2963436e9c973
2191329761_3effd856c5.jpg,c448073f3b91e1fa
2191453879_11dfe2ba3a.jpg,865de9e3c80c17a7
2192026581_b782d1355a.jpg,8685d8e13ffcc11c
2192131110_8a40e7c028.jpg,9c8eeb7160ba1cc9
2192333873_2a0cbe849d.jpg,f73393ce304c0c1f
2192411521_9c7e488c5e.jpg,a6da8b8d59176c46
2192475933_d779bf42eb.jpg,e41b324dba559aaa
2192802444_b14bb87b95.jpg,ba96a2b2b29ca4ab
219301553_d2fffe9e0c.jpg,95bab0c06b97d139
219301555_17883a51bd.jpg,9eccce276171303e
2193223202_4d908c0450.jpg,91daf5ab56a0ab22
2193980605_4221c6474d.jpg,8e3a11276e7a9197
2194286203_5dc620006a.jpg,dca3c32c5ab17c86
2194494220_bb2178832c.jpg,c924d5d6b31352da
2194495372_bdac7d9e71.jpg,8747c270794f0ece
2194797921_96af7a9467.jpg,e4929b4d86388f67
2194806429_ca4c3770c1.jpg,a090c68f5f79f09c
2195419145_36722e8d54.jpg,e7f00b8ed8922735
2195620255_6693479734.jpg,ed90426b9ccde788
2195887578_3ba2f29b48.jpg,8ea9e1a3f8455e15
2196050115_e236d91f52.jpg,cd406fa83df5030f
2196107384_361d73a170.jpg,81817c7ec6427d3e
2196284168_76417efbec.jpg,9a483b06e5b9cbc6
2196316998_3b2d63f01f.jpg,f0d51d0ad1703ed3
2196846255_2c1635359a.jpg,e6e69b981889e4a7
2197275664_fabcf3424b.jpg,d34b652e22943b9d
219730733_6a55382dd2.jpg,c2b8ccb1f5cc4372
219843859_94b6d0a580.jpg,c3364d68167a33f4
219843860_332e5ca7d4.jpg,cd32096936a66dda
2198484810_50a893824a.jpg,b1114a3c43fbf2c6
2198494923_8159551be4.jpg,ba4acb3c35910e5e
2198511848_311d8a8c2f.jpg,833cfd43b473219c
2198964806_c57b0534d3.jpg,b0e3a366acc9cc8b
2199083344_3aa77f4879.jpg,9db8414d0e3b6e99
2199200615_85e4c2a602.jpg,90b09f33f8e23393
2199250692_a16b0c2ae1.jpg,8dd36e78392c6c29
2199793371_343809ff70.jpg,b29bcd1c19633366
2200901777_f6c168bd32.jpg,826ef6396c327d30
2201192417_d934730fea.jpg,e079a1a699d8e666
2201222219_8d656b0633.jpg,86ed9493cfc63868
2201951969_0d7520d648.jpg,ed929299cb6c6435
2201978994_c444e64810.jpg,d96ea6788d034cf8
2203286182_b453e9d176.jpg,c9a5b65a4da4925b
2203449950_e51d0f9065.jpg,87837a6c7e6829a5
2203615439_3c7cdc39dc.jpg,ec1cc77abe318492
2204277704_f1c8c741ed.jpg,8797e46c894c9c4f
2204550058_2707d92338.jpg,c493d01f3b8c2fac
2204695848_3d1b140212.jpg,a0a7f6067032bec7
2204777844_1bcf26bf84.jpg,e1639a38b5d68cb8
2205088706_d7e633e00d.jpg,90baf8dd4b669489
2205328215_3ffc094cde.jpg,c0f191b1d78a6637
2205336881_d9ee4179d3.jpg,c9e23d98d725c323
2206403470_8c25aa3cf8.jpg,90c867378e1f716c
2206594874_5e0087c6b7.jpg,edc3a6bf82cc8066
2206600240_f65df56a09.jpg,e9d5a9228866f3d2
2206960564_325ed0c7ae.jpg,c1413c2f3536b6e6
2207244634_1db1a1890b.jpg,a73d19967aca6093
2208055895_37cd8e1edf.jpg,e63199989af0f2e2
2208067635_39a03834ca.jpg,9c96e3e35214bc39
2208310655_a3d83080c5.jpg,93392c646767f03a
2208631481_3e4a5675e1.jpg,e76d492c935a5293
2209496328_2a34fd201d.jpg,cb34724b966b2939
2209888959_d636b1be0b.jpg,e385c2986072bf73
2210368267_0615754b48.jpg,9794e4b1949c1f1e
2211593099_4a4f1c85d2.jpg,9da39086fe858bb8
2212472643_80238475b5.jpg,96f2309ccad6d998
2213113526_beeb4f9bdc.jpg,c4fc938cc979644e
2214132302_80064fd79d.jpg,d1b5a6b6a4b08f49
2214847438_4993210d4c.jpg,a1ae163ac8d3ee31
2215136723_960edfea49.jpg,b24d8f329b1bc923
2215165918_2bf5b659dd.jpg,ea9c96c76138b49a
2216568822_84c295c3b0.jpg,a5b71849e0e43b9b
2216695423_1362cb25f3.jpg,d59126e24a7a1ced
2217328285_b1d55c17ca.jpg,f97084c9fe3a0be0
2217728745_92b6779016.jpg,cdc416f3330687e9
2218334049_e649dbdb1a.jpg,d0360fc949d976e4
2218519240_cac5aab53c.jpg,c4e7391c0f1c3e39
2218609886_892dcd6915.jpg,ffc3c00f9918b465
2218743570_9d6614c51c.jpg,92678d1b636c1a97
2218843713_cf28ea319e.jpg,bbf9a1844472cf2c
2218907190_5f43bf5e4d.jpg,8a770569f25cdc1a
221973402_ecb1cd51f1.jpg,bc38d3c3ce0e91e1
2219805467_370ee1b7aa.jpg,e9761693cb526629
2219805677_7b7cc188c7.jpg,b1fc4e063939761c
2219959872_988e6d498e.jpg,9b95cdc217e9a113
2220175999_081aa9cce8.jpg,a1a9ce86b879295d
2220185725_45d4fa68d9.jpg,9bb1f5004efe848e
2220612655_030413b787.jpg,e5b19a6c25739c86
2221818690_9003756d33.jpg,8084b7314e7b91bf
2222186636_85e03e0b75.jpg,d7dfde40436b4818
2222498879_9e82a100ab.jpg,b173ce8cd90dc493
2222559267_6fd31e3941.jpg,edec92b6a22a332a
2223382277_9efa58ec45.jpg,e7b399cc4c4ca692
222369445_5b6af347dd.jpg,f1d1883ff3401d3c
2224450291_4c133fabe8.jpg,a1773655388c6ce3
2224995194_518859d97d.jpg,fc857461e89ada0b
2225231022_1632d0a5aa.jpg,8eb3ac55b7360994
2225241766_f1e7132e3e.jpg,d9734031d57ca13d
2225864432_48a24f49a4.jpg,9ee4b06d832b549b
2226440063_c085b30558.jpg,92673189f2e646da
2226534154_cbcab7ba32.jpg,a5a48e2aeb63134f
2226587791_66e29dd01d.jpg,b61f9e4d13e0c872
222759342_98294380fc.jpg,c33c3cc6c772b829
2228022180_9597b2a458.jpg,e86a6a52e529b54e
2228167286_7089ab236a.jpg,8a4d36f7a0125fe1
222878446_32c6fc4bc9.jpg,a314f363a2b9e187
2229177914_3308fe7d20.jpg,8f54e632597a8c4d
2229179070_dc8ea8582e.jpg,fa680717ac6aa15e
2229509318_be3fef006b.jpg,d35b2ce41393cd0d
2230067846_74046b89d3.jpg,8dd66631794a3749
2231847779_1148d1c919.jpg,8e4f8e247435b16e
2232518012_8cb0bbc43b.jpg,943535b474949776
223299137_b0e81ac145.jpg,c09599e6957e2e91
223299142_521aedf9e7.jpg,c38695cab985e0bd
2233426944_0959835ced.jpg,f0154c1c6b63e766
2234702530_a265a4df22.jpg,a799c8867129f23e
2234910971_80e0325918.jpg,cdb63249cd92b22d
2236016316_f476cbbf06.jpg,d32cc92e0c27573d
2238019823_79318d1f11.jpg,a303bc388efc8d0f
2238166082_140f8b01b8.jpg,be94c16b9e290af4
2238759450_6475641bdb.jpg,e4ded91b69a45a41
2239938351_43c73c887c.jpg,e9a18fdad2b66841
224026428_0165164ceb.jpg,bb32c6e04bc4c23f
2240539658_dea8db6e55.jpg,ea6297978d687854
2241768909_3d96d48417.jpg,ecc69512f24f601f
2242178517_2325b85e5f.jpg,a51a98a485db7dac
224273695_0b517bd0eb.jpg,953ccb146af08e5d
2242863004_3a9f82a31f.jpg,f7d69ab889694a42
224369028_b1ac40d1fa.jpg,9519b1b799949627
2243904502_2d265fed80.jpg,cf0b31a5b932f131
2244024374_54d7e88c2b.jpg,da80b573463dcbc4
2244171992_a4beb04d8e.jpg,a770d76e3c99034a
2244551043_21b8cca866.jpg,a5d02c37d390d4e7
2244613488_4d1f9edb33.jpg,dd536ee097281b52
2245348304_08bc5642f1.jpg,c309f23f1cc70cf1
2245618207_fa486ba2b7.jpg,a18f9eb495d1095e
2245914678_1f82fc3d80.jpg,9589790ba552a37d
2245916742_73af13c733.jpg,8af5b5588a4e39ca
2246717855_c0c08fe5d2.jpg,e9b5a31432ca487f
224702241_05af393148.jpg,b1610f3e8499e63d
224702242_a62aaa6dff.jpg,9cb4b1d98ec6c3c1
2247138288_7355861203.jpg,e25895a6687357cc
2247192427_5e106f24a9.jpg,be42d29fada0f248
224766705_b77996527f.jpg,96686996cee64cd1
2247889670_413db8094b.jpg,f1794c4c313313cf
2248487950_c62d0c81a9.jpg,ae94b8d6d2c1c1e5
2248487956_2603f55ab9.jpg,bfdbfba4088003a7
2249141510_f534708374.jpg,a969c875c6176783
2249264723_d08655d9f2.jpg,9172827e9b996987
2249480913_e1695e5c28.jpg,c308a2861df3e7d6
2249865945_f432c8e5da.jpg,f3758cce07e3410b
2250555512_71670078f5.jpg,eb1192be945649e9
2250870111_8402d2319d.jpg,ed241235443beacf
2251418114_2b0cd4c139.jpg,9ec1459a59a26bd3
2251447809_2de73afcdf.jpg,dbc3d230218f8f33
2251747182_6b67a3ab8b.jpg,ab6a31e484c62fb6
2251992614_0c601fae2c.jpg,c57a0dd711051ff2
2252123185_487f21e336.jpg,fbde034152f11cac
2252264255_03fefc25af.jpg,d6628f442631f367
2252299132_14ca6e584b.jpg,8f6321befc4f6120
2252403744_148fc11f68.jpg,874f68719db8348d
2252635585_b48b3485b0.jpg,dc596334500f3eda
2254913901_569f568926.jpg,8e91bd064e4eb1ec
2255266906_8222af18b9.jpg,b127e67c28c30df1
2255332561_3375897ff0.jpg,c03fa5f872074cf1
2255338013_566127590b.jpg,aad4ad9554aaa955
2255342813_5b2ac6d633.jpg,d1b1698b3ef8c832
2255685792_f70474c6db.jpg,be0da1aadc674b30
2256133102_e2c8314ecb.jpg,aaca526952e5ada5
2256138896_3e24b0b28d.jpg,e79bc1956669039a
2256218522_53b92bcbb2.jpg,843893fbedc4d264
2256231539_05c27179f1.jpg,f931862e39d0e61e
2256320794_0286c31bfa.jpg,e2f89c9367c4226b
225699652_53f6fb33cd.jpg,e753d12ee83434b1
2257099774_37d0d3aa9a.jpg,9b97567899c96660
2257294002_0073263c54.jpg,c63fd255b5ca5481
2257631407_1529b9db39.jpg,87b3d30d2d269339
2257798999_d9d1b9a45a.jpg,dafaa0175ae88696
2258662398_2797d0eca8.jpg,f3260cd9b32e4cd1
2258951972_92763fddab.jpg,be9393a10d9cc4cd
225909073_25c3c33a29.jpg,bde8469738690796
2259203920_6b93b721ce.jpg,c4cc4c949b397d36
2259336826_0cb294e1f7.jpg,e534b6e5d8f1412a
2260369648_e21ae6494a.jpg,a0b9dc5e26e912c7
2260560631_09093be4c6.jpg,d3ec1ce01ee26786
2260649048_ae45d17e68.jpg,af3f80cc83eb8992
2261169495_98254e2e66.jpg,c1cc3b16f2cbccc4
2261257940_449b6e6c91.jpg,fe418b3c470eb82e
2261346505_302c67951d.jpg,8fe0f0604af6c7ac
2261550615_b6c25d987b.jpg,96e8c5b229296f3a
2261962622_e9318a95eb.jpg,c53232e5cbc8e61b
2263655670_517890f5b7.jpg,e265c9d89c336366
2264316030_600e55748d.jpg,b0380d87636567e7
2265096094_8cc34d669c.jpg,fe5f0288d570e117
2265100168_175f8218af.jpg,956df2746a956912
226531363_33ac01d931.jpg,8854d49737ab366a
2265367960_7928c5642f.jpg,94c037e71b2c6e71
2266061169_dfbf8f0595.jpg,f850c5afb552862b
226607225_44d696db6b.jpg,947b956e33185cc6
2266142543_b2de18c081.jpg,adc4592d0476aed9
2266144051_614b2d62b0.jpg,e58c9af1156f8e18
2266901263_4324af1f03.jpg,b992c66f323c6117
2267682214_e1434d853b.jpg,9e60ed1b842c7b56
2267819545_446c5a3e18.jpg,d11e448eceed5a8c
2267923837_ae88678497.jpg,a61769acb49a31d9
2268109835_d6edbe1c2b.jpg,94e30cd9b1caf616
2268115375_69884e958d.jpg,b38e8e99c1cbcce0
2268596214_ca532f5c63.jpg,f222fa4371ce15f0
2268601066_b018b124fd.jpg,c00f3f70bf7089cc
2268729848_d418451226.jpg,96da8a06589b73d3
2269021076_cefc9af989.jpg,88d568b59aa5d279
2269795781_46a296aa21.jpg,cd71ce378ce25384
2269961438_cae7a9c725.jpg,ed79523a2da45899
2270483627_16fe41b063.jpg,831b364cd8b3e3c3
2271264741_aa8f73f87c.jpg,d4f0786371653e0e
2271468944_3264d29208.jpg,854936d23cd72cd3
2271667421_7b21fc23b8.jpg,ce0f8338e143fd16
2271671533_7538ccd556.jpg,c5985a65f41ec729
2271755053_e1b1ec8442.jpg,b74ce2a6194bc29b
2271890493_da441718ba.jpg,b6835c6c513bec70
2271955077_0020b4ee0d.jpg,cc0cf033f3178f64
2272426567_9e9fb79db0.jpg,c354debc0a4cd393
2272489996_95b0a62d15.jpg,a97bd28484396b7a
2272491304_cb7c7ed16f.jpg,f29929468d256e6d
2272548482_0b4aec5cdd.jpg,f1ab287329e9165c
2272750492_91e8f67328.jpg,ae4cb162d6acd835
2272823323_3b7291cd47.jpg,bb85f20dec718872
2272967004_1531726d71.jpg,f2d70d70570d2d43
2273028514_d7b584f73d.jpg,b9c92b2372c8cada
2273038287_3004a72a34.jpg,e4e39b1cd22165d6
2273105617_7c73d2d2d3.jpg,a70b30317f6ccf09
2273591668_069dcb4641.jpg,bcdec343a575c301
2273799395_5072a5736d.jpg,9315c46b3596f13c
2273871383_1ddb3562ea.jpg,dfae61d8d2e16016
2274602044_b3d55df235.jpg,b1c68e337826c73c
2274992140_bb9e868bb8.jpg,90cebb23cc3e3c52
2275029674_6d4891c20e.jpg,a9023a78a4c6db77
2275253272_00f941366e.jpg,905a5b478634cde7
2275372714_017c269742.jpg,ac978bac8c949e5c
2276120079_4f235470bc.jpg,c1c1c5813cf4f6cb
2276314067_7ee246f859.jpg,b259cc93998cc7b1
2276499757_b44dc6f8ce.jpg,ec7cb7a0c9525e42
2277081067_d2b4c98bce.jpg,e6cc191b73e48c1b
2277299634_e14bdb7ff7.jpg,d0d98bb512a2cb9d
2278110011_ba846e7795.jpg,b2e68c994339b19e
2278766574_f71f1704a8.jpg,ab2adc55b79a0a94
2278776373_fe499a93be.jpg,9c9a83856eee0ba3
2279496715_8ef3ee6edb.jpg,b564d84acb2bdc38
2279945145_8815c59217.jpg,bf78c073782139d8
2279980395_989d48ae72.jpg,956d3db4a714581b
2280354512_c0d035d53f.jpg,a6e69998d3336686
2280525192_81911f2b00.jpg,e428171a4e8ddb76
2281006675_fde04e93dd.jpg,8cc93763631ccea3
2281054343_95d6d3b882.jpg,c7c9c968be831d07
2281075738_230892b241.jpg,ebc8813734e5ad54
2281768510_9cc5728c55.jpg,df30909cafa1d82b
2282043629_91b7831352.jpg,e3179e79854e06e4
2282260240_55387258de.jpg,9e9fe77140463598
2282522980_45cfa8e0cf.jpg,ae0ed0f0630f9f94
2282600972_c22d1e03c7.jpg,9c61873cc433ee9c
2282895743_f803f1cf01.jpg,ea63958cc3611f4d
2283966256_70317e1759.jpg,f5b582c34f047c2e
2284239186_c827f4defa.jpg,96964e6cc78f6123
2284894733_b710b9b106.jpg,b0ea914878696b7e
2285152690_3fb93f65f1.jpg,b4d238786f0f8c63
2285570521_05015cbf4b.jpg,a969cd83321673f8
2285741931_07159a21f2.jpg,8829e6b639c78e39
2286032269_8ba929709c.jpg,e45b19e4ae19d368
2286235203_af3cd8f243.jpg,d867e1d3c6e4c84c
2286236765_2a63eeb550.jpg,877eb8cf65ae8840
2286239223_d84ffc4e4a.jpg,f8db3bf5010f0117
2286270205_16038dec5a.jpg,e6e01927f1a61bd8
2286823363_7d554ea740.jpg,d2f60d8931ab22b7
2287023569_fd7a9c60b8.jpg,85ece49212136fed
2287887341_663bfa15af.jpg,d77f228f3e9001c5
2288099178_41091aa00c.jpg,fc48d01decc7d350
2288315705_5f4c37d932.jpg,f8834739bc4243bd
2288530008_4ebcee2174.jpg,c39487202d6bf8d7
2289068031_fe26990183.jpg,9fd899181a9991de
2289096282_4ef120f189.jpg,98f8710f973145ce
2289212650_69de7a20b2.jpg,c5cc729899c3cd8b
228949397_9e63bfa775.jpg,ad3a72626bcacad0
2290330500_e7bdaa58e1.jpg,85a9e6e65d1931a6
2290589734_b588471345.jpg,f9a094e6b7c2c545
2291485126_b8d41a63f4.jpg,c23fecc51b26d149
2291511815_ac083fddbd.jpg,85bcb6e7ca4851a6
2292406847_f366350600.jpg,c0c0deb7b784893b
2293149170_38fb2257ea.jpg,85b7d92e72c960d1
2293424366_7b5fcd2398.jpg,bc3e4ebeb2c90423
2294516804_11e255807a.jpg,cb7471706968c69b
2294598473_40637b5c04.jpg,99b8b1e6c6b1d84c
2294688426_96c8614f1d.jpg,add2c442075f7cb4
2295216243_0712928988.jpg,bf05dc59ee648246
2295447147_458cfea65a.jpg,898f363ccd873ca4
2295750198_6d152d7ceb.jpg,b7640d2077a0dddc
2295894587_2fd8faf550.jpg,ed4f45606c667646
2296166785_292a4e9f4c.jpg,9e1e0ce31319b9e6
2297471897_3419605c16.jpg,e3b39c6c6313686c
2297744130_f571f3a239.jpg,b4e14ed393cf4168
2298077331_f9a1488067.jpg,de90e10fe8859697
2298097636_c5de0079de.jpg,e49b9b64615b1663
2298283771_fb21a4217e.jpg,a5da1aa54a2d2d5d
229862312_1a0ba19dab.jpg,81b37b96c3e7a430
2298661279_016d87ba2f.jpg,f8a9c4989b3ae20f
2298946012_22de913532.jpg,a88091feee071f17
2299427360_422a3fb8b0.jpg,c043139eb83c3e3f
229951087_4c20600c32.jpg,95ca4a353ec36336
229954612_a4438297ee.jpg,c8a8c87cfc05996f
229978782_3c690f5a0e.jpg,b3b50c8ea3c21cbd
2299859649_07ca44a222.jpg,b3c8000079fde1ff
230016181_0c52b95304.jpg,d2caecd23e26859a
2300168895_a9b83e16fc.jpg,8ed4d3732ccd9858
2300229745_af7a20c959.jpg,e4ce4ec76690931b
2300920203_f29260b1db.jpg,8f8eb86426e66b92
2301379282_5fbcf230d1.jpg,99cbe4969b11a473
2301525531_edde12d673.jpg,dc470398cf4f119b
2301867590_98c0ecb0cb.jpg,cbddd4e261d94286
2302516347_26054442f9.jpg,bbe0c48087ef84f3
2302747917_aa0300eb68.jpg,bb8ac6c52ed0a347
2303016989_0deb96c8d9.jpg,b32c6693d32e4c59
2303356248_65dd6aba6f.jpg,af4cda2fe1724341
2303426046_09cfd7bc4e.jpg,cd4af2e30d889b53
2303951441_3c8080907a.jpg,b992c2654edad82e
2304374703_555195d8d5.jpg,ed64140f165aaf35
2304444199_05386d2e9c.jpg,ece9913607cb0d39
2305437797_e6c3460190.jpg,d1ce0633edc73264
2306186887_0bd8ed3792.jpg,b79834c7336cc661
2306674172_dc07c7f847.jpg,fb7ad89ba0c81564
2307118114_c258e3a47e.jpg,ade6a45cfe84854a
2307451605_22e9c06530.jpg,b194a55a9a9da9aa
2307807200_91fa29cba1.jpg,e8e693339cb18791
2308108566_2cba6bca53.jpg,cc782b87f1a846ce
2308256827_3c0a7d514d.jpg,b34a303973af6a13
2308271254_27fb466eb4.jpg,d9b5066b3c2b254e
2308978137_bfe776d541.jpg,e0d8e79a866ccf90
2309327462_82a24538d4.jpg,d3251d4bd274b117
2309860995_c2e2a0feeb.jpg,c39eb803e4ecc09f
2310108346_e82d209ccd.jpg,8e23393b48ff033c
2310126952_7dc86d88f6.jpg,f2055e7e87dac064
2310233145_910cb5b4c8.jpg,8db788a5daf17070
2311690895_0d6efe11c8.jpg,fa87c33ac49d8709
2312731013_1a3a8e25c6.jpg,f063875878ec70e3
2312746782_4528a5b818.jpg,d335ec704b64706b
2312747482_20a81b2230.jpg,a74926c61f74932d
2312984882_bec7849e09.jpg,fa7ca0611f44f744
2313230479_13f87c6bf3.jpg,9ba3659e98798447
2313822078_282dc07531.jpg,918decc330d46f59
2314722788_6262c3aa40.jpg,b929c61e3ef13146
2314732154_83bc7f7314.jpg,ed8e3642a9f8d185
2315418282_80bd0bb1c0.jpg,d155e425db729c62
2315807231_6948b3f3a5.jpg,e56c9a7325334cd8
2315867011_fc5fc9fa6d.jpg,9c6baa55daa924a9
2316097768_ef662f444b.jpg,a4e71b9950db33a1
2317714088_bcd081f926.jpg,b2e0459db2da92ae
2318502106_33f2e4b4fc.jpg,bcc7b0638c63903f
2318659263_c24005a5cb.jpg,c686b16899b76393
2318721455_80c6644441.jpg,93b5db6706a14c35
2319087586_919472310f.jpg,d0c04fb063cd79b6
2319175397_3e586cfaf8.jpg,b13c1d30f83e387a
2319197581_94f807b204.jpg,f1cf8ec71a131931
2319808437_bbbdc317c0.jpg,8c2ed3905dca6e69
2320125735_27fe729948.jpg,cdec939318416d7c
2321466753_5606a10721.jpg,d0736887a43db2f4
2321865325_79b0954a5d.jpg,b12c0e3337c66ce9
232193739_ed5f348c7a.jpg,b01ee16b86597d86
2322327298_7948338390.jpg,ad1bd691602a3b3b
2322334640_d4d22619ff.jpg,ed1b128cebd8a646
2322593776_e6aaf69e80.jpg,9c7ae3c41c3bc1c6
2322601965_748d59dc57.jpg,9c23e7c88d496d6c
2324779494_5e72d29171.jpg,9a1f646752602ff8
2324917982_f3db8c11e9.jpg,99212d2cf23fc07d
2324979199_4193ef7537.jpg,e93967c634669296
2325258180_6217dd17eb.jpg,9672ebac39c18e29
2325386353_1f1a05e1ce.jpg,eaea07f0033bc41f
2325816912_b3bb41cdbb.jpg,b274cc88db7b5960
2326730558_75c20e5033.jpg,eba494cb5926a935
2326879311_555ebef188.jpg,b8678738e00f3ec9
2327088022_478dbd2c17.jpg,a6998d2693c9c5b3
2327240505_e73cc73246.jpg,ae6aa3365eca1a58
2328104318_5a43ca170c.jpg,a1f1b1ec6d294c3c
2328106090_b7c2725501.jpg,f14cb676847731b0
2328616978_fb21be2b87.jpg,8c59d22a9be42ced
232874193_c691df882d.jpg,e694996b6494936e
2330062180_355ccbceb5.jpg,c55c339c856ccbb4
2330536645_2d36b516e1.jpg,d60b0bce290bbe6c
2330843604_b8d75d6ac7.jpg,c937c9a36d89ad41
2331510788_986809bbb4.jpg,eb6a94958e666263
233242340_09963100a3.jpg,b170cc6d72796166
2332540384_4cf26406a9.jpg,8aca7a1ba5a3b25c
233270519_d60d4518fa.jpg,b389c9eeac3c3223
2332986053_864db84971.jpg,8963263553cc9d73
233327292_3bcbc3783f.jpg,c726bf81995fc150
2333288869_8c01e4c859.jpg,9f4e90f360e04f93
2333584535_1eaf9baf3e.jpg,e160434363e6f2f3
233361142_d9d5f0cae9.jpg,d8cfe3d09e27c818
2333816000_7105d0ffac.jpg,c9b51a292d84abf5
2335428699_4eba9b6245.jpg,efd220145cc985f7
2335619125_2e2034f2c3.jpg,b863c79cb2e64c49
2335634931_7e9e8c2959.jpg,9052cf471f3c7833
2337377811_8c81b40a64.jpg,d52e2cd7c38c0d1d
2337757064_08c4033824.jpg,c12a29fdb649968d
2337809114_899ba61330.jpg,85b672516ea38bca
2337919839_df83827fa0.jpg,e91214edcb95165e
2338627102_6708a9b4fd.jpg,b08ac6b3e97c1b64
2339106348_2df90aa6a9.jpg,8cb8753be622b295
2339140905_9f625f140a.jpg,f0584d761aa5a6a7
2339516180_12493e8ecf.jpg,be4f8f181e52f02c
2339573065_91f1e3be60.jpg,8691db52491ab6f3
2339946012_06bd480ab8.jpg,b1f4ce9131c4ce39
2340206885_58754a799a.jpg,bbf1c58f42683913
2340919359_f56787d307.jpg,b14e07b1ce4e38b3
2341254813_c53a5ef27a.jpg,e3c55c58624ce9e3
234241682_51d9fabb27.jpg,9580ef6b7191a86e
2342478660_faef1afea8.jpg,ca223d373a3689cb
2343525685_3eba3b6686.jpg,d29b0d84b6b24d9d
2343879696_59a82f496f.jpg,c4e5e685391f2ac9
2344412916_9a5a9b1c82.jpg,8232e89a36ed9e36
23445819_3a458716c1.jpg,ceb131ccc630ddc6
2344699642_4fae2f4e07.jpg,d1e06a9478acc77a
2344875609_8e172d682b.jpg,b44aca3471664f79
2344898759_5674382bcd.jpg,e788e39ce21de21c
2345984157_724823b1e4.jpg,b24b602e8f30db9e
2346189044_546ed84aa9.jpg,8c8d73739c5a61a5
2346401538_f5e8da66fc.jpg,a956b172d962a4cd
2346402952_e47d0065b6.jpg,f0838d4ca5b6b3ac
2346523971_d3f1e12ce4.jpg,ac1c5357a8ec4f68
2346629210_8d6668d22d.jpg,be916b34ea226d54
2346772831_b2748ba1f0.jpg,e82415cbd5358e7a
2347921097_f2e35753c0.jpg,cd8f979272726c60
2348491126_30db0d46ef.jpg,89d2ccb3863971f8
2348924378_47e556d81a.jpg,9c1f6f6561305656
2350400382_ced2b6c91e.jpg,e7b3994d864bc446
235065283_1f9a3c79db.jpg,b1d4cedc313331a9
235074044_c1358888ed.jpg,da1fd894118397b3
2351479551_e8820a1ff3.jpg,d267ab18ca2f19c9
2351762979_0941aecced.jpg,c89812ad2d775b6a
2352414953_10f3cd0f1f.jpg,8993d43dd5622d65
2353088412_5e5804c6f5.jpg,f60ca22a99b3cde1
2353102255_67d9d2e40a.jpg,b529daf79092e702
2353119813_685bace18e.jpg,867b91d40f09fa66
2354064281_10afa38206.jpg,b8bcc6c3d161c363
2354456107_bf5c766a05.jpg,a24cd03e5b7a22fa
2354540393_a149722680.jpg,95907b96b13c6a4b
2354792215_eef2bdc753.jpg,c49aa3c3945d6aba
2354829523_9542fc74ba.jpg,944b8f9c58297a67
2355093195_87fb7f82cb.jpg,cd3f3f2f070108d9
2355578735_286af5b202.jpg,eccea623284bdab4
2355763034_9fb61a8165.jpg,d19b388e39e646f0
2355819665_39021ff642.jpg,8c09b53797b66386
2355880294_8f78a6fea6.jpg,a0b19a525eb5567a
2356574282_5078f08b58.jpg,86125a6c69b597da
2356664078_4b1e6e465d.jpg,e658d11f1e25e98c
2358447641_10f1e9d21f.jpg,e9cb9635a4a34a53
2358554995_54ed3baa83.jpg,aaa6d08bd807be96
2358561039_e215a8d6cd.jpg,e1409cbf852c2beb
2358898017_24496b80e8.jpg,839a3ecec1322ecd
2359784186_36c9746d02.jpg,a0c1af69a65b24b7
2360194369_d2fd03b337.jpg,9cd1274e789ca4ab
236095031_5cb17dc54a.jpg,f66fe184818ca59d
236095034_c983bdfbbf.jpg,ed9386e34c16c972
236144859_52f9e38885.jpg,fca9c1928f4eb630
2362377137_9528692825.jpg,91cc33508a49edfd
2362481035_a7600875d0.jpg,a444583367d91f37
2363006088_b3e3aa5c0b.jpg,aef0ad2f42a83c56
2363100645_c3423a0433.jpg,b348b04fb1d01fbc
2363419943_717e6b119d.jpg,d323923cce936a96
2363540508_9dd1ccf7c7.jpg,969648c919936dcf
2364096157_eb7970a69a.jpg,b63d86c861273e78
2364394224_c17b09e035.jpg,e30cf90796f00ff0
236474697_0c73dd5d8b.jpg,e0bf8a342d3fd844
236476706_175081ce18.jpg,d0783d6687e738a1
2364774105_fbaf0c191f.jpg,8e0977a612b7a783
236518934_c62a133077.jpg,f3a6460c9999d13b
2366421102_2d60d53a0e.jpg,b0f4cbc18f6ca4ca
2366643786_9c9a830db8.jpg,ec2d13331b8aacbc
2367139509_1ee4530b28.jpg,bae2c2d976173a84
236730743_0d4fd8de5a.jpg,e49e1b6b24061fd9
2367317953_503317493e.jpg,b3b1c54d1f0aa5a5
2367318629_b60cf4c4b3.jpg,c1c16363f6b0994f
2367816288_7c2d11d3c5.jpg,f6460c3967a4b933
2368266191_87d77750f1.jpg,e9e931e427254e87
2369248869_0266760c4a.jpg,b34c4cb3724ccf38
2369452202_8b0e8e25ca.jpg,ec8d11d9f21296f2
2369840118_a1c4240ab7.jpg,f9f22415f20c0dbd
2370221025_be4d9a4431.jpg,8d1f398d7d969230
2370481277_a3085614c9.jpg,d533197925d6d650
2371749487_d80195a2e7.jpg,f4f2cad89b74484a
2371809188_b805497cba.jpg,97bb56ee44ce0438
2372572028_53b76104a9.jpg,a5b2c8a5f109e69d
2372763106_ddea79d36e.jpg,9919b33361e6e698
237277765_9e6fa5b99a.jpg,fafa02a0f60703fc
2373234213_4ebe9c4ee5.jpg,e38383acb82ee25b
2374179071_af22170d62.jpg,9394d6d2e2b2a9a5
2374247382_023a86b9ca.jpg,c68d34a4f0733e78
2374570771_c395fc224a.jpg,cc330bd1f80ce3f2
2374652725_32f90fa15c.jpg,bc67473819435e39
237547381_aa17c805e0.jpg,d74f3b4659c32431
2375924666_fee50f1cba.jpg,90904ed7736c769a
2376694294_9a4ecc3b90.jpg,f3d589848cd2471f
2376878930_dd3e7cc544.jpg,d078381a4e7dd3c3
2377460540_8cfb62463a.jpg,8709f2f0240b9ff9
2378127945_8dc9da82d7.jpg,b139ce4e31b14c4f
2378149488_648e5deeac.jpg,f51a19758f52398a
2378356400_f6bde5d9b3.jpg,c707f869a358b827
2379150102_157d718d1d.jpg,a93229c796579693
237953705_cfe6999307.jpg,943962cb077e26e9
2380464803_a64f05bfa9.jpg,eccc8037bc279374
2380740486_8cd5d4601a.jpg,cad59562e498e3e4
2380765956_6313d8cae3.jpg,8b9e809f819f978a
2381102729_12fc4d4c76.jpg,b9d6201962a7b95b
2381583688_a6dd0a7279.jpg,f99548c834c26bd7
2381613738_d8d2012e3c.jpg,9631a36e8cf1916d
2382411771_a16145f345.jpg,95474a3b71353ad2
2384147448_c1869070d3.jpg,9b998383155b0f4f
2384353160_f395e9a54b.jpg,f06461f7d4cf1a48
2384401298_e389c01abc.jpg,b898c2e9f1de8ea0
2384550175_e421d3a871.jpg,9fb4e9e5da0b0215
2384626662_67cdd87694.jpg,9e02016ddf12fb27
2384728877_48c85d58af.jpg,e51ec26397c5aa61
238512430_30dc12b683.jpg,89b6256b52a5ad5a
2385146732_d1c67c790e.jpg,9e87b19c63315a4e
2385744837_8780f6731a.jpg,e01c4be1b47a856f
2385871165_9438c9fe84.jpg,93b32d5c381ca6cb
2385871317_44cde2f354.jpg,a9be354949cb4666
2387197355_237f6f41ee.jpg,83d538ec03cfe613
2389107995_ec756f3514.jpg,e9531695e409db72
2390369143_6523253a73.jpg,cdc9c8cdc848cfc5
2390778197_4d9d03d4b9.jpg,8781796f67674898
2391269207_d1d2615b1d.jpg,8ebb70a42e7ab134
2391812384_7429b5e567.jpg,844483698f7fdce4
2392460773_2aa01eb340.jpg,a690ebca71e5703a
2392625002_83a5a0978f.jpg,b13ccec7323c1cc3
2393196444_8f4f540f5f.jpg,e06f2eb3785c881d
2393264648_a280744f97.jpg,ec92aaa5b19792d2
2393298349_e659308218.jpg,c05d3f60879ee0c7
2393410666_b8c20fff61.jpg,f8f9819674f28a4c
2393911878_68afe6e6c1.jpg,b413cf6d3080cf76
2393924525_1bf45ca217.jpg,cb1b331af161cd0e
2393971707_bce01ae754.jpg,cd99318e5396a95a
2394003437_184a838aa9.jpg,f3db18864cdc13c9
2394267183_735d2dc868.jpg,a54a7a2d29929ead
239453674_0df7767208.jpg,b917c464c7f94626
2394763838_99d1435b85.jpg,cede313164e68cd8
2394824046_51cec8e5e7.jpg,9e55e98ed48f1a84
2394857899_76bfdf720b.jpg,fea38c1c139e434b
2394919002_ed7527ff93.jpg,d87f22331305e1f6
2394922193_310166d6af.jpg,9c9c9f474e1d89a1
2395967330_7e6ea404f6.jpg,a49529a0d05e7f67
2396025708_e4a72e2558.jpg,d024ec4b838fde78
2396100671_3a9d67f03d.jpg,f84e160cabd8f515
2396669903_5217a83641.jpg,d51c11b5b4a415fd
2396691909_6b8c2f7c44.jpg,892698e73c99e33c
2396746868_0727e06983.jpg,dbb4a1c22f8f5438
239807547_4923efc821.jpg,9c62d68c45cdb768
2398605966_1d0c9e6a20.jpg,d17333b4a88999b5
2399114095_c3196ff456.jpg,8af0834edf7a842d
2399219552_bbba0a9a59.jpg,cdeaf304cc699692
2399551242_c62a46dd5f.jpg,8c334b8f3552da99
2400958566_4e09424046.jpg,99838d8ece474573
2402462857_7684848704.jpg,d32cee13c664923d
2402744031_11f9f2f2b8.jpg,a325b54ec2337257
2402793046_3385554e81.jpg,c909131b1b7dbc74
2403078014_4b1d6f8bde.jpg,b86f4f4704345eb8
2403376030_903521c371.jpg,ed77b21086e9c6c8
2403544744_cba152f5c1.jpg,db5be486a43b88cc
2404488732_ca1bbdacc2.jpg,b34d9c9c72e306cc
2404520067_87798dbaee.jpg,ede99396e4361312
2404692474_37da774368.jpg,9011316d8cdede76
2405599120_ec5f32af6f.jpg,84190f663d7c7ad8
240583223_e26e17ee96.jpg,f1790de7358c5292
2405978603_6221b0c2e7.jpg,d01fc70e71877c31
2406591500_403f145905.jpg,93acccb74c35c18b
240696675_7d05193aa0.jpg,e2dbccccb1326998
2407091303_931c918490.jpg,d2c3cd38356f0e0e
2407470303_6fd5e3600d.jpg,e1b6b2898cc8f2f2
2409312675_7755a7b816.jpg,de8fc33393243c2c
2409597310_958f5d8aff.jpg,d0f26d28a97fd20a
2410040397_1a161a1146.jpg,e5f6f3b1e4690424
2410153942_ba4a136358.jpg,cfc1833e3ee63230
241031254_0c6f30e3d1.jpg,949a9a63b5c89cf2
241031670_e60f59b8e4.jpg,e8ecf9e1e9498984
2410320522_d967f0b75c.jpg,92e96df6e6264491
2410399168_1462c422d4.jpg,c65971744f6e3039
241046599_28b0ca7b9f.jpg,b9d88667b158287b
2410562803_56ec09f41c.jpg,fb79c53784987a80
2410618963_fb78307d18.jpg,a41958e67111e5fd
241109594_3cb90fe2a3.jpg,ed4c9293644c696f
2411824767_4eb1fae823.jpg,dfe0bb188671689c
2412390588_a89cab30f4.jpg,8aad9a846d652d67
241345323_f53eb5eec4.jpg,8ea30b1c7b3f0f60
241345427_ece0d186c2.jpg,e4dc1f2b28e183a7
241345446_2e47ae8ddc.jpg,cb993460c4c37b3b
241345522_c3c266a02a.jpg,d2cb2d6551c4ec53
241345533_99c731403a.jpg,e11e3acce866f611
241345596_91e0e2daf5.jpg,d02f9a2dde994cd0
241345639_1556a883b1.jpg,e6906db29aec22d9
241345656_861aacefde.jpg,c3f7bd214256b48c
241345721_3f3724a7fc.jpg,b0dc5d19b3b08e4e
241345770_9f8aa6723c.jpg,f0d00f2af47fc8a2
241345811_46b5f157d4.jpg,e6678988f47769a0
241345844_69e1c22464.jpg,b384c1fa6e017cba
241345864_138471c9ea.jpg,cb83e64989e426eb
241345905_5826a72da1.jpg,96c3691487e869bd
241345942_ea76966542.jpg,a1680f38b4cf789e
241345981_1ef4f8109c.jpg,d506488eb5ca1d77
241346105_c1c860db0d.jpg,c1a5d6189966ea9b
241346146_f27759296d.jpg,931e5c4d297f0ed0
241346215_037e18403a.jpg,d8c368af13bd4698
241346260_f50d57b517.jpg,e8d697eb58452698
241346317_be3f07bd2e.jpg,d1ae2a593fa2c495
241346352_c5a0ea43c6.jpg,84ee750f9e7164c4
241346402_5c070a0c6d.jpg,a033dfcd5acc2629
241346434_0527ea1c07.jpg,ffa2824c72af8159
241346471_c756a8f139.jpg,c3148ecbf161b31e
241346508_0b3907a95b.jpg,8435e76a8d9d72b0
241346580_b3c035d65c.jpg,8757da09b5666985
241346709_23204cc2bc.jpg,8680913feec06cbf
241346794_4319f8af67.jpg,a0bfd6789356780a
241346885_f519ece460.jpg,9bdd7cb6843a5b00
241346923_18bd84bea4.jpg,95e64e1da1e41d2d
241346971_c100650320.jpg,83833d3c7ae39d0a
241347067_e58d05dbdc.jpg,8e0f962cc8c7e3d8
241347114_6273736da8.jpg,86b39be4393284b7
241347150_5ff37818c2.jpg,849b8ae4c53f25f1
241347204_007d83e252.jpg,d299dd077c03bc23
241347214_5f19e7998c.jpg,bb3ca75089c954ba
241347243_c751557497.jpg,cfa49b8621cf6c0b
241347271_a39a5a0070.jpg,f0e2013f4d92ec5b
241347300_7c84ecf764.jpg,d2130dadf2d60d2d
241347356_8a515555fd.jpg,818c36f30e8de1de
241347391_4fcd4639f4.jpg,e01699da27cb38e3
241347441_d3dd9b129f.jpg,ed82f668d9269865
241347460_81d5d62bf6.jpg,d9cc2e1930d2bb27
241347496_1a35fec8dc.jpg,96a1ce5f391413f2
241347547_902725b9f8.jpg,83a1cd3dcea62aca
241347580_a1e20321d3.jpg,df4746a521ca0f53
241347611_cb265be138.jpg,cb81323fa4c7c06f
241347635_e691395c2f.jpg,84665f9809677db8
241347664_4a3e7e5be7.jpg,f0820eb61adc7f16
241347689_d0b1ac297d.jpg,dce5ca69d60ab08d
241347700_ef2451d256.jpg,c09ab59492ebe8cd
241347760_d44c8d3a01.jpg,bdd2573d2225922d
241347803_afb04b12c4.jpg,9ae5b41f8723816d
241347823_6b25c3e58e.jpg,adabb5208f2e153c
241374292_11e3198daa.jpg,93bcbdcbc204c1d3
2414352262_005ae90407.jpg,bc06b88597d8d1dc
2414384480_096867d695.jpg,ce68d7131513cfc2
2414390475_28a0107bb0.jpg,d11c5f75828b7370
2414397449_2ac3b78e0d.jpg,8dcd7432c7cd3318
2414710960_a4cde4af60.jpg,a676666e061979cc
2414986483_004936f84b.jpg,e214b84dc7f69a13
2415265825_fbfe0c8556.jpg,f81c94c36b6e9aa4
2415803492_56a673dc25.jpg,f1688e631e78475c
2416964653_db3c2b6a0e.jpg,cc62b4a5ce3327cc
2417341107_97dbab9c5e.jpg,e699996666c98c99
2417623030_afdc1024b5.jpg,f4f48e0435707e2d
2417745327_a2c2705043.jpg,c49b936d8c9a5a59
2418191216_82711d5c5c.jpg,c418cfc5cfe03f60
2419186511_f0ce5f9685.jpg,94f13a5019dbea2e
2419221084_01a14176b4.jpg,f0f07e3e19016667
2419591925_1038c6c570.jpg,e8b49144c7cb2aed
2419797375_553f867472.jpg,d2bfb283b041cbc9
2420546021_4a59790da6.jpg,cf740723521dfb41
242064301_a9d12f1754.jpg,93ec249b6d5a8ba4
2420696992_22e0dd467d.jpg,dd6eb071f1c52294
2420730259_86e7f8a815.jpg,9394a7e265da329c
242109387_e497277e07.jpg,8b4c83676cb16cbc
2421446839_fe7d46c177.jpg,e0256d7194f58bd4
2422018883_336519b5c6.jpg,d81f24de330be827
2422302286_385725e3cf.jpg,9d9c62a3636d6594
2422482455_b98d9c2120.jpg,e3f79e480c05e19b
2423085253_6c19149855.jpg,cd21365d729b9526
2423138514_950f79e432.jpg,ec22ece2a2fc41a7
242324909_06d5a6c44b.jpg,b159c3b69d43782c
2423292784_166ee54e0b.jpg,c1275ab14fd623c9
2423550887_ffc9bbcf71.jpg,deb82165dab225c9
2423856014_8df0e7f656.jpg,d85cd2f64c8e670c
2423894412_d952d5d103.jpg,cf8e985ed281dc8c
2424111022_4e332b8aee.jpg,9c9ce6268bcb7264
2424398046_1a55c71376.jpg,a868766722f86d8b
2424976964_98f58a0618.jpg,c6e1e2e34cdc6507
2425262733_afe0718276.jpg,c3fcdee0c30f0d09
242558556_12f4d1cabc.jpg,e8acaf9124da19ea
242559369_9ae90ed0b4.jpg,d9e689997709332c
2426215757_e008a91fcb.jpg,b7401df3c619631e
2426303900_0a8d52eb14.jpg,e6c899a2b1858fb5
2426724282_237bca30b5.jpg,d7d7a1ab0c0c1cb6
2426781076_e3f4d2685c.jpg,a698833f67259e16
2426828433_ce894d1c54.jpg,e9c3939c74520fe8
2427490900_5b7a8874b9.jpg,eae3ce1d948924d9
2427558437_3e839056d7.jpg,af3cd0c2c393b21d
2428086758_bce4733f7e.jpg,f4f4c2c989183cf6
2428094795_d3a8f46046.jpg,e69d88a7998aad92
2428275562_4bde2bc5ea.jpg,b710cefac64f3803
2428751994_88a6808246.jpg,b31e0c33336e5a65
2428797297_7fc3c862db.jpg,d7422f3486c0e5ed
2428959030_bdffc2812e.jpg,a1f372980deca6c6
2429212017_77fc107699.jpg,f360ecef406c3790
2429272699_8a9699775e.jpg,b1b9c6c14d7c7162
2429729667_42effc165d.jpg,b1ec8fb3f0481b16
2429978680_1e18a13835.jpg,f9c8c6973436c670
2430860418_fd0726f414.jpg,f995622916eb741a
2431120202_b24fe2333a.jpg,f3b6dc890c4c6cc6
2431470169_0eeba7d602.jpg,e47e528dc4925f68
2431723485_bc6b8e6418.jpg,cb66b512886bf589
2431832075_00aa1a4457.jpg,e08b84f61b1e5b39
2432038587_5e4148e277.jpg,921d1d36d8d8273d
2432061076_0955d52854.jpg,e5925aece3b3888c
2432709509_2a4d0c833f.jpg,f98c4ce3e3831c39
2433175169_da939372f2.jpg,b3c64c98db46e169
2434006663_207a284cec.jpg,b80687d14b33d97a
2434074318_e35a567220.jpg,9f8fd0706907933c
2435166927_28b8130660.jpg,f0f0c00385cf7f96
2435685480_a79d42e564.jpg,ece491bbc256582b
2436081047_bca044c1d3.jpg,f070f1e3c321c5e3
2436160351_108924a65b.jpg,b0db0b0fac267372
2436398074_8737f40869.jpg,89791d8f26f07986
2437266971_b91a8f9a00.jpg,8c2fca5286cc37cb
2438085746_588dce8724.jpg,91a6a689b3e3cc71
2439031566_2e0c0d3550.jpg,bf50c22fe05ab3b0
2439154641_bbf985aa57.jpg,b94c47e747b83843
2439384468_58934deab6.jpg,fafbc5c5c0d0d80c
2439813616_c9ac54cc9f.jpg,c06f3fc058a736d8
2441313372_6a1d59582b.jpg,a58fc09816b47b79
2441354291_b32e00e5a6.jpg,b3b69830ccc38dc7
2441629086_52f68eb316.jpg,e9396dc69687b206
2441815792_43565b1312.jpg,d3168672b18d6b36
2442243868_abe8f74fb4.jpg,8898477e3b93b469
2443229844_277cded27d.jpg,c5a632bd815a366e
2443380641_7b38d18f5b.jpg,e61827f972251b56
2443512473_6f5a22eb42.jpg,eab895876a60b58d
244368383_e90b6b2f20.jpg,d48b92e382fcfc81
244399048_8332bb3270.jpg,9b9e4c20e347e1f8
2444134813_20895c640c.jpg,8b2a2a0b95d575f8
2444339090_bf7b3211f4.jpg,d59452676d6582da
244443352_d7636e1253.jpg,e5141a38c3cafcf4
2444741900_5cb3ef3e1d.jpg,dc254ac2d662b53e
2444821454_22a346c996.jpg,f30b4c7933665319
2444935470_7b0226b756.jpg,d9b0274993c770a7
2445283938_ff477c7952.jpg,c7896c56cb8ee4a1
2445442929_8c81d42460.jpg,d2c8df06699163d6
2445654384_4ee3e486e1.jpg,eaee1c958d20ed16
244571201_0339d8e8d1.jpg,f30c2ab30cdeb34c
2445783904_e6c38a3a3d.jpg,b4349acbcd643633
2446315531_7c9704eec0.jpg,b107cd3ce7391887
2446601467_a35841cb1d.jpg,efe637180877e288
2447035752_415f4bb152.jpg,add2902bf4c0d7b1
2447284966_d6bbdb4b6e.jpg,bdc4c525c763865c
2447289477_e888df561d.jpg,d3d3adb0c68e1626
244760289_f4467b2b67.jpg,81bcd8d7e7a4289a
244760301_5809214866.jpg,c9dcb2376848929f
244774022_a12c07afdb.jpg,94a3239c7a4fd338
2447972568_1e9b287691.jpg,9b79a66cac538c54
2448210587_9fe7ea5f42.jpg,9a4decb2036d96c9
2448270671_5e0e391a80.jpg,e6d81939e626d949
2448393373_80c011d301.jpg,f1489e67b2f1181d
244867897_d00369a779.jpg,d13486eb90277a5d
244870123_dcb6e53643.jpg,8363de9d6d1a007e
2448793019_5881c025f9.jpg,f85af774c8102eca
244910130_e1f823a28a.jpg,951a6da5c2b630db
244910177_7c4ec3f65b.jpg,ee1241357685d0fd
2449289139_08fc1092c1.jpg,c3c092f7f690173c
2449446913_28fa5b7c75.jpg,bc349eca620b9576
2449518585_113dc4a8e5.jpg,a0a92d6c2e4b5bda
2449552677_ee78f01bae.jpg,d3bcb7480e708c3e
2450299735_62c095f40e.jpg,d243079578f03bce
2450453051_f1d4a78ab4.jpg,e466168ac3ef3989
2450486758_a66fd296ea.jpg,914783b96e1e9947
2451114871_8617ae2f16.jpg,bbd8444778b88ccd
2451285022_59255e7fd9.jpg,f3d38c48f508bf48
2451988767_244bff98d1.jpg,c79886a52eab5cd8
2452238877_2340609c6e.jpg,e064a713db6f7114
2452334314_a7c443a787.jpg,f7f8b010b9878e70
245252561_4f20f1c89e.jpg,b29b496ca426b69b
2452686995_621878f561.jpg,c76909ae3dc333e0
2453318633_550228acd4.jpg,a496b1f9f25642e8
2453891449_fedb277908.jpg,cf703a9dc4603f89
2453971388_76616b6a82.jpg,b33f1c26b6730d44
2453990033_df53f0d8c8.jpg,c34beece8e820eb4
245442617_407eba1e98.jpg,f389f9ce70464632
2455286250_fb6a66175a.jpg,cb4b41e4ce9b992c
2455528149_6c3477fd33.jpg,842e097c5262fdbd
2456030728_d3d147e774.jpg,c779e1c346731c91
2456615908_59cdac6605.jpg,b867471f4b584c96
2456907314_49bc4591c4.jpg,98d8672741c5b7c3
2457052334_b5a1d99048.jpg,9d5a73a9c6658970
2458006588_754c4aa09c.jpg,d2a11fdc4c1ec666
2458033289_f0616879df.jpg,a7d8d8c3c1363c27
2458269558_277012780d.jpg,91906d33bcc1f867
2458862292_466a920ee2.jpg,a9cad32d980f89d3
245895500_a4eb97af02.jpg,cb4b094965269ede
2460126267_0deea8b645.jpg,d3c989e63489653e
2460134050_06de9f5c4a.jpg,b3cccc3350cce363
2460159430_71ab1aacfa.jpg,f179d8b830ca8f86
246041128_bedb09ed74.jpg,f5df0e7a6ac30604
2460477085_088e25f857.jpg,d8dc4343fc3c6067
246055693_ccb69ac5c6.jpg,dbce321d0fc69a88
2460797929_66446c13db.jpg,df24168bd40df711
2460799229_ce45a1d940.jpg,b0100ff553c499fe
2460823604_7f6f786b1c.jpg,e6a652590d663b33
246094557_e174a5914f.jpg,92ed4f12a78c6572
2461372011_ebbf513766.jpg,e65b48e6f3641a0b
2461616306_3ee7ac1b4b.jpg,c745b0b076626f8b
2461631708_decc5b8c87.jpg,d748651be52b6c1a
2461990494_c5ece064cc.jpg,8c966658b9ce87a3
2462153092_e3f4d8f6a2.jpg,85194ef6db262e0d
246231741_882b45c4e1.jpg,ff7f4290256ac095
2462702522_1b25654762.jpg,bbb448399947e271
2463067409_78188c584c.jpg,86c4d9f9f459092b
2464259416_238ef13a2e.jpg,bc6dc3d312364c9c
246508774_1e9885f1b7.jpg,cc6cb33744f89907
2465218087_fca77998c6.jpg,dae565483ae7e430
2465441099_a1761a1757.jpg,f89f5f23b4c46424
2465497494_43d74df57c.jpg,e9ca1b349997b096
2465691083_894fc48af6.jpg,e2fb99d42439b740
2466093839_33bbc8cbd9.jpg,f91cb972c66a310d
2466171100_5e60cfcc11.jpg,ae621e1d71113d6d
2466171114_3fa51415a7.jpg,b36659b1a63c49ca
2466420387_86fe77c966.jpg,ddd0dfd2c6828e18
2466495935_623b144183.jpg,8720d88f2d78599f
2467803152_70eeca1334.jpg,a79fc2c0c9bd3246
2467821766_0510c9a2d1.jpg,b24c5976b4a99b49
2467850190_07a74d89b7.jpg,a831937eb48f4e1c
2467853482_17009933e8.jpg,dce303cca33c1ee1
2467856402_0490413d38.jpg,baf2326968189cf5
246901891_4c4ea49c3a.jpg,a41dafbd21b64929
2469351714_d72becd21e.jpg,c5cde13a5246b5aa
2469498117_b4543e1460.jpg,9420a5177ba7ced8
2469620360_6c620c6f35.jpg,e6f2590c7cb14ad2
2470486377_c3a39ccb7b.jpg,99b9bcd444444edb
2470493181_2efbbf17bd.jpg,a4d2f1bbe1e0848f
2470519275_65725fd38d.jpg,82028e7f73ac91bb
2470588201_955132a946.jpg,b94e84118ef7f944
247097023_e656d5854d.jpg,bc9b4743bc1827ca
2471297228_b784ff61a2.jpg,c8f19cc722077e78
2471447879_6554cefb16.jpg,969c1dfa839823f8
2471493912_2d4746b834.jpg,c9b9b1b1978ae065
2471974379_a4a4d2b389.jpg,cd37d15213d804df
2472250097_a3191a94b3.jpg,9cc363bc5bc3d418
2472574160_8ce233f396.jpg,e6a4be58c1199976
2472634822_7d5d2858c0.jpg,c30626f9991af327
2472678549_67068a1566.jpg,dc8b55bb9b71220c
2472720629_d9a6736356.jpg,c91aedeb16b8e818
2472896179_245e7d142f.jpg,a54e32b14ced9267
2472980433_210ec62874.jpg,bf60c1bfe28490b5
2473293833_78820d2eaa.jpg,cc6070cbcbcccf52
2473689180_e9d8fd656a.jpg,e4f4928b6d95a46a
2473737724_355599a263.jpg,a861278ba9f57472
2473738924_eca928d12f.jpg,9c73630cb2d7d522
2473791980_805c819bd4.jpg,e698d9b244bb92e1
2474047296_fd9179d438.jpg,e64b33c94ca35b8c
2474092890_6c0781a8ed.jpg,f58e213cc3a73c43
2474918824_88660c7757.jpg,d8d7643216cd693a
2475162978_2c51048dca.jpg,ed9232e4eca63271
2475300106_b8563111ba.jpg,9718ce8632d897bc
247617035_9f2e821534.jpg,fe89b04f1cf283a4
247617754_4b1137de8c.jpg,8f757099c32e585c
247618600_239eeac405.jpg,ba814556a27a9b5d
247619370_a01fb21dd3.jpg,f59d4c341b3a361c
2476214153_99a3998509.jpg,863ad9d287ad889d
247637795_fdf26a03cf.jpg,f14e0e2db8d2e6a4
247652942_29ede19352.jpg,9ce63131f0dc6ccc
247691240_3881777ab8.jpg,8ecc0cca65cdb336
247704641_d883902277.jpg,a98a6d564ff4d884
247706586_7e25c7adf8.jpg,a6beb6b012ca5ac9
2477121456_1ac5c6d3e4.jpg,f75ed1611409cee1
2477623312_58e8e8c8af.jpg,8fab38a18f70252f
247778426_fd59734130.jpg,e79e98c36694514b
2478929971_9eb6c074b6.jpg,eda9245bf1c6132c
2479162876_a5ce3306af.jpg,817eb083e25e3ba3
2479180530_7ebba2d8bf.jpg,b3c98cdc192ef063
2479553749_f7ac031940.jpg,bbba7895949191d8
2479652566_8f9fac8af5.jpg,a8580b32d54fa7ba
2480021389_dda9fb2818.jpg,d2c56d199266659b
2480327661_fb69829f57.jpg,dc5c31b391c64769
2480664591_e6d22ed61c.jpg,c747c741b989719c
2480668859_6f9b46be6a.jpg,950595b2cb7acac9
2480820830_bdec1f5b76.jpg,b1dc06e931f08ecd
2480832276_fa55480ecb.jpg,a73f3ce803d7188a
2480850054_de3433b54a.jpg,9686e66667713998
2481003841_06086eafc2.jpg,a40a093d3dfd66e1
2481367956_8577d2fa98.jpg,84999964f5719b1b
2481490320_7978c76271.jpg,c552d82c53ed325b
2481598514_05a65d1f72.jpg,ace4e14b8f8dcc68
248174959_2522871152.jpg,cd9596b60bca1b62
2482629385_f370b290d1.jpg,a88e9631e5cc7996
2483792149_a9b4ffecec.jpg,b233b1ec4d2456d9
2483993772_f64e9e4724.jpg,f60a9924b176ccf8
2483993827_243894a4f9.jpg,cf1e306bc7607893
2484190118_e89363c465.jpg,ea483133f2d99c27
2485467050_1d5e2696d4.jpg,c4440fbf4d6487cb
2486364531_b482d7f521.jpg,d5c40a131e3b3d7c
248646530_03c6284759.jpg,df358392bb531624
248858242_1c33c54ada.jpg,ca861e6f6c8893b6
2488795251_c108c77b13.jpg,96199fb4b7490c1e
2489602993_896c1ea40a.jpg,f2181de106ee9b39
248994078_a9257f448b.jpg,b594ccc2d3f066e2
2490179961_e842fda5eb.jpg,91cb1a1f229eb4b6
2490365757_b869282cb3.jpg,9d90d82c677f411b
2490687446_9d46fdf5a9.jpg,f04c4f633ab9998c
2490768374_45d94fc658.jpg,947e6ad418e94f2a
2490863987_715383944a.jpg,f560ca8c1979e387
2491343114_a3e35a2a3a.jpg,f591d5e4d1c385c1
2492258999_5764124bba.jpg,839b1b32c51f64ce
2493469969_11b6190615.jpg,9a9365bcd2391ae1
249394748_2e4acfbbb5.jpg,be1e4ce1f3313984
2493974889_50ae29f1e1.jpg,88accce8e9e8623f
2495394666_2ef6c37519.jpg,88f4939e5c737514
2495931537_9b8d4474b6.jpg,ea78dc078b3e3688
2496236371_61dec88113.jpg,a8841e5b4be1e772
2496370758_a3fbc49837.jpg,dc284026373f74bd
2496399593_a24954a5ca.jpg,9093ed33eca53361
2497074804_b4f3e7fd90.jpg,e7a7064cc8b93ce4
2497420371_74788d7ba1.jpg,af3cf6638086cc6c
2497608431_8dfefc7a1a.jpg,e512c3e9da4569e4
2498897831_0bbb5d5b51.jpg,c43378e994c49dc7
2500354186_0836309cc9.jpg,f393c98cce1cc8d8
2500567791_101d5ddee3.jpg,cb45865a3d8c2b67
2500826039_165e75b20c.jpg,9967365a47c0323f
2501595799_6316001e89.jpg,a773931d0c0d4caf
2501742763_b2cb322087.jpg,ea9995e6364ec14a
2501942587_e59b91d1da.jpg,80d79f2d71a0aae9
2501968935_02f2cd8079.jpg,f31991d388d77984
2502007071_82a8c639cf.jpg,d261cc84a271bd3f
2502079538_10ef2e976b.jpg,8f9f838fbc1ae500
2502354602_f4d6dcf42d.jpg,ceb9e0578b31961c
2502782508_2c8211cd6b.jpg,fd9983a2517b1741
2502835694_4fe121bbea.jpg,b6aab80560fe8778
2502856739_490db7a657.jpg,953766ed2892c9cc
2502905671_c6039804ab.jpg,980d71ce368738cf
2502935765_a0ae1fa7be.jpg,fcc1993412d867ab
2503629305_055e9ec4b1.jpg,9998596763995333
2504056718_25ded44ecb.jpg,a5a5d233b2923b99
250406927_a5028a31d4.jpg,dda36a78f18506ac
2504277798_936a09c74d.jpg,86b456d99c2167bc
2504764590_cf017c2a6e.jpg,f0954657b171c4c7
2504991916_dc61e59e49.jpg,d58a9af69289a595
2505056124_1276e8dbcb.jpg,b9464d33cc6730ce
2505360288_c972bd29c4.jpg,b7064c39e5e15b49
2505465055_f1e6cf9b76.jpg,9527063ca5bcbea1
2505988632_9541f15583.jpg,961ad8997adca463
2506892928_7e79bec613.jpg,9c524e3c78b36761
2507182524_7e83c6de82.jpg,f9a356688c66339c
2507312812_768b53b023.jpg,e19596da6b25949a
2508249781_36e9282423.jpg,ac721bc5f6588c63
2508313118_524e93d48c.jpg,9a9e866b64b41b1e
2508918369_2659db1cb6.jpg,927b691225e5e978
250892549_1e06a06a78.jpg,d6f02987d0341fce
2509824208_247aca3ea3.jpg,d17140c61f1fccce
2510020918_b2ca0fb2aa.jpg,ea858c96b9cd863a
2510029990_7014f907cb.jpg,b3f2896d945eb281
2510197716_fddca0ac75.jpg,e59b1866a7c815e3
2510560080_1439fe32f2.jpg,e986bb68332e1745
251056963_c8b67f0107.jpg,acb8d5c75e282267
2511019188_ca71775f2d.jpg,f335cc8aa55aacc2
2511762757_bd0ab0a017.jpg,ac5442fa9139377a
2512682478_b67cc525c7.jpg,f9469871c3d16cd8
2512683710_991c9d466d.jpg,e2941c63956c7b95
2512876666_9da03f9589.jpg,eded12122dcdd232
2513260012_03d33305cf.jpg,bd40c6bf81067cf1
2514581496_8f4102377e.jpg,f5981aeca46ad23a
2514612680_b0d2d77099.jpg,b1ba1f6190036abf
2515247156_c1b759fc33.jpg,c5a2b75a9940753e
251586160_a31b187a37.jpg,e30c92e7983e63b1
2516317118_10ae66b87a.jpg,c654a5075f4cabe2
2517082705_93bc9f73ec.jpg,ceb863001be7f643
2517284816_9b8fd3c6b6.jpg,9c616e1cabdac4b1
251792066_b5233b3d86.jpg,e1dbcef074fce000
2518094853_dfce24ce8c.jpg,ce4fe5a1b121c999
2518219912_f47214aa16.jpg,99d426d9f28b0e66
2518508760_68d8df7365.jpg,861e1da3769e1bb0
2518853257_02f30e282e.jpg,ee10c269b9c69e4e
2519483556_2b1632a18c.jpg,ecc456ee0159d30f
251958970_fa6b423f23.jpg,cf2bada696d44584
2519594430_551225e5bd.jpg,b18d8c2731ec8ce7
2519812011_f85c3b5cb5.jpg,81a16a5ddefb2982
2520255786_b70a3ec032.jpg,912bb33931b5b172
2520909293_9bb7f7364e.jpg,f62a4c9a41d363d5
2521062020_f8b983e4b2.jpg,b195ce741c1ba366
2521213787_ca9b5a1758.jpg,a19ed6b9e16cc11a
252124738_796599e94b.jpg,875c62a53d1c9ab6
2521770311_3086ca90de.jpg,a2cff559d6b80e80
2521878609_146143708e.jpg,b1a61c3973f74063
2521938720_911ac092f7.jpg,953562d29d2d33d2
2521938802_853224f378.jpg,9b1bec6c12eb24b2
2521983429_33218366bd.jpg,f5daca251a689e91
2522230304_1581d52961.jpg,90a837566f99c09f
2522297487_57edf117f7.jpg,c552f8fcf0f018d8
2522467011_cc825d89ac.jpg,a7c84d3191c7b663
2522540026_6ee8ab4c6a.jpg,964e6df2944f9194
2522809984_2e8a7df4fb.jpg,f30a0ef326c91b6c
2524003134_580e74328b.jpg,f2cccd3264cd3332
2524084967_a5e011b73d.jpg,f38848dfa6605d99
252504549_135b0db5a3.jpg,9dd660299e96f039
2525232298_cf42d415ab.jpg,dec0dd55a1b406bc
2525270674_4ab536e7ec.jpg,c0cc1df393dc9163
2525455265_f84ba72bd7.jpg,86840917e61f1dfb
2525666287_638ab5e784.jpg,abe89c52e12b9e61
2525716531_e6dedee421.jpg,bc47a1306fb89a69
252578659_9e404b6430.jpg,e39869679e982963
2526041608_a9775ab8d7.jpg,f821c6144f6e3957
2526585002_10987a63f3.jpg,e0f397e468912de4
2527163162_d0fb802992.jpg,f12c0c3331bcd6a7
2527303359_6c3dc3f282.jpg,91666e9a53916c97
2527713011_b0ec25aa54.jpg,bb492424d39bd999
252802010_3d47bee500.jpg,deda890ba636271a
252846811_7b250935a7.jpg,f3d74b0c4c248a7b
2528489543_546c1ca81f.jpg,f4d4c60c8ded9949
2528521798_fb689eba8d.jpg,95177be34ccc1370
2528547068_7d37479b9b.jpg,bd4942b69dda6c48
2528552898_9e49a7033f.jpg,9e68665ac88aaeae
2529116152_4331dabf50.jpg,e5ac1a4e913bc837
2529205842_bdcb49d65b.jpg,9253d03cdf8be911
2531531628_b4a5041680.jpg,981537799a0427f7
2531837969_6f28637811.jpg,c4a933526f95a96a
2531942624_c3c072064e.jpg,c51a9b67aa85e4ca
2532262109_87429a2cae.jpg,e75aea0de2857c42
2532294586_4cd76a837d.jpg,8fc9513a9ea4351d
2533010184_ef2fd71297.jpg,c772b8b942f68c07
2533076864_d799996433.jpg,b28e995dd66c194c
2533414541_362bf043bb.jpg,9131786ec6937999
2533424347_cf2f84872b.jpg,984e67b391651d5c
2533642917_a5eace85e6.jpg,96e969e46cb63611
2534194182_ac53035cf4.jpg,80067f7d7859a1e3
2534424894_ccd091fcb5.jpg,b1d1cb0cdcd60aad
2534502836_7a75305655.jpg,8c83732cccd623f9
2534652796_c8a23288ab.jpg,d2ca4c9cc3e1d3e1
2535746605_8124bf4e4f.jpg,c9cb12b696368b72
2537119659_fa01dd5de5.jpg,ecc2b7cb3c324368
2537197415_af7c30dfc8.jpg,95367ac7ec2f8444
2537583012_4a358a6a8a.jpg,b86bd7940733230f
253762507_9c3356c2f6.jpg,b638d9a79ccc3885
2538423833_d1f492d1fb.jpg,86c87833596de627
2538477523_1da77eb11c.jpg,d029b7702b8a74fc
2539933563_17ff0758c7.jpg,9cb293736ae6aa84
2540203582_9a9ac92a5d.jpg,8bb4b067cbd230ad
2540326842_bb26cec999.jpg,984766b89d1d6a56
2540360421_f7c2401da8.jpg,d3e7522e34e00cbb
2540750172_070250ece5.jpg,bebd8460366271e3
2540751930_d71c7f5622.jpg,eb74f64904a9aa33
2540757246_5a849fbdcb.jpg,ff3f72e6b9188100
2540884723_03d60ef548.jpg,c806375a8ef9618f
2541104331_a2d65cfa54.jpg,a21c19e3474ce2f7
2541701582_0a651c380f.jpg,f287983a4798a34f
2541901399_0a57f4cc76.jpg,8576aa04e47c7d6c
2542037086_58c833699c.jpg,fe29258e9a2546b3
2542415282_9240e1b5fc.jpg,dc79bdb2060f7d00
2542662402_d781dd7f7c.jpg,cdc4a79799b76240
254295381_d98fa049f4.jpg,f16bcdc859b0a0b3
2543017787_9720b4fa1c.jpg,97ac722d4c984d5b
2543247940_083f1b7969.jpg,ceec611a316d3e26
2543589122_ec3e55f434.jpg,a764c4f26b031f4e
2543679402_9359e1ee4e.jpg,b83383260f93678f
2544182005_3aa1332bf9.jpg,b3070c796678e3d8
2544246151_727427ee07.jpg,f4602b8d7d3ac22d
2544426580_317b1f1f73.jpg,d1137c6e8d74432b
254475194_3d8f4dfd53.jpg,c20297ad9d3995cd
2545192257_142fe9e2de.jpg,9667e038e946417f
254527963_3f5824b0e8.jpg,e7cc9892246dd993
2545363449_1985903f82.jpg,a554b307d639d836
2546667441_bbe87a6285.jpg,eab596ca4935386c
2546959333_23b957988f.jpg,f242493abc7cb1e4
2547785434_f227bd3680.jpg,e52e4aba692432f5
2548777800_d7b9cf1c2b.jpg,d47809b472cbf4f0
254901702_67ada9867c.jpg,e4e4ea9b411659e9
2549452277_873cb80d3e.jpg,cd3cc8273c313379
2549968784_39bfbe44f9.jpg,c51cc2f42b7946e9
2550011909_6b95f11330.jpg,9c64339b6c937964
2550109269_bc4262bd27.jpg,e16a976b8c4d6893
255091927_2eb643beb2.jpg,a5ea34874471ae4f
255091930_aa2b5c0eb9.jpg,d3c8367e90497647
2551344688_17a12a6948.jpg,87cd49bc8ac56672
2551632823_0cb7dd779b.jpg,da92b3d242fb7806
2552438538_285a05b86c.jpg,f18744787303fe4c
255266148_7ba7df1a88.jpg,e619ced0a62b59c6
2552723989_7bc93e0f7b.jpg,90ba01396f465ebb
2552816307_c7c8e7f6b4.jpg,aea1999ace723169
2552949275_b8cdc450cc.jpg,98474778614778f9
2553024095_735bc46267.jpg,d67607d92663d922
2553188198_da1123a723.jpg,f14607a9b9ca0ab7
255330891_86d65dfdbf.jpg,e0609f8fe0f08f0f
2553550034_5901aa9d6c.jpg,c0d4e94367a6746b
2553619107_d382a820f9.jpg,97134c0ef6b18bc6
2554081584_233bdf289a.jpg,99a3a38a4e729b55
2554531876_5d7f193992.jpg,89e63099e572976c
2554570943_122da6438f.jpg,c5c2ca2f1e3c78d1
2555521861_fc36fd3ab0.jpg,e60d0d236d6d0f47
2555535057_007501dae5.jpg,b3f14c8e712e8761
2555622234_3e531e4014.jpg,bccbc324709cc16f
2555638166_2f0847d57d.jpg,dcd3832c3cd3d12c
2556392380_ee57514233.jpg,b0b87ced0b233356
2557129157_074a5a3128.jpg,c1191c9c7b61cd5d
255741044_1102982213.jpg,ba52c5a9d1d4d1b2
2557507575_b247f145bc.jpg,9106261ed9cf363b
2557922709_24d2a9655a.jpg,f9f1d340a78f02c5
2557972410_6925fe695c.jpg,c746183d26ed67c2
2558312618_13d362df66.jpg,940d7df8cc852d5a
2558911884_856dfc3951.jpg,b311ef51038f9197
2559114800_17310f3015.jpg,b6b6a49040afa7a7
2559503010_84f20b3bc9.jpg,ac93db94ea520d63
2559638792_a803ff63d1.jpg,ecc395e5291c12fc
2559921948_06af25d566.jpg,b3e7c6b3328ccc84
2560278143_aa5110aa37.jpg,9e38c06da4ccd3d3
2560388887_55abc9083d.jpg,da8d3d66c1639869
256085101_2c2617c5d0.jpg,e2498d461bf874a7
2561212119_1af8cb9b5d.jpg,a493b283d9dc079b
2561295656_4f21fba209.jpg,ebcee2e44c98989c
2561319255_ce5ede291e.jpg,86e6f373921e8721
2561334141_0aacefa5e7.jpg,83a2d8cc7f83d90d
2561341745_2d77d3ff7d.jpg,f34ec940f01f923e
2561481438_447b852e4d.jpg,9236cec43f929b07
2561751298_320eef38ec.jpg,e6e619d99234cc2d
2561849813_ff9caa52ac.jpg,ec5183f34c18e3f4
2562166462_b43b141d40.jpg,fe9e48698d11972a
2562347802_c049a2ba88.jpg,a4f882cf8c671d27
2562377955_8d670ccec6.jpg,c36d0d04f6e235d9
2562463210_d0dfd545ca.jpg,d41763870f9c4d87
2562483332_eb791a3ce5.jpg,8eb9ed5d4c0123f8
256283122_a4ef4a17cb.jpg,c817e6dc19e2dc23
256292144_b53aadae27.jpg,9c9ebc9c98d1e0e1
2563578471_9a4e4c2ecc.jpg,ed9916ea13f48c52
256439287_990ac4a761.jpg,f2621f48233cc39f
256444892_efcb3bd824.jpg,9946c6b99d07668e
2564663851_3a9832e4fc.jpg,b4954b6aae6d5941
2564888404_b57f89d3c7.jpg,e5989ae47113cce9
2565237642_bdd46d7cef.jpg,fbb3e5839324809b
2565350330_c7f305e7f7.jpg,9208d2ad67db259b
2565618804_8d7ed87389.jpg,b899db3e8161c1f8
2565657591_6c1cdfc092.jpg,9c9b41c764d1789e
2565685680_c30972455d.jpg,f852c26e34d62b39
2565703445_dd6899bc0e.jpg,8e9b2125d07a6cbe
2567035103_3511020c8f.jpg,a1f43e6325127a6d
2567812221_30fb64f5e9.jpg,e341143e4b43737b
2568417021_afa68423e5.jpg,b9c6f60b2b359192
2568656919_6e49d2a82b.jpg,84d19df6436d3287
256958382_b9006bfc5b.jpg,99196667c998b2a7
2569643552_23696a9ba5.jpg,e2e4899b1c4ccb5b
2570365455_41cc9a7d2b.jpg,e9cb8cc1bc74b4a4
2570559405_dc93007f76.jpg,d25a2d6529d39267
2571096893_694ce79768.jpg,f1f15d8b54786449
2572101672_4d699c8713.jpg,878a9633bcd4d632
2573141440_28a762d537.jpg,d9e1e686169839ad
2573625591_70291c894a.jpg,ec524969766c25da
2573667207_a1bf49befc.jpg,897ee6235c98d80f
2574084102_f2be3f73cb.jpg,e3a70cd4a30cdda3
2574194729_1f099647ee.jpg,9d95d28ca8db92e2
2574230252_f5a1382dd4.jpg,e7931a65f0d48c6a
2574509968_e4692ae169.jpg,d396265b9b2524f4
2575647360_f5de38c751.jpg,97c53a2d944b2d1e
257588281_39e1c9d929.jpg,be82c0f5499919cf
2576878141_87f25a10f0.jpg,b5e160c4d7c6d25a
2577972703_a22c5f2a87.jpg,db259c76252599a3
2578003921_e23b78e85f.jpg,c41a3b633e9e664c
2578161080_e007c9177a.jpg,d225cbdb07f4328a
2578289278_01516d23a0.jpg,a3c888939fd770f0
2578395598_6982734d46.jpg,dc1e2be9643632d8
2578834476_118585730d.jpg,c7c64e3b91c36c26
2579266054_1ec58aa92f.jpg,f45ccdc3a7a1168c
2579268572_d78f8436cb.jpg,b2f18dcbcc6c8c89
2579460386_94c489028d.jpg,9e3eafc989196146
2579572274_826598b14a.jpg,c16878a6a553a7f2
2579899436_5086a33c7a.jpg,e2c07863271f1fca
2580215443_4e64afe3d5.jpg,fb3d85c4c2d89652
2581066814_179d28f306.jpg,fc049cece6e4c499
2582390123_71120edb0c.jpg,e3e6b6938e34301b
2583001715_1ce6f58942.jpg,d9dab6244dc9d232
2584020755_14e2b3e8fc.jpg,dc0167b6882fdce2
2584412512_6767593f24.jpg,a483db9cea765c50
2584487952_f70e5aa9bf.jpg,a1f1b99e0e4cc4a7
258476074_f28f4a1ae6.jpg,d5e8ae2a4ac59571
2584957647_4f9235c150.jpg,c666195927673cb8
2585141045_b496a7b7c4.jpg,db0d16e0093de59d
2586028627_ddd054d8cc.jpg,891353ed93913657
2586532797_dcf22a5021.jpg,ec13181a8bede716
2586911841_41b7a48c91.jpg,b20d19b3ec4c338f
2587017287_888c811b5a.jpg,ad1a363469ca6637
2587106431_1cc0e719c6.jpg,aed493d01f6a6466
2587696611_db0378710f.jpg,84eccb1b428cf567
2587818583_4aa8e7b174.jpg,ece8891fd0e096f2
2587846523_b177c9a3e3.jpg,9c1743327c0999bf
2588456052_8842b47005.jpg,8c1c5e64faf26c70
2588625139_fdf6610218.jpg,b2b3cdcc86363199
2588927489_f4da2f11ec.jpg,869c86a699cde9a9
2589156742_c46bc82137.jpg,caa9f08bb6303d1b
2589241160_3832440850.jpg,b81727b81383b9dc
2589308405_e208b5e745.jpg,8d704acd5397ec13
2590207488_ddd89037ba.jpg,b83cc7c3333c2c33
2591110592_ef5f54f91c.jpg,c67e3983f806b887
2591455200_2319651f2f.jpg,d7c53a1cf0f29831
2591486448_48d5438343.jpg,b592db2c54e2d1a6
2591603141_33d6397e0a.jpg,a6a6cd8b99646693
2592019072_a6c0090da4.jpg,d35b34164a32be33
2592711202_55f8c64495.jpg,81cd79961e331b5a
259314892_a42b8af664.jpg,c08336c3cb6f63cc
2593406865_ab98490c1f.jpg,a69acd6524f607c9
2593695271_4d9cc9bd6f.jpg,fee3e933607a3300
2594042571_2e4666507e.jpg,e79f8b0c99b8e182
2594336381_a93772823b.jpg,c53a05d82e8d9bdc
2594459477_8ca0121a9a.jpg,866b393c4b84d66b
2594902417_f65d8866a8.jpg,ad8890c2c252fb7f
2595102568_347f6d4b07.jpg,f32ca7e83946249b
2595186208_9b16fa0ee3.jpg,8dd3d824214db7ea
2595713720_30534e8de2.jpg,a61bd966d6491c36
2596100297_372bd0f739.jpg,d1164aed1a3354ed
2596474836_79468f23a0.jpg,b6f6c4891cbe22b4
2596475173_58f11fc583.jpg,c33298c6d3390ee7
2596514158_c516e57974.jpg,a4b612d2666da33d
2596619849_7b635dd310.jpg,8784e0e5f3dad258
2596876977_b61ee7ee78.jpg,d6dcfa01961f80d6
2597308074_acacc12e1b.jpg,9ce3fd1c2187d470
2597737483_6518a230e4.jpg,99284a97bd319f58
2597873827_a5cb3e57ba.jpg,b89d0c6227c9ce97
2597958208_e03aa149c9.jpg,91141c999e1c7dd7
2598012140_832863fcb9.jpg,d9793766c68d10d8
2598979962_c01811cfca.jpg,cc595a6acac33335
2599131872_65789d86d5.jpg,d1db4443693277d8
2599444370_9e40103027.jpg,b81cc3c73c199b63
2599903773_0f724d8f63.jpg,eca512c8b738676c
2600170955_bf30c5d5c0.jpg,dcc3ab7c61025ce3
2600386812_8790879d9a.jpg,eb34120d94e8e5f6
2600442766_e750ec9a56.jpg,d9479639493436e3
2600867924_cd502fc911.jpg,cd4c12b1f9b9d606
2600883097_aca38cc146.jpg,af2f96c6cc0c1939
2601008162_f00eeb5c14.jpg,a8e9c0978f88de5a
2601612082_4b9be27426.jpg,81356c9b8b5f61c6
260162669_c79a900afb.jpg,e530da4f8c6632f8
2602083686_e8a1af69cf.jpg,f4deee5a81831135
2602085456_d1beebcb29.jpg,f361b8c94f4b00bd
2602258549_7401a3cdae.jpg,909199cb8bb76749
2602279427_191773c9e2.jpg,ecfcfe363684808c
2602306033_2b3100d36b.jpg,e59ab2ec936425d8
260231029_966e2f1727.jpg,e9cbc63c9334b126
2602415701_7674eb19e4.jpg,d9cdc554b67960a4
2602679255_785b851b46.jpg,bfc2c0a383ad0e9e
2602866141_be9928408d.jpg,e14185b5cdf8b09b
2603033456_3584d95116.jpg,a69a15d999651c76
2603125422_659391f961.jpg,95914821a39c6ff7
2603334363_cfa32c4482.jpg,8e0e36f51265ae39
2603690144_7a28b1d13c.jpg,dc7caca8fc4c81d1
2603792708_18a97bac97.jpg,c0f03f6b6315bc8c
260392825_ea61660633.jpg,bfb7b696082823a6
2604305843_ebe3e8a328.jpg,dc60d1c327c69f0b
2604825598_593a825b5b.jpg,b9ca9ecca131cc36
260520547_944f9f4c91.jpg,d5e1cf92a8b1a4ac
2606433181_f8f9d38579.jpg,c181566e6961777a
2607099736_8681f601d9.jpg,d85bb160473d857c
2607130765_97833d6ce1.jpg,fd71b2b298a1464e
2607383384_d9ce9de793.jpg,c44479a60f39b657
2607462776_78e639d891.jpg,e18e1ef56309785a
260828892_7925d27865.jpg,dcbcabe341436338
2608289957_044849f73e.jpg,9c516b6ae784966a
260850192_fd03ea26f1.jpg,a11dd7741f2ba28a
2609836649_b55831ed41.jpg,a3d19c646e9299b3
2609847254_0ec40c1cce.jpg,f1e6c86c0d097f58
2609900643_c07bcb0bae.jpg,df236a9623d81be0
2610447973_89227ff978.jpg,996666996364d933
2611651553_61f859837e.jpg,f0f6f29d6c88d205
2612040125_0a93889f06.jpg,d49b53545347aca9
2612488996_9450de0e54.jpg,c8431f85b8ea9997
2612608861_92beaa3d0b.jpg,ff1f0edcc00d3642
2612949583_f45b3afe33.jpg,c7e76780107bf1d0
2613021139_4b0dc3d4c8.jpg,9cb144566daaab69
2613209320_edf6a2b7e9.jpg,b4cec38d93b95162
2613889835_6f50a3b83b.jpg,e79ce2ff0632480b
2613920405_e91e6ebd7a.jpg,e25bdce6d9061634
2613993276_3c365cca12.jpg,d647a8aa63378dc1
261490838_2f3ac98b12.jpg,cd165cc9b626cba4
2615623392_ab2b9759ae.jpg,b437ba9840e313db
2615811117_42b1838205.jpg,9c1c63a7dc497526
2616009069_82561da2e5.jpg,c1861e1b6363733e
2616284322_b13e7c344e.jpg,e3636179b1857c92
2616508003_fa5ca5780d.jpg,bcc9c993e43911f2
2616561200_ea079f285a.jpg,ae39f18662b1077a
2616643090_4f2d2d1a44.jpg,989bb5d336346626
2616673985_fa4354cc53.jpg,b557ca68a213adac
261737543_b8fdc24671.jpg,b8b80ecfb93112c7
2618322793_5fb164d86a.jpg,a9f0d290659fc72c
2618538137_44fffe10c4.jpg,8f0fe8711a66a696
261883591_3f2bca823c.jpg,cadbc60e79790634
2618866067_07cbc83dc5.jpg,b1c916b66479b332
2619267133_53a5904ef4.jpg,f3824c58a53679e9
2619454551_c4bb726a85.jpg,89099f9797147476
2620113705_a8fa89b8f6.jpg,9c9368a49a59b56e
2621415349_ef1a7e73be.jpg,f54560f31e189dcc
2621771656_09a620da6d.jpg,c17bf834f4ea8243
2622517932_57c52c376f.jpg,c63918cefde33380
2622624460_207dbcc4cf.jpg,b1cece6333b80c47
2622971954_59f192922d.jpg,a182a97ea5d5e2e8
2623146491_b64698b875.jpg,e7c5b1e9dc2602c3
2623247254_3bfc795121.jpg,c6c33d69e3961a58
2623496164_68ffeb5067.jpg,d129f6625e95c266
2623560640_0445c9a138.jpg,da7015de2c799253
2623930900_b9df917b82.jpg,e990de890bb8a1f5
2623939135_0cd02ffa5d.jpg,c8780743a60e9f5f
2623982903_58ec7c5026.jpg,981cbf399893276c
2624044128_641b38c0cf.jpg,8e9439d3c6c172ec
262439544_e71cd26b24.jpg,e5cc18bb6a62d075
2624457062_89efc497a8.jpg,d1851e631e6be9c2
262446581_06ef7d9445.jpg,a61549933becd4a5
262570082_6364f58f33.jpg,adedc396989292c3
2626158969_ac09aeb88d.jpg,c6cf32ced9238d21
262642489_f5c6b9e65b.jpg,e589969a706dd661
262681159_e5fed3acf0.jpg,9594ccdd989dd912
2628331789_c7f7d90e5d.jpg,d232d68dac0b9f46
2629027962_9cc3b46527.jpg,8c8c8fad3097175e
2629294578_853a08bb43.jpg,d16f6d2c9d4d8d80
2629295654_59ea1472a1.jpg,c020714b7e9e5b9d
2629334536_11f2d49e05.jpg,848d18e6f78cfa8a
2629346153_155ba73ae9.jpg,adedda922909c636
2629402527_6dfc5c504b.jpg,9612496d3e3637e1
2629445284_83390e83af.jpg,a62b19b3228cadb7
262963190_a78b799e89.jpg,8bd4d6a5eb341907
2630507245_bea4804288.jpg,b04f95346b4b92bc
2630806789_6835bbae95.jpg,f6c9f2e9f4c01621
2631300484_be8621d17b.jpg,bc4d17b97832b087
2631625732_75b714e685.jpg,8684fd74389bc6c3
2632111399_b3c1630f8e.jpg,b8f250c0cc1fe7e8
263216826_acf868049c.jpg,daf588329e69c6a8
263231469_e85c74f5fd.jpg,b3104ce6b3e1d3cc
263233914_d25004e4cd.jpg,b8fca0602e3f3353
2632366677_43dee456a5.jpg,f08c8661985eb7e3
2632381125_de32bdfdf6.jpg,fba4841a7b6592c3
2633082074_32c85f532c.jpg,cdcc0ebc6350d9a6
2633201394_ee4a7666ed.jpg,b198cece2763d318
2633722629_5eeb649c09.jpg,89b1646c73c674d9
2635023078_6dae04758f.jpg,dac264bb35a584e9
2635164923_2a774f7854.jpg,a7591ca3b3630d2e
263522013_d118d46b2d.jpg,e4dd5a93243169ba
2635400219_2e1a984fd3.jpg,c2a398accc976793
2635483351_bc1a8273aa.jpg,d7979dd949c49412
2635905544_dbc65d0622.jpg,85a574f80a4dcf1b
2635908229_b9fc90d3fb.jpg,93f94c4cf1470cb9
2635938723_11b85e6763.jpg,e0690bc7979547e2
2636514498_01fcc5f501.jpg,deddc99985c48896
2636876892_9353521a1c.jpg,f9df994124b0b694
2637510448_4521cf6f29.jpg,8c38d3b62879d696
2637904605_fc355816fc.jpg,e48c92a58ddb334d
2637959357_dd64a03efa.jpg,e624929b6d8d9936
2638369467_8fc251595b.jpg,911aeb4676236cec
263850317_5bb3a18a08.jpg,ea5f8161191db4b6
263854883_0f320c1562.jpg,9c9e3232c769691b
2638981862_6b23833f37.jpg,cc4c3359f3e60c59
2640000969_b5404a5143.jpg,8c4c2e9fc91d29bc
2640153227_57cf1a3d92.jpg,945aea3e03ea3467
2641288004_30ce961211.jpg,a2e9f339a1f009d6
264141937_585320617a.jpg,b1a687b091f16e8d
2641770481_c98465ff35.jpg,d4a5125b36c92e73
2642350864_099c0f2152.jpg,e5e7d60999d32524
2642474867_4e6346f809.jpg,f8a385c0e6947a7c
2642475077_69d19deb74.jpg,a96efca797908909
2642688531_8fb68b2147.jpg,87ca26d70b83cb95
2643263887_a32ffb878f.jpg,c3c909f5561cc6e6
2643309379_2cde08516c.jpg,ac1296a426e5e55f
2644326817_8f45080b87.jpg,b2b34c09b1f3e64c
2644430445_47c985a2ee.jpg,ba82677d81cb2ad8
2644916196_16f91dae54.jpg,93532d257792c2d9
2644920808_f5a214b744.jpg,e7b833442da25e78
2646046871_c3a5dbb971.jpg,d5d82a66591b6633
2646116932_232573f030.jpg,f5f3139f13012b0d
2646540383_343e1ec9a4.jpg,cb3d16c2ca383ed2
2646615552_3aeeb2473b.jpg,ed654f381c9e1632
2647049174_0fb47cee2e.jpg,a39e1c0f8a3d335a
2647062476_5ef31ba867.jpg,80809a8ce5e37b7f
2647229826_e0e0c65ef1.jpg,f7f3872cc60c7212
2647394564_4843800cff.jpg,c88ff1f10c61b7c4
2647593678_1fa3bb516c.jpg,a330e39ecac17876
2648165716_02e2e74fd6.jpg,d25c6d8cec2c90bd
2648310638_d6c576b5e4.jpg,9c1fc7a669e0b948
264859622_f3a00ab409.jpg,933ec4494baa3b55
264928854_d9e61f3a8e.jpg,898d58487a5e7676
2649406158_ded6be38de.jpg,ed1b12f6a5483ac3
2649705487_4605e879e9.jpg,e265dd8a9899b1a3
2649850541_59a6c7f01c.jpg,c02f3f20cadbb4c5
2650485780_29d89268d7.jpg,c5dbc01de178e2a5
2650568697_ffb79bf2ea.jpg,d34e06396c72ea2d
2650620212_0586016e0d.jpg,b164d0abcef21ba4
2651915425_7a58e862e9.jpg,bfb170c08d3f2236
2652155912_8ba5426790.jpg,979c62d1d45a98cb
265223843_9ef21e1872.jpg,93687cb3a5c4539c
265223847_636ba039c1.jpg,87d45093db6ca672
2652522323_9218afd8c2.jpg,ca3515daf2614dc6
2653552905_4301449235.jpg,947cd0fce8d1e1c2
2654514044_a70a6e2c21.jpg,a796f2e30d1c9a26
2654943319_d17fee7800.jpg,fd03ff43c0a50d49
2655183854_5852790214.jpg,cada9b3827a49497
2655196158_5c878a4af0.jpg,c8c93978ec697469
265528702_8653eab9fa.jpg,e798e10e261e7339
2655647656_ee450446ed.jpg,c44e2f0d9c5ed8b2
2656039837_f46b29af92.jpg,c3630ef8f8878770
2656688132_d93be870e0.jpg,8633a9cb93b1d8cc
2656749876_e32495bd8c.jpg,e659c826896676e3
2656890977_7a9f0e4138.jpg,f41a45e792c9872e
2656987333_80dcc82c05.jpg,fb42c29c973338f0
2657301826_aab4c36e6c.jpg,a1a25cd88a9cff0e
2657484284_daa07a3a1b.jpg,f095950fbc6127c6
2657484970_610e18144f.jpg,b3935b59ad04562b
2657643451_b9ddb0b58f.jpg,8c89f6766d68a896
2657663775_bc98bf67ac.jpg,86e9f83e0fe0807e
2658009523_b49d611db8.jpg,c94c963b695c9687
2658360285_a0ec74ef48.jpg,f00037b7838fbc74
2659183350_730951f740.jpg,c2c63d1f48a2c6fc
2659554389_ed3d15093f.jpg,c0b83565f1473f8a
2659606300_bea3feaf8b.jpg,942bc4fa81351ff8
2660008870_b672a4c76a.jpg,fd5e334119028cfe
2660480624_45f88b3022.jpg,9b31365eb94ac827
2661138991_d55aa0e5dc.jpg,9ce1edc598369332
2661294481_b86058b504.jpg,c0fce4a3839db8b2
2661294969_1388b4738c.jpg,b0c98ebca3b7d0b0
2661437618_ca7a15f3cb.jpg,e161eb5d4d29a316
2661489896_cc3425777e.jpg,845b5b593b2ea4f0
2661567396_cbe4c2e5be.jpg,b2cd0638c73e58ae
2662262499_3cdf49cedd.jpg,eb789c0764b81ba3
2662537919_18a29fca8a.jpg,c1c933f6a4948bbc
2662570182_350baa020f.jpg,dfd6c06159080bdf
2662816021_ac474e0fde.jpg,e7d83467330cc726
2662845514_8620aaee96.jpg,834a7c34b16a73f2
2662890367_382eaf83bd.jpg,c64627270bd7d4e4
2663248626_f000f2661d.jpg,ce9a5af4b5485945
2663794355_e726ec7e05.jpg,cc0e4ecc95546f63
2664102751_d5a737a566.jpg,c592136d36936d66
2664103423_c539f61016.jpg,d00d1a5b9d5a5579
2665264979_df9c284bf8.jpg,fc0707f80627b1da
2665461736_595c87f0a3.jpg,cdc4f1789f2311b4
2665586311_9a5f4e3fbe.jpg,85859b3f9d94cc4a
2665904080_8a3b9639d5.jpg,d90f389685cce399
2666078276_f7b3056997.jpg,b013cf4d3432d9cd
2666179615_f05a9d8331.jpg,dcf5e161938909cb
2666205903_8d287669e1.jpg,daf7218b6744b2c8
2667015110_1670324a33.jpg,9f1c6ca18576307d
2667549961_57e5e2c0a5.jpg,95ad43b2293b66cc
2667783499_3a4f38f636.jpg,e39968c6294ce6ea
267015208_d80b3eb94d.jpg,8d649694fcbec618
2670560883_7e7b563092.jpg,c3602ce3e21f9b78
2670637584_d96efb8afa.jpg,d8797192cc98366d
2671602981_4edde92658.jpg,e61b1972e6b14c1b
267162122_c3437414ec.jpg,ab2da889aa66cad9
267164457_2e8b4d30aa.jpg,919bc45c5b91364f
2672354635_3a03f76486.jpg,db2b0e59b3c2a5d0
2672445419_251ce9419a.jpg,e19547370f4bf424
2672588619_3849930e99.jpg,903d1f1be3676223
2673148534_8daf0de833.jpg,b66649493d3711cd
267325341_1a96ef436e.jpg,b315dfe62948e0b8
2673564214_3a9598804f.jpg,be2de5f086b0c887
2674784195_704f6b79d0.jpg,87e0991f1367349d
2675190069_d5c3b2c876.jpg,c02b379e6d83b8e1
2675397335_1dcdbd12f5.jpg,e5999a66713992a6
2675685200_0913d84d9b.jpg,b63a0d45566925f5
2676015068_690b0fb2cd.jpg,c77e18f80347fc03
2676184321_858eff416b.jpg,b1c9b7c105e2c94f
2676648667_cb055b4fc6.jpg,9bc93433c806cf3d
2676649969_482caed129.jpg,b3e0a3874e4dc98b
2676651833_3bb42bbb32.jpg,a1da3dc70e45467a
2676764246_c58205a365.jpg,ec5eb1934e2e1649
2676937700_456134c7b5.jpg,9e95a0e0c991537f
2677614492_792023b928.jpg,b333284c4d993bd9
2677656448_6b7e7702af.jpg,d2521a33616d39f5
267836606_bbea2267c8.jpg,e6d991244bba919e
2678612999_893ed671f8.jpg,b8869fbde4c82744
2678798732_2998f9969c.jpg,fa992dc3f036c813
2679565682_91ecd283ff.jpg,b6422a4ceba5e90f
2679851489_a58780291e.jpg,963e4dc14bc93ccc
2679926555_b11cf45595.jpg,f6f859e34981b60c
2680619645_ab6645218d.jpg,b04ec6b1f8c687b8
2680990587_eee6bd04fb.jpg,d1670cd83bb15f09
2681215810_00b0642f7b.jpg,f2508da7c47c19b3
2682194299_92005b26c6.jpg,af2d5e9251c868f2
2682382530_f9f8fd1e89.jpg,844ecc4daedc9e8c
268365231_a0acecdc45.jpg,cc1297ce2ec86ee4
2683963310_20dcd5e566.jpg,83b836c3b933c3cc
2683985894_167d267dcb.jpg,b6855f81a43e81fa
2684322797_85406f571d.jpg,faa827c704a1ef0d
2684323357_c7a6d05d05.jpg,c65a790525d3696e
2684489465_32ba1d0344.jpg,947e5e703139cb31
2685139184_4ff45e0f76.jpg,a698c9a68d36c4db
2685752892_9d5cd7f274.jpg,988caed64e28e95e
2685788323_ceab14534a.jpg,aa965a4ba589d49e
2686432878_0697dbc048.jpg,8c9c27b13121ecfb
268654674_d29e00b3d0.jpg,ccf0f0dc72c6d063
268704620_8a8cef4cb3.jpg,e865c3d768347329
2687229880_97cfd8148e.jpg,935c576d6519ca8a
2687328779_b4356dab16.jpg,d60f71319acc25f2
2687529141_edee32649e.jpg,a74cbd3a1085ae9b
2687539673_d54a8dc613.jpg,e0f0d59dab639815
2687672606_275169c35d.jpg,cc331c3363d07cce
2688102742_885e578a3f.jpg,ffef481853567050
2688902319_52ceaf4a2a.jpg,b7d75c10516f0d29
2689001252_e0016c89f0.jpg,dadae4c3a578341c
2689163361_4939875be5.jpg,dc727a1d13ca6174
2689358407_9932f1b20c.jpg,c161168f6d591abe
2689491604_d8760f57b4.jpg,c81d1cb7a35ea12d
2690538407_7ca157be85.jpg,c99aa965c787c265
2690702549_cf81da8cf6.jpg,bdc6c219c7ad1271
2691966747_cfa154982b.jpg,e64e9d3d4f26220e
2692635048_16c279ff9e.jpg,eb4a96b525d6900f
2693425189_47740c22ed.jpg,a83c1bc1f52bfa12
2693539377_5442430f81.jpg,c1e4c9561d1f9e1c
269361490_a22ae818bf.jpg,e696bb31e8162378
2694178830_116be6a6a9.jpg,9b389bae6c8a8b4c
2694426634_118566f7ab.jpg,86bc9c43f238c55b
2694890967_7c7a89de16.jpg,a938b1b36adcca38
2695001634_127fe2f0d7.jpg,90513d7666cb993c
2695085448_a11833df95.jpg,fc40c13ecc33f30e
2695085632_10c4e6ea78.jpg,e7e30078390fddc2
2695085862_2ed62df354.jpg,a0cb70f093d3267d
2695093520_5cfeb0729d.jpg,fc4aa365b45ad485
2695961935_a2a6338f26.jpg,e7e3d198c9cccc44
2695962887_a1647c567b.jpg,b0c7d73034d3c63c
2696060728_3043cfc38c.jpg,d19d06863b66dc78
269630255_c3ec75c792.jpg,8dd2a38dac661f49
2696394827_7342ced36f.jpg,9325ccca27798c75
269650644_059a84ece5.jpg,80ba63ca6d6dc89b
2696636252_91ef1491ea.jpg,832a29ad851f63bd
2696866120_254a0345bc.jpg,9f8fd27008b1f1ca
2696951725_e0ae54f6da.jpg,d75bcc356b0c8465
2697909987_128f11d1b7.jpg,e5e0cae3949ee0e1
2698119128_62b4741043.jpg,a6a692ddc8d1d0e9
2698197294_ccd9327ef6.jpg,be4641d3b6cc9872
2698487246_e827404cac.jpg,9a57e17cb6293906
2698614194_b4e6e11dff.jpg,882969e559e6e653
2698666984_13e17236ae.jpg,a30ddda6265a8b63
269898095_d00ac7d7a4.jpg,d80c8568a3d7f17c
2699125097_c6801d80ed.jpg,b99cce0dd7833a14
2699342860_5288e203ea.jpg,b14dd3e41b2e68a5
2699426519_228719b1db.jpg,adadc4d2531b2b26
2699733386_c346c87ea6.jpg,b9768e8a73257438
269986132_91b71e8aaa.jpg,b63b1908a2f3bcb8
2700147489_f1664f2b61.jpg,ce4ece3c39989c19
2701042060_92508ea8fa.jpg,cd21b4a25b9d5c56
2701271123_6761bc5f26.jpg,e4c79938c57232cd
2701487024_e866eb4550.jpg,ade4921b69e49e32
2701603045_6cbdc4ce7c.jpg,a6cd1999f99d8270
2701895972_8605c4e038.jpg,dfb2e102807bf07c
2702506716_17a7fb3ba4.jpg,afa09750ca32c78f
270263570_3160f360d3.jpg,e3091e56787133f1
2703155733_19ac6f97a8.jpg,cd36836c3378996c
2704257993_d485058a5f.jpg,93136e6cb4a46e56
2704362232_7d84503433.jpg,8e4a4bd6345b4747
2704379125_9c35650d16.jpg,8e8e999d1152666f
2704934519_457dc38986.jpg,cd12b9e4e6b53426
2705793985_007cc703fb.jpg,f2338d4c32b6c731
2705947033_5999147842.jpg,b4a1f43cc1fc823b
2706023395_ac9eba0e42.jpg,d6d691d93600726f
2706430695_3b5667741c.jpg,a22e05fc364751f3
2706766641_a9df81969d.jpg,c1143f27929adbcc
2707244524_d57120d74a.jpg,ff7f7ef288000612
270724499_107481c88f.jpg,9909a66659e9e636
2707835735_6537b27e8f.jpg,da80253b7ee4a5e1
2707873672_15e6b5d54b.jpg,ad04968f73b921ce
2707933554_f6dc5e0e3c.jpg,8ec5e17e9712629a
2707969386_94dde00ce4.jpg,da6c05532d3e9ec8
270809922_043e3bef06.jpg,df67561d154a8c07
270816949_ffad112278.jpg,c4f2fd392b074585
2708176152_1634cb754d.jpg,a643733ed8978926
2708582445_5e5999b956.jpg,f8d364fc3263128d
2708634088_a4686be24c.jpg,b11a8e2974de6cc3
270864951_1737ae5479.jpg,bcb633b23394e3c0
2708686056_1b8f356264.jpg,b1534c8cd3b1afd0
2708744743_e231f7fcf9.jpg,813cbc03c95bda1f
2709275718_73fcf08c23.jpg,a4b6c74b41387cf8
2709359730_13bca100af.jpg,ed5a034de4169795
2709536455_2a6046e38a.jpg,b30f89a6343323af
2709648336_15455e60b2.jpg,828d5e1f9c789536
2709683703_5385ea9ef4.jpg,b672ebd42a958313
2710280476_dcccb8745a.jpg,c563ba2c28cdc8f3
2710416789_555180e399.jpg,cc2fb334d3308b3c
2710563762_06d48329d7.jpg,a8a3cccce5a9acca
2710698257_2e4ca8dd44.jpg,95e6a955569b24d2
2711075591_f3ee53cfaa.jpg,a69359d966a6a592
2711720095_0b98426d3c.jpg,8db88ec2c4e3d1d9
271177682_48da79ab33.jpg,f6e872932427cb34
2712352554_1cafd32812.jpg,8f4eb83818cc6773
2712787899_d85048eb6a.jpg,ed12596c3533cacc
2712974062_6d5b6aa7f0.jpg,cadb3b92c4454d1e
2713554148_64cd465e71.jpg,c1440cafb7567533
2713897716_c8cd610360.jpg,a7b291cc6c34de0b
2714220101_c31db50b10.jpg,9a9b61644cd9c967
2714674623_8cd05ac114.jpg,e5e7d7982e8c881c
2714699748_c9270dd5aa.jpg,9c4c502766773373
2714703706_d21c5cb8df.jpg,99d9d5ec62623319
2714878018_1593c38d69.jpg,9517eae24a8b6366
2715035273_8fc8b1291c.jpg,a1b99b1b535331b8
2715155329_1ed1756000.jpg,e5c1063c783f724b
2715289538_d77c8d0a85.jpg,fc85c81b7ee01758
2715337869_e4fe36db50.jpg,916b7f9436c36ac0
2716251485_d6113f4c8a.jpg,e3061efea10f7c60
271637337_0700f307cf.jpg,9ac2c19f9dbc7045
2716457668_187a6d2b1c.jpg,8d6cd9b176416993
271660510_dd4ba34b35.jpg,b90db6b806f4f807
2716903793_fb7a3d8ba6.jpg,e6795976a6d05099
2717686269_80c4b5ac9e.jpg,8778718d9e93632c
271770120_880e8d8e52.jpg,8cb7f74b0f3a3014
2718024196_3ff660416a.jpg,9e1ca5219fb63370
2718027742_70a72f99ae.jpg,d25ba45f895bc312
2718049631_e7aa74cb9b.jpg,e546bea1638c9267
2718376488_3c62f7642c.jpg,b3975168a753e8a2
2718495608_d8533e3ac5.jpg,d0db0da67f3012f8
2719101587_4ba70dee14.jpg,bf079431455e7361
2719102611_fef453bf30.jpg,ad503e13ca9e233b
2720215226_5a98ff2bd3.jpg,d6f88927bc30945e
2720985888_8f5920e8cf.jpg,bf4060ff42da90e5
272156850_c4445a53f4.jpg,9909666699e79e31
2721656220_5f4cda8bc1.jpg,f1b146c61a5fcec0
272283076_2d4aa1d5cf.jpg,cb3179c91ef36700
2723477522_d89f5ac62b.jpg,99c242bcf0c63eba
2723929323_70b93a74ea.jpg,ab0bb664c9d24f49
2724485630_7d2452df00.jpg,d21f2aea99943c59
272546805_536c719648.jpg,f4e4c15133ee2c39
2726262796_03bd63a155.jpg,b3d3cc8cf18d9c03
2726301121_95a2fbd22b.jpg,e5da346826556c9b
2727051596_be65bfb3d3.jpg,a0b89ac793b1b927
2728276857_3f83757ef2.jpg,d0522ab375ef6b04
2728486640_cc2a31d2b0.jpg,c8608227f3cbe7cc
2728813605_cfc943e1ab.jpg,89a35e3a5471ac57
2729147877_c3ec3445bf.jpg,944eeb21d92b86d6
272940778_a184dbea42.jpg,b7e1cb51523d2952
2729655904_1dd01922fb.jpg,e75a99e61226b2cc
2729685399_56c0e104b1.jpg,ccbdd40ce26cdd14
272988646_1588bde6a8.jpg,e61ab1e72717c468
2730819220_b58af1119a.jpg,c1c72e3e3b564e09
2730938963_c4ed3e2258.jpg,95143d3c6d16c676
2730994020_64ac1d18be.jpg,e1f78e0b65368a89
2731171552_4a808c7d5a.jpg,9fce30e89f430c93
273248777_eaf0288ab3.jpg,e7a9d2963c418ef0
2732625904_4fbb653434.jpg,e47e3b350e8385c6
2733659177_d74a00995b.jpg,adc9cbc7e30383c8
2734219983_fe86a60bf9.jpg,a893b4ac9383abb6
2734669176_c272b42597.jpg,b83043cf9af634b8
2735158990_56ff6bf9b0.jpg,dc036ee89132277b
2735290454_1bd8bc5eac.jpg,bf939269c5c88d26
2735558076_0d7bbc18fc.jpg,a4cec343a338dfb0
2735792721_b8fe85e803.jpg,e8334c790eca336e
2735979477_eef7c680f9.jpg,95374ad4bdb382c8
2736508369_fd9ff0b42f.jpg,9909beb7e32c14e4
2736902411_a0010f89ae.jpg,b3863ab8f52b918a
2737233999_34d60dc5c3.jpg,d2ae8d1331e4e599
2737609659_efce872c24.jpg,bd1a962dd64b20f2
2737729252_b3fd9c05b1.jpg,925969f4f6a2a263
2737759676_4bc9be2daf.jpg,94621f1f4b70f0cb
2738077433_10e6264b6f.jpg,800a1b336ef877e6
2738255684_0324ed062d.jpg,b9ea96744999630e
2739331794_4ae78f69a0.jpg,b4c32966d3b88e63
2739332078_13d9acce59.jpg,8f7425a4b3c5b5c2
2741051940_89fb6b2cee.jpg,9bd861c3663cf071
2741380826_cfe0ddf0a9.jpg,d6d6541cab23b329
2742426734_291df6da08.jpg,a1839edf1e1ca127
274313927_404d0e94ab.jpg,e3ba9c4c92979564
2743652730_d909c7ae82.jpg,cd9592b96909769a
2743709828_a795a75bfc.jpg,8ecc3db17292664d
2744321686_8811d8428c.jpg,d52a4bd4c4343dd3
2744330402_824240184c.jpg,bf0ad23d24c23d95
2744600462_5804577296.jpg,e0b3b64495b9e985
2744690159_fe2c89e55b.jpg,98cc6661e317993e
2744705147_acd767d3eb.jpg,aad14633cd1dcc74
2744705574_519c171ca0.jpg,9bd9643299896e66
2745441424_5659f6acc8.jpg,b793a8add5841c4e
2745663684_650f84e1e6.jpg,ef4eb33132cc9c30
2745811124_12c4426b8b.jpg,90d9e192ca7eeaa4
2746072388_b127f8259b.jpg,8003abfc3e1b7497
2746839158_4195210d27.jpg,fc7478b9913a24b1
2746910139_77ba5be2c5.jpg,8e669e7029c73d1a
2747436384_9470c56cb9.jpg,a0d17f23477da305
2747640247_b54bfa6886.jpg,d456eabb06a916c9
2747714500_49476225c6.jpg,ca3575cb72dc4648
2748435417_ea7bbcc17c.jpg,fd72c04dbd98b40a
2748729903_3c7c920c4d.jpg,c9266edd17c92362
2749124446_d4432787b5.jpg,8cc97136c79bb226
275002371_5b200e6a92.jpg,c0918d8f93b1cdcd
2750832671_4b39f06acf.jpg,e410d8a62f334fdc
2750867389_4b815f793a.jpg,942aaba5a9aba556
2751466788_4fab701cc3.jpg,dad847e6618bce60
2751567262_e089b33ed9.jpg,a1a16cd6c21afcce
2751602672_ca5e1f6447.jpg,f0300e4b496ee5f6
2751694538_fffa3d307d.jpg,9529aab5dbd1d0d0
2752043092_f48ebfeaa2.jpg,c76e36c931363a49
2752084369_52e7867da7.jpg,a7e19899e308b766
2752175795_c9def67895.jpg,ebd0d6fe80526235
2752230113_b5dab6f0f1.jpg,e41be41bee18d364
2752329719_868545b7d2.jpg,e6e6664a1b9b98a4
2752331711_cb18abba5a.jpg,818c1e9f71bcd463
2752341621_54490b9b09.jpg,ebd1c83fa0364639
2752809449_632cd991b3.jpg,f0de0cf3b3429b06
2752919987_8bfca604ab.jpg,98666a8d55da45a7
2752923489_d3bceebacb.jpg,cc1531ed93e3823e
2752926645_801a198ff6.jpg,c92325facab9c8d8
2753506871_dc38e7d153.jpg,974eb4b08ae18f3a
2753531542_ace2c870b7.jpg,a63c5df13240cf2b
275401000_8829250eb3.jpg,ca34e253b73828ed
2754271176_4a2cda8c15.jpg,d9241966d39a729b
2754898893_95239c1f19.jpg,e6e1cc89192db1f1
2755053974_5cc157512e.jpg,c4f473f1cccf3006
275516348_cbccebc125.jpg,d959a62717866a36
2755314937_1e974bf2b5.jpg,9a5c673067616e63
2755362721_368cbde668.jpg,aaab1932e6589b8b
2755952680_68a0a1fa42.jpg,ecac1353a42c6dc7
2756591658_3ca6db1595.jpg,c7b0b92b46d1b82b
2756636539_cc1eacbf4a.jpg,e4d69939b09394ec
2756765580_9e57e10f0d.jpg,e66969c60bf4e223
2757779501_c41c86a595.jpg,c35dc88b7b639189
2757803246_8aa3499d26.jpg,959cca4ee677d180
2759089516_cbb993cb92.jpg,a12dabca5ea16535
2759211664_d21393b668.jpg,86700fd11e66be93
2759596272_e0ce0a965a.jpg,984a0cb473ee86e7
2759813381_73303113d9.jpg,d0da6d25d2139dcc
2759860913_f75b39d783.jpg,c9ee926d167494c9
2760371526_63f3d01760.jpg,93d86e4eb0b3c84b
2760715910_87c7bdeb87.jpg,9489fb5c246aeda2
2760716468_b541e9fd0f.jpg,a5dec8903d67c259
2761599088_8b39cc5f41.jpg,880ba676c0b3f59d
2762301555_48a0d0aa24.jpg,b71cfba3e40c60e2
2762702644_2aa3bf9680.jpg,cfc5e82d10c63bd2
2763044275_aa498eb88b.jpg,ae4edcb091cb9616
276356412_dfa01c3c9e.jpg,927bad25698f906a
2763601657_09a52a063f.jpg,ea1bd4e6691827a5
2764178773_d63b502812.jpg,a6f499592ba75644
2764732789_1392e962d0.jpg,e430186ced9a8e7b
2765029348_667111fc30.jpg,94eb474794f84d52
2765747519_2b851e01d6.jpg,81477e7d3808bbb8
2766148353_70b2e8070f.jpg,c30678c83af1e567
2766291711_4e13a2b594.jpg,df57462498b19633
2766325714_189bbff388.jpg,d1e066c78c6ea3b2
2766630484_ce73f47031.jpg,8d839236b5c55f92
2766726291_b83eb5d315.jpg,d4b5ab031ed92715
2766765386_4c0beb939d.jpg,a5d29a314d64ba9b
2766854400_640e2abe08.jpg,8b3827fdd049bd50
2766926202_4201bf2bf9.jpg,9738784b37933878
276699720_fe6718fd03.jpg,e6c6c94936b6a619
2768021570_46bc6325e3.jpg,ca96b0599a69ceb2
2768248810_06d543c080.jpg,a58992647509efb6
2768662025_44001fe5d1.jpg,f30d593be6628658
2768972186_92787cd523.jpg,9b0dc633ede1906c
2769605231_dae8b30201.jpg,894df65c8d2f22b1
2769731772_18c44c18e2.jpg,dd2993651af22d52
2771424045_1fdf9617eb.jpg,ad8cc5726299e5d2
2772084628_c0ae29d87a.jpg,9d273a7b13b0c788
2772532341_c4597a94ed.jpg,89d6520dedef4630
2773011586_6f4cd41e84.jpg,97e7c92678728c32
2773400732_5b65a25857.jpg,985a6b754cb26734
2773682293_3b712e47ff.jpg,83656e9f3e44a952
2774362575_7543b8bf19.jpg,a570d63c08b67aec
2774430374_fee1d793e7.jpg,c4c2c989067f9b79
2774554310_007e980a90.jpg,add0d278d4cacda8
2774581025_81a3074e2e.jpg,edb19a606d669299
2774705720_1cb85812dc.jpg,a0da5559296437e7
2775249812_f4db95e818.jpg,ae8e33178c4ccdac
2775744946_1ab5d500a2.jpg,941c2363ce6d9b6c
2776029171_5abdd5a22f.jpg,e45981a40b9c7cfb
2777021428_0b2ac3e987.jpg,b84980fa4f34f1b5
27782020_4dab210360.jpg,95bcfc1c8ccab0d1
2778290592_1910bb0431.jpg,dca8e387f4087972
278002800_3817135105.jpg,b4a5cf7652d09c38
278002875_d011ae9dc5.jpg,87fceb3887c039a2
278002947_3fd22a2cb6.jpg,aad12eac996365aa
2780031669_a0345cfc26.jpg,c42e9bd72c84d32d
278007543_99f5a91a3e.jpg,91e6ef9162695a64
2780087302_6a77658cbf.jpg,fc6ad70cdc34468a
2780105274_52360c4cca.jpg,a82a4f3fbd4c24b1
278105206_df987b0ca0.jpg,b632c9cd98386277
2781296531_f6f0f6c0f5.jpg,da8d643dcd49895c
2782433864_5a0c311d87.jpg,8687d9d03c23875f
2782480767_064c95eff2.jpg,a7c6922766783b92
2782850287_1408f7ec43.jpg,d33da6434b3463e4
2783620390_02c166c733.jpg,b9538726b0d87b89
278388986_78ba84eb8f.jpg,e4db927929c470b6
2784408839_53a25a21eb.jpg,d73870c70bf87306
2784625888_71a421e171.jpg,b8bcc3c7041e3f38
278496691_c1fd93e2d8.jpg,c74ebd30f1bc02d8
2785108434_cd4a1c949c.jpg,c6e646cc6d6461f1
2785115802_137fa30000.jpg,b18ccc333ecc63a3
278559394_b23af734b9.jpg,986f37c8c51a279a
278608022_4175813019.jpg,b1234e4c5971e739
2786245676_0a69543832.jpg,a1e3c6b1d34a2d69
2786299623_a3c48bd318.jpg,a987f8790638cdd4
2787276494_82703f570a.jpg,ab59f4f099d96424
2787868417_810985234d.jpg,c3075cb81b5eacc9
2788628994_61123c03d2.jpg,c6d3a530c93d58ec
2788652511_4f10060e07.jpg,b1110e2b71bc7ec5
2788945468_74a9618cfa.jpg,919c1dc9e6d31d34
2789238858_14261dd25a.jpg,86707326ccd8f32e
2789350645_96a2535b4d.jpg,ee3c936a251393cc
2789648482_1df61f224a.jpg,e791c84ea39c6653
2789688929_9424fceed1.jpg,855b7e2693ca7231
2789937754_5d1fa62e95.jpg,ab56a9ee405bb066
2790909995_8b7a03d9d1.jpg,f4a6c39f98316364
2792195540_af5fb95caa.jpg,916a259769e472e3
2792212974_23b1ef05fa.jpg,ce7c634c37645946
279230262_e541f9b670.jpg,a71bc835836b05f6
2792409624_2731b1072c.jpg,ce6e3191984e6763
2795287622_da187a3e86.jpg,d25b9b9b1123a764
2795352290_9209b214f3.jpg,9537eb6cc8255aa1
279550225_d64d56158a.jpg,c13e36d88183779e
2795866891_7559fd8422.jpg,c13b99d2e26666f0
2796801478_8ebd7e550b.jpg,81197c851bcb937d
2797149878_bb8e27ecf9.jpg,e99695646be01e1b
2797185895_4d9e1e9508.jpg,fcccaba303b03716
2797188545_aeb26c54c0.jpg,8b09cfea44cef28c
279728508_6bd7281f3c.jpg,b8de67e3c8464155
2797438951_88a3ed7541.jpg,80a03fdb9b264e9b
2797511323_bf20acab45.jpg,d3113c374bcd8c96
2798651021_2566f2a47e.jpg,b171e1466e9a1b1b
2798880731_4f51634374.jpg,a5faf896b0238f0c
279901198_e7a88c855a.jpg,c5c0bb6b42977f80
2799871904_3b3125518a.jpg,d1c0e6393c9f23f0
2800004913_c8394ba332.jpg,ce2c59d910562bf3
2800758232_d7fa598065.jpg,9cd4834236353f3e
2800934095_b84a5009dd.jpg,ed2b32c8a19a6c37
2800990525_a1f8427272.jpg,99df6edca481e0a1
2801146217_03a0b59ccb.jpg,9a25a6bcb549a5ac
2801851082_8c3c480c0f.jpg,8fcebcc261325b2c
2802337003_56e555cd30.jpg,865c39091a77e7b4
2804374083_311f98f5f2.jpg,bcb99f1309ec3f00
2804851816_9aae9071ca.jpg,c4c959665b9526f2
2805101709_1c8916f63a.jpg,8c850d8c3eb8bb3b
2805822564_6dee48e506.jpg,938c8cb333cccc73
2805873509_4f68afc4b4.jpg,abc1c4ea7b391586
2806632713_edd6f6c893.jpg,e3e688a137e00df9
2806710650_e201acd913.jpg,f5fbccb473888068
280706862_14c30d734a.jpg,e2114f34f809376f
2807177340_bc85291df5.jpg,f2f1bcb3030555d1
2807209904_389d81f33a.jpg,a6a616526ba99d72
2808098783_c56b44befa.jpg,9a9353ada6b24c4d
2808870080_4ea4f3327e.jpg,f2b89be2cc4dc309
280932151_ae14a67be5.jpg,89ca66660f1f1d99
2809793070_1a3387cd6e.jpg,aea6d1c16f8cb446
2810333931_47fd8dd340.jpg,a9a835352935b71e
2810412010_f8b3bc1207.jpg,ca96a8f2270f6365
2812125355_5e11a76533.jpg,8dbf3446b0d3ca89
2812590023_50182bc417.jpg,b4a25bd6dc9033c6
2813033949_e19fa08805.jpg,ce55b1a60591ee4e
2813588204_69fe7deb14.jpg,ec4f13316e0e9569
2813784259_d201044d71.jpg,80807f7e8faf7640
2813992915_f732cf8539.jpg,f8f88f4d4327a462
2814028429_561a215259.jpg,9d28b6269ad9c13e
2814037463_74de97da86.jpg,e98dc9e24e1dc338
281419391_522557ce27.jpg,a25ad537da6941b4
2814406547_a237ef0122.jpg,bf472f93c9464119
2815256108_fc1302117d.jpg,946837370a95cbdc
2815745115_c8479d560c.jpg,8e4c61fa34a1715f
2815755985_0fa55544c0.jpg,8739798e8c705b4d
2815788792_d226215d10.jpg,d2d32533ec46b89c
2816259113_461f8dedb0.jpg,850e9afc7b133531
2817230861_d27341dec0.jpg,e31c1263ed9b2a69
281754914_bc8119a0ed.jpg,c18f6eda486758d8
2817847072_5eb3bc30ac.jpg,d1e663c9a4b2c653
2818735880_68b3dfe1f5.jpg,9582afcdc271f072
2819254573_9ecb5f4d5e.jpg,f3ca3c6144dc8d6c
282116218_7fd7583d6e.jpg,eb921d4cd61bc92c
282131366_5f9a39c43c.jpg,9e9e9ebeae921021
2822148499_eaa46c99d4.jpg,93d3cc3414371767
2822290399_97c809d43b.jpg,8e3233efc4133d26
2822891602_ff61df2ece.jpg,a6486cc16e9a9bf2
2823075967_be4c350e9e.jpg,935a6cad6cdc2c4c
2823200990_7b02b7cc36.jpg,cec9515562c2fc87
2823575468_15f6c345fc.jpg,c949c0b236fcdb4a
2824004868_1fc0a81173.jpg,e4ec9b1ad2d11d1c
2824401212_8da8ab99d6.jpg,924da9d2552b5d96
2824922268_3fafb64683.jpg,922ee409b6d61aed
2825483885_3f7c54db3e.jpg,95d5147ce9921e69
2825540754_5e0c13e6b8.jpg,90c74772b8e7471c
2825668136_107223182c.jpg,a8e9d55632f63189
2826030193_4278ccb833.jpg,c01c27e09d8ff237
2826574228_c63009e473.jpg,84aaf9bfcab58a04
2826647354_650ff5eb03.jpg,d15b48f3cc31b15c
2826769554_85c90864c9.jpg,e3319cccb6b36164
2827964381_408a310809.jpg,b4a7c21c0c53f1dd
2828583747_8cfb7217af.jpg,837c47d2d0a7276a
282960970_574aa1ba49.jpg,b5b4fafaa0e2d084
2830309113_c79d7be554.jpg,9e65cd0e79d03986
2830755303_2b5444ab4c.jpg,c2dd59262bf97a02
2830869109_c4e403eae6.jpg,f3d45c5a435233d2
2830880811_d7f66dd2cf.jpg,a3a406d3c6d5d29b
2831215155_07ba8f1805.jpg,d2e025dd94a62b9d
2831217847_555b2f95ca.jpg,b4cc99a0c09c7cf7
2831313661_1a328acb70.jpg,f3f28c8ecbd87012
2831314869_5025300133.jpg,95294a636bad3e52
2831578193_3c997ae330.jpg,e5bb825d78868f90
2831656774_36982aafdb.jpg,d9583e01e476c69e
2831672255_d779807c14.jpg,9424697b5259c7da
2831723637_30d4456665.jpg,b99a8f2530785c76
2831846986_5534425cfa.jpg,a9a1e5e432cac31f
2832033116_1677ea1e2e.jpg,a895379e8d98d2cc
2832076014_ff08c92037.jpg,c4d9eb9436ac91ac
2832453252_a06f7826a8.jpg,9d3d3d8d09d85a0e
2832487464_2d30634e1e.jpg,bc2fc3ca188d6933
2832978253_8fcc72da3b.jpg,e3ca95c64cb34bc4
2833431496_09d999db4d.jpg,8dc915cb566232bd
2833560457_24aedf3bef.jpg,8d0d726ab9c3867c
2833582518_074bef3ed6.jpg,b2534c2d0fd29aa7
2833820456_143ea6ce47.jpg,fa2d0338618e9ee3
2834103050_512e5b330a.jpg,cf709e23304f649b
283428775_a3665bee7c.jpg,e56edb3926c4803e
2834752476_3177e617f1.jpg,a41f73a70ec14f2c
2836325261_a3bf5c59be.jpg,aba995d292b652ca
2836360729_6500249fe6.jpg,beb58053cb68d82d
2836553263_b1a08c25ea.jpg,99491cc66733ccd3
2836703077_fa9c736203.jpg,cb9c8cc5c7386726
2836808985_b26e4ca09e.jpg,ba8bef6385300cd9
2836864045_9a093cfd65.jpg,9803472e7bd97c70
2837127816_24441e5f7c.jpg,9436a2a5b46aecdc
2837640996_0183db8d93.jpg,d9dabfb5c8c24181
2837799692_2f1c50722a.jpg,8e715a2d69a4c6b6
2837808847_5407af1986.jpg,e6b959a4b618d994
2837908308_8bc25c6b02.jpg,a72a1ae8e88bbf14
2838085973_42b6e9b5b1.jpg,db5a354da23b6710
2838125339_3dd314e315.jpg,c0cfc7e08f5ed01a
2838619742_eed855d8a8.jpg,b1f2489d5e2b9962
2839038702_e168128665.jpg,d4892b56d58f3631
2839532455_36a7dc4758.jpg,c1941ec3336cdc9e
2839789830_89668775a4.jpg,dd5d60a407c3719b
2839807428_efe42423f2.jpg,e5673f19086c31f8
2839890871_4b7c7dbd96.jpg,c5b13a4eb392cc6c
2839932205_3c9c27cd99.jpg,947b441db3ae590b
2840344516_8e15fe2668.jpg,8fc670174fe95a82
2841449931_84a05850ec.jpg,e62f17954b41f05c
2842032768_9d9ce04385.jpg,b741c41d18e76376
2842439618_fb20fe2215.jpg,828ef571350f4ad9
2842609837_b3a0b383f7.jpg,b4512a6f331cd897
284279868_2ca98e3dcd.jpg,ac64d69b1969f189
2842849030_89548af61c.jpg,f83c32a23676c66c
2842865689_e37256d9ce.jpg,87aae1e785dc7a80
2843695880_eeea6c67db.jpg,ceca31b584c4cafa
2844018783_524b08e5aa.jpg,8cc4f1f3e45870f8
284441196_8ebb216d0d.jpg,d99966e426329b33
2844641033_dab3715a99.jpg,ee88819fb2b18e33
2844747252_64567cf14a.jpg,efa6163b49363609
2844846111_8c1cbfc75d.jpg,c2e7ce96099ef061
2844963839_ff09cdb81f.jpg,b3d01f0f5a71e5a0
2845246160_d0d1bbd6f0.jpg,ed31996e266ecd01
2845691057_d4ab89d889.jpg,ca9ac5bd64153ec1
2845845721_d0bc113ff7.jpg,d2d29e8c3574748b
2846037553_1a1de50709.jpg,bc05bfab74d06d40
2846785268_904c5fcf9f.jpg,c93e39c1264ec8cf
2846843520_b0e6211478.jpg,f61c8ca79933329c
2847514745_9a35493023.jpg,909cc38372c337ed
2847615962_c330bded6e.jpg,e77a36299164c8e6
2847859796_4d9cb0d31f.jpg,9f18d84f61ec7981
2848266893_9693c66275.jpg,9362ed18eb24ccb3
2848571082_26454cb981.jpg,e17313c9cde6a213
2848895544_6d06210e9d.jpg,f6d5892aa3c1aed0
2848977044_446a31d86e.jpg,f1d585f84e95f003
2849194983_2968c72832.jpg,95b56ba846669a96
2850719435_221f15e951.jpg,fedc80d0dfdc40d0
2851198725_37b6027625.jpg,eb8d9c0263752ccd
2851304910_b5721199bc.jpg,bd9483d1a7a4e85a
2851931813_eaf8ed7be3.jpg,98296c9bf0e49b33
2852982055_8112d0964f.jpg,81634df616d95dc4
285306009_f6ddabe687.jpg,ca1715ec9a533476
2853205396_4fbe8d7a73.jpg,eca666999934cd64
2853407781_c9fea8eef4.jpg,a594c379c98616f3
2853743795_e90ebc669d.jpg,ece39612959dc12d
2853811730_fbb8ab0878.jpg,fdd5824a6eac2856
2854207034_1f00555703.jpg,d4d481a92b7e5ec2
2854234756_8c0e472f51.jpg,b6569176612b6578
2854291706_d4c31dbf56.jpg,a05b8fe1741e3a3c
2854959952_3991a385ab.jpg,cdcad9682c8476b3
2855417531_521bf47b50.jpg,9b6664adc119a9c7
2855594918_1d1e6a6061.jpg,9a7a9b2594728769
2855667597_bf6ceaef8e.jpg,ee51d1616a383537
2855695119_4342aae0a3.jpg,ce1873ce8d39a147
2855727603_e917ded363.jpg,ee5c10b3646cd9d1
285586547_c81f8905a1.jpg,fbc785f08062fd0c
2855910826_d075845288.jpg,c1583aaf061cbbe3
2856080862_95d793fa9d.jpg,be305d4f02b351d5
2856252334_1b1a230e70.jpg,e7920fcc0cd719a5
2856456013_335297f587.jpg,c65a1917c7c5999a
2856524322_1d04452a21.jpg,9c497136ca9d6c36
2856699493_65edef80a1.jpg,898114af311ef773
2856700531_312528eea4.jpg,a6d039b6b987684e
2856923934_6eb8832c9a.jpg,f71b4ec464a6985a
2857372127_d86639002c.jpg,8fb8954559dea1a1
2857473929_4f52662c30.jpg,dc678a820639dfcc
2857558098_98e9249284.jpg,95978e5c58734e68
2857609295_16aaa85293.jpg,9595159d99992537
2858439751_daa3a30ab8.jpg,b7d9f04c921c3966
2858759108_6e697c5f3e.jpg,99a5e2d294ad3963
2858903676_6278f07ee3.jpg,83f1c911836527fb
2860035355_3fe7a5caa4.jpg,c0f87a1a97e361b1
2860040276_eac0aca4fc.jpg,93d8319fcc83780f
2860041212_797afd6ccf.jpg,a4cdd3305cce61d9
2860202109_97b2b22652.jpg,d8a693f60c486eb9
2860372882_e0ef4131d4.jpg,b943c23f3b5b6824
2860400846_2c1026a573.jpg,991c646bdb9b6624
2860667542_95abec3380.jpg,94946b6b4a5a4d6d
2860872588_f2c7b30e1a.jpg,99a6a69c91dacaca
2861100960_457ceda7fa.jpg,95efc5da4d654406
2861413434_f0e2a10179.jpg,9b8edce383f049c8
2861932486_52befd8592.jpg,e47331cdac3454ab
2862004252_53894bb28b.jpg,c92a1693ed5ea2a3
2862469183_a4334b904a.jpg,e0013bfeb16496d9
2862481071_86c65d46fa.jpg,a007c76ae83dbb19
2862509442_4f5dc96dca.jpg,cea1b18c8e71f88e
2862676319_a9dab1309f.jpg,cb66721e1c397163
2862931640_2501bd36c5.jpg,bfc0320d93ec1ae5
2863027424_9c75105660.jpg,a8a8ad9c8ee8a8de
2863180332_372510aa49.jpg,c5e1444fdcf8981d
2863349041_5eba6e3e21.jpg,bf6f416863435293
2863848437_f2592ab42d.jpg,cd95920f6c931b66
2864340145_d28b842faf.jpg,b399cd4c64733332
2864634088_d087494dff.jpg,d454d7eaca8b11b8
2865376471_43c5e6b941.jpg,e2e251896f56856d
2865409854_afedf98860.jpg,9d12a4cb6e6f06d2
2865564810_5c63328cd4.jpg,8ea5253daaa64d59
2865703567_52de2444f2.jpg,cce5b399d8630e43
2866093652_aa717eb9ce.jpg,8524cf6c785adad2
2866254827_9a8f592017.jpg,ab2ca321cc973d56
2866529477_7e0c053ebc.jpg,d41e636833e3b549
286660725_ffdbdf3481.jpg,9937649993664d63
2866686547_0a67eb899d.jpg,e4e4464be1b0bcd6
2866696346_4dcccbd3a5.jpg,9c45831f7c71dcb0
2866820467_ae699235a7.jpg,ae3512cc2769393e
2866974237_e3c1e267c0.jpg,ca3715edca941366
2867026654_38be983b44.jpg,a78cf8670ca0e3e6
2867699650_e6ddb540de.jpg,d893666d4b4ac369
2867736861_43c9487a65.jpg,c23c34cdcd3e5cd0
2867845624_22e4fe0a23.jpg,ca6eb513a8696d26
2867937005_91c092b157.jpg,9c4b2ccd4be4730d
2867968184_908d87cf2c.jpg,c767a5cb661c6c24
2868136205_3cf679208d.jpg,dc1d9bc993e69026
2868324804_5cc8030484.jpg,c343c3387e6ee8c8
2868575889_2c030aa8ae.jpg,a7478c9c98f2f2a2
2868668723_0741222b23.jpg,b1734ed2726c445d
2868776402_aef437e493.jpg,df29c056e90ab64d
2869009633_ea3cafd437.jpg,b659cba7cc9a4630
2869253972_aa72df6bf3.jpg,d2c2668979f97d04
2869491449_1041485a6b.jpg,f555ceaa28589734
2869765795_21a398cb24.jpg,ec69d39616296b89
2870194345_0bcbac1aa5.jpg,c4cd3f320f2d3293
2870426310_4d59795032.jpg,84a92f76d2c4cccb
2870875612_2cbb9e4a3c.jpg,80ed7e2609c1e63f
2871962580_b85ce502ba.jpg,d84b27e69929e24e
2872197070_4e97c3ccfa.jpg,c7947cc10f780bf8
2872743471_30e0d1a90a.jpg,e00747f958ce315b
2872806249_00bea3c4e7.jpg,e6c21fd283de1893
2872963574_52ab5182cb.jpg,a470db5f8dc834b2
2873065944_29c01782e2.jpg,e2f3851c9e54734a
2873070704_2141a7a86a.jpg,90ac7c3f1f90c437
2873188959_ff023defa9.jpg,f381680c7377a8bc
2873252292_ebf23f5f10.jpg,e4d59d1a58d25535
2873431806_86a56cdae8.jpg,b0794889d6e27373
2873445888_8764699246.jpg,8cb3a34dc633731c
2873522522_829ea62491.jpg,b759d90e65228d5a
2873648844_8efc7d78f1.jpg,d3522469cfcd6c34
2873837796_543e415e98.jpg,ca978bf59e609225
2874728371_ccd6db87f3.jpg,bd34d2c5897b3324
2874876837_80d178ba9b.jpg,9d4afa7e16c24e18
2874984466_1aafec2c9f.jpg,d416173e3c5ed28a
2875528143_94d9480fdd.jpg,e58c749bd915f205
2875583266_4da13ae12d.jpg,eec09176ce31691b
2875658507_c0d9ceae90.jpg,d5d00bcd4687f728
2876494009_9f96d7eaf2.jpg,85ac7b53a4a4699b
2876848241_63290edfb4.jpg,989947a7cb2f4626
2876993733_cb26107d18.jpg,b807e0ff40ad57a8
2876994989_a4ebbd8491.jpg,8a586274774473e7
2877088081_7ca408cb25.jpg,aabab337d4f13880
2877159456_ea4a46b0d2.jpg,8e8ab3b1d978482f
2877424957_9beb1dc49a.jpg,c43173e6ac49179e
2877503811_4e311253ec.jpg,a434d74fa12bce34
2877511986_c965ced502.jpg,b0cb4f326d661b89
2877637572_641cd29901.jpg,9a5d65f21b0da48d
2878190821_6e4e03dc5f.jpg,91e068877f3d0f43
2878272032_fda05ffac7.jpg,80e3e194f3ef88c3
2878578240_caf64c3b19.jpg,a78f1e270f82176c
2878705136_609dfbf318.jpg,8bd36294da7911ce
2879241506_b421536330.jpg,f8fe55caa29d0491
287999021_998c2eeb91.jpg,a39ce535c2ad7096
2880051254_e0ca96b6be.jpg,cc8e634e6ee348ac
288025239_5e59ba9c3b.jpg,c88f1827ce699b47
2880874989_a33b632924.jpg,ebcb32b19999059c
2881087519_ca0aa79b2b.jpg,c4cc6c6bbbb22163
2881441125_b580e3dd4b.jpg,aea410d183dfeccc
2881468095_d4ce8c0c52.jpg,a55e1dbc620a0eed
288177922_b889f2e1fe.jpg,8a61418fab47dfa1
2882056260_4399dd4d7c.jpg,ebd1950ed8392674
2882483779_73c171ac19.jpg,8cd6da64788b332e
2882589788_cb0b407a8d.jpg,b59da3902b9898de
2882743431_c3e6cd1b5c.jpg,92b226a9d99396ad
2882893687_1d10d68f2b.jpg,c07823a3179d1e3f
2883099128_0b056eed9e.jpg,c90e31784fa1ce7c
2883324329_24361e2d49.jpg,c525b343f96b6609
2883907436_82bf4a36b8.jpg,ead69c2bc2348774
2883950737_3b67d24af4.jpg,ac3dd086d682d39b
2884092603_786b53a74b.jpg,cd4eb2c12d1a5aec
2884252132_5d8e776893.jpg,90b33f5b635831a6
2884301336_dc8e974431.jpg,e69999c67c930ce4
2884400562_e0851014fc.jpg,c09f7a60336672e6
2884420269_225d27f242.jpg,8146beb96a46b715
2884651479_12e400ee58.jpg,d196699936cc1937
288508162_1727873924.jpg,a29fc26e2f121a1f
2885111681_dc328ecfff.jpg,d4943cf82b8f8b43
2885382946_f541ea5722.jpg,8887d40b3996ee3d
2885387575_9127ea10f1.jpg,e8c3943067bccb53
2885891981_6b02620ae9.jpg,c604d9eb632f3893
2885912662_a3a2dfde45.jpg,9847473ab8ab8367
2886411666_72d8b12ce4.jpg,cc4cb3f34640b9d9
2886533440_dfa832f2fa.jpg,cacb35155a4b4d56
2886837407_a4510ab1ef.jpg,f2b091e38ececc8c
2887103049_a867e74358.jpg,b01bc64cbbe45f0c
2887171449_f54a2b9f39.jpg,863c59623bda45cb
2887614578_ed7ba21775.jpg,bc06467eb9c3439c
2887744223_029f2fd5fe.jpg,f4cd8b19f92322c6
2887750774_920eb171aa.jpg,81230d9c9d677799
2887798667_ce761d45e8.jpg,b4365bc9045f5969
2888386138_578d21033a.jpg,b2e51512cb5ba8f1
2888408966_376c195b3f.jpg,da4acaf333a1865c
2888658480_e922a3dec2.jpg,a956d5fa098c93e1
2888702775_0939a6680e.jpg,9b2b96b434df9c04
2888732432_7e907a3df1.jpg,952c6696d99d64d2
288880576_818b6ecfef.jpg,c4e8b5948b25d3d3
2890057168_c712f932e0.jpg,95c0eab50ea8f399
2890075175_4bd32b201a.jpg,bdd2192db099d34c
2890113532_ab2003d74e.jpg,a9bbf9d497840664
2890731828_8a7032503a.jpg,cc89b63584df3dc0
2891162278_fbf96be4f4.jpg,9414b5ad2626ef69
2891185857_54942809cf.jpg,da3e7c70dd490385
2891240104_6755281868.jpg,b2618c0ed99f32f1
2891617125_f939f604c7.jpg,915e0e2793193d67
2891924845_92f69b0f18.jpg,97c9622896cd9baa
2891961886_b7a2f0b0fd.jpg,fb7a84c639c0c672
2892395757_0a1b0eedd2.jpg,b2f8c56c5a33e948
2892413015_5ecd9d972a.jpg,a301093bcfcf8f49
2892467862_52a3c67418.jpg,99933c1ae3329ce5
2892989340_bb7e0e5548.jpg,aa6ac995b591c6ca
2892992529_f3335d0a71.jpg,b021cf7e39b0954d
2892995070_39f3c9a56e.jpg,b6e3d91c41b3b324
2893238950_8a027be110.jpg,f9b7c01e6895a0ce
2893374123_087f98d58a.jpg,e39d73c4a5c98652
2893476169_f38dd32051.jpg,f0680b872e67cc8f
2893515010_4a3d9dcc67.jpg,e7769cc8c22dd80b
2894008505_a445ccaaff.jpg,e936068976562bc7
2894217628_f1a4153dca.jpg,b20fbdc3d244714e
2894229082_ddc395f138.jpg,c3f1b5dc0a4871b5
2894576909_99c85fd7a7.jpg,e623bdf4408badc4
2894850774_2d530040a1.jpg,8180208e7f8e4fff
2895403073_906768cafa.jpg,f89c86ab8b626572
2895700779_fac1d9d278.jpg,960969c6a596d2db
2895966469_53e0b29295.jpg,b3131a6f0f1e9433
289599470_cc665e2dfb.jpg,9d526be51c9cd216
289616152_012a9f16c6.jpg,9c29db52e4659b98
2896180326_88785fe078.jpg,ad6ed011abca9ce4
2896298341_92d718366a.jpg,9919ec661c9a8d6b
2896483502_6f807bae9e.jpg,d92d2693996cb28b
2896640216_761a47f006.jpg,ec6cf71713c1b061
2896668718_0c3cff910f.jpg,b589fe648398394b
2897832422_0cbdb1421e.jpg,e043639cb45b4f36
2898304260_a4099a193a.jpg,e0d0fcafc8c1a38e
289860281_94d699f36d.jpg,ea0e8d213b1b9787
2898810636_84fb5c0b63.jpg,f8b2871f42c0b5a7
2899089320_3e7f6bbaca.jpg,a29b4c1cf21dc6b5
2899276965_a20b839cfd.jpg,84ef9e4a2b14d2ea
2899374885_f3b2b1a290.jpg,c60c19561bf8e8bb
2899501488_90d5da5474.jpg,aa0d85566aeb3db0
2899594400_61b4f6c114.jpg,f1bdd81f238f0e04
2899622876_b673b04967.jpg,8378ce837e847933
2900048238_74bd69d87d.jpg,97da29141c666be5
290019324_23582048d4.jpg,da3061c9069e3f2f
2900274587_f2cbca4c58.jpg,9cb34dc5c3b4238d
2901074943_041aba4607.jpg,d131f14b984f4e36
2901880865_3fd7b66a45.jpg,f1b1a1ec8e4e5c23
2902269566_419d9f1d8e.jpg,b1d80fe34cd64639
2902486045_6298eb22ef.jpg,b743d8acc6608cfc
2902661518_1513be3ea6.jpg,cef9636310c6785c
2902844125_4186bf3ab6.jpg,956d4a76a596468b
2903469015_a1e7d969c2.jpg,d4323f4fc252582f
2903617548_d3e38d7f88.jpg,9cf2f010f234f0f5
2904129133_e6ae5a1ec6.jpg,c3361ca8e6c7f688
2904601886_39e9d317b1.jpg,81d887b07d477a5a
2904997007_23d4b94101.jpg,cccc13a6769999c3
2905942129_2b4bf59bc0.jpg,92b6a466b6c8a6d6
2905948395_ca3e6b3c9a.jpg,816be1a13f325ad6
2905975229_7c37156dbe.jpg,e6ed9d811073e6c4
2906054175_e33af79522.jpg,956a18e7877a2798
290650302_ade636da35.jpg,c1765dc6b9ec70c0
2906802485_dfebf09173.jpg,c78338bcc479383b
2907073768_08fd7bdf60.jpg,c1c99b0f1ff08cca
2907244809_07ab2c6b6c.jpg,86a1395c5de3a639
2908466042_bf07cb52c7.jpg,fc5a1bbcb8584ca1
2908512223_7e27631ed4.jpg,a33bfb0416e410df
2908859957_e96c33c1e0.jpg,c6473b79c43099cd
2909081008_9a7bfc599a.jpg,aaf9b49cb2c223c3
2909609550_070eea49b5.jpg,dac965d6495289ad
2909811789_ed8f3fd972.jpg,84ccc97b37c788e8
290982269_79fc9f36dc.jpg,cb8d76d8ad230c72
2909875716_25c8652614.jpg,c6e2730d19dda62c
2909955251_4b326a46a7.jpg,c0dbda1f373224c6
2910758605_73a3f5a5c2.jpg,8b766ea983737484
2911107495_e3cec16a24.jpg,e9a9891c6466e72b
2911238432_33ec2d8cec.jpg,8c3863e73e6603d5
2911245290_b2c79f328a.jpg,c14f18318f66d37c
2911552402_5166bc173b.jpg,d8dcc741a4fe3a81
2911658792_6a6ef07e3a.jpg,c029abe323b76396
2911919938_6bb6587a36.jpg,e5da22ad9493da64
2911928620_06c3fa293e.jpg,bf81601f9479a3d2
2912476706_9a0dbd3a67.jpg,b9e4c41eda71031f
2913207978_9e9624e249.jpg,b3aecc8c31b21af1
2913818905_8e4d9aa82a.jpg,b4e1cb1c34e0cb9b
2913965136_2d00136697.jpg,c9567669ad1e1272
2913972180_547783dd3d.jpg,e6d8d9e6a7981033
2914206497_5e36ac6324.jpg,cbc36566c2c16b4e
2914331767_8574e7703d.jpg,db5a9099296ce4e5
2914737181_0c8e052da8.jpg,c5a5321a3fc4c7e1
2914800692_0c512d27b8.jpg,f4e5847ec25a7a21
2915183095_4ed4aa4f37.jpg,8bcbe77670899c14
2915538325_59e11276dd.jpg,b8f84b8ada36a4e1
2916009941_34a0013803.jpg,bcf477cd884c26a2
2916586390_664f0139ea.jpg,9a8eee6459ca9e82
2917057791_3d68a055ca.jpg,9b4f083dc187f507
2917843040_7c9caaaa8a.jpg,e9ed365218eb6924
2918653119_f535fc25c4.jpg,b9f5c7924e5819a4
2918769188_565dd48060.jpg,8f5ed07364cc5272
2918880895_e61f74f2f0.jpg,e6b11cc6631d3e16
2919459517_b8b858afa3.jpg,89bb26dab2cc3907
291952021_f111b0fb3d.jpg,cd6f77c60602478d
2920305300_a5b1b2329a.jpg,ec84996cd9629ab5
2920516901_23d8571419.jpg,933b6c619b9a24e6
2920969723_83918fe909.jpg,b1275e3dd0e0c50f
2921094201_2ed70a7963.jpg,d2f409da9e02f68e
2921112724_5cb85d7413.jpg,fe4c0fb89d328c07
2921198890_6f70dfbf4c.jpg,dc57a7289a365863
2921430836_3b4d062238.jpg,d2ec9b0725f09c3a
2921578694_a46ae0d313.jpg,99e615e5ca16ea15
2921670682_6a77a6c3e9.jpg,b99996a6ce13ce0a
2921793132_ef19f1dd44.jpg,8f95d0684ab473b9
2922222717_12195af92d.jpg,fe41ce3961663e22
2922512807_d382528a93.jpg,9392a5a9dca5b654
2922807898_b5a06d5c70.jpg,9a33e56c8b997486
2922973230_5a769ef92a.jpg,d8cee7b8272f1848
2922981282_203f04bf9b.jpg,da2a85f4f9b384c4
2923475135_a6b6e13d26.jpg,9566485ab3e5c68e
2923497185_c64004ff2d.jpg,bfe0c487784ab6a4
2923825744_ca125353f0.jpg,89258a6d9966d3cb
2923891109_ea0cc932ed.jpg,9b93640d63662c3f
2924259848_effb4dcb82.jpg,a3c5959a489966be
2924483864_cfdb900a13.jpg,d67a7961963a21a5
2924870944_90ff9eca1a.jpg,e1e99d9694521adc
2924884815_63826aa60d.jpg,822bd07376cb3ac5
2924884899_f512c84332.jpg,cf4fb8c04b7eb006
2924908529_0ecb3cdbaa.jpg,cfaa9475aae68145
2925242998_9e0db9b4a2.jpg,caf62d45d22a45e9
2925577165_b83d31a7f6.jpg,d7346a632cf85a1a
2925737498_57585a7ed9.jpg,9add5f6e20a5426a
2925760802_50c1e84936.jpg,f87a15646517174b
2926233397_71e617f3a3.jpg,9299c83337b64cc7
2926595608_69b22be8d4.jpg,f2058df26a45975a
2926786902_815a99a154.jpg,96037e993ec10ef1
292780636_72e1968949.jpg,cd91d59b926c6923
2927878881_90b42fc444.jpg,e84b5b4c973165e4
2928152792_b16c73434a.jpg,ebc6e4a8d165aa98
2928835996_88b9f9503d.jpg,87d37922f38352b1
292887910_f34ac101c8.jpg,c1e37c1c1fc7c161
2929006980_9f9f8f3d21.jpg,ebe294b56b49922c
2929272606_2a5923b38e.jpg,80bcc046373dbcdb
2929405404_1dff5ab847.jpg,bcc6c3693ec4e069
2929506802_5432054d77.jpg,edc7d79090a6a31c
2929669711_b2d5a640f0.jpg,a524ccdbb217f704
2930318834_8366811283.jpg,eedc1accc06e1c99
2930514856_784f17064a.jpg,9df4ca8ae905f90a
2930580341_d36eec8e3c.jpg,9d29390de54cc753
2930616480_7fd45ca79b.jpg,c8e8e07d9c37251b
2930622766_fa8f84deb1.jpg,a6edd14b3f06a0c3
2931254547_e97c6d0d63.jpg,f6a4def08293e1c2
293151893_ee7249eccb.jpg,d8fa8666655d191a
2931950813_93145c4746.jpg,81c238ef473b3dc4
2932498509_27cb0038ec.jpg,e91a8283b45c796f
2932519416_11f23b6297.jpg,a2b14e9730bb1c67
2932740428_b15384f389.jpg,b8c732648fb20c7b
293327462_20dee0de56.jpg,d6d7081eeb43a3a1
2933637854_984614e18b.jpg,aff0d20efc018f62
2933643390_1c6086684b.jpg,95056db3d2393f48
2933912528_52b05f84a1.jpg,a212962d55d6ed2d
2934000107_d2ff15c814.jpg,a666d9193366cc99
2934022873_3fdd69aee4.jpg,e411de2e53e4115f
2934121315_4969eeda1b.jpg,810c0e134f7c6f7b
2934325103_e9b8d7430f.jpg,fbeb890c3776c280
2934359101_cdf57442dc.jpg,fc171309c1f2adc9
2934379210_4e399e3cac.jpg,cdd60a216d7e12b5
2934573544_7ffe92a2c9.jpg,ec20c39fb4708f6c
2934628301_41ea2e6cf9.jpg,a4db53a4a45ad9a5
2934801096_230ae78d7e.jpg,d77fef64a09100e2
2934837034_a8ca5b1f50.jpg,c167be3e84626b34
2935649082_1ca60180c6.jpg,d4c9682549a2f57b
2935703360_4f794f7f09.jpg,c0c8c4f1e5abacb3
2935986346_29df6cf692.jpg,e4a79ec4114e8ced
2936590102_25036069a6.jpg,94766349ce363d61
2936707421_8e629874b8.jpg,cc5cd36d50526e6c
2937178897_ab3d1a941a.jpg,959e879cdc496961
2937461473_11bbace28c.jpg,d13c3d3ba44a178d
2937497894_e3664a9513.jpg,d3632e91d1cce8f0
2937697444_2367ff0e28.jpg,86570faeb38148ed
2937942758_712be5c610.jpg,d2c2e965769d3960
2938072630_d641b63e4d.jpg,ea8eb191d4d8a0fa
2938120171_970564e3d8.jpg,dfe8c1cd0d1a6994
2938316391_97382d14aa.jpg,e91652edd9a47413
2938747424_64e64784f0.jpg,86ee0139bce667c1
293879742_5fe0ffd894.jpg,828a4e4b7b7356d4
293881927_ac62900fd4.jpg,a2f27393a9a8bc98
2938875913_0ed920a6be.jpg,9935a634b5b71c8c
2939007933_8a6ef2d073.jpg,b0b8ccc7373971c1
2939197393_93dc64c4bb.jpg,df2b80803fcf3c34
2939371251_f923569a72.jpg,83f35e4e1b8a6625
2939464283_fc1a834976.jpg,861b3aacf32632b9
2939475047_84585ea45c.jpg,e4520999e765ed16
2940366012_1ef8ab334e.jpg,a1b8fad2bbd18219
2940594396_20c40947b0.jpg,ee5ad10f3e703186
294098577_c10f32bcfa.jpg,8eada09f8ac3656c
2942094037_f6b36fd3db.jpg,d9c364d9bc8c9313
2942133798_e57c862a90.jpg,dc632689e3ee8c34
2942311160_a154104c62.jpg,b193ccf0f18c8e33
2942798367_022df04b49.jpg,e70838ced3a748bc
2943023421_e297f05e11.jpg,e0790e0687e97697
2943079526_e9033a6556.jpg,a5cc96c55ad9698a
2943334864_6bab479a3e.jpg,b8b049b966cf3351
2943384009_c8cf749181.jpg,c7d0bee371564807
294353408_d459bdaa68.jpg,85cd0f3a30dcde62
2944025729_5aecda30ee.jpg,9aa6355d029b6dd1
2944193661_7b255af9cc.jpg,843e53ad5336ad49
2944362789_aebbc22db4.jpg,8bedf440079b49f8
2944836001_b38b516286.jpg,a79828442869dff7
2944952557_8484f0da8f.jpg,f447b35cc7b80cb0
2945036454_280fa5b29f.jpg,c343a76a1c95fb48
294549892_babb130543.jpg,cb94a649215fb6c9
2946016853_ceca4f5a07.jpg,dc4e4b412d363337
294709836_87126898fb.jpg,f0c30ab8a4e7665e
2947172114_b591f84163.jpg,af31d24c609b369e
2947274789_a1a35b33c3.jpg,cc7ade1be424f10c
2947452329_08f2d2a467.jpg,a52f39984e731953
2949014128_0d96196261.jpg,e556dc7903a5b838
2949337912_beba55698b.jpg,94cbc933a6f9c892
2949353587_64c54e9589.jpg,e23ce7ea089ecc4c
2949497756_be8e58e6bd.jpg,d5d1303e0cd847f6
2949762776_52ece64d28.jpg,97dcd845603eb5c2
2949880800_ca9a1bb7e6.jpg,8d77803dcb14d58b
2949982320_c704b31626.jpg,c5bd2d0313537a3a
2950393735_9969c4ec59.jpg,c397f9501d32e51a
2950637275_98f1e30cca.jpg,a8f259c82d29d2de
2950905787_f2017d3e49.jpg,c3bd4a651a89f21b
2951092164_4940b9a517.jpg,8c4574ebaa34d4d9
2951750234_a4741f708b.jpg,c719f9a3484c33b9
2952141476_fc9a48a60a.jpg,a591dacc58e3ba68
2952320230_26601173be.jpg,9212ee6d9c52ac9d
295258727_eaf75e0887.jpg,9939266ec8d73515
2952751562_ff1c138286.jpg,cc33832771e49d36
2953015871_cae796b6e7.jpg,e3859873c53c96c3
2953861572_d654d9b6f2.jpg,ac139376356543cd
295433203_8185c13e08.jpg,df1580afe1c0c93b
2954525375_9d5ca97341.jpg,83745dcd9a33bc84
2954584849_3c2899f319.jpg,9d5a6237bb08acac
2955099064_1815b00825.jpg,fe84ef4802bc1fe0
2955673642_4279b32097.jpg,8189dafc6c7293a3
2955985301_e4139bc772.jpg,8ea73094e37b1ec2
2956413620_d59de03a06.jpg,d0c5c53f9ec0c07b
2956562716_5aa3f6ef38.jpg,d1ce292cbadbca18
2956895529_ec6275060e.jpg,d26db6b22dcb8264
2957071266_1b40ec7d96.jpg,f0ccc3d0bab92729
295729735_8360f2e64c.jpg,aa29355e8f6b2855
2959500257_3621429a37.jpg,f58c3634cc798699
2959581023_54402c8d88.jpg,aeaad595848aaaea
2959737718_31203fddb5.jpg,843e79521ce77329
2959941749_fa99097463.jpg,e61dd96684897746
2960033435_c20cc7399a.jpg,9213f76c65e52159
2960422620_81889a3764.jpg,dc2438bda1c9d369
2960759328_2d31e4af9b.jpg,b92d07b2f8d90d26
2962977152_9d6958fdd5.jpg,90494e72b53d7393
2963573792_dd51b5fbfb.jpg,9d65146e72139d9c
2963672852_c28043bb2c.jpg,89ad964cb3da6691
2964438493_413667c04a.jpg,d32e2e8f3170b887
2965604928_435dc93bf7.jpg,c3264d66636e3596
2966190737_ceb6eb4b53.jpg,973dac2023eb5a8b
2966552760_e65b22cd26.jpg,a693594d0cd927d6
2967549094_d32422eb01.jpg,c4645fbe3b2b38c0
2967630001_cdc5560c0b.jpg,cb6594db2d84d1ca
2968135512_51fbb56e3e.jpg,9f9cce63b811c12e
2968182121_b3b491df85.jpg,8c9ef2e9c9ca1634
2968216482_ede65b20a8.jpg,dcc087471d3da6e4
2968693931_52d161b8e7.jpg,b5c269340b8dcee6
296873864_4de75de261.jpg,c2f82d8f58721736
2968885599_0672a5f016.jpg,87580ffcc0f7c10b
2969380952_9f1eb7f93b.jpg,cf6672a0c9cfd260
2970067128_8842ab3603.jpg,a4ecc7d6543192d6
2970183443_accd597e0a.jpg,cd8da5beb41a1a19
2970461648_fe14ba0359.jpg,b286a99b72666659
2971211296_2587c3924d.jpg,ce46251f5a24e3e3
2971298546_dd595cf297.jpg,9e9e9c948f0f4e28
2971431335_e192613db4.jpg,a4a4ae1b592bb656
2971478694_79e46ea7e5.jpg,e1754c3bd681dc64
297169473_d3974e0275.jpg,a599b22798a686db
297285273_688e44c014.jpg,afa128396743589f
2972864304_481aeffe50.jpg,eea83b622ef80b0e
2972929655_04233b5489.jpg,ca05c3dafd96c491
2973269132_252bfd0160.jpg,ca44b55b4ac69679
2973272684_4d63cbc241.jpg,dcb92b4646785947
2973638173_0dc21fd443.jpg,f8189643c76d8cb6
2974501005_346f74e5d8.jpg,9fb8c07172bd508e
2974587819_742fb7c338.jpg,9b6278a6b8d8e398
2975018306_0e8da316f5.jpg,c41c37f7588e1f06
2975073156_7543ed326f.jpg,932c621f2ebe950b
2975118353_5af5a5df54.jpg,8811d72bf5782ad5
2975253472_0f0c2dea70.jpg,ce4e18b8e662398f
2975807155_5a8610c297.jpg,a0c8cff7bd9c0843
2976155358_b4dd4407cf.jpg,a6a6a7f3ca68ca88
2976350388_3984e3193d.jpg,a66149bd3464b9b3
2976537455_f3988c2d46.jpg,e1128f35b8ce5e31
2976684095_ce7ccfd423.jpg,9595949098f4ddd9
2976946039_fb9147908d.jpg,c28ddb641a3b649d
297724467_e8918a6f90.jpg,b2794f06f11989e6
2977246776_b14be8290d.jpg,b4e4721b1b3966a6
2977379863_2e8d7a104e.jpg,94d53ae9c5337690
2978024878_a45b282bf4.jpg,d41b3864cf2cb1cb
2978236380_fb24c43f1e.jpg,c73ef8309ee4138c
2978271431_f6a7f19825.jpg,9d6ab78f9462841e
2978394277_4572967b97.jpg,a54a59b56a25dac9
2978409165_acc4f29a40.jpg,966bc1867ad9ab42
2978735290_7464b12270.jpg,8f09923a4178fdc7
2978810122_183e60ff2d.jpg,a5ec927a526955ac
2979914158_5906470b8f.jpg,fe6c885153d2682f
2980118787_2099de53ec.jpg,d6f3e9080cc672f1
2980348138_91cc6f6d0f.jpg,d62f0554a6762796
2980445969_a86f4e6a0e.jpg,f5d7146c66562685
2981372647_2061278c60.jpg,dbe5649e0e23b06c
2981702521_2459f2c1c4.jpg,dba706f1c3c601b3
2982881046_45765ced2c.jpg,a42d59ca3bdaf209
2982928615_06db40f4cd.jpg,811f9e60cd9f32e1
2983555530_a89f1f5ed7.jpg,b890c0f8a4dfdaa3
2984174290_a915748d77.jpg,a6e6f91999090af6
2984704498_29b53df5df.jpg,ed166a8dd5543b03
2985439112_8a3b77d5c9.jpg,c7f8d8c78cb01339
2985679744_75a7102aab.jpg,99b6ac88939fc48d
2986280913_13fb2d472e.jpg,9c92e7ccea585874
2986620935_e97763983d.jpg,d2eba514993278ec
2986671935_0c60bbb3fa.jpg,aca68cd09b69b3e1
2986716822_e220754d32.jpg,a46f193be8250c6f
2987096101_a41896187a.jpg,ccb2cdf2586619a6
2987121689_f9de6c479b.jpg,ca4f3134dcd861c7
2987195421_e830c59fb6.jpg,a45b255329d6bc6a
2987328689_96a2d814f1.jpg,b32ee9986386183f
2987576188_f82304f394.jpg,d3abd7215424e9b8
2987775031_3f9ac69319.jpg,a4a465709a9eff05
2988244398_5da7012fce.jpg,e2799ecb350a71a1
2988439935_7cea05bc48.jpg,ac2c596332b7b1c6
298920219_9a3f80acc5.jpg,8d7a671496a4655b
2990471798_73c50c76fb.jpg,b18b3627d9199f81
2990563425_2f7246f458.jpg,dc3123475cb887a7
2990977776_1ec51c9281.jpg,f2b6ca095883e6a7
2991375936_bf4b0a7dc0.jpg,bac461b90ece4979
2991575785_bd4868e215.jpg,88688eafe8e8ad8d
2991771557_d98fa0a69f.jpg,d624f91936c30e75
299178969_5ca1de8e40.jpg,995b76344ab1362e
299181827_8dc714101b.jpg,943236acb4e7c9e2
2991993027_36ac04e9a0.jpg,84670ba4d09f7fc8
2991994415_504d1c0a03.jpg,b4c18fc10d6cc79e
2991994607_06f24ec7a6.jpg,c6672f8b153ec0f0
2992614450_b5a6692239.jpg,aaaa5535d2546dd4
2992658871_ac786d37a6.jpg,c333cde1369c6570
2992808092_5f677085b7.jpg,8f1462eba9b69658
2992999413_018f48aabc.jpg,e8e7badc0b60f007
2993049054_611f900644.jpg,e4c20b1f3cbc874b
2993167183_2bda95fa3d.jpg,f74003249b5f1aee
2993167197_e5d0a73530.jpg,ca4d78790d2e7b30
2993388841_6746140656.jpg,94736b31376c949a
2994104606_bc2df6c1f4.jpg,c890fc4b97670bb4
2994107810_af56326389.jpg,c1c38f90bab8f4e8
2994179598_a45c2732b5.jpg,d20b2d96f3696d06
2994205788_f8b3f2e840.jpg,811b3cb534be7174
2995461857_dd26188dcf.jpg,c9dd6aed79003625
299572828_4b38b80d16.jpg,f01ddb65f900cc2b
2995935078_beedfe463a.jpg,823d35529f2c6e0f
299612419_b55fe32fea.jpg,bca39b09b0ec37c2
299676757_571ee47280.jpg,f3f49cf0c6030d0f
2998024845_1529c11694.jpg,95151f1d7b327660
2998185688_8d33e4ce38.jpg,b6afc54096ab7095
2998277360_9b4c0192f1.jpg,b066039bfc5847e3
2998504949_1022fec53b.jpg,8208ccf31bfcf2d1
2998861375_02817e0147.jpg,abb930962c759396
2998945968_86f236d1e8.jpg,a3a3f87f191ca2c4
2999162229_80d17099b6.jpg,dcc4e4d69e1c192d
2999638340_75bc8b165d.jpg,b1f8c78fc087c0c7
2999730677_0cfa1c146e.jpg,b7f3430ebee0401e
2999735171_87ca43c225.jpg,c868f074d58dade8
3000428313_8a1e65e20e.jpg,a4c611cbf995db30
3000722396_1ae2e976c2.jpg,e5925969269c9973
300148649_72f7f0399c.jpg,d826338cf779d806
3001612175_53567ffb58.jpg,cc60a31b3be0de0f
300222673_573fd4044b.jpg,fee72c431790428f
3002448718_a478c64fb4.jpg,eac585841d355bcb
300274198_eefd8e057e.jpg,cc919b96961fe04b
3002920707_5d2e6e6aac.jpg,8306f8399ec6c6b9
3003011417_79b49ff384.jpg,d20b15f49e4f43b4
300314926_0b2e4b64f5.jpg,997ee49926c319a6
3003612178_8230d65833.jpg,d639c9c63bb92116
3003691049_f4363c2d5c.jpg,a42eb1d18eae9731
300371487_daec5d11ab.jpg,9c3c4d9cdac25c33
3004287781_c041c09c16.jpg,c54a0a6dbd8716f2
3004290523_d1319dfdb4.jpg,855a38b5826667db
3004291093_35d6fd8548.jpg,d92b241e9d61b39c
3004291289_c4892898ae.jpg,911f05eef2286f85
3004359992_f6b3617706.jpg,8d931caed2e64e52
3004823335_9b82cbd8a7.jpg,d1864c33471e5b4f
300500054_56653bf217.jpg,d5d6ea3185e63189
3005123298_d3017d5f5d.jpg,c6961b1a78653537
3005124440_c096b310fb.jpg,94621985799e5cbe
3005126574_49c28ffbee.jpg,cd6a743673836c68
300539993_eede2d6695.jpg,c04ca87a9f952f93
300550441_f44ec3701a.jpg,d873cf8670f8a603
300577374_bfccb0430b.jpg,b4e68634ef98453a
300577375_26cc2773a1.jpg,e3e3f0070cf0e3d8
3005872315_e6771763bd.jpg,d32ec52e70994ea6
300594071_3450444752.jpg,91177670e34a98fc
3006093003_c211737232.jpg,c93d706666671a39
3006094603_c5b32d2758.jpg,96697c60a4db32ad
3006095077_1992b677f8.jpg,c31b3ce4663e61f0
3006217970_90b42e6b27.jpg,fc4229769463cb9c
3006926228_cf3c067b3e.jpg,db3cecc39c628c98
3007214949_a4b027f8a3.jpg,c7457c3aba3c6071
300765528_8c8f709dda.jpg,9768b08f62d18f5a
3008370541_ce29ce49f0.jpg,e6a293d848add571
3009018821_ba47396e24.jpg,949c8763e1b96c36
3009035153_715e39b440.jpg,919e6fc19c396392
3009047603_28612247d2.jpg,947725aca6b45e49
300922408_05a4f9938c.jpg,d0d6e6d4d0e03537
3009383694_e045c6169e.jpg,f4d98b669b987411
3009644534_992e9ea2a7.jpg,99b32318ceccf907
3012513414_86180c44cb.jpg,8479e1166963d8af
3013469764_30e84e9a0d.jpg,a7e6cf24941a8b71
3014015906_fdba461f36.jpg,d76cb34b8510f872
3014080715_f4f0dbb56e.jpg,cc4d68c4a61779e3
3014169370_fc4059352e.jpg,8644589339f179bb
3014546644_d53db746ec.jpg,d443136a79aa9acd
3014773357_f66bd09290.jpg,c6666b39c4c61b69
3014986976_0e7b858970.jpg,d30cd375a11ba25b
3015368588_ef0a06076d.jpg,9515bc93437c9a63
3015863181_92ff43f4d8.jpg,cc1966cfd8712374
3015891201_2c1a9e5cd7.jpg,8aa26e49adbe12d5
3015898903_70bebb8903.jpg,90a32f6d599c9636
3016178284_ec50a09e8c.jpg,8b0fa7e4cc9c964c
3016200560_5bf8a70797.jpg,806e43a33cdc5d3b
3016521240_2ef20834b6.jpg,914e6cd54be93691
3016606751_0e8be20abd.jpg,a9dba6a9d885b982
3016651969_746bd36e68.jpg,dd9018de871ef8e0
3016708786_3591106cca.jpg,956b009acfddd330
3016726158_4d15b83b06.jpg,93421ffc0c6b694d
3016741474_72b4355198.jpg,93da7ab1915692c9
3016759846_062663f8ab.jpg,b9bcd8d0c08d4dce
3017203816_5dc2a6b392.jpg,867ab46879396c6c
3017220118_6a9212dfdb.jpg,d14d3e6b8f383262
3017373346_3a34c3fe9d.jpg,e99a92a565c7790a
3017521547_f5ef8848e3.jpg,a99950f52b197666
3017656907_c3b137e070.jpg,83469cad63766c2d
3018304737_0a46fc5f1d.jpg,8753782c8433f6ce
3018467501_a03d404413.jpg,af8ddbce18b07302
3018847610_0bf4d7e43d.jpg,8b45a233d99ce627
3019199755_a984bc21b1.jpg,bc98da65e262c387
3019473225_8e59b8ec4e.jpg,c0603f1f2ee3d1e4
3019609769_c7809177f6.jpg,a686a162b7f91c5c
3019667009_20db160195.jpg,f034994b9ecde312
3019842612_8501c1791e.jpg,d548eb6d6d9212d2
3019857541_3de3e24f54.jpg,929ac385cded66b0
3019917636_4e0bb0acc4.jpg,b5301b5b8d6e3193
3019923691_3b3c5a4766.jpg,e0f3968cb4b02bcd
3019986034_7453777274.jpg,f4b60fdaedc60a01
3021318991_fa28e3bca7.jpg,e2859bd8ad4e62b4
3021780428_497542a072.jpg,a2c0f97b56868ecc
302241178_a582c1b953.jpg,c731309c8ee3e333
3023178539_836b50cd43.jpg,c1cc5cb33617372c
3024022266_3528c16ed8.jpg,a6665f19333632ac
3024172109_a10198e1dd.jpg,a6281939a6369baf
3025315215_a5d367971a.jpg,e7e3d612da58c90c
3025334206_76888792e5.jpg,edcd921387ea1a91
3025438110_40af7e6a80.jpg,9335e124deba25c6
3025495499_b15797b452.jpg,c01f6037ad675a9a
3025513877_1a6160070d.jpg,b364645bf08db827
3025546819_ce031d2fc3.jpg,984e27b8cd2798ce
3025549604_38b86198f5.jpg,aaae867019799796
3026102616_3cf350af9e.jpg,bed281bf3d5004d6
3027009366_c8362521e8.jpg,e1565eb82951f256
3027365101_3818be6e16.jpg,958b6a7687c1d1ca
3027397797_4f1d305ced.jpg,d79d0c49a1a3d355
3027399066_ca85495775.jpg,93c36e3cb1c3ce12
3027850131_a7772e0ba0.jpg,a7c078f62d03357a
3028095878_07341efc9c.jpg,b8074733c3ecb0e6
3028404926_2bd27e3e83.jpg,fc7e7aec8c189890
3028561714_83fb921067.jpg,cbcb6161d5d89a25
3028969146_26929ae0e8.jpg,999d266b4f13728c
3029043380_b28644ea5d.jpg,85db9866649bd866
3029463004_c2d2c8f404.jpg,dfc3c188b8b8f0b8
3029472296_d429b1586c.jpg,84b0533f7eea8b18
3029715635_43ab414dfb.jpg,8f8ff4f0f06041a7
302983277_69a4e732e4.jpg,cfd8c4919527353c
3029928396_99ac250788.jpg,8bda1435817ebb13
3030079705_0dee8a3e89.jpg,a4f0352decbca526
3030223792_02b6f2be99.jpg,c4ba954ac58f53c6
3030294889_78b2ccbe51.jpg,c6a7a6cc1b9b9113
3030566410_393c36a6c5.jpg,e62ec7079c403bd9
3030793171_55cd646eed.jpg,8a22e447e678b3cd
3030823649_3b7b6c728d.jpg,c2c25bdde5261aca
3030824089_e5a840265e.jpg,f3ded8d8c2262691
3030962048_f71948226c.jpg,b1cbde92360d24ec
3031263767_2e3856130e.jpg,d47cc19746d3a079
3032790880_d216197d55.jpg,b3384c551bb3a6c5
3033210806_3ffc0a231a.jpg,b8908acfc4cf2c76
3033257301_e2c8a39b04.jpg,966378286dd897c3
3033612929_764d977bd5.jpg,c0ca1ee197b696b1
3033668641_5905f73990.jpg,aaa81d27399b666c
3033686219_452b172ab0.jpg,e9e8935e8843ef21
3033741581_136889ac73.jpg,e641fcb61913e5c8
3033825101_44a4390f16.jpg,b32d4cd2d2de4926
3034585889_388d6ffcc0.jpg,b3c1ce3c389cc333
3035118753_69287079dc.jpg,f0f7b281bb88ac89
3035785330_2fd5e32bb1.jpg,e8575568ca1d8d6a
3035949542_cb249790f5.jpg,e67451c1e1f1f168
3036033157_522a43a550.jpg,999992a6aea4d353
303607405_f36edf16c6.jpg,a85b572d61b252d3
3036382555_30b7312cf3.jpg,d835620c49dadbb6
3036596725_541bbe0955.jpg,89987066d6de4c3d
3036641436_d6594fc45f.jpg,8ae96f4a193572d2
3036971334_78187a9570.jpg,f1a5ced3d2787050
3037558954_20115165e3.jpg,a7f4b3e0c4b2cc62
303795791_98ebc1d19a.jpg,d32ba8da83496ca7
3038045802_93f2cd5fbc.jpg,c671f98c6bd81649
3038760935_9a713510eb.jpg,84943479cbcb7636
3038941104_17ee91fc03.jpg,936bec6419963699
3039209547_81cc93fbec.jpg,b13089f17f20a37e
3039214579_43ef79f931.jpg,97036a90796b3b1d
3039675864_0b7961844d.jpg,da38a76eb89316c8
3040033126_9f4b88261b.jpg,f8fbe1615c10633c
3040051410_6205682ba3.jpg,e4ce2d51c05bb4ae
3040575300_0e4328d205.jpg,cc3119d87685f1ad
3041170372_c4376cd497.jpg,f08aff0483754bb1
3041348852_872c027c16.jpg,d60d2c7ecac4166d
3041384194_04316bd416.jpg,9c2f58d6641b92e5
3041487045_b48ac7ed08.jpg,893134c76699d19f
3041645937_ff7591d134.jpg,8ebb72d4b38c5944
3041689520_c481bdb20e.jpg,d3b4600bf6746533
3042173467_14394234da.jpg,877a24da299c53a7
3042380610_c5ea61eef8.jpg,9530030ffe39ecc6
3042381160_ffe2b16808.jpg,ba0abc09695ec17d
3042405316_ba3a01926b.jpg,8c044fdb92f32379
3042483842_beb23828b9.jpg,c7e5a83d9e46d830
3042484940_0975a5e486.jpg,c3fce1c9c1d1d283
3042488474_0d2ec81eb8.jpg,c986163b3614b5bd
3042679440_010b2c596c.jpg,8be4f87b7f8d8400
3043266735_904dda6ded.jpg,b1c36abcd503c23d
3043501068_be58ac47e1.jpg,f3b10c71f38d0ec2
3043685748_130db75e3b.jpg,dc94855db2a47273
3043904009_3b5e0412cd.jpg,d90c44bd644731ef
3043908909_bb54d2c08e.jpg,ffb3c0b4680c23dc
304408047_98bab3ea64.jpg,cdc4fbad2612294e
3044359043_627488ddf0.jpg,f57179e3a0c07163
3044500219_778f9f2b71.jpg,fd02370ddab72192
3044536048_e615466e7f.jpg,80a79d4aefa4729a
3044745642_1d0784ff29.jpg,bc36978b626ca662
3044746136_8b89da5f40.jpg,9b9d7d4e183b0d48
3045613316_4e88862836.jpg,cad46b3994add503
3046190891_05c6ecd9b6.jpg,9e49652c75d2332d
3046259614_614394e024.jpg,c7263c69b85ee24a
3046286572_d2050ab0d9.jpg,dcb04b90ee3885fa
3046429283_08de594901.jpg,9a9a66dad8509376
3046430047_d7b10123d0.jpg,94946b7ba52d43ca
3046431231_dc48851062.jpg,c11970de372e2b74
3046916429_8e2570b613.jpg,e63a49a417d423cf
3046949818_245b05f507.jpg,c90992c38f365bcb
3047144646_2252ff8e04.jpg,aa818d2f90797f29
3047264032_14393ecea8.jpg,996ba67a8d12699c
3047264346_e24601bfbf.jpg,961e6f6561239a9a
3047749814_621ed0786b.jpg,fc9ec1f118cf1170
3047751696_78c2efe5e6.jpg,d22d36faa349d264
3048211972_db71d104c2.jpg,86f9ecc61c2723cc
3048380686_732db55281.jpg,eb1746389f4bb460
3048461682_e89f81b1c7.jpg,d38e6969b67090da
3048597471_5697538daf.jpg,a5d0ca9edd886ec1
3048821353_83d4c0cbb9.jpg,b4934b4d6a34b595
3049649128_d83d847168.jpg,9bace5a6246d4699
3049770416_0fb1954315.jpg,ccb9878d3b78d860
3050114829_18bc5a6d7c.jpg,95cb5c36e9695225
3050264832_4215f2b398.jpg,99164658eb336d96
3050606344_af711c726c.jpg,eb8d9c0263752ccd
3050650135_23f9d9d2f8.jpg,84f4fb1bda484a69
3050976633_9c25cf6fa0.jpg,fb090626a4d8d9eb
3051125715_db76cebd1e.jpg,916c6eb3c9aca172
3051341320_1d0166e775.jpg,e4bcd8a63f6882c3
3051384385_c5c850c1f8.jpg,9c9681b34f497578
3051754615_3d6494c2ae.jpg,99098d2cd6e5a4dd
305199420_89f6ddd778.jpg,bc41bec1c2bc0b73
3051998298_38da5746fa.jpg,cc48c1b363621f9f
3052038928_9f53aa2084.jpg,89cfb4b8ee54d124
3052104757_d1cf646935.jpg,8a4d51ca6cb5fb82
3052196390_c59dd24ca8.jpg,9856e0ad0f33ebe0
3053415073_5b667230ed.jpg,935a8da54def6510
3053743109_a2d780c0d2.jpg,8787fb290ae2e507
3053785363_50392f2c53.jpg,fe69d116447ba0b1
3053813297_7ce5f87710.jpg,cdccd6d7b7111034
3053916979_848d32261b.jpg,833ddcc996850ddc
3054200086_657d4398e8.jpg,dab54903575cc4c7
3054989420_3e755ca352.jpg,968ebceb2c50e742
3054997030_797096dd12.jpg,83474eb8b9c60e79
3055716848_b253324afc.jpg,8492951d5b39b6cb
3056530884_27766059bc.jpg,a2ece9a77d086546
3056569684_c264c88d00.jpg,e394594fb1374689
3057497487_57ecc60ff1.jpg,fc034d3183acff30
305749904_54a612fd1a.jpg,cea5a327852f1879
3057618932_3b80ae85de.jpg,86f8b9874cd97324
3057770908_3fd97f79f9.jpg,d329ed93b4b049f0
3057862887_135c61816a.jpg,ebacb410ce1ec8e3
3058439373_9276a4702a.jpg,be92da2dd58bb050
3058627443_1d57ff0a2c.jpg,8d5aecb4638c1cd3
3060519665_4d6b9a51b2.jpg,bbb7a712d658c034
3060594966_030658d318.jpg,b2546bd2b532592b
3060969260_08f43e4f4f.jpg,9f199ca22199723f
3061481868_d1e00b1f2e.jpg,ef4ad03506dabb90
3062173277_bfb5ef4c45.jpg,9ab209e11f09e57d
3062273350_fd66106f21.jpg,d568e2f288d55a96
306315650_e064f5c677.jpg,d4b7ddd532ca1405
306318683_5f1f875191.jpg,e698a91ba66c345b
3063544435_10516c6937.jpg,98a4b3cb661b6336
3064097919_e536ab9693.jpg,d33ec4699fc2310e
3064383768_f6838f57da.jpg,f818c36f874a3d34
3064716525_b8418d4946.jpg,f53b93e4cc8a321c
3065468339_4955e90fd3.jpg,f0a35bc74706b233
3065560742_f6e266ccd9.jpg,e80dff7a84c9c9c0
3066338314_2c3fb731d1.jpg,acacedc6423f0317
3066429707_842e50b8f7.jpg,f3f309cc26911bcc
3066491113_86569e15be.jpg,dc192367465b9935
3067500667_0fce8f28d4.jpg,9b6ba40af271b58c
3067885047_f69d90c35b.jpg,ef40583f278b99b0
3067971348_69af5bb309.jpg,e8e0451f0f9d646d
3068407619_5207b26986.jpg,b6ae0d630e0ee378
3068735836_872fba3068.jpg,d381a5ecf65a6c30
3068945309_ff0973e859.jpg,b561d6e431ef20b1
3068994801_b2bc079e67.jpg,ea2b11e837c46a97
3069037969_bb7319e0dc.jpg,e6519934c916f9d2
3069216757_c419b3898e.jpg,9d3794a425999bc9
3069282021_e05e1829f3.jpg,b32c2c33cccdb32a
3069786374_804e1123ac.jpg,926470792c695d9f
3069937639_364fc11e99.jpg,87ced1ecf822055b
3070011270_390e597783.jpg,b399cc663199cd4c
3070031806_3d587c2a66.jpg,d23a4565737a192b
3070130228_67dcfee9ae.jpg,f391c5681bb172a6
3070274658_fc39fd4f84.jpg,926c6d9366ad5b84
3070485870_eab1a75c6f.jpg,df71e54ea4618c8c
3070713991_8696796937.jpg,c4d817e32b55651d
3071676551_a65741e372.jpg,aed2d1a9d8493666
3072114570_e1c0127529.jpg,9c0ccc4e616d37b6
3072172967_630e9c69d0.jpg,cdce6026a3d2b49e
3072611047_109bf8b7c3.jpg,e58b94b1274ed18b
3072730593_b7322d2e05.jpg,c61dabd0a7be1514
3072782873_3278f3b3a7.jpg,cc44f65919c76399
307301755_48919ef1b2.jpg,f45ad9e3eb289094
307321761_606fc91673.jpg,c940b0c09f9a37fe
307327914_f98f576adb.jpg,cf64c29b933c3266
3073535022_4af81f360c.jpg,cdb312ccf904d39c
3073579130_7c95d16a7f.jpg,a70f582803fa3ec7
3074265400_bf9e10621e.jpg,b4b02f2951c7eb2a
3074617663_2f2634081d.jpg,e548999e97936272
3074842262_62b1b2168c.jpg,ba2a6ee4f91c0693
3075068274_2a28a5263b.jpg,96b437039cda6758
3076052114_233f42ae5b.jpg,b967463b0087bdc5
3076928208_5763e9eb8c.jpg,8139d6e25ad93cd2
3077166963_fe172c709d.jpg,e58891f5abcae415
3077781040_bc27778609.jpg,edc456b35314da8c
3078229723_2aa52600de.jpg,eac48f8d35625a9c
3078844565_16e9cdcea2.jpg,d887631818b3f78d
3079073247_97e88e2eb7.jpg,d135ca4d34ca749b
3079341641_f65f6b0f8b.jpg,b51ff01ecd083b1a
3079786914_fe598b0e54.jpg,ce3070c39a8b8f8f
3079787482_0757e9d167.jpg,9d92584a4ecf2b2d
3079917032_3cfacb2fd7.jpg,cbd8d4803b8b7d25
307994435_592f933a6d.jpg,e08da9134b93f365
3080056515_3013830309.jpg,fbcc2c825aa92ccb
308014594_f1d5e75507.jpg,edc956721b252d19
3080891382_edf83dde18.jpg,8b9decc3c3bc10ca
3081182021_22cfa18dd4.jpg,d33a9662329ee698
3081330705_7a1732e12c.jpg,e3f18c78a411e67a
3081363964_d404eccae8.jpg,eac61c708dfac670
3081734118_6f2090215c.jpg,c99d739a33322663
3082196097_2d15455b00.jpg,e30778700eda2eb9
3082474922_9c3533eaf6.jpg,916ece3169869eb1
3082934678_58534e9d2c.jpg,88c5d1e2c8dacee6
3083016677_5782bc337c.jpg,caabb784f1e0061f
308307853_5a51fbdecc.jpg,e463939bcccc98b2
3084001782_41a848df4e.jpg,b8422fdb93cc9329
3084010872_cbc3ea8239.jpg,b2c86d0597cedaa8
3084011028_d1e2c40d7d.jpg,fee90197d28686cc
3084011664_76d37c6559.jpg,eb4f7c24ece042e2
3084018061_df66d98325.jpg,8a1f573a28b8b857
3084034954_fe5737197d.jpg,8873778f09a53e2c
3084149186_4bc08b0752.jpg,97b6ece3d2958508
3084380974_268a0f9236.jpg,989047e1373f5cf0
3084711346_fda0f5a3e6.jpg,a9b1dece23285e31
3084731832_8e518e320d.jpg,af2d86d2d1ac4ec4
308487515_7852928f90.jpg,de9632b39919a466
3085226474_62aba51179.jpg,952d6a97a5942d72
3085357792_efcf297c71.jpg,dcfcdc80f078299c
3085667767_66041b202e.jpg,c93688d97b26788b
3085667865_fa001816be.jpg,c4249b5925e7d69c
3085973779_29f44fbdaa.jpg,a0744a4fbe3edc42
3086507638_d8a2cd0ac3.jpg,fab8a5c5e5c24a1c
3086523890_fd9394af8b.jpg,90696b9e9d691a96
3086526292_f799d237c7.jpg,8a0a5a63bbf095d5
3086790344_9487c58624.jpg,99b28c9e9595cccc
3086810882_94036f4475.jpg,f1dc7f394f030905
3087095548_6df7c2a8ed.jpg,fad2cd81062d6cec
3087485737_cb09bc80b6.jpg,c44c1b1366ece6e5
3088074124_481139dc92.jpg,bbccd706186b5aa4
3088322308_b0c940b3a3.jpg,8f947c473de09724
3088399255_1bd9a6aa04.jpg,bbc1543eaa117ba2
3088572348_264c47f78c.jpg,94a34f66a44b39cd
3088677667_4a8befb70e.jpg,e0d32034cfc94bed
3088922727_4bdf2ccc94.jpg,a1a1d566cf4f8147
3089107423_81a24eaf18.jpg,a6a059487ea3b66e
308956341_642589e9cc.jpg,b4f2c9caec4cb071
3089742441_d42531c14f.jpg,e59dbcb262420773
3089842255_359ccf5c40.jpg,b69f4f7064008bbd
3090386315_87ed417814.jpg,ec6933b70c938a5c
3090398639_68c0dfa9a5.jpg,bab459c822f44e8f
309049466_1d7e7d5fc2.jpg,e3351f4d0c3a3173
3090593241_93a975fe2b.jpg,f27c011b60b69fb2
3090600019_8808fe7a9d.jpg,d3513d1e64663e8c
3090957866_f1b2b7f214.jpg,9698888e4c6c6fd7
3091177347_58c85c1c3b.jpg,9ef8d2646993264d
3091338773_9cf10467b4.jpg,ce4149f63693199e
3091382602_60b9b53ed1.jpg,95c1c11eeeb14d8e
3091580843_178042c50b.jpg,90744740fc1f97a7
3091594712_2166604334.jpg,b6b0e9c052478df9
3091912922_0d6ebc8f6a.jpg,f98a720d3337ce22
3091916691_b1c96669c6.jpg,a12d08f2e8bc1f1f
3091921457_83eee69591.jpg,8d0d598d53e41bf8
3091962081_194f2f3bd4.jpg,88f45c632cbd339c
3092200805_dd1f83ddbe.jpg,8ec1f1fc2e019cab
3092370204_029b6bc10a.jpg,c03f6f1c93c2293d
309238565_2d5d8dc8bf.jpg,d298e727c3d0e9c1
3092756650_557c5f2d03.jpg,d6596c02e4b74b69
3093970461_825b0cac2f.jpg,ee911a933465d966
3093971101_543237971d.jpg,e3998cc6e63831e3
3094064787_aed1666fc9.jpg,d2ce8db5700a8fc5
3094278545_febac56382.jpg,b3b34c8c81cec6f1
309430053_cc58bcc36a.jpg,f626d998e6a69988
3094317837_b31cbf969e.jpg,cc6d925ec12d49a7
3094568845_d0b56c5651.jpg,c2e62cd86713b1bc
3095137758_bdd1e613dd.jpg,e9d9d63b21b09525
3095225232_2e6e6dc92e.jpg,d3a452adc89be598
3096163135_584901a5ae.jpg,8dcba5d4e99c5a22
309687244_4bdf3b591f.jpg,9cdff8986288c999
3096918227_f9d26a7db2.jpg,c5aa0b14c56d3fca
3097171315_0ba7d283b1.jpg,a2b7848fe3c3c21e
3097196395_ec06075389.jpg,8d8c347647533b3a
309771854_952aabe3cc.jpg,b998d8e19c379964
3097776588_312932e438.jpg,e5cad815937e6c48
3098336319_a7e5b061d0.jpg,c73962c206f29de3
3098707588_5096d20397.jpg,96e32d0e2d3c6ab4
3098714492_19939e3b19.jpg,c73898873c67e266
3098824948_23c31df031.jpg,9b67649c799c6390
3099091086_f75f0ce09d.jpg,ea83110baeec53da
3099264059_21653e2536.jpg,c42b1639c9966b9e
3099504809_565e17e49d.jpg,c33b7191bdb60b09
3099694681_19a72c8bdc.jpg,dede2901230fce33
3099923914_fd450f6d51.jpg,ebeb5d74c2c80836
3099965396_2a0018cb9e.jpg,8c8a8a55d1f3f2f0
3100251515_c68027cc22.jpg,cba38d4452da9ed2
3100442775_6e2659b973.jpg,e92980f07e0c9f4f
3101378069_f8caa14c0a.jpg,cfcec53171e32a50
3101796900_59c15e0edc.jpg,f86b0441d3dd63ac
310213587_778fe8fb5b.jpg,db3505e8981a27cf
3102204862_f1d220230b.jpg,d14ebe79e0658f10
3102363657_dc95fe6850.jpg,ebca96e59710a12e
310260324_7f941814bc.jpg,faae2a896d916496
3103185190_eb8729c166.jpg,ace6b01bd92664e6
3103231330_db98b14501.jpg,d9c8a1df8ae4c253
3103264875_2a8d534abc.jpg,d3bb64648893d1ec
3103340819_46de7954a9.jpg,eb6e2ee119a618b1
3103587323_7f093d5b90.jpg,944f64c73136cf49
3104182973_5bb1c31275.jpg,b699c5e049e509e7
3104400277_1524e4f758.jpg,bff9c88440675f81
3104690333_4314d979de.jpg,8c9c8ae2f3d36564
3104909823_0f41dd8be6.jpg,d0198d1299fcda9b
3105315670_5f86f73753.jpg,92ccc75b8e52f903
3105623068_392b767a7b.jpg,c6880477dfd9346c
3105691757_817083b0a6.jpg,a5a2babd64c69b24
3105929913_94a6882e25.jpg,a25cdf8a257235c6
3106026005_473a7b1c8c.jpg,f3180c78ece7872c
3106223494_52d4d2d75d.jpg,9cd0e4d6d9945393
3106340185_80d0cb770a.jpg,fc8c9c9436b49d25
3106562372_e349a27764.jpg,b2b389a4d31aee2c
3106782647_b078830a9e.jpg,fcf841c3639a3c8c
3106787167_e5f2312622.jpg,cba49f50704fc3b4
3106791484_13e18c33d8.jpg,92f9e417cd58f103
3106857210_07a92577fc.jpg,a7fc4c93d16c0746
3106883334_419f3fb16f.jpg,a1af979630f233b0
3107059919_0594269f72.jpg,f35ce4e3cc68988c
310715139_7f05468042.jpg,e6a49dca0cc3d369
310728631_155c3bbeea.jpg,dae42d38a9cd14ae
3107368071_724613fc4f.jpg,dc0d5b7bc4b5058c
3107463441_7c68606450.jpg,9ad8e423073fc587
3107513635_fe8a21f148.jpg,c7e9943a3750588f
3107558821_f3b205d4ed.jpg,8cd68fb0fa3f044c
3107592525_0bcd00777e.jpg,c619679a38c79a6c
3107889179_106d223345.jpg,c2e8abb7ad5250c5
3108197858_441ff38565.jpg,bd5b21c8e30d7d44
3108378861_d2214d971e.jpg,a5db623c54abc117
3108544687_c7115823f5.jpg,e7c5d8f0c590383d
3108732084_565b423162.jpg,d8d1872e59352eca
3109124656_626b596d5e.jpg,f00ed75826d764aa
3109136206_f7d201b368.jpg,ea95156b3672899c
3109268897_d43797fc6a.jpg,e16d583e0f1b2cd1
3109688427_d2e702456c.jpg,a75bd8bb888417e4
3109704348_c6416244ce.jpg,d1602819f6ea7b5c
3109780402_dbae082dc5.jpg,914d3e83e3d8a51b
3110018626_307a123b59.jpg,dca1b54b3c345669
3110174991_a4b05f8a46.jpg,c7b04b4f3978186b
3110614694_fecc23ca65.jpg,e5679a9894636726
3110649716_c17e14670e.jpg,cc969e5733a4a139
3111208043_dbe8e87fa1.jpg,e3334eccdca92136
3111402233_6285bcba7a.jpg,bceb838594e06a7a
311146855_0b65fdb169.jpg,e5e4894ad8e29a9e
3111482098_11c0f4f309.jpg,80d395bd218653fb
3111502208_71e2a414f5.jpg,834e6d3e3c31329b
3111897772_5211a37a02.jpg,ae12d12da2a8ddd6
311196733_03966b4836.jpg,c1f32ea6a03362eb
3112635165_2d614d7c1a.jpg,f03c9ecee4c88aa6
311267421_e204e643cf.jpg,a4a4a4a6a2b737b5
3112821789_1f7c3bbb99.jpg,d3127ce413dcc627
3113322995_13781860f2.jpg,f4490b76d1ae8ec1
3113682377_14fc7b62b0.jpg,db9b356466c61436
3113769557_9edbb8275c.jpg,deb7b63ed0d08070
3114944484_28b5bb9842.jpg,e41f6a7905bf14c2
3115174046_9e96b9ce47.jpg,b6a4496b9f2d0ac3
3115354165_44dbeec6c1.jpg,8efc51416a9c3e0f
3115901702_f07aa0ef74.jpg,af25da52b1f1930c
3116011063_f4071ccce6.jpg,a29d9862cf1a70e7
3116039960_54d1d68145.jpg,eacdc147f52c2632
311619377_2ba3b36675.jpg,9566629d6c857ad1
3116379964_86986750af.jpg,c024b91efcd6ad92
3116731299_6139b25c18.jpg,b2b14ddc2f9e1823
3116769029_f5a76f04ba.jpg,8eaf7e1916f0581a
3116985493_04b1dc3345.jpg,b179c153a6473c71
3117336911_a729f42869.jpg,c967268cdef36824
3117562746_62f57a02b5.jpg,a64ccba7accd4351
3118425885_f0cc035032.jpg,aa22d37b302ec774
3118505332_b0792489b5.jpg,c82e75cf25989e23
3118534315_cc03e5ddab.jpg,ce89922fb05bd4aa
3119076670_64b5340530.jpg,9143b96ebc2c972a
3119696225_b289efaec8.jpg,9c8c03af913de339
3119875880_22f9129a1c.jpg,fad0f8b2f6a091a2
3119887391_212f379797.jpg,bbd8ec22a2a594bc
3119887967_271a097464.jpg,aee2528563cc9b9c
3119903318_d032141839.jpg,d56bc7942b943c83
3119913014_688d4997d7.jpg,f7db0cd601a15ba4
3120189281_1938460e85.jpg,b847c7b83153e8b1
3120266797_47e7d91614.jpg,d8d84747caba3744
3120648767_812c72eabe.jpg,cb6b929225a5d595
3120953244_b00b152246.jpg,c66959966b30153f
3121482932_f77ca12c01.jpg,e5ad9c2a7b960853
3121521593_18f0ec14f7.jpg,a3aa8e446d6ce6c3
312156254_ef31dca5ed.jpg,a9669f9a243b361a
3122497129_d08f5729b8.jpg,e61b99646499d366
3122579598_14841c038a.jpg,b3654c9a8c6d329e
3122606953_a979dd3d33.jpg,e666b49949697554
3122773470_b622205948.jpg,91a0c6cd1619b7f9
3122888809_9ae9b4b9b2.jpg,bbc6c63939c3261c
3122938209_2b2c6c1fab.jpg,95c9d5b4a72789e0
3123351642_3794f2f601.jpg,8667351a1aa9adcd
3123463486_f5b36a3624.jpg,a425db9e963261cd
3123526484_02952e40fc.jpg,8ab5b3cc37323d09
3123770450_cedc16d162.jpg,fd67c2983e276160
312427606_defa0dfaa8.jpg,801f87fc17017b73
3124549928_10904a5a83.jpg,e94c7470d53318bd
3124838157_7ef96745b7.jpg,e488cb63ad4ccd4b
3124964754_2e8a98fb09.jpg,c78139f8c8c6c787
3125041578_c1f2d73b6d.jpg,9241cdba334f1e59
3125158798_0743dae56e.jpg,a8b38794d328c75e
3125309108_1011486589.jpg,e7e39818e6e55056
3125628091_25a31709df.jpg,af80db62e562b391
3126225245_96cd2c053f.jpg,99999fb465319694
3126681108_f88128699c.jpg,9c61839c5d7e622e
3126724531_f483e1b92a.jpg,ffa080177fdcc083
3126752627_dc2d6674da.jpg,9d799a96850dd8b4
3126773489_7ae425af17.jpg,8e16326bcd55859d
3126795109_73920ed5dc.jpg,cc4c313c7c70f38b
3126981064_1e803c3d7f.jpg,aed8d425a912f52b
3127142756_bf0bfcb571.jpg,f648083739d13775
3127614086_9f1d3cf73d.jpg,ce0e3839e36a89e6
3127629248_a955b5763b.jpg,cd1736b90eacd928
3127888173_9a9a8ac3bd.jpg,ce1d696239b9a531
3128164023_ebe8da4c32.jpg,c4c63f3bc0c4333b
3128514681_a51b415c31.jpg,9999b0646d49dbd2
3128856481_86e5df4160.jpg,95ac6a56591c364f
3130064588_6d1d3fa2dd.jpg,9a93c4b487c591db
3130093622_362f32f2bb.jpg,b93c969f8f2c6242
313051099_1bb87d6c56.jpg,9491c35ea64b986f
3130970054_04a3865c43.jpg,b43493b3ce0eaba8
3131107810_7e9b96cddc.jpg,fea89157937e8640
3131160589_dc73c209b7.jpg,81964d3738cd4e3b
3131632154_098f86f4cb.jpg,a527cbf01e9b9069
3131990048_369b081021.jpg,ecae4ad2d2d0a43d
3132006797_04822b5866.jpg,9236e569385b079b
3132619510_7dfc947d25.jpg,95586a3790e5d4da
3132760860_3e743a935d.jpg,87b87826a5de2cd8
3132832452_c354c6396c.jpg,8269699796196cdd
3132903412_b4780d0ccf.jpg,b16cb194314ee1cf
3133044777_8cc930a4ec.jpg,c6554225c94fbb3c
313326614_b2adbe59e0.jpg,d06a9279966fb261
3133403457_95dfe11da1.jpg,c64c383b631b13f3
3133825703_359a0c414d.jpg,c638094730b6efcd
3134092148_151154139a.jpg,81b96e06b1730fdc
3134341610_3c55e373a7.jpg,d3db699c860de862
3134385454_4f1d55333f.jpg,ca1565d2e71ab358
3134387321_3a253224c1.jpg,c9b03663c1998ecf
3134387513_ceb75bea0a.jpg,878a382ce5c69eb9
3134585858_a8c3493ca5.jpg,9ac9ee24368595bc
3134586018_ae03ba20a0.jpg,f3fd00430697d3f0
3134644844_493eec6cdc.jpg,ce9d80d69ab28c7c
3135504530_0f4130d8f8.jpg,a44af745fa9c4469
3135826945_f7c741e5b7.jpg,965b62f48fb40a53
3136043366_b3f8607a0e.jpg,833c7cd327eee401
3136404885_f4d8f1d15a.jpg,f6c6cceec1a82d11
3136674757_57406c305c.jpg,9cfd709868c6954b
3136688093_568b053bdf.jpg,d36d39a45c966c8c
3137061312_eb5fdcf3fd.jpg,c03373629f9d3662
3138399980_d6ab8b2272.jpg,d2f38eb0b14c0ced
3138433655_ea1d59e5b7.jpg,e28593d1cb4c9f29
3138504165_c7ae396294.jpg,f924a7dbd4422587
3138562460_44227a35cf.jpg,a585d41e72496b7a
3138746531_f6b816c126.jpg,9b74648b8755fa60
3139118874_599b30b116.jpg,96c4b939d694c61b
3139160252_75109e9e05.jpg,c6b93906f2f0d90d
3139238055_2817a0c7d8.jpg,9e9c9496928a5b79
3139389284_f01bd4c236.jpg,9712ca6d35965a69
3139393607_f0a54ca46d.jpg,8824d746f6d941b7
3139837262_fe5ee7ccd9.jpg,f2099d465ba8167b
3139876823_859c7d7c23.jpg,8b82b475df0b6299
3139895886_5a6d495b13.jpg,b6c0c92f3fc68619
3141293960_74459f0a24.jpg,d2193d76c25a1e36
3141440149_00becbbb93.jpg,c78b4ccccacaa1b6
3141613533_595723208d.jpg,b8e749386ea6a698
3142055158_01b9e4caa4.jpg,e9ddd7ce4ca8090c
3143155555_32b6d24f34.jpg,d26b2c8d1ac1fc36
3143159297_6f2f663ea6.jpg,b5c1869df12b30f1
3143574389_8a4048fbe2.jpg,dc532999f68918b3
3143765063_a7761b16d3.jpg,aeae99c2113c363e
3143953179_1c08c023a5.jpg,e4e6e5389ca73198
3143978284_ac086be9a3.jpg,f11c061f2b9966b9
3143980056_7a64a94b58.jpg,9c77236c8d38a66a
3143982558_9e2d44c155.jpg,9d6342b66725d872
3143991972_7193381aeb.jpg,cb2341cedb74a5b0
3144705706_391d7b77c7.jpg,ada202bdadcab88d
3145869775_85dfae43bd.jpg,a4190e0c7c7c65f7
3145967019_1a83ebf712.jpg,d42f29707cc3a48f
3145967309_b33abe4d84.jpg,c41b5bb062d327ec
314603661_51e05e0e24.jpg,c072b919b64f946b
3146232740_df3da0163b.jpg,9b5e6561ca909e99
3146355833_1b7fc80210.jpg,8187e7f4f1374461
3146630574_05d9ebbed1.jpg,ecc913e46c93db24
314685044_da4390728e.jpg,b8cd8d572f214764
3146937399_8c046b7b1a.jpg,f0544df8c74db066
3147217787_ed21cd4990.jpg,ce31aeb32b0e2b0b
3147758035_e8a70818cb.jpg,b874ec5e5e783105
3147913471_322ea231d9.jpg,c91c6d30f3816f74
3148193539_de9dd48fc8.jpg,bb87f2d4c49a6a44
3148286846_40ae914172.jpg,c56a2e9c7a07857a
3148571800_c5515e6c3d.jpg,c76338cac3c3e1c3
3148647065_2d6cd88cf6.jpg,c4d1731952f626e6
3148811252_2fa9490a04.jpg,c01d38622f669beb
3149038044_c7c94688c6.jpg,916d66791973e04e
314904143_5a216a192b.jpg,cb9a1a263cf9f025
314940358_ec1958dc1d.jpg,aedff400f17b8284
3149804151_1cc8d10783.jpg,8bbd862f914bb1c4
3149919755_f9272b10b3.jpg,b7c4403b3ec6c939
315021440_122d56ebd7.jpg,c66d7e23611e8867
3150252702_828a570d46.jpg,9d63ca15f748b154
3150315970_8f045c41a4.jpg,b19cd2f199f21d06
3150380412_7021e5444a.jpg,9ad86c874f8933c6
3150440350_b0f2a9e774.jpg,c2ce9c936b4e1a69
3150659152_2ace03690b.jpg,9189cca78f0b86eb
3150742439_b8a352e1e0.jpg,9e9be4947368932c
315125146_d9a8e60061.jpg,b34a56a569923cf4
3151365121_e2a685a666.jpg,f3448c3371cecc33
3151492269_28d8edaa68.jpg,cdcdc3941c4ec98d
3151860914_46e30cd5ea.jpg,ede49695931a1ac3
3152317129_177b4678b7.jpg,b0f09918f8a666ee
3153067758_53f003b1df.jpg,b8fc77534a8ca581
3153828367_5fc2c37c07.jpg,cef33724c1b00be3
3154152744_4e93ec8a62.jpg,e90c97763a99adc0
3154293126_e52bd07524.jpg,8439a6533b95fa0d
315436114_6d386b8c36.jpg,b322c3dac6e1aec4
3154528397_89112faf4b.jpg,8fae92c3cd995125
3154641421_d1b9b8c24c.jpg,dd5922338966fc1c
3154693053_cfcd05c226.jpg,9e09e507bc71d28e
3154709407_9b0778cbeb.jpg,cd0f6730fc163853
3154813159_58a195236d.jpg,d225293b5bccb626
3154886184_ac842655b6.jpg,dc09fb66847027ce
3155279929_d1cddbe7cf.jpg,a4d79b99ec2c3132
3155361712_2cbf59c78e.jpg,ac7e994e8b6a822d
3155365418_43df5486f9.jpg,e1d5a243ca173d35
3155390408_8e1a81efb2.jpg,c644f0f3273d1927
3155400369_69e3d6d70f.jpg,ffc683f1a0e08e86
3155451946_c0862c70cb.jpg,c13e09d7f0c7329c
3155501473_510f9c9f6b.jpg,9278361c39c7b4e3
3155657768_b83a7831e5.jpg,daf0c436e54e66a4
3155987659_b9ea318dd3.jpg,a2a286c17b5b8b9d
3156113206_53c2a7b5d8.jpg,a7df2facad428212
3156406419_38fbd52007.jpg,dc3f033c1ec3c16a
3156991513_3bf03333d8.jpg,eb174c718b263d91
3157039116_d82da4e66b.jpg,9aca672ca1339676
3157220149_cc3c8cc84d.jpg,b8d477020f3dd8c6
3157622277_9f59b4f62f.jpg,beddc08796c26961
3157744152_31ace8c9ed.jpg,e3e54c7a5a3831a3
3157847991_463e006a28.jpg,bc9cd213c32cdd2a
3158327361_6f1a518228.jpg,dfcc0e3734d3a844
3158680604_c1f99b3946.jpg,b4e0fba46a4ae945
315880837_90db309bab.jpg,e106966be9b41e63
3159092624_66af4e207e.jpg,dc1a1b91b1aca5a7
3159424456_f316bdc1d5.jpg,8c36b3896d259967
3159447439_c1496cbaea.jpg,d3fca6240c8c6677
3159569570_dff24e7be9.jpg,868ff984bf60d05a
3159641529_c2c74f3eaf.jpg,96332c4c1b77345b
3159995270_17334ccb5b.jpg,e0467c78bcb34363
3160531982_37f5636b8a.jpg,95ac6e93a2729369
3161044966_27bf6f9dec.jpg,913f4fc040eb3f46
3162045919_c2decbb69b.jpg,a6f2c90d1cd9ce0e
3162095736_cc41dd41ff.jpg,e18bca8db578c23a
3162289423_4ca8915d0c.jpg,851a7b39c6857a78
3162442331_c9711857c6.jpg,9d4e4cb3e63ec148
3163068926_d28ed3ef53.jpg,e75e87fce1160861
3163198309_bbfe504f0a.jpg,ac6bda9025e9cb26
3163273640_8d3ef22eaf.jpg,dad5f81a6114d47a
3163281186_e2f43dfb5f.jpg,bdc6ca26d038b3c9
3163323414_d1ce127aa6.jpg,ff8196a060dac5d5
3163477256_073605e06e.jpg,e2188d8ecdd62be4
3163563871_cef3cf33ea.jpg,9253ed2d13d28d2d
3164328039_2c56acf594.jpg,98ec0943e71366ed
3164347907_2813f8ff0b.jpg,e59ed12b315520e7
3164415865_612f9fd8bc.jpg,a620d90664fef2e5
3164423279_9b27cb6a06.jpg,e66c9999336626cc
3165123595_8db9f918bf.jpg,ac93d36c38a59723
3165750962_e2e3843679.jpg,a569d27bb8a438c3
316577571_27a0e0253e.jpg,f0e40b13132f6e9d
3165826902_6bf9c4bdb2.jpg,d6126be92d64d392
3165936115_cb4017d94e.jpg,af31b08799cbb198
3166366760_e43cf66eda.jpg,c6c7c9c585cdc187
3166578139_33500f7e8a.jpg,86bfd995b4240e59
3166969425_b5ace2f9c2.jpg,c5964ba4731dc46b
3167365436_c379bda282.jpg,d99a2e4d07260d7b
3167379087_927ff05a35.jpg,990ce636b6736391
3168123064_d1983b8f92.jpg,a7ba9c09b12561b7
316833109_6500b526dc.jpg,d25b4d4d491ba565
3168354472_866fe70d36.jpg,a4139a1c9a6c79de
3168796547_0c14b368f9.jpg,fa0da30c9b5ab668
3168841415_c0705a327a.jpg,b16043bf9c9f030f
3169276423_6918dd4da1.jpg,b9e995924acb2c35
3169394115_2193158cee.jpg,c91277cb9c6886b3
3169591322_d0b6d0cd04.jpg,cdad1212d92d2df2
3169777863_d745865784.jpg,df9680d5e9e13c30
3170110692_d1e0e66cee.jpg,b4ec81d36b2d7264
3170551725_1276644eab.jpg,ce00b2ff193d8770
3170802797_3c851bb475.jpg,983527c94b34f46b
3170856184_efabfd0297.jpg,d9c848d7d616958d
3170897628_3054087f8c.jpg,c662e4e666e61a9a
3171035252_dba286ae5c.jpg,99b6ce193243bc66
3171066023_ec60ba30f3.jpg,d34b99623ac2a53b
317109978_cb557802e1.jpg,e3c7a6f81b92603c
3171188674_717eee0183.jpg,ad3ed839de88288d
3171250845_5ae0d2a8bc.jpg,ff64c1511f9a9096
3171347658_f0d5469c56.jpg,d10dc63b6ce94867
3171451305_f87b9e09ee.jpg,c6293db187665996
3171651115_e07b9d08f6.jpg,f3a984c71e78640f
3172280520_e7655fb596.jpg,85529a689d3659fc
3172283002_3c0fc624de.jpg,d02f7eb0923cc993
3172369593_eb4d787ffb.jpg,82c2915d336f3b2e
3172384527_b107385a20.jpg,dab95c5240bc9763
3173014908_b3e69594b6.jpg,d1c51e332bdc4571
3173157541_70b16b4318.jpg,994f07a6648b9ad9
3173215794_6bdd1f72d4.jpg,b2b45d290f1646ed
3173461705_b5cdeef1eb.jpg,bc53c36e7033462e
317383917_d8bfa350b6.jpg,f16d8cb2c643b989
3173928684_4ea0ee5114.jpg,81e0633195a66fdb
3173976185_8a50123050.jpg,acf1c456dc34836b
3174156702_95a1cda2d9.jpg,9827277e30157b99
3174196837_800689a2f3.jpg,8f4012707fc0b1ff
3174228611_6cf9d2266b.jpg,d84b653a0964f3cd
3174417550_d2e6100278.jpg,d012366dc919b3f6
3174431688_ae84778db0.jpg,cc63231c5cf2f18d
3174453534_fcc927c647.jpg,d512b6c416bdad85
3174713468_e22fa7779e.jpg,bc6b43407c8ee333
3174726084_c108de0a64.jpg,954a63b1d85cc8cf
317488612_70ac35493b.jpg,b286d9499b66665c
3175434849_859f09fe07.jpg,82873d7d78c82e17
3175446111_681a89f873.jpg,d32d137e7865c682
3175712926_5a470d0886.jpg,991d36c6123a9fc3
3175849727_bf30b892cb.jpg,bc6c633f3f008393
3176072448_b84c99cf7f.jpg,966d3b92ecc1313c
3176131893_7181c733aa.jpg,9cd32b5c530df88a
3176277818_235486a3cd.jpg,a8aa3f71859dd434
3176278670_195eea071c.jpg,85974343035d67f5
317641829_ab2607a6c0.jpg,8c2db1267e32e92d
3176498130_52ab9460b2.jpg,ccec6292d6cd4d92
3176968956_d942a93513.jpg,b693ccead2924d8a
3177298173_78cea31d64.jpg,a636cc8e99669b19
3177468217_56a9142e46.jpg,c33c7d87bda92481
3177799416_5bd0382370.jpg,8207db1537e61d1b
3178005751_fca19815ac.jpg,fe4c93a788d295c1
3178300150_d4605ff02c.jpg,9c25f49e81636f2a
3178371973_60c6b8f110.jpg,90c4e7f0396b6a6a
3178489390_13a6ae7524.jpg,e5929a89c149d5ed
3178599352_c57fdebcd2.jpg,fc9bc0603bce613a
3179336562_c3d0c0a3bd.jpg,c070675d9b362d8b
3179952488_c1c812a03b.jpg,d7d0dfe2808c8e1d
318070878_92ead85868.jpg,f58e47185de912d2
3180806542_49b6de312d.jpg,f9d80667671d18f0
3181322965_ce9da15271.jpg,cdcdd9e98041932f
3181328245_7c04ce1691.jpg,f41be196e1681778
3181409177_edb09c2718.jpg,c0ef97d01f1358a5
3181599388_68559cfc17.jpg,d00fec34b34b2d9c
3181701312_70a379ab6e.jpg,9632d5c9b63269b2
3182121297_38c99b2769.jpg,a31a9cc463f19c9e
3182161610_4d349b257f.jpg,b90ee2f98bf6a801
3182258223_5b9c8a8c55.jpg,b45b53a8d1da6ca4
3182405529_7692256746.jpg,b34ccc338efd4c06
3182558164_488b819f14.jpg,97fc6802977849c7
3182570190_48214e54c7.jpg,91d12e4ad4ac5e9d
3182996527_70d9c323d5.jpg,c9ed5f5f52c20305
3183060123_ea3af6278b.jpg,bd50c66cd173968c
3183195185_cd0ff994a1.jpg,f680366ef00ef03b
3183195653_11b66acb34.jpg,cd16e5e2a08ecb72
3183519385_311555d5f5.jpg,e4a61bd364ac9b51
3183777589_460a4f445b.jpg,eb662699332c8d93
3183875944_b2be694e06.jpg,86cbcc84e3ba954e
3183883750_b6acc40397.jpg,d0363a79617b2369
3184031654_34b5c4ffe1.jpg,c23f682dc5c6b3b0
3184112120_6ddcd98016.jpg,823f68875c336dc6
3184206563_5435f2b494.jpg,84cccb32e6bcb991
3184891327_8785194e3c.jpg,820ef5e578ea8339
3185371756_ff4e9fa8a6.jpg,aab4c7c8c9656cd2
3185409663_95f6b958d8.jpg,f38c4ccc4c336ecc
3185645793_49de805194.jpg,e4041d1b72fa3b93
3185662156_c877583c53.jpg,f28b79308e649bd8
3185695861_86152b2755.jpg,9baedad3c6932025
3185787277_b412d7f5b7.jpg,ed7476a9a984e688
3186073578_6e115f45f5.jpg,f4c461a1c5edac36
3186412658_2ab2ebd397.jpg,8bf476c0051f9f16
3186527735_6e9fe2cf88.jpg,9a5a8c0d2797f4f0
3186556417_b2d6921a20.jpg,bebd1d0991621d1e
318667317_108c402140.jpg,f10c0c734e7227b7
3186863842_5832573c5e.jpg,9ed8d86362a4d786
3187096035_65dc416291.jpg,c1aa7d170a6a3975
3187117682_986ffd6b67.jpg,963eaad14945aeb1
3187364311_4c2a87083b.jpg,b1b187cf4e4c4ca6
3187395715_f2940c2b72.jpg,de5aca7b88404f9c
3187492926_8aa85f80c6.jpg,ad54722cd54b6636
3187924573_203223e6c0.jpg,a6510959676ce1f3
3188036349_8e4e2d6ca8.jpg,e7278acb9296a68c
3188044631_ca3a9cc737.jpg,fbc9a01f9b64c06a
3188319076_71724fcc07.jpg,e5b49a0d6d6726c1
3189002057_3ef61b803e.jpg,98c74738e727b8a1
3189251454_03b76c2e92.jpg,d5a583782f1e21c7
3189293145_35dea42679.jpg,858ea7a59cde8a8c
3189307452_aebc12380b.jpg,cf5290b1d4f8b11e
3189521080_133777bce5.jpg,d32999d11b917d85
3189941492_a3f4347b1a.jpg,da2ec59139569666
3189964753_a95536ced9.jpg,a5e9ca47169e5da0
3190677999_60bbd330fd.jpg,e5ce93654c338c65
3191027142_33e86636ca.jpg,ccc4654f8bd37232
3191135894_2b4bdabb6d.jpg,cdc8c191383ef7d0
3191805046_77c334b506.jpg,d52af33dd88812e3
319185571_56162796da.jpg,8919e7b166d62663
3191982761_88793192ed.jpg,cc82729cdf849fc1
3192069971_83c5a90b4c.jpg,d5cc82fc19e39ec0
3192266178_f9bf5d3dba.jpg,f7dd88225ef2a10c
3192311620_99bda27fbd.jpg,e3988e4e2c74a673
3193335577_9bdbaf9f70.jpg,f3f68489197f68c0
3193511842_82549c21fb.jpg,8c5bb11bd4326357
3194134352_bc1b2a25d7.jpg,d3221a1dd4eba26b
3195040792_a03954a19f.jpg,a9434349deb1a5ce
3195147187_a073d59fa8.jpg,a6d6c0788d1f61f8
3195188609_01afbe46e6.jpg,c9899d1c383d5d55
3195701071_81879257f5.jpg,cbdbd191a286b634
3195969533_98f5de0fab.jpg,bb1db4724b1dc1c1
3196100539_102fe877b3.jpg,920ff9588f61a927
3196995975_3e38eabf01.jpg,f22119ac26055fdf
3197247245_9c93b60b8a.jpg,95fcc867b3d64890
3197482764_2f289cb726.jpg,f514f6c30ee4b8a4
3197791645_601908f26b.jpg,87f39c87ba122d45
3197891333_b1b0fd1702.jpg,f7d0cca3652638b1
3197917064_e679a44b8e.jpg,b80d463b3f38706e
3197981073_3156963446.jpg,c60f1ff16831917c
3198231851_6b1727482b.jpg,b838369393cbc94d
3198237818_cb5eb302f0.jpg,b3c3981c6ced4d13
3198247669_7493af04a7.jpg,a49392e4cdd2da6c
319847643_df7c2a1d25.jpg,ce8018fe9933d363
319847657_2c40e14113.jpg,9cfcbe867a626290
319851847_7212423309.jpg,85c95b66c2857df0
319869052_08b000e4af.jpg,bd9e62a1c9669349
319870744_0e0138d205.jpg,e7a09dda0805e76d
3198962089_e647d1b0cd.jpg,f34c409134de9bf4
319938879_daf0857f91.jpg,95cbf6559255c01b
3199460792_deef518c01.jpg,c4393b4454ebea8e
3199645963_a681fe04f8.jpg,a3bcd087d8ccb4b4
3199895624_4f01798c6f.jpg,d9db3289b4632c9c
3200120942_59cfbb3437.jpg,b8679a6d92699668
320093980_5388cb3733.jpg,bfad82f0d4832b4a
3201427741_3033f5b625.jpg,ab97d0ec6cd9c038
3201594926_cd2009eb13.jpg,c982e7b0dcf9f024
3201666946_04fe837aff.jpg,bdd0076ec44a5db8
3202255152_08973fa3d7.jpg,f8699687c365391a
3202360797_2084743e90.jpg,9d3fe2c61381d62c
3203453897_6317aac6ff.jpg,b0836f3d93c3cc32
3203707977_cc9448fecb.jpg,8c8c6b39b4625b9b
3203742047_6a55065411.jpg,917e92bc81d3c966
3203872773_6c30f64be3.jpg,e63699493036c76d
3203878596_cbb307ce3b.jpg,be3ed1c164361a99
3203908917_53e53c03d1.jpg,d2e163c535b8f071
3204081508_0e7f408097.jpg,de83317c441b3bc5
3204354161_caf89ec784.jpg,bbb766e0888c8ec3
3204525212_d548c7fca7.jpg,eeb180939f8ed0d2
3204686006_88f04547b9.jpg,820d8d97925a5bf3
3204712107_5a06a81002.jpg,85f28b94385f3cc9
3204922011_185e48949a.jpg,d3bdac72065d3984
3205214191_29b42b9b09.jpg,bc3fd3b0825398ca
3205336477_037d4b6bd9.jpg,8e37315c8a93725e
3205754736_32c29b5208.jpg,e490b9bbd19d91c4
3205839744_24504ba179.jpg,81968dd964edb332
3206058778_7053ee6b52.jpg,f91c4607b9d9d146
3206919175_e3a11b6874.jpg,9bad436679f30123
3206999917_e682672cbc.jpg,ce17836a7ca9c5b0
3207264553_8cd4dcde53.jpg,a816d7e9820f75c9
3207343907_995f7ac1d2.jpg,fc7dc188c5e18077
3207358897_bfa61fa3c6.jpg,87a0b89dd5c1d959
3207654194_43d6bebd68.jpg,ce4bd91cfbc214a2
3207676216_48478bce97.jpg,af40f82783df7064
3207775692_bb897d9afd.jpg,d27998d22d27e193
3208032657_27b9d6c4f3.jpg,8424a7c9635fd5d1
3208074567_ac44aeb3f3.jpg,f3d24d4d6c1e6234
3208188198_2b271d2a2e.jpg,921a56a68f8b5567
3208553539_2bf6c6d162.jpg,f8c78d32c14ef12c
3208571574_6dc1a461c5.jpg,bfd2c2f46c29ba80
3208987435_780ae35ef0.jpg,cb3c90649b9e7391
3208999896_dab42dc40b.jpg,ccb1b54e43b8b1e4
3209350613_eb86579ee8.jpg,989ea6c23d795166
3209523192_05a4cef844.jpg,a558d2242d9bc67d
3209564153_077ed4d246.jpg,a41edbe4246b6743
3209620285_edfc479392.jpg,b8a3031c3e2e676e
3209966887_5b744bd050.jpg,f22cf79844d34a87
3210359094_ee51285301.jpg,bcc7c12c2fb84339
3210419174_d083a16f77.jpg,972c41de4ec95a53
3210457502_c6030ce567.jpg,8e4e7379d83834cc
3210705660_2b14b7fb36.jpg,86464f39b8f24a97
3211029717_2affe6bbd5.jpg,a49f254ed0390ef3
3211199368_ca78387f72.jpg,953dfbc2c520703d
3211210739_3dea005fde.jpg,d31e1c19c2cf9d68
3211289105_e0360a9c7f.jpg,dee1b0384bd0a5e5
3211316116_a2462e327d.jpg,c4c0c30f3572eb67
3211437611_bd4af3730b.jpg,cfa6b089f2c4661d
3211453055_05cbfe37cd.jpg,a572186d67921c6f
3211556865_d1d9becf69.jpg,d52a16ddab146b94
3211577298_14296db6fd.jpg,e66458495d75939a
3211581957_df2f7e2236.jpg,a6b219190f3f7646
3212085754_35fdc9ccaa.jpg,c227fdc876668896
321229104_3cbaf0f51c.jpg,d5aad52d12ac59a6
3212456649_40a3052682.jpg,b7e6f40987c81da1
3212465975_b657f40eed.jpg,b0354dccec65c5d8
3212625256_685bc4de99.jpg,d9f4e3bb860e0c58
3213395965_2a823c6865.jpg,bbc086c9fecc4e0a
3213622536_31da7f6682.jpg,878f4c656bb194d4
3213992947_3f3f967a9f.jpg,e59b1c4da41af30b
3214100656_80cda1b86b.jpg,abb02c36f183c0fd
3214151585_f2d0b00b41.jpg,85b7ba52996d4c2c
3214237686_6566b8b52f.jpg,a9ab1256a53b4a6e
3214381315_b54f5c9be4.jpg,eb9aa91dc6d0cc85
3214573346_d3a57f0328.jpg,82873d7d8612752f
3214579977_fa9fb006a6.jpg,bc3cc0915ec33373
3214885227_2be09e7cfb.jpg,c4cf8c90b8fa17b1
3215081286_d55541aa6b.jpg,cf2130dccfc33c38
3215108916_0473007b47.jpg,c0c03ebf429e3e27
3215117062_6e07a86352.jpg,ca6fc79098325f98
3215238223_29de2b35cb.jpg,ca815366b1bd4e4b
3215315009_47577bf8f7.jpg,f40ac2fd09d227d3
3215695965_69fbeba3d5.jpg,f1f9880cec9087ee
3215847501_c723905ba4.jpg,cccc6433f3633391
3215870337_c92a1a1b2f.jpg,beb0366bc44f111d
3215896272_e9b4b547a9.jpg,bb444c3bbf88e02e
3216085740_699c2ce1ae.jpg,d8b8e60c43cfe8c3
3216762979_813c45a8ec.jpg,a45b99656b348cd3
3216829599_366a43f05e.jpg,cc599162a6d35f8c
3216901052_269ace7b3c.jpg,9d49279b4c2653e9
3216926094_bc975e84b9.jpg,8dab06d6516876da
3217056901_fe2c70377d.jpg,f884dfab05d2a983
3217187564_0ffd89dec1.jpg,cda5845af0c30f2f
3217240672_b99a682026.jpg,c8b87525e707a599
3217266166_4e0091860b.jpg,95343a626dcd92b3
3217291172_10ef70af88.jpg,cbca165ee8305d8b
3217620013_8b17873273.jpg,b5045b36da6b095d
3217893350_57be430d06.jpg,f899b6e7434641e8
3217909454_7baa0edbb2.jpg,8e2837dc842c5fd9
3217910740_d1d61c08ab.jpg,e4e5c5b1771c1ac4
3218480482_66af7587c8.jpg,c80af4757a3e074b
3218481970_1fa627b3da.jpg,d5ea941c32b5d427
3218861747_5c5c547b66.jpg,d5e55216c6c63333
3218889785_86cb64014f.jpg,991fc9c836e01f93
3219065971_702c4e8c34.jpg,ef2e9cd24a18c9cc
3219122000_bd6b4ae5ff.jpg,cdf380dc07733cc4
3219210794_4324df188b.jpg,91634cb0e28d73ee
3220009216_10f088185e.jpg,c32265e8b0b5dacb
3220126881_b0a4f7cccb.jpg,94d3ccb6c7911cc9
3220140234_e072856e6c.jpg,c149643b0e1dbd6b
3220151692_d398ef9779.jpg,bba796b0b9380633
3220161734_77f42734b9.jpg,8849f5357ab2324f
3220200084_3ea129336e.jpg,ee31c04c3f738c66
322050103_145f7233c6.jpg,82a8ec1787ec9e87
3220650628_4ed964e5b4.jpg,931a7662913fe41d
322103537_184367bf88.jpg,9c3c5ff81860c373
3221036999_3f7b152d8a.jpg,d0dc15a68027afe7
3221128704_d1205db79b.jpg,b0b00cdfe72c1ad3
3221815947_76c95b50b7.jpg,a62e1939e6e4195b
3222041930_f642f49d28.jpg,c2e27eff62369240
3222055946_45f7293bb2.jpg,d37129b2f72c4871
3222250187_ef610f267e.jpg,d68daba66c791216
3222496967_45d468ee66.jpg,a595dc6910a69e75
3222702477_34d2d24f1f.jpg,f0585a6969c79393
3222749441_3bdfe088e3.jpg,bf914ed039c7c01d
3222842866_cb85243ce4.jpg,c7f9f890628d4cf0
3223055565_68973f5d20.jpg,e9419ef5c53ae10c
3223224391_be50bf4f43.jpg,f81e8fa9ecc3d022
3223302125_f8154417f4.jpg,fd7f80807a88857d
3223606402_bb2aa6db95.jpg,9fc3f1dcdc0c0703
3223709894_97824ba76f.jpg,9c9c98b9a5cd4c63
3223809913_ae15d14d9a.jpg,85a77f5ac96126c4
3223973114_6c15538ce9.jpg,a127dd1a9ab694a3
3224227640_31865b3651.jpg,e1111e2cad52becd
3224560800_8fefd52510.jpg,cc62331d1e37d9c8
3224578187_749882c17f.jpg,c1853c9175db9b25
3224904543_679fe05c41.jpg,ae41c9eea2105ecf
3225025519_c089c14559.jpg,d685e8ecec690396
3225037367_a71fa86319.jpg,acb41b0e5bd8ea85
3225058391_a12d38d911.jpg,d0af46318b3c72b6
3225226381_9fe306fb9e.jpg,bb68d0970f647239
3225296260_2ee72b4917.jpg,8d41633ed2c30f9d
3225310099_d8e419ba56.jpg,a89297ec6893a56e
3225478803_f7a9a41a1d.jpg,e4d6db99a129266a
3225880532_c8d5d1d798.jpg,87b113965a6ac36d
3225998968_ef786d86e0.jpg,e67b19a686836978
3226254560_2f8ac147ea.jpg,d41e3a3569696565
3226541300_6c81711e8e.jpg,863573cb5c7a6292
3226796100_08c49cfa5c.jpg,bce6c1d8d9177a20
3227111573_c82f7d68b1.jpg,9b549537c732c683
3227140905_1d7e30e4c4.jpg,93ca95ccda344fa2
3227148358_f152303584.jpg,cccc30333730d9cf
3227423095_5049951eab.jpg,dca1235e8f7142b9
3227499174_07feb26337.jpg,cc3b334443ce9ce3
3227594168_3351722aae.jpg,916e5f02e1990eb7
322791392_aa3b142f43.jpg,ec9c923b99e8643c
3228069008_edb2961fc4.jpg,ac92d98e2231df39
3228517564_74b00a923b.jpg,8703092574fbb7b8
3228793611_8f260ea500.jpg,e7e9c7968cc1d0e0
3228960484_9aab98b91a.jpg,cad3d3db332c4ca0
3229282764_a4a515f4e2.jpg,d56d0d1bdae05117
3229442620_fd47d01b59.jpg,ec93936d96061b96
3229519418_040f05ced1.jpg,a2a045cde299bcdd
3229730008_63f8ca2de2.jpg,bb2f8e1294dd4326
3229821595_77ace81c6b.jpg,878f4c71e2ce1d31
3229898555_16877f5180.jpg,c619796466939d1d
3229913073_e7857a5966.jpg,c4aed8bb46c69839
3230101918_7d81cb0fc8.jpg,9e1bf56185e218dc
3230132205_dccfafa5ee.jpg,ff7b7e06010628dc
3231237864_8cb1c6d863.jpg,e4e21f9869679698
3231575742_31732664cf.jpg,e6575b64d2596470
3231596071_f0c522a639.jpg,b88567e13c9ac36c
3231751379_10ebf7150c.jpg,e4405a3d71ae8d3b
3231880001_193a579b97.jpg,93ad53c72c31c9cc
3232030272_b2480a5fe7.jpg,e4f0961e27f9588a
3232252882_05db7c2216.jpg,a459ab4603f97c87
3232470286_903a61ea16.jpg,80695f7d6c794307
3234115903_f4dfc8fc75.jpg,e33289a5d6c4c793
3234375022_1464ea7f8a.jpg,e83e3eb660729ac8
3234401637_84e0d14414.jpg,d6d2da2d2dd2b02c
3234719720_5bb2fc5ffa.jpg,b89d4b4495bb3364
3234890865_bb3c316968.jpg,ccce31d0cfcc3c26
3235076435_1eaa40bd0a.jpg,85edda925b533036
3235542079_2fcf4951a1.jpg,d46a1f2959f2b1d0
3235746553_a40416c00e.jpg,ece51a3263cf8833
3236447445_eecafdf4f0.jpg,da0cadd383a393d2
323657582_b6b6d8f7bd.jpg,90c7299c707327bb
3236677456_75821e3583.jpg,c686d039897bcf64
3237760601_5334f3f3b5.jpg,b04fdc315fe69812
3238654429_d899e34287.jpg,f870ff9c41639c84
3238951136_2a99f1a1a8.jpg,84a63b93ee9429da
3239021459_a6b71bb400.jpg,f227a59ada752292
3239480519_22540b5016.jpg,e9ec86b39892134f
3239866450_3f8cfb0c83.jpg,965249a459b6967b
3240014971_ee2ea8406f.jpg,f6531ab4cc3b09ac
3240048764_acce8af2a5.jpg,d5c562f0959d8a9a
3240090389_97a8c5d386.jpg,946bb3344b92b49d
3240094420_a9eea11d39.jpg,8a986654ddc89ce7
3240351042_5d29c94b0e.jpg,c2d5356a9af5621a
3240558825_cd859d6230.jpg,cbd9f1b7a1919424
3241487502_f4f0cc4a8a.jpg,d04f3f30c8fc92c3
3241726740_6d256d61ec.jpg,898ef629fc075a94
3241892328_4ebf8b21ce.jpg,c3e2cead989899f0
3241965735_8742782a70.jpg,f06fa468cb90649f
3242007318_01e82171aa.jpg,aa8db666194ba4ce
324208502_674488bcea.jpg,ecc10b7a62a55aba
3242088278_43eea5d17e.jpg,c8982607735bd9dc
3242263536_a436f19257.jpg,cc6c3c1c0333e767
3242354561_54e5a34925.jpg,c8b6b34d12b36d4a
3242718240_3358f2d6e6.jpg,b2bccc32c3539b4a
3242808166_8638150274.jpg,c833cecd32c81377
3242919570_39a05aa2ee.jpg,a564c91ef6989a93
3243020805_2bafc36c45.jpg,91486ecef807cf49
3243094580_ccd01679f5.jpg,cec63b31c13b38c6
3243233886_235a80e8c7.jpg,878c9a1df1720e6e
324355356_859988a710.jpg,8381839b6dec7d64
3243588540_b418ac7eda.jpg,941c4b60ee2c6f97
3243591844_791cfa62eb.jpg,aba084648e9fdb1b
3244171699_ace4b5d999.jpg,fa128da4d5c5617c
3244470342_c08f6bb17e.jpg,813dce338944f5ce
3244586044_205d5ae2ba.jpg,c7373c689b93460d
3244734844_c318c29c23.jpg,c7388f60c69a31de
3244747165_17028936e0.jpg,dcc3ffcd60607320
3244910944_612b8ce98f.jpg,980d5af62ed22357
3245070961_8977fdd548.jpg,e9b6949966626695
3245250964_9d3e37111e.jpg,e4798e7ea8d2b150
3245266444_2e798096e6.jpg,dc23831eb9894677
3245460937_2710a82709.jpg,cc4cb3b3fccc9c10
3245504245_27931f5ec1.jpg,e38f8f2d80f5909c
3245912109_fdeef6b456.jpg,c3bc9863c1d1b89b
3245939062_8ffe1d2be5.jpg,d2de8da5e06173a1
3246190363_68d903bfcb.jpg,b1ce46f1e0ced071
3246773992_89bf86937b.jpg,b1b2820f0caf1e5f
3246804978_ea2c9e56f2.jpg,a64298bce3b79266
3246991821_750a3097e2.jpg,90868e89cfcf6363
3247052319_da8aba1983.jpg,d70ce8a3cdb0c29e
3247168324_c45eaf734d.jpg,889c8dee1bd4a956
3247341210_5d1e50df23.jpg,e9ed87529234a0f3
3247423890_163f00a2cb.jpg,d509309b9cb399ce
3247500085_c4f641aa84.jpg,ce0cf303fc8cd92c
3247598959_5b2348444c.jpg,84cb9b342c5b33e6
3247693965_845b3b4349.jpg,b1e4ce9b989ec624
3248220732_0f173fc197.jpg,ec98136b6d353712
3248352729_ab264b2222.jpg,95296a4d0e97d1ba
3248408149_41a8dd90d3.jpg,e6e8994b2634d9c9
3248752274_96740ed073.jpg,b811c749f133693d
3249014584_21dd9ddd9d.jpg,902fc7c0ef8d6b41
3249062399_0dafe5e4f5.jpg,dd546a63a1d8272b
3249125548_700d874380.jpg,c1e4e6e31b1d6d81
3249278583_95cd8206da.jpg,de7d81423e9dc066
3249597269_935e0a375a.jpg,ebe514951a8aed64
3249738122_decde6c117.jpg,af20d4dde000fade
3249865395_dceaa59f54.jpg,8ba4a8ba55b1933b
3249891130_b241591e89.jpg,95f423599896ec6a
3249891874_6a090ef097.jpg,8ead644bd59486d9
325005410_e1ff5041b5.jpg,ba1525d82bf2d926
3250076419_eb3de15063.jpg,a39c5aedccb62911
3250589803_3f440ba781.jpg,cb9959e3f08e1836
3250593457_9049a73b61.jpg,f961e6cb2e507816
3250695024_93e8ab7305.jpg,81cf9f57ce5c2070
3251088971_f4471048e3.jpg,8ada0f273d8c3be0
3251234434_d01e25a50a.jpg,ee16942cf1714f85
3251460982_4578a568bb.jpg,a1d1d8c66c3d3333
3251646144_d9f4ccca3f.jpg,b773cd3b44c830e2
3251648670_9339943ba2.jpg,f2500daf36bea438
3251906388_c09d44340e.jpg,ab17850a17333b9d
3251976937_20625dc2b8.jpg,e698c9243363d69e
3252457866_b86614064c.jpg,ccc9330e2c791bb6
3252588185_3210fe94be.jpg,80a63ed90f794ab6
3252985078_c4ee2aca4e.jpg,d9e73919a6038e36
3253060519_55d98c208f.jpg,b9b3534a258a147f
3254640083_eb34b8edfe.jpg,e6a9d93622464d9b
3254645823_a7c072481c.jpg,a93649b707f09c47
3254662117_b2e7dede6e.jpg,ff9ea4aa00bd8991
3254817653_632e840423.jpg,f3912c4aa73b84ce
3255017708_2b02bfcdcf.jpg,99c95c209d9a9ecb
3255482333_5bcee79f7e.jpg,ec7e33050e27b358
3255620561_7644747791.jpg,bb3cf866b5124c89
3255732353_fbc487aefc.jpg,ed1a81e746190be7
3255737244_1f8948fc07.jpg,b30e62ae8d1d34b9
325576658_59f68bdbd6.jpg,f7573678f8110c0e
3256043809_47258e0b3e.jpg,9313ad0d28717776
3256272547_5ae6c66293.jpg,91b22c479d2e67d8
3256274183_4eab3b2322.jpg,e9b5b4a48c9b870e
3256275785_9c3af57576.jpg,f1b88c66a79b2c58
3256456935_664a7a5bba.jpg,b944dab1bed44352
3256603992_67312b5a36.jpg,c0d23f6c3a8dd169
3257103624_e76f25ff9e.jpg,b192cd473619cdc6
3257107194_f235c8f7ab.jpg,d239e534196d7c0d
3257182199_5fda78d870.jpg,c091d5a43b5877dc
3257207516_9d2bc0ea04.jpg,e51822b5d2c3c5cf
3257277774_aba333a94c.jpg,a5b29a496d36d269
3258391809_38fc6211f7.jpg,ea96876937c39298
3258394043_a0b6a94dce.jpg,d28deb7120c4dd8b
3258395783_2de3a4ba27.jpg,c9bd2b6e20dd2076
3258396041_69717247f7.jpg,9ab04ee3f06459bc
3258397351_1a70f1993d.jpg,9badf058ce52d243
3258472448_75cfab5e6f.jpg,dfb160ccdb5a4232
3258874419_23fec1bdc1.jpg,8948e65e9b1d0cf6
3259002340_707ce96858.jpg,f438de47496e86b0
3259110412_9908c45144.jpg,d50b38796464772e
3259119085_21613b69df.jpg,ef13683a85422f2f
3259160693_067ec7ebc3.jpg,8672d2843d37dbc1
3259222690_69737f2a6e.jpg,bdcdcd8680b282de
3259222980_04fb62df97.jpg,e6b5f946c2c2a698
3259225196_750c4ce0f9.jpg,8ddd67b012fa12aa
3259228898_cefd04580b.jpg,9053e41bdd74aa65
3259229498_2b5708c0c6.jpg,8d935e268d8d6a4d
3259231890_16fe167b31.jpg,fdc18e4ec0c3a7a4
3259579174_30a8a27058.jpg,a676988d7d716690
3259666643_ae49524c81.jpg,96cc6f52676c1989
3259694057_fae7484b0a.jpg,ad2511a76658bbb1
3259757648_71edb4347b.jpg,9ea96194d667306d
3259883609_6a1b46919e.jpg,b527425a1df532b2
3259991972_fce3ab18b2.jpg,9f298ebca0664c76
3259992164_94600858b3.jpg,8517d58d93c69593
3259992638_0612a40288.jpg,99359d1a64ca336d
3259992722_4c5e895734.jpg,cd32e5cc26f55a05
3260088697_af9b6d2393.jpg,a6f04c5f53693447
3260191163_6c1551eee8.jpg,f0b987c621387b96
3260214530_7179346407.jpg,f3319c4cc23a62be
326028454_fb396167e6.jpg,b1a09056fe67d383
3260768565_2b725be090.jpg,9398033c63df5297
3260975858_75d0612a69.jpg,ad2f173390dadb02
3261493263_381a4c5cc7.jpg,e1559461d6be9919
3261666285_86fceb762d.jpg,b71e5e7622816d4c
3262075846_5695021d84.jpg,bd25d374161c132f
3262301835_9f1a49b80a.jpg,fc688936c423fb43
3262386960_14f5d857db.jpg,d65e6983d2294d6c
3262475923_f1f77fcd9f.jpg,bf1cc261393687e1
3262647146_a53770a21d.jpg,cbf6343c4acb1315
3262760716_1e9734f5ba.jpg,cb936da68d6809e5
3262793378_773b21ec19.jpg,f3b114cec8356a72
3262849619_0bc4f88ef9.jpg,e6e48c9b93696d03
3263141261_db3a4798b5.jpg,a268e9370beab6a8
3263215700_e27f81f8b9.jpg,c19a66b789a67349
326334188_8850b7bfd4.jpg,ebd21da9754c2585
3263395801_5e4cee2b9e.jpg,d90f66c20fd80f65
3263497678_8bb688ca01.jpg,c9b45ec934da6196
3263741906_6e4508d1c8.jpg,c15152622dbd7c3d
3263946591_a1558b77d3.jpg,e1b413e71cd21b1b
3264337159_e1680a35ba.jpg,f2c28fb5f04b390a
3264350290_f50494e835.jpg,c9bf25873664691a
3264397357_72f084cac1.jpg,82cdf9a53a1357c2
3264464625_c711cc40c6.jpg,9b44a15a3de61d69
326456451_effadbbe49.jpg,dd458a4df418c93e
3264650118_be7df266e7.jpg,99073478e75839c7
3264678536_46601d25f0.jpg,e5331b4c2c4a7d55
3264937930_9623496b64.jpg,bbfc3620fac48f08
3265162450_5b4e3c5f1b.jpg,bbe3c1c01a3be5c4
3265209567_b3b9c8e0fe.jpg,ec151fdece220969
3265527323_6431f00692.jpg,9b62ac2464dfd338
3265578645_4044a7049a.jpg,b4a6e4a8535cccd9
326585030_e1dcca2562.jpg,87957868e8f99394
3265864834_e0229020dd.jpg,b7cc9cf319661948
3265964840_5374ed9c53.jpg,e5c19c4e2df9113a
3266261886_36e1323d2f.jpg,813e7872cda53873
3266306177_7994dc2865.jpg,e1ce9c33e3ec9092
3266399073_40820596d5.jpg,856e8572e59e34c9
3266406566_d64e57e65a.jpg,ea28add561e18e9c
3267644370_f2728d6c7a.jpg,c9a535d2926d6d2c
3268175963_113d90d178.jpg,d62b4d4734cd6970
3268191118_ba25fabab6.jpg,d2529d44aded1137
3268407162_6274e0f74f.jpg,9269b1661f5b43d4
3268443910_b36dbc1e5c.jpg,cc9c64738739d31c
3268908792_c24529fe88.jpg,cc5e2273738a7331
3269087421_1d489abeae.jpg,c21e78cc67993c71
3269380710_9161b0bd00.jpg,f5a80abd17e40fa8
3269661567_faf190885a.jpg,c0a73be560908f9f
3269895626_7b253c82ed.jpg,b1a0a6f4dd5e0c2d
3270047169_2ed289a9af.jpg,8d2996363363e3c3
3270083123_fcc1208053.jpg,e6765b181a9dc54a
3270273940_61ef506f05.jpg,c6c6e441596d693b
3270691950_88583c3524.jpg,d5a98996b30d06b7
3271061953_700b96520c.jpg,95bdc821dd29927c
3271084924_4778d556cc.jpg,c371641e0f0f4767
3271178748_630d269811.jpg,bf63d49c696322c2
3271252073_0a1b9525fc.jpg,da8486f5352f98c5
3271385712_ffd34f2de5.jpg,deecd26b9989a490
3271468462_701eb88d3b.jpg,890b8bcee70e1ce6
3271495320_bca47795fb.jpg,da4ded62643b0e31
3272002857_ace031f564.jpg,b6a3cd9c38e1642e
3272071680_648a99f7d2.jpg,d6b0763e95b1c06a
3272541970_ac0f1de274.jpg,800f3d7072e18f3f
3272847211_9e8a4f8308.jpg,c9e4b2446c328f3f
3273091032_98f724b36b.jpg,b867296c2759666a
3273163189_dece7babf4.jpg,b1c99e36663dd083
3273325447_81c94000da.jpg,d177170a31c9749e
3273403495_fcd09c453e.jpg,b5253d8b81ca62fa
3273489163_8209545810.jpg,d98541350df0ed79
3273625566_2454f1556b.jpg,939b8c60a08fcf7a
3273969811_42e9fa8f63.jpg,9999656cda2625b5
327415627_6313d32a64.jpg,fcbc97a48c72b160
3274375509_4fe91a94c0.jpg,ea87d1fe8d30a48c
3274691778_94bb57bba3.jpg,8b615c2aadb7545a
3274879561_74997bbfff.jpg,85051f3fb8f8f182
3275065565_9e2a640fbc.jpg,8bea6c587a0b2d2d
3275527950_41aca690a1.jpg,917c208f45dcabce
3275537015_74e04c0f3e.jpg,f872168211ecfcab
3275627207_0b41e44597.jpg,bfc1c38c2e7c9151
3275704430_a75828048f.jpg,8c8ee4cccc555717
3275711232_e261143664.jpg,b592bba3c2398587
327621377_0bc3b7fd26.jpg,bd3dd0c4d24d4693
3276448136_0d9f5069c5.jpg,cbb490d8b6ab868d
3276475986_66cd9cc7e4.jpg,b9456b34956a9e49
3276895962_c053263d01.jpg,b3a9cc96b1e96065
3277162496_dff7eeb59e.jpg,9aed651b0cb48bc3
3277824093_299cbb3138.jpg,840a87dff3290af5
3278189732_f750cb26b7.jpg,9d3933a6e4985959
3278581900_8ce75a5332.jpg,f6ce4c5d3526a42c
3278777548_290b881018.jpg,c5ba2855522af5dc
3278811919_d5a3432af6.jpg,816cfcb30e7e51c4
3279025792_23bfd21bcc.jpg,e76b9c1523d88cc5
3279228339_71deaa3d9b.jpg,c7c1703895dd0b6e
3279524184_d5e2ffbaed.jpg,8df1b24d2d5062ed
327997381_55f90dc834.jpg,8dceb6a2964c4ab6
3279988814_d3693dcb6c.jpg,f2f0063df8439d26
3280052365_c4644bf0a5.jpg,93702e739897d872
3280173193_98c2d6a223.jpg,ecd8d383b92d2631
3280644151_3d89cb1e0e.jpg,bc8c46b2934b56b6
3280672302_2967177653.jpg,944ccc31c9c7e733
3281078518_630a7a7f4f.jpg,c0b33748dfd6c125
3281580623_8c3ba0fdb2.jpg,ef8eb4f0c65b8811
3281611946_f42deed2e1.jpg,974b0b2c97d2683d
3282121432_648dac8a29.jpg,ad9a96b42d43a794
3282434895_1c1efc1475.jpg,d3122c6cc9eb8d1e
3282634762_2650d0088a.jpg,921b6daddbb23206
3282897060_8c584e2ce8.jpg,e3150b4b070e3f1f
3282925526_535ff9f2b2.jpg,c6a5996bf30ae88a
3283368342_b96d45210e.jpg,ba94c1c3cef8a9b0
3283626303_8e23d4a842.jpg,b84db409cfb846b9
3283897411_af9d0b497d.jpg,cd36311be497591c
3283913180_7d4e43602d.jpg,c9c9c9cc6cccbc2a
3284460070_6805990149.jpg,8767987c9243971e
3284887033_e2e48f1863.jpg,cce9330f31392f31
3284899112_f11ab3cfe6.jpg,93ec59b385d3c04b
3284955091_59317073f0.jpg,923cc97b4de93684
3285180819_a9712fd2bc.jpg,8e7d730aa4b05ed2
3285214689_f0219e9671.jpg,c033c69eb09d8eb3
3285298241_9b1ed98d19.jpg,c57e98b183bb4394
3285993030_87b0f1d202.jpg,84163b5b466d783e
3286017638_c688c83e3d.jpg,b0584723cc66f3f8
3286045254_696c6b15bd.jpg,f80f71d5942849d7
3286111436_891ae7dab9.jpg,994ab6712735e683
3286193613_fc046e8016.jpg,dc7a170dc0f85b07
3286198467_8880be127e.jpg,ac2c53933c68e72d
3286222970_1fa445e38f.jpg,a9118f07dec478f2
3286406057_a1668655af.jpg,f9e883c5e548ca59
3286543624_7a327f79ae.jpg,8c3373ce4c9923d9
3286620180_4b00e93e8e.jpg,939431d3e8d2cbd1
3286761458_34af7e4499.jpg,97679896c38a199d
3286822339_5535af6b93.jpg,9fdbc19322a5f488
3287236038_8998e6b82f.jpg,b444b3f3661983ec
3287549827_04dec6fb6e.jpg,911b63e626646af3
3287904625_f68ca5cea7.jpg,b15e1a41bfbe5d00
3287963317_186491ee78.jpg,9483ce758e24d33d
3287969199_08e775d896.jpg,cc0cb939e7335887
3288173388_03bc2a844d.jpg,b49b52663e93c919
3288174272_2daa06d360.jpg,d49869230bf81cef
3288274849_07ff76ee93.jpg,973b63bf90037e40
3288839246_fdb00395ae.jpg,cb953597b6845561
328916930_e4d4be1730.jpg,9703cb39e5931665
3289433994_4c67aab384.jpg,ea12954d44e1b2f7
3289817083_4e78e1c05a.jpg,9964596ab633317a
3289893683_d4cc3ce208.jpg,9a616c376cd9e0d8
3290105461_7590f23371.jpg,cc223151abe3ee8e
3290465391_258429e2f9.jpg,cc21f31ea9ce0ee1
3291255271_a185eba408.jpg,92dc6c6593da9496
3291587911_81fc33300e.jpg,8ab4de66693c97c0
3292016893_24d14c8b4f.jpg,897d145a1f3b60f4
3292277400_f95cdd13d1.jpg,d48f83371ccc3647
3293018193_e4e0c8db7c.jpg,b7b79868cc8fc0c8
3293596075_973b0bfd08.jpg,892b367a6bca9692
3293642024_e136b74a55.jpg,a579da2e07f1381a
3293751136_b0ce285dc3.jpg,f35de082163beb84
3293751640_d81a6f3a0c.jpg,e087977af1f4e021
3293753378_7a8ddb98b2.jpg,fcc092ff8e4c6192
3293945284_6a04e477a9.jpg,c8f93d36d62d08d4
3294179574_4f67e67d6f.jpg,ede98b0dd4729219
3294202771_e8ee78a439.jpg,caf2b56c2b53d284
3294209955_a1f1e2cc19.jpg,a57a42cdad644a9b
3294717824_3bb7b5d1c8.jpg,f15f8ea43843e14e
3294830188_e46bd9b93c.jpg,a14a16b75eade215
3294952558_96bb8c8cf3.jpg,e61958669199e6e6
3294964868_16f4f9fa9d.jpg,a56df1824d4943f6
3295024992_887a95c700.jpg,ae2271b6c65c31b3
3295391572_cbfde03a10.jpg,faf1589c3a688770
3295418287_5d590dac43.jpg,8385ea6a25acd4fa
3295452057_0c987f895f.jpg,b0745c9831e38ff4
3295671644_0e10891b6d.jpg,93868c99c7ecc963
3295680663_af21ea648b.jpg,80fe3d817f920c3d
3296124052_6f1d1c9f8d.jpg,e3aa1e0029b6e5f9
3296150666_aae2f64348.jpg,8183d21a2fed4fc5
3296226598_1c892c4351.jpg,bea6a75847ac42d1
3296500180_0d7a6650dc.jpg,c5653e5b89d80f1a
3296584432_bef3c965a3.jpg,81c0febda03e6e49
3296715418_29542dcdc2.jpg,cecbf3e4c9889491
3297272270_285b8878b2.jpg,c46c7b861c79b18d
3297323827_f582356478.jpg,e1f319094cccec76
3298175192_bbef524ddc.jpg,9b99fd20c264a537
3298199743_d8dd8f94a0.jpg,e2f219983c4dccf4
3298233193_d2a550840d.jpg,e6c4d99b66c6892c
3299418821_21531b5b3c.jpg,a2bcded3cb87b010
3299820401_c2589186c5.jpg,e0f40f1c380f87e7
3300019891_8f404d94a1.jpg,9795fa93e4680e2a
3300679815_2c6c2301cb.jpg,93cbaec4d64ae8a1
3301021288_95935b7a74.jpg,935355d3931733e0
3301438465_10121a2412.jpg,d534343cbe86b4a5
3301744710_b51280eb56.jpg,aa153d4b4b7914f4
3301754574_465af5bf6d.jpg,dc9ac67361d83836
3301811927_a2797339e5.jpg,9a476518decee431
3301822808_f2ccff86f4.jpg,89fab28aab22b3c9
3301854980_233cc2f896.jpg,f44ca7b3dcc66098
3301859683_2d5e4b40a3.jpg,f253cd4c93b33066
3301935788_2bb7bbc515.jpg,b66619d9651ec236
3302804312_0272091cd5.jpg,d9f6368a5c61332c
330325191_63e11d9c93.jpg,a1f616e9d9126d92
3303648823_53cf750acd.jpg,e56c9a93366c4963
3303787342_b258b377b6.jpg,f97b4e1e11a56858
3303797949_339bb969ba.jpg,a70eb2f64961d90d
3304030264_da3dd18c7b.jpg,f6e222eb89499d19
3304484212_b950233c30.jpg,b338ccc4e7936c70
3304511635_113beaf458.jpg,9d5863c72c79c686
3304556387_203b9d4db0.jpg,d060b0cf6f7870cd
3304712466_18cbdb85fe.jpg,c98ced85923276f8
3305767464_d64a336f60.jpg,8cca3a19b5534f87
3305895920_100a67d148.jpg,d11128ff8661fb16
3306212559_731ba9bd05.jpg,8d866669bb323999
3306464579_1b16a0caf2.jpg,d0cf949372950bb6
3306951622_93b82cac21.jpg,f52a0ad57a6a95a2
3307077951_dd31f1971c.jpg,a105d6faa94783b9
3307147971_5b3abf61f9.jpg,e6438bec469b3931
3307563498_e2b4f19272.jpg,fa8145b6e8e35645
3307667255_26bede91eb.jpg,8381461b7b78d65b
3307978046_92fef4dfa9.jpg,c444fcc8ecccc4ed
3308018795_68a97a425c.jpg,8b58d4f68c88eaec
3308171165_20f93d2fba.jpg,98ab2d3bf6c84a58
3308488725_f91d9aba27.jpg,9393194f6e597928
330849796_c575c3108a.jpg,cbc3e064d8387ccd
3308997740_91765ecdcc.jpg,aaad2fbacc4a52c2
3309042087_ee96d94b8a.jpg,880c6de37635a9ce
3309082580_7228067ee0.jpg,9c9c30138b4f7637
3309578722_1765d7d1af.jpg,c1cde11fe01ee01f
3310067561_b92017acab.jpg,e438126e99f6dc31
3310551665_15b79ef4ea.jpg,a04f9fb6633850d5
33108590_d685bfe51c.jpg,83d634b4d3c6ca72
3312096605_f458757418.jpg,ccbb926c2db95252
3312779887_7682db7827.jpg,946ecd11ec59331e
3313232606_4ce7e16b87.jpg,b89195bbc3053b4b
3313620862_0c65c645f5.jpg,dfe1b7619660429a
3314180199_2121e80368.jpg,b121cf5e51dc342b
3314517351_69d70e62bd.jpg,804b399467af9d72
3314900697_c5c5ae9af6.jpg,b6c447b6342dcb2c
3315033940_e91f87b7f2.jpg,e0959e6bb5806a9d
3315110972_1090d11728.jpg,c7cf38399a3071c9
3315250232_83e24a2d51.jpg,f8706664389c9fc6
3315323307_bd148a8964.jpg,dc45a36a4bc8f887
3315353266_70f0bbb1c3.jpg,ede911146c376aca
3315616181_15dd137e27.jpg,a7191469de3624db
3315726723_64c9b0a945.jpg,b46a5674b28d649b
3316046339_8e504be038.jpg,d88d0df8c11f7741
3316725440_9ccd9b5417.jpg,b340ccb1c7e39cd8
3317073508_7e13565c1b.jpg,ea9090e425b3f3cb
3317145805_071b15debb.jpg,ed5a9c9b02c67139
3317333893_9d0faa8d30.jpg,d00c87cf0dce6b63
3317960829_78bbfafbb6.jpg,f98446bbc3658356
3318564834_4ccea90497.jpg,ee8b99436287f194
3318995586_c2bc50b92e.jpg,b584e3e1de2a3c38
3319020762_d429d56a69.jpg,e1d1461a99c557f2
3319058642_885d756295.jpg,d41c0bdb256173ce
3319177177_130a72b8ae.jpg,cd4da9b165059d99
3319338707_892ae2a660.jpg,8c9424cfb3942daf
3319388517_5609ae9805.jpg,b3c11a3cd167b741
3319405494_58dee86b21.jpg,99993ec30d39649e
3319489465_c65c91e4f2.jpg,f3c8c8f0d01be74c
3319586526_3994e9cd58.jpg,ca7825b3cf2c24ec
3319723910_af5b5f1fae.jpg,8aa065d5daeca3d2
3319899418_4bcf1b00d8.jpg,9f3ef0c1c342686d
3320032226_63390d74a6.jpg,cc5aece5c66438c3
3320154278_c67e01b8d1.jpg,cc16b66839cde938
3320209694_db579cb607.jpg,c1966cf9338837cc
3320356356_1497e53f80.jpg,944eeb956a9409d7
3320411267_df70b90501.jpg,cfbebc84a484ac87
332045444_583acaefc3.jpg,92d93936cd6427cc
3320680380_b0d38b3b4a.jpg,b65e4187771938b2
3320756943_9d004f9824.jpg,be0b51c5bc2f4bc0
3321063116_4e5deeac83.jpg,f1a3af384ad4390b
3321334180_8f764e0e0f.jpg,ccc0313e0f9b939e
3321516504_5ee97771cb.jpg,9a29ec8572e2ad5c
3321956909_7b5ddf500f.jpg,e4e2d29bc9cc9a8c
3322200641_c2e51ff37b.jpg,e62259d9e2661d8d
3322389758_394c990b6a.jpg,f2a6cc8e995c4963
3322443827_a04a94bb91.jpg,d24cb9e60c72ce99
3323076458_3ce72a1dae.jpg,d0a12f5ad1277ec8
3323419265_7fefaa9d5d.jpg,a0c81f1e541bed57
3323498985_fd9d2803fd.jpg,b9464eb9b0c64e17
3323514651_3efdbd63ed.jpg,c7b99ce6a1cc9506
3323528927_7b21081271.jpg,e5e65a9d62980d1b
3323661814_1e8e1ae88c.jpg,8fbdf05a93c242ac
3323952123_deb50b0629.jpg,f14acc3947c0ebc3
3323988406_e3c8fce690.jpg,aaa5d5fb4a8ac283
3324056835_84904fe2f8.jpg,ece3c38cbc31436c
3324375078_9441f72898.jpg,b9e013ffc06769c0
3324746155_71e14f60ce.jpg,f3e0cce6617c6451
3325129757_7a1979ac11.jpg,c0c7933b9fa46c8c
3325157569_8084ab3293.jpg,99296266dd49b2f4
3325497914_f9014d615b.jpg,ddd968be3d008a1d
3325578605_afa7f662ec.jpg,cc07333c0757c9c7
3325910784_5ecb88310c.jpg,f35d294f59a4641a
3325974730_3ee192e4ff.jpg,f668023edd718857
3326024473_4c16e4fbfc.jpg,a512d2651b9aedc3
3326086533_23a0a54a8e.jpg,b051cf5e66711978
3326204251_2f9e446a2f.jpg,810efc21ad44bf67
3326249355_e7a7c71f06.jpg,e916964939c935cd
3326273086_e09e845185.jpg,e52b9ac6e6bb2920
3326376344_3306bf439e.jpg,b16c4e33f15846c7
3326454455_960e5442e9.jpg,cf1db16a156e3a11
3326588088_172d1b2584.jpg,d3266ce3967a24c3
3327487011_1372c425fb.jpg,dea1c096c92bd617
3327563443_870a33f748.jpg,d41cf9a367518cca
3328247381_a9f7fb4898.jpg,d842877c8767b938
3328397409_092de2bd32.jpg,a21ba6f04b39f4e4
3328495660_ed0e3f29cf.jpg,8555d3228cf74eac
3328535573_33c3cd5b59.jpg,ea9bc42b51723a4d
3328646934_5cca4cebce.jpg,d95924b3db8c9c51
3329169877_175cb16845.jpg,c5daa4128b65d4be
3329254388_27017bab30.jpg,b326cea5799429d8
3329289652_e09b80e2f3.jpg,d460dfd3128f952c
3329777647_5e1fd503ac.jpg,eeca4e6a8417257a
3329793486_afc16663cc.jpg,827ed7236a9f1146
3329858093_0ec73f2190.jpg,db7d64120031dedb
3330007895_78303e8a40.jpg,b694896d6a7296d4
3330019493_fd36fbc2ea.jpg,9195d2c65c662f3c
3330102093_1d6e35e78d.jpg,b0b0b07363c6dec6
333031366_a0828c540d.jpg,e6e689314666b98d
3330333217_1a69497a74.jpg,f9c58336a0eca3a3
3330654550_3efe9a71af.jpg,fb1f443b9a253950
3330675488_8692476a4a.jpg,e4590b3628c2d7eb
3330680118_4e541889c1.jpg,f31c0ce2f39c261b
3330935489_9cb67ca36b.jpg,c1689f1b91e03e8f
3331009729_d3b14738e6.jpg,915c9c827ebeb960
3331102049_bc65cf6198.jpg,8f993ae2e53e2644
3331190056_09f4ca9fd2.jpg,c14378853f7ec03d
3331525712_af1dcc47f2.jpg,c02a0f70d0c3ff8f
3331797838_b3e33dbe17.jpg,cf309b8fc5e1990c
3331900249_5872e90b25.jpg,a624d9997365c49e
3332136681_9aecf101fd.jpg,cfccf40b698dc115
3332202255_a30c522664.jpg,a3da4ded38c55431
3332248667_617606714b.jpg,cbd4279297d4039e
3332467180_d72f9b067d.jpg,cbc326381e27c755
3333017828_b930b9d41b.jpg,d1464c6479ebee28
3333039854_461329aac2.jpg,e5fc1e49008fd4ec
3333675897_0043f992d3.jpg,a4524d4cd3b3ce0f
3333826465_9c84c1b3c6.jpg,ab1c156e1037e9e3
3333921867_6cc7d7c73d.jpg,d2588ddfd2d0a4e4
3334057289_68ece38a85.jpg,bc5ce0314b750ee3
3334300164_e75e0479ae.jpg,b33c8c93b2e4c49b
3334537556_a2cf4e9b9a.jpg,f30e9c639b6b9418
3334866049_f5933344aa.jpg,ee755ae5e48b0066
3334953664_a669038795.jpg,e112dc09e66699ee
3335097235_538f4777c3.jpg,93b3ec8cb6b2888e
3335370208_460fc19bfa.jpg,f10e9ea164c27ecc
3335375223_b4da8df523.jpg,cef88787a03c9378
3335501468_628655d608.jpg,94699d6b364d6391
3335547029_74d620fa6c.jpg,a1858e9adbb36466
3335692531_dd4a995f91.jpg,b9edc485183236dd
3335773346_ac0d97efeb.jpg,dc27464439b37339
3335885203_a3fe8e541f.jpg,98aafca53b4e4474
3335997221_254366c400.jpg,ce919192f6c2ece1
3336065481_2c21e622c8.jpg,96c4c8156fc735ac
3336211088_4c294a870b.jpg,daf0f99c260a334d
3336361161_c06cdd160e.jpg,e15140e7f7946d29
3336374196_f6eaca542f.jpg,e2678cca7195ca6a
3336682980_1082a66878.jpg,cf031b9936b4d22e
3336759846_5220e27deb.jpg,c39a3861c794b5ab
3336808362_c17837afd8.jpg,c2372dd8d22725bc
3336831820_5c5df4b033.jpg,94faedc5122863a7
3337046794_296bd2c7e0.jpg,b033db4c66929b2d
3337332770_5eda5cceb7.jpg,f617191d2ca6b389
3337461409_e4e317853d.jpg,e4819bcce82767d8
3338217927_3c5cf3f7c6.jpg,a52a8a6d558ae976
3338291921_fe7ae0c8f8.jpg,b94c44624f574e57
3338474677_7376e426c2.jpg,aaa9f95808ed1e8e
3338590946_f25b76cbc7.jpg,a25c4553256e5bb5
3339105374_cc41e0b7d7.jpg,fd53834723a4587a
3339140382_2e49bc324a.jpg,e70c99636c9b334c
3339263085_6db9fd0981.jpg,85d47e6b0433f88d
3339319023_5dcc3ef81a.jpg,9860e4d39f68e41f
3339558806_b4afdc8394.jpg,87b3bc2566465c3c
3339586622_a7676b30e1.jpg,e62693db4cac8d94
333973142_abcd151002.jpg,c9da9aece892e3a0
3339747039_1a8455c210.jpg,d5d5b5495a223aa9
3339751521_7a8768be27.jpg,868bdc3823e6b1d5
3339768802_8ab768558a.jpg,edd2c2ad43c238ad
3339916063_63b960ed46.jpg,bb3e84c491b1970f
3340575518_137ce2695f.jpg,b0d34d0c32f34fcc
3340857141_85d97a7466.jpg,e3329a434d5983e7
3341077091_7ca0833373.jpg,a6e2db9b9d8c4c48
3341084434_db5e7d1fdc.jpg,98a367789e433ccc
3341477531_4e37450f35.jpg,c92cf2330fcc6699
3341489212_a879e1544a.jpg,bc1e46243bbcc3d1
3341782693_426bf7139b.jpg,eacb93368d957428
3341961913_9a9b362f15.jpg,f14e821964b596e7
3342271377_446ffc34c0.jpg,ebd3ba1c14e48c39
3342272425_804316cb3d.jpg,e19d3ac49f2a3370
3342309960_c694b2cce9.jpg,c44e993371a38f5c
3342487512_fd33971dea.jpg,d969c1a63c5a9716
3342822192_082f932ef2.jpg,e9535664437c613b
3342855466_44038a8aa3.jpg,f8fd87908e211cc7
3343106500_27176fc544.jpg,942ab7254de7561c
3343116398_59a5341f7f.jpg,9d7a330448f174f5
3343197133_9256848fa9.jpg,e4e61d9999d33322
3343311201_eeb1a39def.jpg,9312da5822ed6dad
3343900764_2a4c0405f9.jpg,8f4ba01dde241f6a
3344233740_c010378da7.jpg,8f86c72b385a7cc1
3344411431_6f4917bb2f.jpg,c1900eeffa1ce5d0
3344526059_4a097af285.jpg,9fa5704d6f99228a
3344531479_03c69750e9.jpg,8c5cb133ccb427e6
3344632789_af90d54746.jpg,c762d1826ee2873e
3344798356_5cc41f7939.jpg,f666590bc6b1b4a4
3344948183_5b89379585.jpg,c22b28d63795cd72
3345025842_bc2082a509.jpg,943a70656d657666
3346040664_5b584e6133.jpg,c5c5fe32a086be31
3346289227_198fced308.jpg,853daa8ab656de90
3346614841_698f9aa486.jpg,c00633097f2777e3
3346711367_5e7b29e20f.jpg,8cec73929a612dec
3346918203_986dca6641.jpg,c12f0e70793a7687
334737767_7f344eee16.jpg,d19606949d8377dc
3347500603_13670ee6bf.jpg,b1cf4c506959672b
3347666612_659e6e2207.jpg,e61969e61916b339
334768700_51c439b9ee.jpg,c914dcc8375387e9
3347701468_bb0001b035.jpg,fc0342fc87077b0b
3347798761_5c5260b000.jpg,cb87bc480ff6098d
3348191949_b0b925e5f1.jpg,8c213bc6932fe83b
3348208268_6d97d951eb.jpg,95ebc834174ad4d6
3348384389_73b6647017.jpg,cca6db182b617666
3348385580_10b53391f9.jpg,d92ca6660c99d766
3348785391_c243faf6bb.jpg,c0d8395725be4f64
3348811097_0e09baa26f.jpg,b1bd3d8280df7650
3349194268_0ee555c9a2.jpg,e0a63e3b26069f99
3349258288_5300c40430.jpg,a08cd8f92f43e39c
3349307529_c1a516b9dc.jpg,9c033c34637ce37c
3349308309_92cff519f3.jpg,c9122cb43d5372ed
3349309109_4024a09a17.jpg,b617b154b29ad670
3349451628_4249a21c8f.jpg,ddd49632964a2ad3
3349528565_0bc013b70a.jpg,a9f990169f17c94a
3349955993_a04aea97d8.jpg,906776ca3396d21b
3349968447_b5d4a477b2.jpg,bf13e1e8c00f3e23
3350260112_fcb47ff6b2.jpg,d26aa55421f5d8b5
3350614753_5624e181b3.jpg,b838b8a82c3736bd
3350671534_2a5d45a961.jpg,a4a4595ab6fd4d06
3350785999_462f333c44.jpg,9f7f98a13880e5b1
3350786891_6d39b234e9.jpg,e63d48f68ad1e88c
3351111378_b5d80783a1.jpg,b04bccb89364de93
3351357065_a6a9b3d485.jpg,a936c1c896c7d9d8
3351360323_91bb341350.jpg,926c79cc23e61c76
3351370405_e417e38f52.jpg,f907a67a996194a5
3351418768_596ef7fd6f.jpg,e9a7de26439854b8
3351493005_6e5030f596.jpg,848cd33fe0e1d87c
3351586010_7ffaa90ea8.jpg,b3818984e6667e79
3351596152_bf283f03d1.jpg,e6c61a19699cc7a6
3351667632_00f586a30c.jpg,b39eb5e1e823031b
3351667846_ac43118ae5.jpg,86ec3b4b339cb485
3351704877_28dea303aa.jpg,e68cd036160bd9ed
3352199368_b35f25793e.jpg,9736859681de594b
3352531708_a65dd694b1.jpg,ee89b13e0632dad8
3352697012_751b079bbb.jpg,c636e969941ae565
3352791995_8db4979aca.jpg,c4c99106fc73dcd4
3352871762_c9e88592d3.jpg,8dccaf73c442e4a9
3353036763_4cbeba03b2.jpg,af881cb7a31d2a93
3353278454_2f3a4d0bbc.jpg,959ba2e4c9c95e4a
3353328134_dd9ed0edab.jpg,b91ed6e998762298
3353400143_8b9543f7dc.jpg,c6073f375a889c39
3353950389_1153d5e452.jpg,8b1024ff3cc7d51a
3353962769_ba48691bc6.jpg,b28ccb33bca1cccc
3354063643_1d8814eb13.jpg,93119c67fc98e3c4
3354075558_3b67eaa502.jpg,fc7ce0614f0ee2c1
3354200211_35348e47d8.jpg,9453f4046ee6997a
3354330935_de75be9d2f.jpg,8176e53f02d26f1c
3354414391_a3908bd4ff.jpg,bcf3c34c5344cc4d
3354474353_daf9e168cf.jpg,bd38c2c766659332
3354489242_dd529ffa1f.jpg,e50ad96ad636a625
3354883962_170d19bfe4.jpg,e77f7e67010a9818
3355494822_61353a224d.jpg,f878e186de1aa626
3355683198_715fb1a2ac.jpg,d878bc98aaa796a4
3355756569_b430a29c2a.jpg,8abd4d82ed0e9275
3355827928_c96c0c3e88.jpg,afa11f07f10c8b71
335588286_f67ed8c9f9.jpg,99a4e6db08f1a6e4
3356284586_21c6f155a5.jpg,d0b82d23bb5b590d
3356369156_074750c6cc.jpg,d5cc45b714dc5133
3356494271_6103d0b556.jpg,bc41c3f221bf986c
3356642567_f1d92cb81b.jpg,e33899c7cec07878
3356700488_183566145b.jpg,b2cb4d346b26ea25
3356748019_2251399314.jpg,a066961bdb3c9c2d
3356901257_83811a19eb.jpg,d529ea561f8a9469
3356938707_d95ba97430.jpg,f8d093734189fe26
3357194782_c261bb6cbf.jpg,a34dd318b63ce1a3
3357416302_fcfcdd7b86.jpg,a03d0e625b9f6359
3357708906_fb3a54dd78.jpg,f0791e1e24b0c7cd
3357937209_cf4a9512ac.jpg,ca4b353585c772f0
3358380484_b99b48f0c9.jpg,b1f96387c378330a
3358558292_6ab14193ed.jpg,89d3d8634bfc9384
3358621566_12bac2e9d2.jpg,c1c4cfb3d39b440e
3358682439_be4b83544c.jpg,9e9031ebc99b7864
3359089834_263e529c71.jpg,b0070f9cb0e7cf19
3359530430_249f51972c.jpg,c0be29cb4e175cf0
3359551687_68f2f0212a.jpg,dcb3e329c86f3308
3359563671_35b67898e7.jpg,c15d193966c66e66
3359587274_4a2b140b84.jpg,936c538d628d639e
3359636318_39267812a0.jpg,fa65f351d118c326
3360730513_211e1a4db6.jpg,f86ac60b94e147d6
3360823754_90967276ec.jpg,85d9caa0f4a336dc
3360876049_9047edeab9.jpg,9ce3933cc515e714
3360930596_1e75164ce6.jpg,a64e5ca762c8dc27
3360994630_d4616c1b14.jpg,82e0731f1e9df0f0
3361210233_962d630ec5.jpg,b526c2383bc3e4ce
3361411074_83f27d2a1c.jpg,a4db19a4db2944f3
3361882891_6e610ffdbb.jpg,e3c15827fc980f9c
3361990489_92244a58ef.jpg,cfef3230599c41b2
3362049454_ea0c22e57b.jpg,f46443f8f8746525
3362189985_fbae8f860a.jpg,9c8737307dfc0073
3362592729_893e26b806.jpg,af9a6a25d0d1f445
3362805914_72f60ee8cb.jpg,99996466333359d9
3362871440_6c0f27c480.jpg,e34c18b9c7e75816
3363750526_efcedc47a9.jpg,b3bcccc7b3700439
3363836972_c87b58c948.jpg,af6829a31257f325
3364026240_645d533fda.jpg,995950150b1b7f67
3364151356_eecd07a23e.jpg,c69a7e686986b833
3364160101_c5e6c52b25.jpg,cb1b196db692b462
3364258732_9942c557e5.jpg,d261ad8ef770e00e
336460583_6c8ccb7188.jpg,f38ccce93b744550
3364715316_df8c20bac1.jpg,b235261e252f3e35
3364796213_b8948913b5.jpg,9d46b2ece14a86dc
3364797223_1f0b2f98ed.jpg,82b03cceeb5a5555
3364861247_d590fa170d.jpg,f63cab330d4a425b
3365198533_539073002b.jpg,b913c62458c93fe6
3365348059_9773165302.jpg,f6d969106f7c3803
336551609_1385ab139e.jpg,cd6d76121619a9ec
336551615_a01418bc53.jpg,ab287bd7d0153465
3365602213_dd3287a633.jpg,fce1873e7006e989
3365783912_e12c3510d8.jpg,94a8cbc549dafe60
3366105287_49a4bf71c6.jpg,878d4c4dcc9c595b
3366571152_20afb88ac1.jpg,82875d5d4e7a292d
3366904106_e996320d20.jpg,88d657762690ba6d
3367034082_31658a89bb.jpg,caf9e475c4c852c3
3367053761_8ec5834bf3.jpg,deeee030901f1b78
3367758711_a8c09607ac.jpg,95514b6ec5f3294c
3367851138_757d6bd2ef.jpg,f7a2f602829e94f4
3368207495_1e2dbd6d3f.jpg,95109efbf9490d98
3368569524_a9df2fc312.jpg,9898954c77f3a686
3368671163_0171259581.jpg,d8cd32b3cb60879c
3368819708_0bfa0808f8.jpg,837f80ae30573c57
3368865171_597d51cdd5.jpg,b565e37b41b24686
3369258147_03db257f0f.jpg,f2d393858ca4547d
3369354061_2bab79f91f.jpg,e434111b1db5e6ad
3370085095_6abbb67c1d.jpg,f68bc89695796035
3370308329_7f2de5bb58.jpg,fec64935ac98a589
3371266735_43150bce52.jpg,d95ee801c58913df
3371279606_c0d0cddab2.jpg,8a8b95342f0b37b6
3371533654_73a12a35a4.jpg,b4f4ea82808beadd
3371567346_b6522efdb8.jpg,9fdd9052c67a2c89
3371567529_606fa3452b.jpg,a47a1b0f64f01fc3
3371887001_44ab0c2f17.jpg,d4e4c69423f0eb1b
3372022051_132b8e6233.jpg,d0d6d49173668cea
3372167201_f7f909d480.jpg,8644ea6d84bfcd68
3372214646_cc2ceb182f.jpg,e0fcfcb940c072ab
3372215826_b3e6403b2e.jpg,c3c37c3c9ac3e390
3372251830_baa3665928.jpg,f1d986075de95708
3372340429_91c4f4af30.jpg,e3129cede3964c29
3373069977_bc73e9e409.jpg,84dd8a246ddb968d
3373243733_9aba7740ed.jpg,a572994a7259b38d
3373481779_511937e09d.jpg,ba4c453e3863c376
3373544964_c9f1253b7d.jpg,bcb247d9b8c7064c
3373870185_f79163fa51.jpg,c8493f2746c1da76
3373946160_1c82d54442.jpg,f3448d39dc3b8364
3374054694_fa56f29267.jpg,b1325f4d64b2239d
3374223949_90776ba934.jpg,872755fb7ad86021
3374384485_751f719be4.jpg,a5b459535e62a2ea
3374722123_6fe6fef449.jpg,d15c2db3f36ca092
3374759363_d6f7a0df41.jpg,f1a2e67c0c23a47b
3375014075_157388f8a9.jpg,9c0ce7791283f93c
3375070563_3c290a7991.jpg,8ece3c3031737333
3375134059_7e9eb2ef01.jpg,cc9829f7335f8628
3375534917_62350bd06b.jpg,bcccd28a23735b49
3375549004_beee810e60.jpg,deebc3f5819c1902
3375843443_8d9b242aa5.jpg,8343cdd574b54969
3375920709_ef7370fa09.jpg,e6191966f699c8a6
3375991133_87d7c40925.jpg,8c3727d2982de396
3376014640_ff5b00769f.jpg,b1f0678f0cfc2f01
3376435746_1593d9b243.jpg,f0cd82300ff49ce7
3376439178_159e4126de.jpg,cb7f28a81257d4ac
337647771_3b819feaba.jpg,c9092e6e1f3538e6
3376809186_4e26d880b7.jpg,f550e8f8d56c88f0
3376898612_41c91de476.jpg,919191f94fd8a9c9
3376942201_2c45d99237.jpg,d3881c9a60e6cb77
3376972502_35e3e119cd.jpg,813d7a43d6d40dcd
3377117696_af91f13058.jpg,ee3a91e3c2d81c87
3377344932_6dfce93248.jpg,aaab512e3c3c2b4b
3377570617_d2f2225a74.jpg,cbf18c6735ac82b1
337793983_ac5b2e848e.jpg,aa2b919ca872d66e
3378553508_e37e281d25.jpg,f5c5890e5aba5193
3379839396_0cd84b55f1.jpg,bee64578835da249
3380072636_4cd59385fd.jpg,f3c88d1f78a70c0d
3380364224_2626d9d354.jpg,b4324be9b706e4d1
3380407617_07b53cbcce.jpg,c24e9d3948c3b33d
3380519003_9f91d5a7fb.jpg,9b70669898e57933
3380643902_7e0670f80f.jpg,b42146d2597ccfc6
3381038951_225bb163af.jpg,90147e83e13fc17e
3381161854_af8b05243c.jpg,ed6161b660c8bc6d
3381392182_db2c42430e.jpg,9ccc238f0ff0f704
3381584882_341ee3092f.jpg,a4da9b5ba44c9959
3381788544_2c50e139dd.jpg,9190abf9d0642fad
3382105769_b1a4e4c60d.jpg,92b7614d19b3a72c
3382303178_69b6d1bdd2.jpg,9569f19ccec1b0d8
3382679230_baef3d1eaa.jpg,986c729d2fb68545
3383037991_8f07784b81.jpg,cd70308de1e0ef33
3383388869_a14552e551.jpg,c0768daf0e507177
3383491811_fd9d3a891d.jpg,ee9399a992163566
3383545083_1d7c95b003.jpg,b73b9ac169584e4a
3384314832_dffc944152.jpg,b13636b6881ddc66
3384528359_e920154177.jpg,cc8c33f1663331f4
3384742888_85230c34d5.jpg,eed2434eb561c561
3385246141_a263d1053e.jpg,9c93934b6c6d6c64
3385593926_d3e9c21170.jpg,b4734b2cb1338eac
3385956569_a849218e34.jpg,9f30306fcf8830af
3386060324_b98fdfa449.jpg,c61e38e307d3710f
3386375153_20c56d0aae.jpg,96d6c9e1601e9ea3
3386893620_5f0bb4e794.jpg,921d7a611d78665b
3386953179_84c2d7922f.jpg,95d575330aa8ba3a
3387542157_81bfd00072.jpg,b6c2e2cc6d3d1989
3387630781_f421a94d9d.jpg,a9e42b13b7685a6a
3387661249_33e5ba0bc5.jpg,ec60cfbf60928764
3388094307_5a83be64a5.jpg,8d85a764d971744e
3388330419_85d72f7cda.jpg,dff8800767e0789c
3388836914_c267cf3a59.jpg,8c49e7661bb92547
3389321512_b11f499dab.jpg,9face7df0c859804
3389448506_7025e7cc12.jpg,c35ebcb161984ee4
3391209042_d2de8a8978.jpg,96cba14e4c4ccf33
3391924827_53b31542ce.jpg,9dde61301ee6b219
3392019836_c7aeebca1c.jpg,c7cc3833301cc77b
3392293702_ccb0599857.jpg,e409592dda396d72
3392851587_a638ff25e2.jpg,c2d6d8b0159c8ded
3393035454_2d2370ffd4.jpg,d767269a2925d299
3393152604_27bd1037f2.jpg,874170bcd15aedc3
3393343330_b13df4d8ec.jpg,d929fa4642ba14e7
3393394134_0caac47e1c.jpg,8ca3bbcf36845968
3393446245_37dd3f3b59.jpg,b426cec94b7fb110
339350939_6643bfb270.jpg,9cf9877c04c391dc
3393926562_66cc01b001.jpg,e098b51e02f6f8cd
3394070357_cb2a3243fc.jpg,a6ccd98901e6e91f
3394586927_eae7732b64.jpg,c858d14b3efa3334
3394654132_9a8659605c.jpg,b5e93e78a10e0ba6
3394750987_a32ecc477e.jpg,d90c77f32a84e44e
3395173129_f0ac0a1ed4.jpg,aac5a53275bab0f0
3396036947_0af6c3aab7.jpg,afe198181266e7f2
3396043950_12783c5147.jpg,c93cd27f34509e8c
3396153660_f729d9f9b9.jpg,e20775393ac3d166
3396157719_6807d52a81.jpg,e8628f2d356c38b3
3396251819_1efa69310f.jpg,be1114699ee19b74
3396275223_ee080df8b5.jpg,c6872d03d3797c64
339658315_fbb178c252.jpg,d0cb8ee53278f906
3396817186_b299ee0531.jpg,964b6db7aa754a04
3397220683_4aca010f86.jpg,e6529bc2972d616c
3397228832_8ce5b1c26f.jpg,9cfe358b61934ba0
3397259310_1ed1a346b5.jpg,fcc7f3000f72468d
3397310901_cbef5c06ef.jpg,9877188772dc95c3
3397633339_d1ae6d9a0e.jpg,896bd237641fca07
3397803103_8a46d716f4.jpg,ec26929969763669
339822505_be3ccbb71f.jpg,9eed129e29b54b82
3398276602_c7d106c34f.jpg,89f0a79936e268d9
3398745929_8cd3bbb8a8.jpg,e9b4a4b62262e7e2
3398746625_5199beea71.jpg,cdb612d259b944dc
3398788809_25c71ba018.jpg,c79c3cc380be396c
3399028417_50a621274c.jpg,cccf1313c3625bd1
3399284917_721aefe2a7.jpg,c3a61dd9e0279978
3399312265_9c74378692.jpg,be6ec59b11918533
3399616238_77acf4ee12.jpg,cce6ce6ee4cc202e
3399618896_9ef60cd32c.jpg,e9971c62e33cd318
3399798295_a452963365.jpg,8135522d6e9b653b
3399843227_3b9d2a8dbf.jpg,8d164d6b627107af
3399906919_bc8562b257.jpg,8abcf1d09ce1d8ca
3399944164_ec24123945.jpg,88716e1ebcc81b3b
3400041870_4e7732b40f.jpg,83b885c31f39cc9e
3400082864_9c737c1450.jpg,cca53d70936f64c4
3400135828_0ac128b6eb.jpg,a6361b1d6466d2d9
3400186336_37043a2f5b.jpg,f885853db5d07436
3400385314_a5bc062e97.jpg,e55753687c312d89
3401039304_424ffc7dbf.jpg,96c9edc9d2c48595
3401333624_4b6af8c1d7.jpg,a59a1c639c8fe325
3401437960_7da856e004.jpg,a49c93fd9d416c62
3401548798_3a93f2caa5.jpg,9269ad32c9b1768d
3401647850_685c03ffff.jpg,eeb168b7b0ccf208
3401902253_cd27e6d0fe.jpg,e5cd129292cb65cd
3402081035_a54cfab1d9.jpg,fc43f91cc23cca31
3402638444_dab914a3de.jpg,fe96869f580785a1
3403263046_3cc701a07a.jpg,8eb25a716d8d263c
3403370354_5d266873b4.jpg,8f3f35a452803f96
3403797144_53e49412ec.jpg,b9c6ee338168d296
3404012438_9baf8dcbaf.jpg,df7e262231f0c2ca
340425915_490293058f.jpg,e0d5b630ce627cc5
3404408360_430f73b034.jpg,a86a9730da933d66
3404552106_f516df0f5b.jpg,d84c08290b5ff7d6
3404870997_7b0cd755de.jpg,f105a39c9688ab6f
3404906655_bc51c69c1e.jpg,e54c9a339bd0a62b
3404978479_8a81843e17.jpg,d5edeb030cda64a2
3405011838_f81117c99f.jpg,f0812f3f5dce4093
3405100926_e96308ce89.jpg,ea31856eb8929bb1
3405113041_4b72c24801.jpg,81f01e9ee38b3e61
3405720825_b6991005eb.jpg,bc9c69c7c6c0f134
3405759441_fb31c80240.jpg,f3cb4f66681c9231
3405942945_f4af2934a6.jpg,9ebe43478f3060dc
3406116788_c8f62e32d1.jpg,b776c0a4a68d7c51
3406409018_03de95181e.jpg,eb11d46f191c323e
340667199_ecae5f6029.jpg,ccc01337beb68785
3406802138_ef77bbddd0.jpg,86536e1f3ee51125
3406930103_4db7b4dde0.jpg,f64e4132533e8cd5
3407317539_68765a3375.jpg,e44dc9730e8cb273
3407357681_5aeaab5b59.jpg,b8860763d83c6fd8
3407584080_c6abf71ae3.jpg,ec249b762bc46297
3408130183_f038bdaa4f.jpg,8c5cb73221b373aa
3408274796_0dc62225e9.jpg,c12f9440a75ee973
3409326324_a704565e8f.jpg,f360c41138f67d39
3409506817_775e38d219.jpg,ecc06792333f282f
3409740108_1505489537.jpg,98a9e909cde9c9cc
3409947123_a8d07edecf.jpg,8eea6266715959b1
3410215754_5d5caeffaf.jpg,c344bc3b03a79dcc
3410899419_4f8dca6f3f.jpg,9c79c9cc6e54308f
3410902181_b2a3c6eec9.jpg,d87e6ce17932b222
3411022255_210eefc375.jpg,91674d521a6e91cf
3411393875_a9ff73c67a.jpg,c3d3294d5c969a1b
3411579899_0f8ed09142.jpg,93498b36956ed03b
3411595210_8e0893b266.jpg,d44fb2b10d4d70a7
3412036192_d8cd12ed3f.jpg,c941439db78e8f23
3412249548_00820fc4ca.jpg,cac8349ef332be60
3412450683_7da035f2de.jpg,dc3f03422461cfcf
3412822878_5d961492e5.jpg,db5988c497cbf046
3413019648_e787f0cb88.jpg,e50532b64d2991fd
3413571342_b9855795e2.jpg,b6db49a42e735149
3413669228_ec64efeb34.jpg,b1958d36284bf936
3413806271_17b7e102aa.jpg,f77659191f870223
3413973568_6630e5cdac.jpg,f3664c99b1630ed4
341430859_4519802e8f.jpg,f16f0d07c38ccc3a
3414734842_beb543f400.jpg,9c59632c5edc9307
3415003392_139c0f3586.jpg,ccfc68ab34150ecb
3415113018_7b95ddcd11.jpg,820c8dbecec7cc9c
3415165462_e1cb536d08.jpg,8d75c63ca216598f
3415178926_909db9400b.jpg,b833e162d743c38e
3415228562_4efa9c9b70.jpg,de64e98b16cd2136
3415287719_3c776f370e.jpg,d20e20fb36d3a563
3415311628_c220a65762.jpg,bf49c436c18eb6c1
3415578043_03d33e6efd.jpg,a22ed9f99ce0f0e0
3415589320_71a5bf64cf.jpg,c69238cd69b4939b
3415646718_f9f4e23a66.jpg,d94eb3639c535cc0
3415809168_af9dabdba5.jpg,c9190dc66666d2cf
3416013671_98b5c75046.jpg,918137eb0ccefc0e
3416091866_a96003d652.jpg,97a96e5a198698da
3416246113_1745559b6b.jpg,cf9363288ea487d6
3416339125_0860d3d1eb.jpg,e1341c6e0bf9a07e
3416460533_d5819fbf69.jpg,8e618e726db149bc
341665272_80d4d61376.jpg,b1734f4d743431b1
3417037373_67f7db2dd2.jpg,b6e3a0d1b1a47655
3417102649_5c0b2f4b4d.jpg,a4e6528b3539531f
3417143124_6feb8290cc.jpg,842ad3d5d0873db9
3417231408_6ce951c011.jpg,e11fc19d4aa57643
3417662443_2eaea88977.jpg,d07a31342fed90d9
3417672954_46b75dea8d.jpg,ffdbc0c0d2787026
3417788829_cfdbc34d2c.jpg,dcd41b2b8031f3d6
3418504074_083f0bb68d.jpg,b238c5cf3e30b1c9
3419197575_aa5b84a9f0.jpg,8e8fb132b4f86562
3419238351_ac18b440c0.jpg,afc0b6a559e205bc
3419634480_c390f62a6e.jpg,f1d89ee6cd899403
3419916411_72934edcdb.jpg,98a6be9894dd5319
3420064875_0349a75d69.jpg,b792498ef313e864
3420260768_26a600b844.jpg,8e4ead07986167ce
3420278866_1d17c12713.jpg,c63c8e2ee53269d2
3420284416_a90af1fb7a.jpg,c338c53e6c9798c3
3420323191_d66e003264.jpg,a6b38dccf2a2845d
3420338549_bd78d35243.jpg,94cba78649197373
3420469425_2980b4cd30.jpg,aff1458260a96f36
3421104520_6a71185b3c.jpg,95346b445b4aa5b7
3421129418_088af794f7.jpg,87f1984e8739cc2e
3421131122_2e4bde661e.jpg,f6984ba67c981327
3421177332_a05741cfa4.jpg,9c8ec9391c989dd5
3421480658_b3518b6819.jpg,86b93368c4e1d2b7
3421547427_53411b6278.jpg,ca041e64c0dbf3be
3421706363_a3e22a4908.jpg,c133d288bc3d497d
3421789737_f625dd17ed.jpg,f361ddb6ac4f00c8
3421928157_69a325366f.jpg,a0305b67e7cc18f3
3422146099_35ffc8680e.jpg,b5a7a3a5821e8d9a
3422219732_3d0be52cc3.jpg,a16316d21de5cecc
3422394336_e465f60b7c.jpg,ada9a236a7c8cc8d
3422458549_f3f3878dbf.jpg,9cfce6d3a7c0a890
3422979565_e08cd77bfe.jpg,9595cb4f8ba434b8
3423225860_16e26eef74.jpg,d6aef2e1256a4a16
3423249426_02bedf9260.jpg,b569d9265f4c52c8
3423509305_e399d005db.jpg,851d31674da9a13f
3423802527_94bd2b23b0.jpg,a4f5cab123d053d6
3424424006_98f9d1921c.jpg,a7b2cf9931e40179
3424605029_53078d3505.jpg,b5d68ab2899853e3
3424851862_0f51c42922.jpg,b3ceb7b0c1e1281e
3424927725_c4d1fcfac3.jpg,e9901ff3a387a889
3424934891_69f18da66e.jpg,bb4660fb8c85e358
3425061393_d093edb8da.jpg,f83e1b70315b82b6
3425069551_aba046a1b6.jpg,cf716b5993342a70
3425071001_e7c9809ef2.jpg,ed12da0c2b45db1b
3425127583_611200619a.jpg,c8d73f1864a917b8
3425414048_fa14d33067.jpg,a6d11e612d929b67
3425573919_409d9e15b2.jpg,b94d10b9ab1e0e79
3425662680_41c7c50e8d.jpg,ca4abc3dc3c23c3c
3425685827_03683e8e5a.jpg,e18493ca4e71fca3
3425756814_13909354d4.jpg,c51e6e85a53487ad
3425835357_204e620a66.jpg,91876df1d535310d
3425846980_912943b4f9.jpg,cccdb271e1369b41
3425851292_de92a072ee.jpg,9067ef14b3b27550
3425853460_bfcd0b41f6.jpg,9863ce7b269c8969
3425887426_bf60b8afa3.jpg,c670ad4b931e3578
3425918361_3b890d9575.jpg,a30cf8b2d66a2b17
3426144752_28d63615ca.jpg,c2cf4ba03c454f9b
3426724811_137855b4f7.jpg,f601e117877c987a
3426789838_8771f0ed56.jpg,9ee10e5ea1733386
3426933951_2302a941d8.jpg,bc3ac91ae0a5b0f5
3426962078_13e87e10de.jpg,a5945a1da56b5a55
3426964258_67a0cee201.jpg,cee44432b4729dae
3426966595_c8c4e1e872.jpg,beb1c11cb19c6693
3427023324_f1f6504bf4.jpg,a33750293d5ac7c6
3427118504_93126c83e0.jpg,ccb333c4333c26cd
3427233064_6af01bfc5c.jpg,d8ac374bf3b10c38
3427301653_4ff0d6fd93.jpg,cceda9919355b492
3427402225_234d712eeb.jpg,d0952b78666587d6
3427540832_c882fded1d.jpg,e7bc1fc8c90d0e61
3427614912_b147d083b2.jpg,879399b42e2e263b
3427852996_d383abd819.jpg,b73b594051d47b51
3428038648_993a453f9e.jpg,9285e70778397e98
3428386573_670f5362f0.jpg,d92626d9651c99e6
342872408_04a2832a1b.jpg,f3bb49213456da8c
3429142249_d09a32e291.jpg,e01847f5ad7a52a5
3429194423_98e911a101.jpg,c22574ca3de19b78
3429351222_17ae744daf.jpg,81f6b60b45f4d3a1
3429351964_531de1bf16.jpg,e8eca7ec55982a15
3429391520_930b153f94.jpg,b3b3b0998dcd4c4c
3429465163_fb8ac7ce7f.jpg,e6c0e13fbcb0c227
3429581486_4556471d1a.jpg,95732e2d1b36619c
3429641260_2f035c1813.jpg,84286a7a2bd7d26b
3429956016_3c7e3096c2.jpg,9a14d2a92df33d91
3430100177_5864bf1e73.jpg,ea6a6c2d373638c8
3430287726_94a1825bbf.jpg,b999cc63c718269e
3430526230_234b3550f6.jpg,807c54d7331c3ee3
3430607596_7e4f74e3ff.jpg,d18f06f083affc88
343073813_df822aceac.jpg,eb9cd2c1e53312a3
3430779304_43a2146f4b.jpg,825ed6c2ca92d2bb
3430782104_34da558eba.jpg,9c4ccf8fc213d453
3431101934_99a6c55914.jpg,c7f1c960b42ee195
3431121650_056db85987.jpg,a415596e619d9a6d
3431194126_ca78f5fde6.jpg,999c9c9966661367
3431261634_c73360406a.jpg,cd125b29be1375a2
3431487300_0123195f9b.jpg,8b152ae9a9d974e2
3431671749_e8e3a449ac.jpg,bcd3c32c9c3368cc
3431860810_44277cd360.jpg,bed9c9c630721a8e
343218198_1ca90e0734.jpg,ac89d27260ee363e
3432495898_a5859f06b6.jpg,c3494963c699b99e
3432550415_e7b77232de.jpg,ba9a8acde5e4b130
3432586199_e50b0d6cb7.jpg,ec95b9dab10712e8
3432634159_1eb9a73306.jpg,b1d1466e13f1496b
3432637363_3ba357e2da.jpg,82809dbd34f86773
3432656291_a6c7981f6e.jpg,9ba6d9d875682326
3432730942_4dc4685277.jpg,add93b6e662c0323
3433259846_800a6079f0.jpg,8738b80bcdd19b78
3433470650_a8b1c27173.jpg,f987eaac130b1c69
3433567526_00b5a70319.jpg,8d4f24b873f17303
3433982387_3fa993cf5a.jpg,b54b4b74c3997c48
3434452829_62cee280bc.jpg,bd424267ab05dbac
3434526008_02359881a0.jpg,a0b04f978e60f53d
3435015880_eda46ff50f.jpg,c2e29d95616eaaca
3435035138_af32890a4c.jpg,ccdcb381c8d2735c
3435233065_3411f2d29d.jpg,d1d24ec8381e4efa
3435648640_b2f68efb78.jpg,ecc09768e1b79a19
3435653630_3b6cca2c40.jpg,9c0fcd3006ebdd4a
3436063693_15c8d377a2.jpg,e6989960b3e662b6
3436074878_21515a6706.jpg,e63159ab98b4b169
3436259762_43709321ff.jpg,f7e6821fcc19413a
3436313241_6c73153fb6.jpg,e69659239ec96670
3436395540_63bc8f2fe0.jpg,d754316dcf44b04d
3436418401_b00ceb27c0.jpg,91180cbed261b9df
343662720_39e4067cd1.jpg,8dc6561974e7e324
3437034427_6df5e9fbf9.jpg,cb8978ecd5ba40b4
3437107047_715c60e9c8.jpg,e695f9e79a820e44
3437147889_4cf26dd525.jpg,f6d0c9e7c10cc8e6
3437273677_47d4462974.jpg,ccd56a3a190936f9
3437315443_ba2263f92e.jpg,ea271e524876f18d
3437654963_c4fdc17e8b.jpg,bae7769dd108e484
3437693401_202afef348.jpg,f2db15059db521ca
3437781040_82b06facb3.jpg,ca35724e9f62c48b
3438858409_136345fa07.jpg,efbfa0d0e4c4ac03
3438981089_2ef1a6353c.jpg,a9ed4993d6365e02
3439128755_84409b8823.jpg,fc65c31a1c67651c
3439243433_d5f3508612.jpg,93b46468e99d17d2
3439331800_e71e1d808f.jpg,fda9678ab408d178
3439382048_d2e23b2b4c.jpg,e4c05a0c26f6bf4b
3439414478_8038ba9409.jpg,bd17dbe8ca06e0a1
3439560988_f001f96fc9.jpg,f1ce8fb830e3903a
3439982121_0afc6d5973.jpg,c03a3fb13bc4dac4
3440104178_6871a24e13.jpg,c3426466e7d3e1b2
3440160917_4524cfd9f6.jpg,e498877b3ee44319
3440724965_03d6ca5399.jpg,9fc3e6bb012e24a3
344078103_4b23931ce5.jpg,dd3bb244c2e681cb
3440952969_608eb5e42b.jpg,ca6ab5c54f8dd40a
3441104823_33cdae5a56.jpg,84f54ba491afc5d4
3441145615_b4fcd9eea0.jpg,b59fc26030996e37
3441399292_60c83bd5db.jpg,e4292c43d6e8376e
3441511444_b031585b45.jpg,eabd9dd4488a2c8e
3441531010_8eebbb507e.jpg,9c1cf2293d75e207
3441701164_6dbbdf1bce.jpg,b15e82af6d511f21
3442138291_3e75f4bdb8.jpg,a6a6d9d8d8f26445
3442242092_e579538d82.jpg,c30f3c60c49a8f7d
3442272060_f9155194c2.jpg,b5d844614c6c3f2f
3442540072_b22ca2410f.jpg,962b694ad7352699
3442622076_c3abe955e5.jpg,93fde486898c6cc9
3442844140_15aa45e9b8.jpg,94c24dbd3b936316
3442978981_53bf1f45f3.jpg,dce116d1291ec36d
3443030942_f409586258.jpg,b14e518c1b67dcb1
3443161359_65544fd732.jpg,aed42ac5d02bc5bc
3443326696_fe0549c5be.jpg,ef46c468c435d327
3443351431_7b4061df5c.jpg,ce60b31f088f263f
3443460885_46115463b4.jpg,9f60b81fe0611e9e
3443703471_14845d8850.jpg,eb270448f1ff36c0
3443853670_6c79fcfcb2.jpg,cdce56a38661499e
3444684583_6656e38088.jpg,e6dd196606d9219e
3444974984_963fb441a0.jpg,caa65817ec532dc3
3444982197_0ff15cc50b.jpg,9533694d67d31c34
3445296377_1e5082b44b.jpg,cca4b5e3c222d8fc
3445428367_25bafffe75.jpg,f0b9ccc6b3995c14
3445544288_68fdb25969.jpg,d05e2bd325c8e4d6
3446191973_1db572ed8a.jpg,f996163b9d83149a
3446347599_0ecc49a9d5.jpg,c29ca7c87dc29d64
3446586125_cafa0bfd67.jpg,92092d306e77db1b
3446762868_06e9d9d899.jpg,ede41a9433b3668c
3447007090_08d997833a.jpg,fc13ff600f3f9001
3447155358_5b5b59b15e.jpg,b131c40dcd1f93e6
3447876218_4ccf42d7a0.jpg,b30d8c267333cc5b
344841963_8b0fa9784c.jpg,cec8c10f199b6ec6
3448490813_f9623e864d.jpg,e88f8b60e0589f5d
3448855727_f16dea7b03.jpg,cf71384b030e3b9e
3449114979_6cdc3e8da8.jpg,cdb4484c3c8bd7f0
3449170348_34dac4a380.jpg,c60ab6a1cddc29e3
3449718979_e987c64e2d.jpg,917146ce19d143bf
3449846784_278bc1ba92.jpg,e59698e1b6cc88b3
3450776690_38605c667d.jpg,e60e58b6d6d4598c
3450874870_c4dcf58fb3.jpg,9fc3e03ec3f08e03
3451085951_e66f7f5d5c.jpg,b1f1de4e0c3231cb
3451344589_6787bd06ef.jpg,c5e42a4b64d4fa2e
3451345621_fe470d4cf8.jpg,d0d53f2a423acad6
3451523035_b61d79f6a8.jpg,9c1c7173f2074f70
3451984463_37ac1ff7a8.jpg,f4d08a41f1bb4bcc
3452127051_fa54a902b3.jpg,b23ccc8f29913dc3
3452341579_0147d2199b.jpg,cc59a712876b4e96
3452411712_5b42d2a1b5.jpg,f8b994d00783cf4d
345284642_77dded0907.jpg,a838999d4fc5c03f
3452982513_36f2bc81fa.jpg,de5e606062a72737
3453019315_cfd5c10dae.jpg,f976c2bb1888e315
3453259666_9ecaa8bb4b.jpg,f0407f3e9826a6da
3453284877_8866189055.jpg,f9344e2f92dc0d61
3453313865_1ebff5393c.jpg,8829bdd9880fd6d6
3453544202_3855ab34b6.jpg,ee85963a930b9d19
3454149297_01454a2554.jpg,f10c8c7904f3ad97
3454199170_ae26917dcd.jpg,df60ac0d183b7137
3454315016_f1e30d4676.jpg,cfc573301c193a3e
3454355269_6185e29f95.jpg,c0c0643f3f0f3fe0
3454621502_73af6742fb.jpg,bf9fc0e0721c0793
3454754632_977c1523be.jpg,cb153eabb4f04a64
3454988449_1de1ef4f20.jpg,da864d13ce9e291b
3455405300_aa3069ecaa.jpg,96cd395aca923746
3455419642_894d03f153.jpg,dcce85b098da8acb
3455757720_7aeba57056.jpg,8d8cd2e3f374480f
3455898176_f0e003ce58.jpg,b4a8c9964369bcf8
3455920874_6fbec43194.jpg,b2dcc59abe83cd80
3456251289_c4ae31d817.jpg,c694ca857495ce5d
3456362961_d8f7e347a8.jpg,c1c6f0f8789c9ccc
3456579559_b5c8927938.jpg,968d4936e34d94ea
345684566_235e8dfcc1.jpg,c1600d8f8fa770eb
3456862740_7550bcddc2.jpg,d54dc10fa493656d
3457045393_2bbbb4e941.jpg,e0c33734783cd8cb
3457210101_3533edebc8.jpg,97ece067e835e00e
3457315666_b943111dec.jpg,ff14cd6913729292
3457364788_3514a52091.jpg,ebb4828f58077f90
3457455611_94ee93929f.jpg,f382948f547c5372
3457460673_800d7f7dd9.jpg,c03d52fda90a7ee0
3457572788_e1fe4f6480.jpg,e6689916cca3f16c
3457604528_302396c08c.jpg,c8c3d79c3c636278
3457784061_8f77f43a9c.jpg,c443091e7a617f7c
3457856049_2de173e818.jpg,c2c6393985d93e27
345785626_9fa59f38ce.jpg,8ff08ed3b0c7708c
3458211052_bb73084398.jpg,fbc093a418776cc3
3458215674_2aa5e64643.jpg,e4d6993377d48498
3458379941_657182bb09.jpg,96c8a3322c16bfe5
3458434150_2b0d619244.jpg,95eda9c66b950a94
3458559770_12cf9f134e.jpg,9292b2a5ed8969d3
3458577912_67db47209d.jpg,a3a342fafd1ad806
3458625738_297857369c.jpg,ba1979625a63a533
3459156091_c1879ebe28.jpg,a4545b7b6531ac6c
3459362347_c412ef9901.jpg,82b5cdce1c478ae5
3459419203_cd7c68ce4d.jpg,82ab6ce418f2f3d1
3459492423_c881f12c9f.jpg,810fde24471b9af3
3459570613_3932816d3f.jpg,d6e6e4cd5b162618
3459858555_c3f0087a72.jpg,c06339d40aed76b3
3459871361_92d1ecda36.jpg,d43ae9dd02e66692
3460458114_35037d4d4c.jpg,9e0e4c5c3f27c278
3460551728_63255cec18.jpg,804f51c3cfc85fd8
3461041826_0e24cdf597.jpg,e48b333d5c95a46a
3461049169_e068ae4f25.jpg,d96ab491cacf7428
3461106572_920c8c0112.jpg,e856cdad4831a733
3461110860_37ef15af8e.jpg,f807037bec4b51a6
3461114418_c27b4043a2.jpg,a3c988b9a3e68ed1
3461437556_cc5e97f3ac.jpg,88bda5bc392d2366
3461583471_2b8b6b4d73.jpg,f8b44cca252b9e2d
3461677493_5bfb73038e.jpg,8cb4995488739fdc
3462165890_c13ce13eff.jpg,cc6c8cc773834ee4
3462396164_ba9849c14b.jpg,88f38bac5e159a99
3462454965_a481809cea.jpg,f99b44c0cb3b9961
3462512074_2b4db1ffd6.jpg,c0d62e2af53e2e43
346253487_687150ab04.jpg,9b3e66a01cd5417d
3463034205_e541313038.jpg,d7972bca1034ccda
3463268965_f22884fc69.jpg,b090c7ff6c4f1930
3463523977_f2ed231585.jpg,9f70603f1e3829d5
3463922449_f6040a2931.jpg,ebe80c95a5a5a536
3464708890_3cab754998.jpg,955ce6e2d90d3662
3464871350_3f2d624a9c.jpg,d725e834834d16af
3465000218_c94e54e208.jpg,82ca75a9954d65bc
3465396606_5ba1574128.jpg,98006f6f70f8469f
3465473743_7da0c5d973.jpg,c2603a8f692d77b1
3465606652_f380a38050.jpg,82187bf2a5b76d12
3465791729_5bf9bd8635.jpg,ef2ec2699a71804f
3466353172_deb128bbb0.jpg,95c86a3391d4cea7
3466891862_9afde75568.jpg,c949672722aebe34
3467073304_aefe553c4d.jpg,cbed859a34325695
3467219837_7d62213dec.jpg,8e2cf39346cc4bb2
3467282545_273a97b628.jpg,953c7a079e46487b
3467510271_0f57e52768.jpg,b07287c50da97eaa
3467843559_a457ce37b6.jpg,a9b14cdc48933e5e
3467941308_ae6989e29c.jpg,9e1a439e94b1396b
3468023754_8a07d4c56e.jpg,fe8de18471c13e70
3468130925_2b1489d19a.jpg,d45c4c2d199bcee2
3468275336_61936db92d.jpg,d669c4c7b1628f49
3468346269_9d162aacfe.jpg,c4d97b273d1b1243
3468694409_a51571d621.jpg,929d916c6cb36276
3469585782_e708496552.jpg,8d522dc53a857a3d
3469711377_bc29d48737.jpg,af5b2b2c4ab51871
3470008804_0ca36a7a09.jpg,b39bccc43338ccc6
3470129475_9e58b6742c.jpg,c40e7868b53f0eea
3470303255_fbb41b8dd0.jpg,a9c4495e1ebcb9a1
3470951932_27ed74eb0b.jpg,f4720d93c3a2e25d
3471066276_fb1e82e905.jpg,cae0ad8ee2e487e2
3471117376_40585c3fd1.jpg,99b3e4d2c3593964
3471463779_64084b686c.jpg,8e0c73b3b04eccad
3471571540_b4ab77f20d.jpg,f3e38228181f9f3c
3471841031_a949645ba8.jpg,fe20915fc660b8dc
347186933_880caaf53b.jpg,fa09d845b6578267
3472066410_065b4f99d3.jpg,c5ee9a9b8dd412c4
3472270112_0a7cb7b27c.jpg,ad390b6612cceed2
3472364264_dbde5a8d0a.jpg,e63b090e336d194f
3472449219_eb927f05b8.jpg,cca672e6a893f82c
3472485022_5d03e9852d.jpg,9c90c36fc30f3cf0
3472540184_b0420b921a.jpg,9ad966644c72b19b
3472703856_568d9778b5.jpg,cd6733d9ec708c03
3473264983_67917a931f.jpg,99cea2301f4d49b7
3473320907_3884a7203b.jpg,f14c8b9a74f18e0b
3473534758_1ae3847781.jpg,9eb9c7461b116c1b
3474176841_cde2bee67c.jpg,e4ea84cde5745172
3474265683_43b1033d94.jpg,b2e1a54bd64c24dd
3474330484_a01d8af624.jpg,e7910a6875767643
3474406285_01f3d24b71.jpg,e51e18b5eee11b50
3474912569_7165dc1d06.jpg,c4adb2c643786e78
3474958471_9106beb07f.jpg,d62eac545aa9955a
3474985008_0a827cd340.jpg,ff6f894e029b800f
3474985112_24ef46e82d.jpg,e023c1a79bd9dca4
3474985382_26e1560338.jpg,eb6bf6024db8038e
3474999131_788cbf253f.jpg,b87818a2c3b7736c
3475005101_6f6e437459.jpg,ca4d8dc21f973139
3475092236_cf45d383c7.jpg,adefced049330f80
3475111806_f0d2927707.jpg,bbbb18434f2d8616
347543966_b2053ae78c.jpg,ad9e9b654761e070
3475552729_a3abd81ee6.jpg,91d6649b33646d93
3475581086_a533567561.jpg,84dc9b7bcc0cbc98
3476237185_9389c536a3.jpg,b81cc68e3c0da7f1
3476381830_3751dd9339.jpg,8646bd23b378966a
3476451861_5b9c9ce191.jpg,8727499a6ada36c9
3476709230_6439305bf2.jpg,b598ce6638a929d3
3477315700_52a4d740a5.jpg,b99ac73bc00f1ce2
3477369101_8e0c61d8f4.jpg,ea3f946a7935064a
3477672764_7f07657a26.jpg,ca08bd16dc9d6da4
3477681171_b1bb8b211d.jpg,a525db0899cb77a1
3477683327_d9e6a2a64f.jpg,83918e0eeaf8fa23
3477712686_8428614c75.jpg,dac2bd258e3ce11a
3477715432_79d82487bb.jpg,9686683a91b76b6a
3477778668_81ff0a68e0.jpg,d32fa5d0eb834c2c
3477977145_4df89d69a1.jpg,80ff8387dcb017aa
3478084305_9e1219c3b6.jpg,b06d4df643931ce4
3478176372_7c510a0cef.jpg,b92b4e85154d6bb4
3478591390_b526580644.jpg,c6d9ec40ad8dba91
3478877323_0a507a601b.jpg,86e3e939071c83ed
3479050296_65bcea69a0.jpg,b08feba3e234861d
3479245321_6a5bc470f8.jpg,8e8fcd4d6ca68631
3479423813_517e93a43a.jpg,bf98b273490e18f8
3480051754_18e5802558.jpg,9898d4542bcfd72a
3480052428_c034b98a08.jpg,eaab1db9941cd606
3480126681_52cea26bda.jpg,9ec7e1dc233e0760
3480379024_545e8ec818.jpg,8873433ecd9c661b
3481859121_3d3e566ec0.jpg,c835b5cc7342fc0b
3481884992_45770ec698.jpg,b4dacba5046472db
3482062809_3b694322c4.jpg,8de3b89c936216ec
3482237861_605b4f0fd9.jpg,92e3e9e02ca92d3d
3482314155_bd1e668b4e.jpg,e21c9c631d9e6b13
3482474257_a88bfe5c57.jpg,c9e28ae1daf91c58
3482668767_66004ce736.jpg,97b0497f420b96f4
3482787182_a5c6d4b386.jpg,e26af59b1e152698
3482859574_3908de3427.jpg,d1f46f9de0c432a1
3482879314_d3387e95b1.jpg,b9f6d6470149999c
3482974845_db4f16befa.jpg,dcc3c33c1e171647
3483140026_e14f64fdf5.jpg,9adae05816f595ca
348380010_33bb0599ef.jpg,8fd912267167e474
3484019369_354e0b88c0.jpg,847dff84a07b5384
3484070900_3e76d7fd30.jpg,a6269e5092ef658d
3484365373_98d5304935.jpg,b05b0c33b36df449
3484576025_a8c50942aa.jpg,9232b3870d75f50d
3484625231_5b1a1a07b8.jpg,99c3263ccf24346f
3484649669_7bfe62080b.jpg,816a66a763d9a4e6
3484820303_7be0e914b4.jpg,b5153b596c6de424
3484832904_08619300d9.jpg,f353ce2c604bb9a1
3484841598_e26ee96aab.jpg,b91ac3719c27734c
3484842724_ef1124c87a.jpg,be018cbde11817f6
3484906808_ee20714408.jpg,c9354b66363c1759
3485425825_c2f3446e73.jpg,af156d36ef149502
3485486737_953f9d3be2.jpg,9e916464696b9b99
3485599424_94de8ede51.jpg,f5a9800b3b72f1a3
3485657956_7481582565.jpg,f1e6969848c3913f
3485816074_363cab4bff.jpg,92982eae259b9b63
3486135177_772628d034.jpg,c62ab06aa97d2bd4
3486154327_8be7c78569.jpg,831ff0c3dc9c5c32
3486324591_9f5eeb24b9.jpg,e1414b7a37be1e48
3486340101_ff01d8f3f9.jpg,cfd070261d1f0bb6
3486538055_bcf4d3dfda.jpg,be425cf8631c35b1
3486831913_2b9390ebbc.jpg,9183cb6e76a61959
3487015378_2e90a79f4b.jpg,e34ff9c940c53e24
3487131146_9d3aca387a.jpg,930b4c9e93b1256f
3487261028_30791528ec.jpg,f2638cf873a344ac
3487378989_c051d2715b.jpg,c71819e72596539d
3487419819_e3f89444ce.jpg,a40793db6d66131b
3487820317_3728e7569e.jpg,ccd991b66aa54b1a
3487979741_5f244c0c4b.jpg,96255d1aafe51532
3488087117_2719647989.jpg,830343ed78783e3d
3488512097_e500cb499f.jpg,f0c6060fcfb81c5d
3488837187_0c7264a16c.jpg,b1ec1a43749923cf
3489774350_a94e6c7bfc.jpg,92a4f3c287996bb4
3490044563_8eb551ef59.jpg,9f8f419ec8a75344
3490186050_4cb4193d4d.jpg,e068aebb3b0c4ee2
3490517179_76dbd690de.jpg,92d7044e73cc8ecb
3490528249_6aae9b867b.jpg,b6d26985d32bd234
3490597800_8f94f7d353.jpg,c8c7f07f7b078418
3490736665_38710f4b91.jpg,d2f1e12ca52727a3
3490867290_13bcd3a7f0.jpg,b1b19503e74bc956
3490874218_babb404b39.jpg,9f99a0604f8fbe28
3491013009_572cf2c18a.jpg,c3a2d04f586191ff
3491607076_922ec561d9.jpg,90c7e9ea0cc96277
3492180255_0bd48a18f8.jpg,ca255ba28f57c368
3492383096_5bbc08f0da.jpg,f1d64c70d1c5ccf0
3492734013_e6b177ed99.jpg,d54bab72c48525b9
3493000349_81c540e828.jpg,d143e5e6ebc68303
3493255026_5fdaa52cbe.jpg,c3fc4e3308bc992d
3493479159_609ebe1b35.jpg,e894cf6c315835cb
3493844822_c315a11275.jpg,c466d999991c6cf4
3494105596_f05cb0d56f.jpg,9212af6d4ded601e
3494345896_dd6b32cfa3.jpg,ee11d7864a93cacc
3494394662_3edfd4a34c.jpg,c7ccbee9a0432d16
3494723363_eaa6bc563b.jpg,a5e1989e662c6787
3495349745_1b29a63571.jpg,b85513466b6bf069
3495453699_1c9faedf3c.jpg,e1f1990116eab59b
3495490064_8db40a83af.jpg,a7e2db05280d66db
3496028495_431cfdc042.jpg,b1c68e7d910d4ea3
3496983524_b21ecdb0c7.jpg,e4ecf09c12991ed3
3497069793_2d4baf5b4b.jpg,a6b59a8a8f0f09d9
3497106366_d1a256e723.jpg,dcf1372f4d471098
3497224764_6e17544e0d.jpg,86d99dc767465898
3497234632_6ec740fc1e.jpg,b50ac875fd82a84f
3497236690_a48bf7ac42.jpg,f3c7ce040c39a9cb
3497237366_366997495d.jpg,9d4637d94cb44d52
3497238310_2abde3965d.jpg,a1dac40cf1774be4
3497255828_f27e009aac.jpg,a52b7626e919e61a
3497485793_e36c1d2779.jpg,8fcc314f322b946b
3497502407_ec566442c9.jpg,e0be3de01a92d396
3498240367_cbd8c6efbf.jpg,b2ade8ebd2925a42
3498327617_d2e3db3ee3.jpg,811e5e83837cbda3
3498354674_b636c7992f.jpg,8891914b63b3df0f
3498417123_3eae6bbde6.jpg,a52df9574847a558
3498423815_5b8fc097f4.jpg,98066f69653eb872
3498482871_4e02f31c35.jpg,b2c54b50977ae4d1
349889354_4b2889a9bd.jpg,8dd2e1199e2f53c1
3498997518_c2b16f0a0e.jpg,cce3eb1c256e9a84
3499720588_c32590108e.jpg,e0309b497ebd3293
3500115252_9404c066a8.jpg,9535c4423e2fe1d5
3500136982_bf7a85531e.jpg,8c1edececcce8c82
3500139659_b2a60b0141.jpg,f71cc160bc1f6389
3500342526_393c739e2f.jpg,cb5fdf99030ae8a0
3500399969_f54ce5848f.jpg,dac6d1a1252aeace
3500505549_d848209837.jpg,cb89db46a6824cfc
3500829879_a643818d84.jpg,fdc09c9dd3103c27
3501083764_cf592292a6.jpg,caf7104b0fa4fc13
3501206996_477be0f318.jpg,84ad310b7b1b372d
3501313414_ae865b6fdf.jpg,f582dae11f4ca2f0
3501386648_e11e3f3152.jpg,e1931e4cc43383f7
350176185_b8c5591e36.jpg,aacf6426f291499d
3501781809_88429e3b83.jpg,ceeee0a26317155c
3501936223_6122a13d27.jpg,84f0c79aa31cb1f6
3502343542_f9b46688e5.jpg,ddc93133ce544d45
3502459991_fdec2da131.jpg,82e0a6b6b4b6ced2
3502563726_30d1ce29c8.jpg,c50d357ae7788c43
3502897880_8392d0e4de.jpg,ed2df552162ac685
3502993968_4ee36afb0e.jpg,b31bb31d9c935a88
3503011427_a4ee547c77.jpg,cbea7095957a490b
3503471307_464a8f588c.jpg,c74a8817db9730ce
3503544012_1771be9d3a.jpg,b86423dca3d37c43
3503623999_bbd5dcfb18.jpg,e7a8f1cc948a8d8d
3503624011_733d745d5a.jpg,cd13339a83cf8d62
3503689049_63212220be.jpg,a12dd2328f79ec0b
3504158556_1d410c8ff7.jpg,c4b92c0f792c63a7
3504275465_604ce2ef34.jpg,9cb1316c4b39b4e6
350443876_c9769f5734.jpg,e5e622b59a314e5c
3504479370_ff2d89a043.jpg,8dc2a495c8f4e771
3504881781_6a842e043b.jpg,95f16955238f6a92
3504940491_94c43792ed.jpg,e59ad39c60668ed1
350529848_9569a3bcbc.jpg,b0309fddce66228b
3505657604_8899161734.jpg,fe97dc0ed4083169
350588129_6aef7b7fe2.jpg,ee6b9b9ae4e41118
3506096155_13632955e8.jpg,a4c41b793135b967
3506216254_04d119cac7.jpg,a3d848aedec5f032
3506468593_7e41a6d9f1.jpg,8d8d8d529a4ae5ad
3506560025_8d0f4f9ac4.jpg,88bd9c9f649e3829
3506607642_40037b3fbf.jpg,b4344b2b2a325fdc
3506869953_802f463178.jpg,cc0cbf3b6063cf11
3507076266_8b17993fbb.jpg,ed70d01e60e8b765
3507670136_2e5f94accf.jpg,a62697d2da5a31e1
3508051251_82422717b3.jpg,e648dc36137b134e
3508522093_51f6d77f45.jpg,bd8dd66a21910b4f
3508637029_89f3bdd3a2.jpg,829cb8d56562f678
3508882611_3947c0dbf5.jpg,cf6560392d623f25
3509575615_653cbf01fc.jpg,9482bb2b6ea645d9
3509611207_7645b1d28d.jpg,90c6409b3e4767cf
3510218982_318f738b76.jpg,de4a6b6537153834
3510219078_670b6b3157.jpg,f777990ea682c1c8
3510695264_ef460fa6cc.jpg,a0cf7d56545458dc
3511062827_cd87871c67.jpg,cc93989b996423fc
3511890331_6163612bb9.jpg,b149ce664cd21e73
3512033659_7e8a0c2ffa.jpg,978f1ec285d9989c
3512033861_a357bb58b6.jpg,b18abeca865f8552
3512127856_18a4c7aace.jpg,b233ac16f186b48f
3512791890_eb065b460a.jpg,c62f6934c28769d6
3513265399_a32e8cfd18.jpg,9c5e47786cb1990e
3513362553_5fc5779e20.jpg,d938a4421abdfd26
3514019869_7de4ece2a5.jpg,97174889c13bf647
3514179514_cbc3371b92.jpg,a809b3654e52fbc9
3514184232_b336414040.jpg,8e63682eb39979c8
3514188115_f51932ae5d.jpg,859297e6a2c7fa81
3514194772_43ba471982.jpg,e3a19e8e79316646
3514278386_de2343577e.jpg,b6156d4e717b0c1a
3514297698_0512623955.jpg,b1b386d658c9ce4a
3515358125_9e1d796244.jpg,cfdad0b037379c40
3515451715_ac5ac04efa.jpg,b30c0df37a5a0da5
3515665835_22e6fb1193.jpg,d1fd841515f08bcb
3515904775_f8acc5909e.jpg,a4c9d9b696676948
3516267455_ca17cc1323.jpg,d6da7a2e1a2b6648
3516285214_59823b341e.jpg,9511db6d07527b85
3516299821_8f0375d221.jpg,d306ac1d1365ec5b
3516312179_f520469038.jpg,c506391b2f0d9b67
3516521516_9950340b96.jpg,a686d9d98ee31962
3516653997_98ec551a67.jpg,ced7d4e0a1213b9a
3516825206_5750824874.jpg,826555cb56ae58a7
3516935867_78cf63c69c.jpg,f1d38fa52e4c0473
3516960094_87fb4889de.jpg,cce8a7f618096376
3517023411_a8fbd15230.jpg,f054d4f1c1cd89cd
3517040752_debec03376.jpg,9b0e6a65155a66b5
3517056462_483ee5a914.jpg,b8232ccc5f35074f
3517124784_4b4eb62a7a.jpg,d6162a6b1a36b659
3517127930_5dbddb45f6.jpg,fa39ac748dc39609
3517362674_0f5296de19.jpg,966369d963969265
3517466790_17c7753a1a.jpg,c7f2c39c9a958c83
3518118675_5053b3f738.jpg,9bd967623a983c94
3518126579_e70e0cbb2b.jpg,939585646a6b4b5b
3518334317_bc40bae18d.jpg,da20973f70d843c7
3518443604_6da641f07d.jpg,a521d8e339eec946
3518608016_46453d8b18.jpg,eac694e9ce28d1e4
3518675890_2f65e23ff9.jpg,c4a3195924e63bdb
3518687038_964c523958.jpg,c941e73619d3e664
3518755601_cebf11e515.jpg,aff1c20db51369a4
351876121_c7c0221928.jpg,942d43799399f4c3
3519155763_045a6a55e2.jpg,b3546d6a6d0b3615
3519815055_304dc8e8d6.jpg,99e52299671d932e
3519942322_b37d088aae.jpg,a2969d6d72226d59
3520079657_b828d96d50.jpg,cbcd91f67e3c0025
3520199925_ca18d0f41e.jpg,8dbd7fc670938411
3520321387_710ab74cda.jpg,dc00a75e4b663d0f
3520617304_e53d37f0af.jpg,e86a9a0d6c5693f1
3520869880_2e8b7d7842.jpg,c613b9641bb9751a
3520922312_e58a6cfd9c.jpg,de08683cd606b17f
3520936130_9e90872560.jpg,9d36334a9ccb5463
3521201948_9049197f20.jpg,dc3f433e3c384383
3521374954_37371b49a4.jpg,85b5d0ea4bafa5c0
3522000960_47415c3890.jpg,95cd62b0b0da4d1f
3522025527_c10e6ebd26.jpg,d6d25a48a6a3b555
3522076584_7c603d2ac5.jpg,98b82f46b663c3e1
3522349685_f046f0e250.jpg,92ea492577173743
3522749949_fb615cee47.jpg,b34f4cf3e3690434
3522989916_f20319cc59.jpg,e9c686194d2d6796
3523471597_87e0bf3b21.jpg,e3bde4e672c8c209
3523474077_16e14bc54c.jpg,848083f86c5fb5fc
3523559027_a65619a34b.jpg,e380e177c3654367
3523819210_99782628fc.jpg,8bbb40b502bd24fd
352382023_7605223d1c.jpg,9a6be826b889f266
3523874798_9ba2fa46e3.jpg,e6a65b039c9999a6
3523920786_0eb63993fd.jpg,94263d25b6b4b4a7
3523950181_414978964e.jpg,ba45a536d249c70f
3523972229_d44e9ff6d7.jpg,bd9e06c19d9e062b
3524436870_7670df68e8.jpg,ed699393092d646e
3524519277_bd0c3e7382.jpg,ab11958ff934e429
3524612244_64f00afec5.jpg,a0abf7488e2155de
3524914023_4e96edb09f.jpg,8868aaaabb23e39b
3524975665_7bec41578b.jpg,87879b83c738bc38
3525403875_7f95e0cbfe.jpg,97f87882e5e7c40c
3525417522_7beb617f8b.jpg,ad01133279cdf63a
3525453732_f74a38f111.jpg,834b5f703b30b571
3525841965_7814484515.jpg,b81d4b58cd99c13b
3526018344_450c517a72.jpg,e1455e343953a7cc
3526150930_580908dab6.jpg,c83cc1cbb62f8798
3526431764_056d2c61dc.jpg,ee361b1fb90309b4
3526805681_38461c0d5d.jpg,cbc66bbc38e1f030
3526897578_3cf77da99b.jpg,b48ccb6161c66ee9
3527184455_1a9c074ff2.jpg,d02b273cacc47567
3527261343_efa07ea596.jpg,a7091876ec7299c7
3527524436_a54aca78a9.jpg,b11cc646b8b8cb6b
3527590601_38d56abc29.jpg,889ae72b56a8bd51
3527682660_c5e9fa644a.jpg,9392544f1f30c37d
3527715826_ea5b4e8de4.jpg,e666a2834c90fb7c
3527926597_45af299eee.jpg,89cb923636158deb
3528105511_12ff45dc9c.jpg,eded19d2e2690994
3528251308_481a28283a.jpg,ded2256c9c63c11e
3528902357_be2357a906.jpg,f070f0b0b2b6b6b4
3528966521_2e871ff6a1.jpg,c7b1b80a5b648cfa
3529211822_1dabdb3a9c.jpg,e2199dc66c3393b2
3529314899_b4e533bb76.jpg,a235196aa2bb5e1b
3529721084_4b405baf54.jpg,d9d1d0438beeac8c
352981175_16ff5c07e4.jpg,be099332a99ad457
3530087422_7eb2b2c289.jpg,ace4668ef1198c73
3530342993_a4a1f0e516.jpg,8de5be5a161292e9
3530502404_f8c3a3f61c.jpg,ab918563e1e4dd46
3530504007_3272c57e21.jpg,ac0e72f40bb43d1d
3530687486_6e6be53602.jpg,d4cacbd73614d922
3530843182_35af2c821c.jpg,853ce34e496b9a71
353180303_6a24179c50.jpg,f32f24c6edd88309
3531811969_49af4c22f0.jpg,8d8d92d2562d8dda
3532028205_9ddd7599f8.jpg,e71c5be5826c194e
3532098999_4e07a0a17e.jpg,d347e630999c14f6
3532192208_64b069d05d.jpg,df9a29add0531507
3532194771_07faf20d76.jpg,97f8e9a6410cd3e4
3532200762_b28c39d311.jpg,db3a64451d721f19
3532205154_5674b628ea.jpg,9b9e71c3b2a90f0a
3532412342_e0a004b404.jpg,ad878798d87c7226
3532539748_795d16ef07.jpg,a0c09a7b3325ceaf
3532587748_7e64bb223a.jpg,f258c8cf4991cb63
3532593368_be10432e92.jpg,9f081e7184ff1b45
3532761259_14026c1e96.jpg,b0f7f2e3238e0d88
3532782283_341f0381a3.jpg,bfe0eb02589cb466
3533145793_5d69f72e41.jpg,880cca9f93a59767
3533394378_1513ec90db.jpg,b4cbd23d4b34cd18
3533451027_b078e4631b.jpg,9e700ab8c397b61b
3533470072_87a5b595ba.jpg,c2293d6c9815fb96
3533484468_0787830d49.jpg,bca4bf3a30bcc0d8
3533660418_f3a73a257c.jpg,8b9e1a61f806d3a7
3533775651_9d7e93dacf.jpg,9d8851357a21d7b3
3533922605_a2b1e276f6.jpg,b7ccfc4329701f60
3534046564_4f8546e364.jpg,e17efef1681ce040
3534183988_3763593dfb.jpg,f64865b58af16d21
3534512991_f9fd66f165.jpg,8936f821d7cd065e
3534548254_7bee952a0e.jpg,989c9e98cd4c6b66
3534668485_6887629ff0.jpg,a7cac195f7b06485
3534824784_7133119316.jpg,879e2c7b5a6425a6
3534952095_975cca0056.jpg,e91b13463576e474
3535056297_e16f014cb7.jpg,b2f042f0fda56d03
3535084928_858544f49a.jpg,a32b589fb6e0494e
3535284878_f90f10236e.jpg,8eca6372388fe0bc
3535304540_0247e8cf8c.jpg,87bc27ee5813f604
3535372414_4c51c86fc4.jpg,b557d10ce7708e85
3535664885_c848c0faee.jpg,bf08417fd45366c1
3535768334_a3924bcccd.jpg,a7e7e68a985839a1
3535879138_9281dc83d5.jpg,81baec50acc31ef6
3536561454_e75993d903.jpg,8a9d358acb2dcc72
3537201804_ce07aff237.jpg,fc5b013eadd0c299
3537218226_478d2e4f26.jpg,a7e64d1d2462f0f1
3537400880_8f410d747d.jpg,cbc3f839a436a513
3537452619_3bd79f24e0.jpg,8525876a5ec2157f
3537474810_cf676b3259.jpg,b9e4469cbf52445a
3537520829_aab733e16c.jpg,85285dbac8ec6c6e
3537806062_c50d814aba.jpg,bcc3c32ce5c1b496
3537920947_6c5a956f47.jpg,d62d5928b232dbd2
3538021517_b930dc76fc.jpg,e4d8d9cac3e6c960
3538213870_9856a76b2a.jpg,8787f658c6c99992
3538527033_df13112d51.jpg,bb14b69b671960a6
3538686658_30afc75f02.jpg,b0b043cfac45e63e
3539767254_c598b8e6c7.jpg,8699c0e4ca32f9f6
3539817989_5353062a39.jpg,862691d9cd4cae9b
3539840291_1c3eed701d.jpg,ba205179ecabb552
3540155303_08225a4567.jpg,ebeac2d25b981436
3540241710_a4f49cde52.jpg,aaa4d5bd28a8dbd0
3540416139_c884f38351.jpg,c0607dbffb408c8e
3540416981_4e74f08cbb.jpg,983a6aece9261e93
3540515072_8c951b738b.jpg,91245ae7d5698be4
3540598210_972f0ff573.jpg,b81806a3c3c7c7fc
3541141771_67d305c873.jpg,9232e0d86b879b7a
3541162969_68fa4a60df.jpg,c5e1b834301bcf8f
3541474181_489f19fae7.jpg,b36bcc0c733329cc
3541483943_9776baee7c.jpg,e4161bccf18f1873
3541491057_61a49588d9.jpg,ec6584ae69d05e1b
3541915243_956c1aa8ef.jpg,cb993665256104ff
3541962817_78bcd3835b.jpg,a94996b2f2169d53
3542341321_faa2d2d48a.jpg,9ab5a34ad51b30b6
3542418447_7c337360d6.jpg,e19c9cc36b3cb831
3542425197_2ef81c6051.jpg,cec03139ccce3b33
3542484764_77d8920ec9.jpg,8c36b1584eb3b978
3542771548_fcb8fa0cba.jpg,cd4dcfb33063920e
3543294190_0037c59607.jpg,b1084ea7bdded218
3543378438_47e2712486.jpg,859bb9c0975b689a
3543600125_223747ef4c.jpg,b89cdb2c576826e8
3544233095_4bca71df1d.jpg,909597525eb9b127
3544312930_3a0b8d70c1.jpg,cc253354ced99c3c
3544483327_830349e7bc.jpg,dc988dc7b7778042
3544573946_e03aebbfde.jpg,b4c9e79aa69a8b81
3544669026_1b5c0e6316.jpg,80273db187de98d5
3544673666_ffc7483c96.jpg,fc2314936a6c9b69
3544793763_b38546a5e8.jpg,9acb2c3c73931966
3544803461_a418ca611e.jpg,955869876ab69369
3545427060_c16a8b7dfd.jpg,e59a9a6626cd9332
3545586120_283d728a97.jpg,9c6b0eb5599364d4
3545652636_0746537307.jpg,b36f4c31233c73e0
3545779287_8f52e06909.jpg,e305ccf47084c7f3
3545793128_af3af544dc.jpg,e6187b33142f1ec9
3546027589_253553252a.jpg,9b33b48e8aabb8b0
354642192_3b7666a2dd.jpg,cd07b307e6c438f1
3546474710_903c3c9fd3.jpg,92c96d243c7a626f
3546720729_38fff1bbd9.jpg,aae6b5448a5fb82c
3546891929_f31a99cd0d.jpg,94efeb070e814727
3547000169_40191e02ca.jpg,d0d12f0eb6361e69
3547313700_39368b9a2f.jpg,e0835ec689fbce14
3547368652_0d85c665d3.jpg,c769daeca5189e28
3547499166_67fb4af4ea.jpg,d61c6146963b6d2d
3547524138_4157f660b0.jpg,ca3e59551a92d1bc
3547600292_6f8aac7f2e.jpg,e239d81627998d67
3547647914_4dd56a8c1b.jpg,9b196d7bc61721c8
3547704737_57d42d5d9d.jpg,f3597366268413dc
3548191125_514f47e493.jpg,ba387cfcaca0c2c3
3549006919_3604bc813e.jpg,83b8701ec73578a7
3549011001_26cace3646.jpg,e0c4c83fd2ed0f92
3549140234_e99b07c739.jpg,b656192bec2d4993
3549277110_24d4064ccd.jpg,ab84f20eb96d92e4
3549408779_4d453db080.jpg,e929889636a6d99b
3549464203_8ab9c6160b.jpg,95a98a1f9234b5c7
3549583146_3e8bb2f7e9.jpg,e085bc9659f8b21d
3549614763_42f34f3d1e.jpg,905e37a962e70e66
3549673305_4dfd44e04a.jpg,b4ca7b3521ede888
354999632_915ea81e53.jpg,b593c34b94d8c965
3549997413_01388dece0.jpg,b8c78d3ac7294a35
3550253365_27d4c303cf.jpg,ac82fb015ea4d379
3550255426_4ab03c0d6e.jpg,a3a7e4dc191393a3
3550276904_19de3561c5.jpg,c06333b0fc4d2e3b
3550459890_161f436c8d.jpg,8c1c969795121eef
35506150_cbdb630f4f.jpg,d02f2fd06c0f936c
3550763985_800cfee7e4.jpg,9d9d4262cc3533e3
3551003620_0b02d76f65.jpg,e9bc94cbd27612a4
3551170666_01df31412d.jpg,c3e73990349a9e2d
3551281733_b43bf6f870.jpg,b5a998948e2d2b6b
3551447084_becc6a4666.jpg,a4891b373cf34339
3551787566_b5ebbe2440.jpg,87878cd85cecf0a3
3552206648_123bf4ac82.jpg,da4f2d31f2c2059d
3552435734_04da83b905.jpg,e19d8763909367b8
3552796830_2dd2aa9c2c.jpg,a710c84a1fb573ce
3553056438_4e611a7a2a.jpg,a929d4d64ef1c64a
3553225222_f5ebe44af1.jpg,e2eb5a162565295b
3553374585_25b1bd6970.jpg,d5d9aa80b938dc8e
3553476195_fb3747d7c1.jpg,c7e3363999c06633
3554210976_fbd0ef33a3.jpg,8d3e3133c164afc5
3554634863_5f6f616639.jpg,83da7c3c52655ab4
3555231025_73fa54fa29.jpg,9ae5d85364f1c619
3555573680_41c1540a86.jpg,b92347b1316f4e38
3555729342_cc7a3b67fd.jpg,c59912e47e4e6969
3556037801_3992ce6826.jpg,f977c3c1a07402b7
3556390715_65c6d1e88b.jpg,919ce69ed8c50eb2
3556485995_9cd40269e9.jpg,99665bcc93649369
3556571710_19cee6f5bd.jpg,b4d3eda6c20e14f4
3556598205_86c180769d.jpg,e9cd167229e5646a
3556792157_d09d42bef7.jpg,978c9c9789b8786c
3557148230_7fc843e5de.jpg,9922e65b99cde423
3557295488_600d387347.jpg,967e79b99121e446
3557316485_574a5f7a89.jpg,dc1851610bbe6db9
3557324238_6ba58831d9.jpg,b1c813668cd7e699
3558251719_3af5ae2d02.jpg,8c81c399bc676778
3558370311_5734a15890.jpg,d3f3a32326d0c42f
3558438174_d8f41438a4.jpg,8b90943bbb6c7472
3558683579_8fb36b55a6.jpg,e2a4fd7b1fd18101
3558796959_fc4450be56.jpg,cc4ca373349e1c37
3559374748_f18c7caa55.jpg,a1901e67993667bc
3559425864_0462d7613f.jpg,9fc1208ecf9ee861
3559429170_3183c404b9.jpg,b1b15fcece463830
3559781965_d4ec00e506.jpg,f5a49ec133641c9e
3559993787_c49644dcc5.jpg,83843d78f1660fdc
3560081723_62da0035bd.jpg,e4a5171a2b47746e
3560125106_691c292893.jpg,9610e33588a575fb
3560726559_4c4bed9f2d.jpg,bcd5a368275af212
3560771491_2a18b6241e.jpg,9774735ad09ba10d
3560891822_7d4c1e3580.jpg,856ad26fe81131fa
3560977956_e08d2cd531.jpg,eb8460f21f9334cb
3561130207_d1ed166daa.jpg,d5959d6de0c64938
3561314880_ea9a7e245f.jpg,bed69098e06ee307
3561433412_3985208d53.jpg,898cb690dbeb6c29
356143774_ef3e93eede.jpg,9d3c27a18b6b6465
3561537309_e271d57492.jpg,b84647b88e33c6f8
3561543598_3c1b572f9b.jpg,f0fa62d8bab24658
3561639055_5ac66ae92f.jpg,dbdad76772232110
3561734666_344f260cce.jpg,e764989bce396131
3562001359_65c63aeda3.jpg,ed9ad385e1122e69
3562050678_4196a7fff3.jpg,b28d65721ee14e66
3562169000_6aa7f1043d.jpg,936c49d13ccbd334
3562282690_cd2a95fe9e.jpg,918515f8fa4a5e35
3562302012_0cbcd01ff9.jpg,d91ba2a667c90dc9
3562470436_6e193643ce.jpg,d986aa6956dd2926
3562816250_6e14d436b1.jpg,b192ceb679308eb2
3562903245_85071bb5f9.jpg,b442fa15de4aa5e2
3563059800_c073081ce3.jpg,95b14aae536d8e31
3563461991_de05537878.jpg,a992a22d1a771add
3563668905_689ed479c5.jpg,97998ce0ec279b68
3563673070_71fa0903ed.jpg,f0f46408bb4f8f0b
3563871276_c8b2a00df5.jpg,e789a97866b69192
3563924606_5914392cd8.jpg,d696784bcce031b5
3564007203_df2b8010f1.jpg,ffb01c51c038b5ad
3564148252_aa4cb36a32.jpg,b7521a2d4c2f907b
3564157681_03a13b7112.jpg,d4d092c67bfb6940
3564312955_716e86c48b.jpg,bfc0d077e571c209
3564385317_1bf5094068.jpg,8ff87060873f1fa0
3564436847_57825db87d.jpg,98b8e049595d7db4
3564543247_05cdbc31cf.jpg,8a18e7ce0cedb583
3564738125_10400f69c0.jpg,f474030b5c7cf683
3564742915_5f940b95b4.jpg,c48370fd8bd62738
3564907603_14ccc655f1.jpg,dd360a7387857c98
3565021218_d2bc1aa644.jpg,b12728e5c6cbce98
3565598162_56044bc2f7.jpg,a2d8d14ed9c63d13
3565654691_22b97d3994.jpg,87e0709ce178f18f
3565655045_8eb00b7423.jpg,b19399c9b6d5481e
3565749152_7924d15b04.jpg,8f89286e4e4713bb
3566111626_9a35a7b2c0.jpg,84e9fd1b0292da6e
3566225740_375fc15dde.jpg,cfe0d69fb81684e0
3567061016_62768dcce1.jpg,b960879ff8630e94
3567214106_6ece483f8b.jpg,ceb591466ca99336
3567604049_da9e1be4ba.jpg,b72a0857e1993ee2
3568065409_1c381aa854.jpg,cf6db83207875455
3568197730_a071d7595b.jpg,d040dc6e2fd1173b
3568219100_dfbffddccd.jpg,8cb1b584b3a393ba
3568225554_73cdb19576.jpg,978893d2c94f4da6
3568505408_4e30def669.jpg,a10b0a666de9d637
3568605391_54ec367d88.jpg,abb1c2e2812db55b
3569126684_a68b29a57f.jpg,c6241711596ae6f7
3569284680_44fef444ef.jpg,bbd1ca26bfe8c011
356929855_6bbf33d933.jpg,dc23331ecc61339e
3569329986_1f468729b2.jpg,ccce31346363339b
3569406219_f37ebf7b92.jpg,9c38e16766b018df
3569420080_72fbe84751.jpg,ec5391154668f76c
3569667295_6e51db08ef.jpg,e699d9cc6c326346
3569755200_cef7ee2233.jpg,d0d676c4c51d263e
3569979711_6507841268.jpg,ed5c1272ed09b29c
3570800810_978c993133.jpg,8840c73fdc98b7a3
3571039224_b34fa2f94c.jpg,a6329b89cdccd899
3571147934_d1c8af1d6e.jpg,b755c42e8ea96c92
3571193625_835da90c5e.jpg,cf85347233bce486
3571675421_7e07ac07c5.jpg,e5939864675b9ca4
357191373_a1cb5696e8.jpg,9a69467dda22e5c8
3572144280_ea42bbd927.jpg,b0e9eecd8c42346d
3572267708_9d8a81d4a4.jpg,89a4b487876a7a6b
3572346664_e1e6c77f11.jpg,b7e74c9246b412ae
3572942419_16ebdc3d46.jpg,c13c29fb83f27c0c
3573202338_f43dd22d28.jpg,f0cd0cf373d88c8c
3573436368_78f0ccdf01.jpg,86f689197b863663
3574244361_715ac347cd.jpg,c672a333ccc633cc
3574627719_790325430e.jpg,c63f3096cd6cb20d
3574930742_9081bd2426.jpg,8741027bb2763dc7
3576060775_d9121519cc.jpg,f8b0454fcf86c6a1
3576250302_14779632bd.jpg,b9184c5f33171d36
3576259024_9c05b163aa.jpg,ad9ac726d02dd03b
3576312396_799c873f3e.jpg,c1847e7989eca3e1
3576536763_3c8c4f232e.jpg,8367f61963d48c4b
3576741633_671340544c.jpg,86cc4c1ded991a5b
3576840040_9356b5b10a.jpg,81cad1a4b2f9696d
3577235421_69e4efb8d1.jpg,d03bd29f66609768
357725852_6f55cb9abc.jpg,843659966fa4d2d5
3577309234_c952c2af86.jpg,b8ec4b829649f9a6
3578068665_87bdacef6a.jpg,96258592717ff08d
3578372039_57473f473c.jpg,b0458d2eaec396f4
3578477508_b7d839da16.jpg,b82002ce4fcf6df1
3578841731_f775cab089.jpg,e9e834165ac9ece4
3578914491_36019ba703.jpg,881216376f69cbd5
3578981202_efef47e264.jpg,db80491fe6369c59
3579686259_b1fe6aefc9.jpg,c8c96c2e33b4cc6b
3579842996_3a62ec1bc7.jpg,a69bb37231ad90d4
3580082200_ea10bf2f68.jpg,b81e0cdbd3664a5c
3580375310_46ec3e476c.jpg,9ec6d1d8c6b1b80e
3580741947_cc64a83648.jpg,f460991e47ff820b
358114269_96fdb5f7c3.jpg,b54c4aba61b117cb
3581451227_618854cea4.jpg,c6e6e71119c8abc9
3581538034_783b7d0d09.jpg,e5a6929e4cd93172
3581818450_546c89ca38.jpg,8880276fb1316f3f
3582048078_7bac2d8473.jpg,995c4f6633e14ccc
3582066525_e9d6377f56.jpg,8fe1e070c0febc38
3582465732_78f77f34ae.jpg,c69b4e499914ceb6
3582685410_05315a15b8.jpg,f4b8c1c6a67099f8
3582689770_e57ab56671.jpg,8bf0740bc1fe2b85
3582742297_1daa29968e.jpg,f5e0cb8d3330c4cb
3582814058_564776f26c.jpg,9dbe434fd8302770
3582914739_bef2828a06.jpg,d4124b8bf46d2d4d
3582914905_f58db879ae.jpg,a61f1963666c6749
3582920844_2742804f3d.jpg,b7a50c686a735359
3583065748_7d149a865c.jpg,b9e3c61e31a5863a
3583293892_c96af8cd98.jpg,9044181364fdfb6f
3583321426_f373c52161.jpg,aa1b4433ccb67b19
3583516290_1c87a13770.jpg,b65b84f83c0b26ec
3583704941_611353857e.jpg,eec3b46da44302f3
3583903436_028b06c489.jpg,965e1df4f2dcf000
3584196366_a4b43d6644.jpg,84c5bcb8c3953877
3584406900_039f30b34c.jpg,8c4d1aba61a9e717
3584534971_b44f82c4b9.jpg,da2194fe0b2538fc
3584561689_b6eb24dd70.jpg,a4d265baf43c50b6
3584603849_6cfd9af7dd.jpg,cf4fff3f18182018
3584829998_25e59fdef3.jpg,d52a0d3d30c7e3f0
3584930205_a3f58a4b7c.jpg,9fbe999f48a0c644
3585117340_73e96b6173.jpg,d8327f1fe065641c
3585123310_9a8e94bd2b.jpg,c1491c7d69e266c7
3585487286_ef9a8d4c56.jpg,dcc7cf3830353c38
3585488964_1467945775.jpg,f88787682995e26b
3585495069_33cba06d0a.jpg,8dcdc4b3bf183223
3585598356_8ce815bbb9.jpg,cb83b9eac1879784
358559906_d5f3f584f4.jpg,ccc872703c8bcbe9
358607894_5abb1250d3.jpg,a9e5c29d9498dbd0
3586239953_da4fb3f775.jpg,bc668a34a69ea687
3587009091_37188fd07e.jpg,d34343161e636d3d
3587077732_0933f1677b.jpg,f0e0f1e78c9c9cd0
3587092143_c63030ed6d.jpg,94c46b3a95969ae3
3587449716_3bf1552c36.jpg,bafeb9d188a4a191
3587596696_9c5964c94d.jpg,9ee2345074f0d5b5
3587781729_bd21ce7b11.jpg,91664e5fee1c410f
3587941206_36769c3f1d.jpg,9035eb4c74266bad
3588417747_b152a51c52.jpg,94ac6b5bcd1692b1
358875403_f357f03713.jpg,ccb227c9b91be0a6
3589052481_059e5e2c37.jpg,f5da85c35a24a2b6
3589156060_3ed8d6bbc3.jpg,f8f8b1b3ac989232
3589267801_5a222e3a60.jpg,d4ae09322f3b256e
3589367895_5d3729e3ea.jpg,c9c1e49ef8147b89
3589368949_0866846949.jpg,a8d4f6a9d18cd8d8
3589895574_ee08207d26.jpg,964b8656eca9878d
3590294974_4ef98f013e.jpg,d31bcfc99ad39048
3590557969_d0270d518b.jpg,c06be7038c13ef17
3590593467_be497a6139.jpg,ed36098c13c995db
3590647207_2d4ec3f52c.jpg,f016b578989931eb
3590653633_495de5f288.jpg,b4c3c77899e64664
3590654365_fd4819f48b.jpg,bc5eca20339bc8f2
3590739067_58baffb3a7.jpg,98598d245ef2e21f
3590753142_61993d39df.jpg,ca9dd942047bf4ca
359082432_c1fd5aa2d6.jpg,82ca1d197be6541f
3591094476_b61acd63d6.jpg,f078098f7ee127e0
3591170729_406fdb74e5.jpg,e4e319b6c63191c7
3591457224_88281dd04f.jpg,d7384d5624cf7390
3591458156_f1a9a33918.jpg,9105949dcf9d3587
3591461782_687e320042.jpg,b534461b98e0fe36
3591462960_86045906bd.jpg,f70a8ab5c4de26c4
359173181_a75c950aeb.jpg,b831cec8946f34d9
3592968286_b63c81bcd2.jpg,8a227e89d0e23eee
3592992234_6d3fe58a70.jpg,c4c49b99ece83ae2
3593220756_5c416c3ceb.jpg,8d4c3336cd197f24
3593222804_c187808ac3.jpg,876e39b562873943
3593392955_a4125087f6.jpg,d37b4ded301089ec
3593538248_dffa1a5ed4.jpg,b470cf4c583c7732
3593556797_46b49a02a8.jpg,de01e1bd919aca8e
3594029059_cee1f4c59a.jpg,877e4043c18dbcbe
3594566537_55bd712fdb.jpg,e41b1364779b6c64
3594822096_e1144b85d6.jpg,9997b29491716e6a
3595080592_5fd55570e5.jpg,ac16f946a5d8b155
3595216998_0a19efebd0.jpg,dae9c7b629d1288c
3595398879_13e33b8916.jpg,85873978f1816f96
3595408539_a7d8aabc24.jpg,a15e5c4a57d198b9
3595412126_4020d4643b.jpg,ec4c9cf8c51309f3
3595643050_d312e4b652.jpg,96ac2911ee921beb
3595992258_6f192e6ae7.jpg,e51599b496caa1f1
3596131692_91b8a05606.jpg,b5d27a318fa52730
3596428453_8cfdec4869.jpg,c653695c1d3c9aa5
3596459539_a47aa80612.jpg,a5ec93bbc03392e2
3596959859_a7cb1e194b.jpg,d8f44703f9bc42c3
3597146852_3d000a5d5f.jpg,925c692ddb62b728
3597210806_95b07bb968.jpg,c17f1e69bc70708c
3597326009_3678a98a43.jpg,a0ebdada0978566a
3597354819_0069aaf16e.jpg,f8ccc64333684c3f
3597715122_45878432ec.jpg,f6429b37c8d850c7
3597921737_3fd1d0665b.jpg,93496fb58272651d
3597924257_d0da3c5fe6.jpg,84a65b9b6de4b612
359837950_9e22ffe6c2.jpg,97ca98d42a515d2f
3598447435_f66cd10bd6.jpg,c65999f2346c936c
3599124739_b7e60cf477.jpg,b4bc5981c3f67238
3599392711_8264881de2.jpg,dbad901a1637654d
3599442049_e448c7c9b2.jpg,b4e15066c26fcb0f
3599568766_9e96def0ef.jpg,d834a74d18b4674f
3600221224_945df01247.jpg,d0b1d889e5e287d3
3600403707_527aa0596e.jpg,93d8a5d38067ad6c
3600909823_ce72c26e66.jpg,926d32a5db6c0b9c
3601491447_a338875b51.jpg,e516936997453c4b
3601508034_5a3bfc905e.jpg,e1737e9e8b615182
3601533527_6c2439113c.jpg,f9e003e18fcec01f
3601569729_bf4bf82768.jpg,a95ad2262da9b5b1
3601803640_5f3cb05acf.jpg,cab54ecd3632cd82
3601843201_4809e66909.jpg,f9c5b6668db45221
3601978895_9fec23ce0c.jpg,ea8b5232ce3a9672
3602676311_824b2c04ba.jpg,c9e916b13bb2d22c
3602838407_bf13e49243.jpg,a4d9f32d9e3164a4
3603064161_a8f3b6455d.jpg,ee85113a0f25fa1e
3603116579_4a28a932e2.jpg,c144ee4eea331da5
3603301825_5817727be2.jpg,8d787247bc19b526
3603870481_1ebc696d91.jpg,e14896868f9c3d76
3604314527_5077cd9d43.jpg,ad0e653d8eb0c9c6
3604383863_5e387cb8e6.jpg,e1991ffc72156a06
3604384157_99241be16e.jpg,aa627bb056cce274
3604384383_db6805d1b9.jpg,d2797d18e60c6716
3604391853_b4809fcb8c.jpg,bbda043665095bf4
3604496023_c1f546423e.jpg,91888f6b66b7d2d0
3604928725_58147c87cd.jpg,c132be4973a26b4e
3605061440_1d08c80a57.jpg,92c1cdb8f28fd0e4
3605100550_01214a1224.jpg,966d31d67322156b
3605676864_0fb491267e.jpg,d61d9dc9c9da82a1
3606084228_6286a52875.jpg,863aa52c8cf19bf1
3606093421_eddd46c2c7.jpg,b04d3772cc334d36
3606355203_1260f43ec0.jpg,a75ed923ee10d944
3606846822_28c40b933a.jpg,b1ff489837309c4b
3606909929_90a1a072b7.jpg,c71c19c3f45ed8a8
3606942887_1159d92548.jpg,86864a5d4f1b39b5
360723732_23199af4bf.jpg,a10c78ced13d36bc
3607405494_0df89110a6.jpg,fcd8c1276d70902f
3607489370_92683861f7.jpg,c80fb5fc4881736b
3607969989_68cc411493.jpg,d5d9d8e85ad2cc24
3608400551_d6f7965308.jpg,8c9c939999a6a6b9
3608567609_aae96d4a5e.jpg,8c7fa26ede124a43
3608663656_9192a21eeb.jpg,8e9413cb65ee8175
3608752424_01a1cfd8a6.jpg,a6d199b67759091a
3608849440_e7d2bed29f.jpg,e1e2e98d9c9e0c1e
3609026563_9c66f2dc41.jpg,d54f3d643662b330
3609027309_af75f773d9.jpg,a1f6c7c90fc8483d
3609032038_005c789f64.jpg,867908763d89e2dd
3609645320_815c294b65.jpg,874d7c3320656fb2
3609952704_3719ab0524.jpg,c976ed0a358596aa
3609999845_faf5d2fe74.jpg,c4584b2e8f9f5b18
3610189629_f46de92ab3.jpg,aca4b516f4ea9e24
3610683688_bbe6d725ed.jpg,b584ceb5328ccec6
3610687607_895fdc94bd.jpg,d1654e1a33473c3d
3610836023_3a972b10b0.jpg,92874d43e565abe8
361092202_3d70144ebd.jpg,ca3535caca3431cf
3611603026_9112b0c53f.jpg,f4071bc84cb87bcc
3611672054_45edd3e08f.jpg,e4db9b9692646c49
361183669_52be9662b9.jpg,a3878bd7486d589a
3612249030_e2829ffa31.jpg,e3963869b792984d
3612484827_0e479f9ee8.jpg,9889e6d594dac9e8
3612485097_b706d950ed.jpg,e1e9e826b2b3f0b0
3612485611_12dd7742f7.jpg,e6f2e82da9b03439
3612538549_2828b45867.jpg,cced15bb4a12b626
3612825666_54f5a2bc06.jpg,894815ec9f89397b
3613005134_bb7f304da1.jpg,dd7ddb36228a20ca
3613027188_1645ca1976.jpg,f91887236c7c315b
3613030730_0b28b079ba.jpg,d264387825397ab7
3613175012_bcd063e7c9.jpg,a051df0ec933b6cc
3613242966_a1c63a0174.jpg,a3981807e3fc3e39
3613264553_97b687f172.jpg,d52b504bbd5fa250
3613323772_d15cef66d1.jpg,c163f41c79b23af0
3613375729_d0b3c41556.jpg,dac0bd176c68332d
3613424631_3ae537624f.jpg,e396911c774239d6
3613585080_36629d8157.jpg,ad05167a12689f7b
3613667665_1881c689ea.jpg,bd91c2ce07373998
3613705104_46d854134e.jpg,85441fcbe1d5361e
3613800013_5a54968ab0.jpg,ccf3738c33089b66
3613955682_3860e116cf.jpg,de00957b398eae23
3614542901_29877fc342.jpg,9f80a08f6dd915b5
3614582606_16bd88dab2.jpg,c32bbc688de07897
3614595423_f9e0ab4fb0.jpg,b40d52e572e84bce
3614881872_ccf9739b0e.jpg,a9c1e09f9f951ad0
3615239961_62b4dbc174.jpg,c9b41649e314ebd9
3615730936_23457575e9.jpg,d25606e9613b23f5
3616525288_9c19223de6.jpg,de94a16793987187
3616638478_641d02183d.jpg,cb24e3c3ecc3714c
3616771728_2c16bf8d85.jpg,dee1e01e192b53d8
3616808182_fb4eaec778.jpg,91b2c46f1f20b1dd
3616846215_d61881b60f.jpg,e3ec9c69e04636e2
3618115051_41b5a7706c.jpg,c0517f23282f6b7c
3618504267_d7eaa495d0.jpg,bebcd1d340808b5f
3618525295_d32d634b2e.jpg,fa436438111b74fe
3618908551_7fd2de5710.jpg,cf5c8c246666a0fb
3618932839_acd7d2c2ea.jpg,9407e84cedf3138e
3619232550_0b1e1fd4e4.jpg,ce86560ad87f03dc
3619381206_5bc8b406f9.jpg,b2994f4c403f1fb1
3619416477_9d18580a14.jpg,dc9323e4cc1993e6
3619630328_2d0865b6f4.jpg,9454e86b679298dd
3619806638_7480883039.jpg,ed36e83130c5b6c6
3620343911_64a862904e.jpg,a705d20bcccf4e9a
3620492762_7f6a9b4746.jpg,e3565c38983b3963
3621177753_1718c30ea0.jpg,db64649b1e6691d8
3621329299_6fb3f2935c.jpg,98b1fde113e48c4e
3621623690_0095e330bc.jpg,df70d097f04ac42d
3621647714_fc67ab2617.jpg,952ad46ffe3d6010
3621649810_cca783b777.jpg,c9b6f69314dcb414
3621652774_fd9634bd5b.jpg,c39c386f9ec638c8
3621717946_d96f8a6012.jpg,a40f593c6b3827e5
3621741935_54d243f25f.jpg,a0cd277d6893dc70
3622216490_1314a58b66.jpg,d04a2f8df032c3cf
3622929632_26fb800000.jpg,e990d6bb81c138be
362316425_bda238b4de.jpg,e59a82c8f30fdc13
3623302162_099f983d58.jpg,8c19f367244cf999
3623331945_df0f51d7dd.jpg,ed939ad41312acad
3623650392_7b75d4de21.jpg,93e18cbbf14e6609
3624076529_9793655a21.jpg,c318ba6789d47699
3624327440_bef4f33f32.jpg,f16d869c1863e758
3624676866_8f6d0efcc9.jpg,8fffc1b09c4b3218
3625049113_554d82c2a1.jpg,a5791847676c2cf1
3625519177_4c2bb9e7f0.jpg,89f67ed9260099e6
3625957413_e475943aa3.jpg,b9f2c68d943c59c2
3626475209_f71cdd06bd.jpg,b6c50b1af5e7013a
3626642428_3396568c3c.jpg,8589393486cbbdbc
3626689571_5817f99c0e.jpg,8583ca4c5df922f3
3626964430_cb5c7e5acc.jpg,a929d8de28ddda60
3626998066_3ae11ee278.jpg,f9b3861d18a9a9a5
3627011534_485f667b10.jpg,8d2db32565917674
3627076769_3b71e73018.jpg,ba44bc8b65788c3b
3627216820_4952bacbcb.jpg,e476125999b6672c
3627290893_561e176e80.jpg,c12317cffcbe0c06
3627676364_1dc9294ec5.jpg,c28d7279c4e0b9f8
3627679667_0e3de9fc90.jpg,ad2dd2dac9939232
3628017876_4ac27e687b.jpg,9ee613d9c019cf26
3628043835_9d9bd595a7.jpg,c4467938373f3c31
3628059004_5c3529b120.jpg,d24c0ee9652b353d
3628103548_2708abcda2.jpg,e63048f1b7cc1bd2
3628698119_5566769777.jpg,f54184bc63ceb970
3628994466_a12065d29b.jpg,b2b78dc4c2d32b1c
3629492654_619d7b67ee.jpg,c69319ccec33636c
3629664676_36bcefe6b7.jpg,e8f28f06f26b121d
3630102841_b4c3e00b2c.jpg,c23d0708b9e70edb
3630332976_fdba22c50b.jpg,856cae4c6cb59b89
3630641436_8f9ac5b9b2.jpg,f18eceb10f70484f
3630991662_990f397f7c.jpg,e6ede95b49989888
3631023049_8a85bab19f.jpg,c2c3cf4ffa286b08
3631136463_53ff624b82.jpg,b40f4cf6b488a9e6
3631344685_ed0f3e091b.jpg,ec3233e28dcc7943
3631474374_e40764d153.jpg,ef073984e87530ae
3631671718_d712821757.jpg,a4076d32a3ccde1b
3631810528_7233c0f421.jpg,90985d5f7386305f
3631986552_944ea208fc.jpg,c72cbc3b73910a9c
3632047678_f202609e50.jpg,8763b89cda2fcc11
3632197966_0c5061025f.jpg,d8d8a7a7e1db5a00
3632225464_612d7b4c0f.jpg,a0a79565aab4956d
3632258003_6a0a69bf3a.jpg,989edc2ced785a90
3632572264_577703b384.jpg,dc96bba844673398
3632842482_482f29e712.jpg,8a37fdf09139ca48
3633396324_c4b24b1f51.jpg,e7e358cec438e704
3634032601_2236676cdd.jpg,e3a459b4a4696b96
3634281981_d9cf1d1a33.jpg,8d9069731b9c3c67
3634400263_c6fcaa48e1.jpg,d181cebbad646c51
3634785801_4b23184a06.jpg,e4b338cd2c729a87
3634828052_3b6aeda7d6.jpg,ce17157af0e1720d
3635177305_bfbe1fc348.jpg,ebe1c4e29595941e
3635194562_4c1dfa120a.jpg,da2af3538374c89c
3635577874_48ebaac734.jpg,c960371c9e6ba5e2
3635911776_dbc2763f2c.jpg,9af5e5e088979728
3635991166_f95304af0a.jpg,bf214019a57fb84d
3636055584_65a60426f8.jpg,b8434e19bcbef0e0
3636126441_5617c89aaa.jpg,c129bd2322dacbd3
363617160_6cb0c723be.jpg,d6213b6a65629676
3636247381_65ccf8f106.jpg,c3477ebc38619c1c
3636418958_f038130bb2.jpg,a06f45e9e0775ca1
3636491114_ab34dac833.jpg,fa8554d8c9b6b858
3636543173_15f56515e5.jpg,c5183af44e631bd9
3636632926_09f39f2629.jpg,875642f2e88fdb0c
3636796219_9916c0465a.jpg,c94958b7b6062d76
3637013_c675de7705.jpg,d2b7f2344c6c9a68
3637966641_1b108a35ba.jpg,d91b07843c7b0bb6
3638178504_be1ff246bd.jpg,83838eb4fa594d59
3638318149_b60450bfbe.jpg,be4cb7531c472d84
3638374272_444f5e0457.jpg,9dc68160197e8df6
3638440337_6d5c19a8f0.jpg,f02ec99953e0c3d5
3638459638_ec74e3ff89.jpg,91b40c5be3334ccf
3638577494_fe55f7b4cb.jpg,8be9d28bad924996
3638631362_af29bbff01.jpg,b0f24d1d916836b7
3638688673_176f99d7fd.jpg,edca12a46d19c567
3638783120_f600ceb19d.jpg,8f070706acacaebe
3638783842_af08dbb518.jpg,858a1efdc0225b9f
3638908276_b1751d30ff.jpg,8a0a959547dbea63
3638992163_a085cc0c24.jpg,d65e39bd66c0a622
3639105305_bd9cb2d1db.jpg,95c61d1963667ea4
3639363462_bcdb21de29.jpg,f89d42c13c63d53c
3639428663_dae5e8146e.jpg,b1c4f6d98d818733
3639547922_0b00fed5cd.jpg,f44b16a90b7db9a0
3639617775_149001232a.jpg,cebb990e396646b0
3639684919_cb6fbf5638.jpg,ceb395876a425b98
3639704469_fe83e1c9b7.jpg,c8adb79219546acb
3639845565_be547c38ba.jpg,ec17126bed65321a
3639967449_137f48b43d.jpg,c1621fc03d9a7eb8
3640020134_367941f5ec.jpg,8de692336c45b693
3640104986_5d8c9a9948.jpg,8f92ce4ce795e308
3640109324_3ce89e4d1a.jpg,888d1a7b1762f6cc
3640241166_b1ab7a8e7a.jpg,844d2973c9cbdb61
3640329164_20cb245fd5.jpg,aba1d55d74365a42
3640348910_fcd627ec66.jpg,fc78f0720e9959c8
3640407952_bb38fb9d55.jpg,d272faeaa87b5102
3640417354_b0b3e4aec9.jpg,c4435b23ac9bf3c4
3640422448_a0f42e4559.jpg,c3fb3680697d5548
3640443200_b8066f37f6.jpg,969418de29ad7636
3640661245_c8c419524d.jpg,936d16e04d93cae5
3640743904_d14eea0a0b.jpg,eb43188de17ac5d8
3640870001_acbd1d5ceb.jpg,f93c9ac9271549c3
3641022607_e7a5455d6c.jpg,b19d0c86267a3773
3641456303_c50c33337b.jpg,f3e1e0a2883b65bc
3641999223_942f8198cc.jpg,e44c8cf272238f97
364213568_7f83e7d144.jpg,c7063878e3c7d634
3642220260_3aa8a52670.jpg,a758d8a783d8ec26
36422830_55c844bc2d.jpg,bdc2c43f688396e4
3643074723_94d42b7a0c.jpg,e3654c1dd37314cc
3643087589_627a0a9e01.jpg,9e0d4f365b83149e
3643684044_a131168127.jpg,cc3b238c7e638d70
3643684616_9d2be87a5a.jpg,c1613e9e3d6cc331
3643684688_2f7157b23d.jpg,dbd9012132fefc24
3644142276_caed26029e.jpg,881cb517b3a2b9d6
3644941648_012ec87848.jpg,92b56d922f69960e
3645080830_1d9ee2f50a.jpg,92f88d47f6683899
3646453252_5ebbbaa6cc.jpg,98f4f46b46530796
3646820231_2abc736840.jpg,c2577d93834ed285
3646927481_5e0af1efab.jpg,d6cc9c37256cd883
3646970605_d25c25340b.jpg,e7616e0ad13e2d31
3647170476_0fd71a4c9f.jpg,8705bda5267674b8
3647283075_3005333222.jpg,d2d212d6cae2d1d9
3647446816_bd4383c828.jpg,d1409b17693cb43f
3647693147_0d0434351b.jpg,dadb64a45bc6a434
3647750811_395fbd397e.jpg,9f39c4c8c96325b6
3647826834_dc63e21bd0.jpg,b250f92f8c302fae
3648081498_76ec091495.jpg,cada392501ed9717
3648097366_706c8a57a1.jpg,c8489c4abb77987c
3648160673_0c783236a6.jpg,a5e12d1fd21ec721
3648988742_888a16f600.jpg,c831f42a65e37b4c
3649224118_abe73c672c.jpg,9a3a0d37b1ab88d9
3649307685_60c1294d2a.jpg,b9b526cc5943e391
3649382413_58a4b1efe8.jpg,fae5855ae8641574
3649384501_f1e06c58c0.jpg,d0c24bb5961f4cad
3649387275_75295baa28.jpg,92b3b49197d5c869
3649802021_8a689bc153.jpg,9c98b1a705b15ed6
3649916507_b88a3d2082.jpg,8ba3ed4b5d911d28
3650111717_346804ec2f.jpg,f9b2b28d094ec4e6
3650188378_cc8aea89f0.jpg,ad509d6171edf023
3650986674_3e101c606b.jpg,b18c66717c5cf1c8
3651107058_d84d4c3c25.jpg,ade917646016dee2
365128300_6966058139.jpg,fd0c92ec4c72abc4
3651476768_2bae721a6b.jpg,84d49b23bee4413f
3651971126_309e6a5e22.jpg,a0628f86f27a79e8
3652150541_8fb5a3a5d1.jpg,bc3da548ae4c552b
3652572138_34d6b72999.jpg,f084077ae9f9e226
3652584682_5b5c43e445.jpg,b8b823c66a9cdaa5
365274901_576b0f8241.jpg,9dfdc0d4077808fc
3652764505_87139e71f8.jpg,c3c2d61c1dab71f0
3652859271_908ae0ae89.jpg,a5c9aba6bc5854a6
3653462288_bfe2360a64.jpg,dc43b57c049473b9
3653484549_f316590b0f.jpg,a7c9c8ea9fb41132
3653764864_225958c9c1.jpg,848713c4dd1ec93f
3653837067_94050699ec.jpg,b334cf4f24e6a2c8
3654103642_075f8af4f4.jpg,d193a32b4946c6dd
3654338683_13b2f95a9a.jpg,df0c591e31732c4e
3654869593_c8599a8e20.jpg,d615b19aadc84a6b
3655074079_7df3812bc5.jpg,9d2b39678ee10729
3655155990_b0e201dd3c.jpg,eb3610496696f91b
3655326478_4472c5c630.jpg,cc814766379d9a36
3655773435_c234e94820.jpg,e61b1926b2b9e992
365584746_681f33fa46.jpg,ca99713696c3e964
3655964639_21e76383d0.jpg,fa12c539a34e5cc5
3656030945_fa003bd696.jpg,d4c05ab769560dd9
3656104088_a0d1642fa9.jpg,a671594e714ec659
3656151153_b4ed5d94c4.jpg,c36ccc99f19b1983
3656206975_09e6ce58bd.jpg,814f9cb163f31f0c
3656225270_cdf89e3240.jpg,e4c8da734c0979d6
3656906086_7034f69ab6.jpg,b1c663786476a1dc
3657016761_d553e514d9.jpg,a86161859707fb1f
3657209354_cde9bbd2c5.jpg,ea94354a936fc833
3657503733_9888ccf05e.jpg,acac2d695d54aaa9
365759754_6cf7068c9a.jpg,e34995869d87f226
3658016590_f761e72dc3.jpg,ac0d1dfed219c436
3658427967_6e2e57458d.jpg,e62c19769399336c
3658733605_fbcf570843.jpg,e50ce15b9ec2956c
3659090958_a56913ca68.jpg,d26aac2f9c265e92
3659686168_49c3abcee1.jpg,bfdb11e5923118e8
3659769138_d907fd9647.jpg,998e4eb43870c76b
3660361818_e05367693f.jpg,9b94de1139e815ae
3660826540_481d25fbb0.jpg,c335701cd6d22be3
3661072592_2e693cd5a0.jpg,a24bb55272dc6792
3661239105_973f8216c4.jpg,b2384ecf0b5331e9
3661659196_6ed90f96c0.jpg,ce22b485e03fefc0
3662406028_29b9e46a6f.jpg,b59949b41296b2f9
3662871327_b128d25f04.jpg,9a7051b9c7c27e86
3662909101_21b9e59a3e.jpg,ce2653cb65f61309
3662963630_8f097e38d4.jpg,baf284454c3abbb2
3663307538_468739e4c3.jpg,c5c7b23c31b46b38
3663951804_868982f3f9.jpg,8f34c3a3f43c856a
3664297064_a4d45cbbbc.jpg,bfa1c7f4385508c5
3664928753_7b0437fedf.jpg,d718ec15a97807b3
3665169936_01ae94c9fd.jpg,b0f24f9c50ab9c66
3665179773_dd217416fc.jpg,c65b6d103063f76c
366548880_3d3e914746.jpg,cd607749f01fcb21
3665549027_d7fb05d157.jpg,ba0b8d3d25e2a8ec
3665569615_9a71c4b6e4.jpg,9af1e504db6b04f8
3665987581_5e6b0a65f2.jpg,e3c794b0cd9d9318
3665996775_6d7d9a46f1.jpg,f6c64849857373e1
3666056567_661e25f54c.jpg,8a82017d3ab636fe
3666169738_a8c74cf745.jpg,c4a66d699a66499d
3666188047_e81e1d97a7.jpg,c82a3ce340d79fcc
3666324102_18ecdf8253.jpg,edacc2539a9c2666
3666537170_c4ecda4be8.jpg,9f87e0f07c441717
3666574371_317b008d2a.jpg,fcbe49064fadd201
366713533_bd6d48cf02.jpg,9ccf48947d89365a
3667157255_4e66d11dc2.jpg,c230e80d1d1fff94
3667318593_fa1816b346.jpg,93e87ab29981f8c6
3667404919_b273df57e4.jpg,c53a6e83a4f03d99
3667492609_97f88b373f.jpg,a89498ed329bcdc6
3667822570_d39850e217.jpg,bfb36008da3fd141
3667908724_65c7d112f2.jpg,cdcf30390d66e385
3668259129_e073af1533.jpg,c67ad933338c4ec4
3668518431_43abb169eb.jpg,f659c495b962c38c
3668900592_a84b0c07db.jpg,a36326dc88b9cb8b
3668984985_b60ceb2ae9.jpg,c747c7c6d6d0b890
3669069522_555c97fbfb.jpg,99d4622a9594fb63
3669564923_8fcb1a6eff.jpg,937b3c2472c1de86
3670075789_92ea9a183a.jpg,c8b2dac2be83269e
3670907052_c827593564.jpg,a7efc8dd09909073
3670918456_68631d362a.jpg,a23a195b66669b99
3671262694_29fbeb9d95.jpg,97bf874440e596e1
3671777903_6fbf643980.jpg,f3b64c8c73a3c90c
3671851846_60c25269df.jpg,de43433c9a879cc3
3671933270_d124e9a1a4.jpg,f3e5043fe30a0df0
3671935691_57bdd0e778.jpg,f2d2dfc1d018aa63
3671950830_b570bac1b9.jpg,cb6b3512d254d6c9
3672057606_cb6393dbd9.jpg,8b9830638fb6765a
3672105509_53b13b2ed4.jpg,e241b13fcfcc22b2
3672106148_56cfb5fc8d.jpg,d495a1ea6b2a9cd1
3672109677_8caa992671.jpg,c7e37824627b3d06
3672940355_47f30e2b28.jpg,c8da1c3594d6d2d9
3672944692_8d24a44fc6.jpg,b29c4f633638197c
3673032164_6c6843de87.jpg,b787b684d164d2d1
3673035152_da7ed916d9.jpg,ccc659b0d369866d
3673165148_67f217064f.jpg,b39ecca3b14c6326
3673484638_dce87295fe.jpg,9b19b366257906cb
3673878924_506c9d767b.jpg,c55b5b6c1c2d3931
3673970325_4e025069e9.jpg,d70f30e43e979960
3674168459_6245f4f658.jpg,96c13178ac4de772
3674521435_89ff681074.jpg,8885f3bb444ab3b5
3674565156_14d3b41450.jpg,fe8c98901397f6d0
3675685612_3987d91d92.jpg,a8cdd71ab069d8e4
3675742996_02ccef16a3.jpg,c4bb43f746392954
3675825945_96b2916959.jpg,c2663e3f71183971
3676432043_0ca418b861.jpg,dc69c2179118b7b6
3676460610_8c52e8a355.jpg,81f6d8473284c7f6
3676561090_9828a9f6d0.jpg,9a8aa5e749595476
367673290_f8799f3a85.jpg,f3e08ec7934a5ab0
3676788491_01e9bc5f15.jpg,b5c84b0666e2cb2f
3677239603_95865a9073.jpg,81447ecf1df1c2c6
3677302645_8cd3fac70d.jpg,d75b8de63e0780e0
3677318686_b018862bb7.jpg,83474347c7c3c7c3
3677329561_fa3e1fdcf9.jpg,8b855fe743c39618
3677514746_26f5588150.jpg,92793d0cedc13336
3677613006_4689cb8e4e.jpg,86b233cd4d739698
3677693858_62f2f3163f.jpg,929fa2269772634d
3677734351_63d60844cb.jpg,964d5d61b6965949
3677860841_3aa9d8036c.jpg,d656e28b39401bf3
3677927146_1696f0b075.jpg,8e8b1b988ac3e766
3677954655_df4c0845aa.jpg,8383878c7c7cd5a3
3677964239_6406ed096f.jpg,c91e436992b6b52b
3678098428_40c1b74cc2.jpg,e9b7531d084ae4e6
3678100844_e3a9802471.jpg,d4784bc932dc0d3d
367925122_335ed279a8.jpg,d04f0ba017ebee34
3679341667_936769fd0c.jpg,ecade28ed185930e
3679405397_bb130ea3c2.jpg,c13335e0e8d76ee0
3679407035_708774de34.jpg,d57a7da1ec1c2095
3679502342_7fe6ef8a36.jpg,bc96f7372105c06e
367964525_b1528ac6e4.jpg,9432e39e1ee2f41c
3679707139_1cc1e71237.jpg,e6c6199947c2b27c
3680031186_c3c6698f9d.jpg,a34cf5b4d878609b
3680218298_582e6a2289.jpg,ea563bd01ad0d627
3681056426_fbd6c0c92c.jpg,a8c3c77fbc14052b
3681172959_6674c118d2.jpg,80cb7dd8eea2e069
3681324243_b69fa90842.jpg,cf47f20e8de73208
3681414069_71ba164f71.jpg,cce98f1a1884379f
3681575323_433d007650.jpg,9ede236145d88aba
3681651647_08eba60f89.jpg,b4eb1c6c719e45d0
3682038869_585075b5ff.jpg,906e1fb366131e6c
368212336_bc19b0bb72.jpg,9fdbe26051a1c3a3
3682277595_55f8b16975.jpg,9e1e1b6b61656664
3682428916_69ce66d375.jpg,970a62d6cf610dae
3683185795_704f445bf4.jpg,9d8d0b6b22b75296
3683592946_262e9bfbfd.jpg,86863cfc90f1c9c7
3683644335_b70bed1d83.jpg,dc472f2181b8db9c
368393384_86defdcde8.jpg,92704e0767f1f34c
3684518763_f3490b647a.jpg,e77243225cac64cf
3684562647_28dc325522.jpg,f3fc78e058d805a5
3684680947_f1c460242f.jpg,c0680bd69f726d6c
3685328542_ab999b83bb.jpg,d755ee01e52136b8
3685372942_6ae935b34e.jpg,962b3bc4a52e4ed2
3685373706_37f2ced9ff.jpg,de251b2c97619de0
3686078365_9e655e238f.jpg,f2d42b0db5b4344e
3686924335_3c51e8834a.jpg,a6b64948c6e4b93b
3687062281_e62f70baf3.jpg,df9052e1b575c09a
3687222696_85bf6f78f7.jpg,88e904cf5b357c9c
3687995245_624b54090d.jpg,837dcd7d92e8402d
3687996279_05b5a2a706.jpg,afc60730809acfe7
3687996569_99163a41c3.jpg,94b6a697960aedc8
3688005475_d200165cf7.jpg,b61ec9f86e1f3220
3688797852_89ed3cb056.jpg,a5822fec901adb9d
3688839836_ba5e4c24fc.jpg,a7f174334c2f6286
3688858505_e8afd1475d.jpg,b6a6ca59ad7a8524
3689355450_fd559b816d.jpg,9db3958969896569
368954110_821ccf005c.jpg,975a4ce5c1de2e03
3689727848_b53f931130.jpg,f3a7a0e1756c06e2
3689975998_72f50b6d91.jpg,d33f060f0139eb36
3690107455_0fdb4ecee7.jpg,a9d642c9523769ec
3690159129_93ba49ea18.jpg,b9b68e4964cc1ecc
3690189273_927d42ff43.jpg,f01e0ee4639e5a0f
3690348036_a01f243fb0.jpg,f021d73c1e7882fa
3690425778_3b390b3ea5.jpg,c9c43f1d2a4b4b53
3690431163_1d81e19549.jpg,accc74471733d6c2
369047365_35476becc9.jpg,a2aca6bdd8e6d0d0
3690883532_d883f34617.jpg,9229d2ada2ed4a9d
3691592651_6e4e7f1da9.jpg,939914ccaca7e972
3691622437_f13644273c.jpg,d0d1949f93074779
3691670743_0ed111bcf3.jpg,e2b3bfc50d0c8ec8
3691729694_2b97f14c1e.jpg,c15c94c2fa91f3b4
3691800116_6a7b315e46.jpg,a1215e5a7a3abccc
369186134_5eef374112.jpg,b609d95a6a6676a4
369244499_752f0c1018.jpg,d03c6f4f191b4b32
3692593096_fbaea67476.jpg,fac82a7549a9a63a
3692746368_ab7d97ab31.jpg,d76c0f720d0a34f3
3692836015_d11180727b.jpg,e315e46a947e9931
3692892751_f6574e2700.jpg,c781b9307225fb65
3693297007_94512e861e.jpg,a16a1f67687dc829
369360998_ba56fb436f.jpg,b764482bd3150cfb
3693961165_9d6c333d5b.jpg,efa4954b49255a93
3694064560_467683205b.jpg,b1db4eec3601f816
3694071771_ce760db4c7.jpg,d978a4668143f2f3
3694093650_547259731e.jpg,b51a6ca31ddad249
3694219419_a7a83d4886.jpg,dc857e71c287941b
3694555931_7807db2fb4.jpg,d51e7e61e31518f0
3694991841_141804da1f.jpg,f30dec19e586319c
3695064885_a6922f06b2.jpg,fc34204909a3bb7f
3695517194_2a6b604cb2.jpg,e7168d4992bc5c47
3695949492_27ca3892fd.jpg,b133cecf3130ccc9
3696246123_99d4d10140.jpg,d21b6d2e2676b30c
3696698390_989f1488e7.jpg,f45316439be0ec65
3697003897_d8ac13be9a.jpg,d050b2b2d34b6db5
3697153626_90fb177731.jpg,e805aefcc18f5e88
3697359692_8a5cdbe4fe.jpg,cc3ccf326366545c
3697378565_7060d9281a.jpg,9d859fc56a65209d
3697379772_40d831392b.jpg,935d6aa45d5ab225
3697456750_460aea7252.jpg,c1263c3f97c9ac70
3697675767_97796334e4.jpg,85c15666643f6baa
369802520_9825f2cd84.jpg,b13acb611e46595e
3698607223_22fe09763a.jpg,f1448eb3c948b2f6
3698944019_825ef54f2f.jpg,d31f6d43b6652a48
3699318394_6193f2c8e0.jpg,90398f5e18cba9e5
3699522388_2333f01f40.jpg,e9065232d4e96d3b
3699763582_f28c5130dd.jpg,86cfc783a6312dd8
3700004668_99c3e3f55b.jpg,8e6b34d8838daecc
3700322513_50f0d45bfa.jpg,8a7719d536ce2499
3700346840_bb80d622f7.jpg,d18da5f1188f9aa3
3700554247_9824ae6f3a.jpg,ab7a8f289744d307
3701226275_952547ba0f.jpg,adaaf60d58552ca6
3701249979_8bc757e171.jpg,9758492721373e3d
3701291852_373ea46bb6.jpg,8d9d72286c63517b
3701509233_a2275a4e57.jpg,c4a39b5460ef9d1a
3701544312_b2e4e9813d.jpg,877886fd42ae9951
3701878677_8f2c26227b.jpg,92d3c2cac1e5c4f6
3702038926_966fdaa311.jpg,cc4d32174532cee7
3702436188_2c26192fd0.jpg,f991d8f081f9d849
3702607829_2b8b3e65ab.jpg,ea94a93d958e2939
3703035378_c6034cac51.jpg,aeeece8210b869b6
3703107969_175da4b276.jpg,8081c4fefe5d5962
3703413486_3c682732a0.jpg,a4fdd3da8c3ad220
3703960010_1e4c922a25.jpg,dafab04db4058d74
370442541_60d93ecd13.jpg,f8588dcf36963245
3704431444_f337ec2b90.jpg,b770c0cb0f3978e2
3704698586_a42c25d0c1.jpg,c5cd9b9b16347446
3704995657_e2e114083d.jpg,b17f9e80c16f231a
3705430840_e108de78bf.jpg,c4e561eccad4b4e4
3705688385_47651205d3.jpg,f9f016fa0925f41a
3705976184_53ae07e898.jpg,85edede9d2923212
370614351_98b8a166b9.jpg,a552d296a19d9f19
3706356018_28f62290e8.jpg,fbb2c0943b0e137c
3706653103_e777a825e4.jpg,91994c66a3f34fc8
3707077198_efd6aa808d.jpg,af3f18914cb46da1
370713359_7560808550.jpg,91c4c2327d2d8fe6
3707283973_5cdaa39340.jpg,d684fa2959d4813f
3707738261_777075e885.jpg,98c0725e26a7a773
3707990914_843e8f15f1.jpg,d84225bdf2f08ccb
3708172446_4034ddc5f6.jpg,c52ba7b25ce58325
3708177171_529bb4ff1d.jpg,a663521ccf9824bf
3708244207_0d3a2b2f92.jpg,d8f6a3850c2d17e5
3708266246_97a033fcc7.jpg,a4e41b999e9b1b13
3708743823_3e3e0554d1.jpg,f91164b6cae1786c
3708748633_e7e3cf4e84.jpg,e994a6c29dd816e3
3708839890_ed448012cf.jpg,936bb6c58db48e18
3709030554_02301229ea.jpg,99674e447112b3f9
3710050559_f6f12760fe.jpg,d4e56514363719ce
3710073758_ac2b217f29.jpg,aad0673a85fa8c1e
3710176138_fbfe00bd35.jpg,d54a3394c8f33a9a
3710353645_8fbfaa4175.jpg,89a57a59876459b6
3710468717_c051d96a5f.jpg,a344dcbe22c3dc36
3710520638_866d542a80.jpg,bc2491d93761cd1e
3710674892_857b8056f7.jpg,997825366b875ac9
3710971182_cb01c97d15.jpg,8d49a1345ba1bcbb
3711030008_3872d0b03f.jpg,834d5f620c199b9f
3711611500_ea47b58b6f.jpg,e0a43cb6bc3cc6c6
3711664623_ef87105ea7.jpg,a6ddbb26516c9464
3711826708_bba64fb1e1.jpg,c0961fe1c318fc1f
3712008738_1e1fa728da.jpg,d1ad269c77332c26
3712574653_e009f76d19.jpg,c7d49b06e919b5c8
3712742641_641282803e.jpg,86a03926bcbba7b1
3712923460_1b20ebb131.jpg,ef47153be2d08383
3713133789_f05e8daffd.jpg,a6a6f1d99889a6a6
3713177334_32f3245fd8.jpg,d5d593a0ce2a6b2c
3713324467_104d72f7db.jpg,ebd0dc9acad60b84
371364900_5167d4dd7f.jpg,f34d5c27363232ca
3713882697_6dd30c7505.jpg,d4791b8ca71b5ca8
3713922357_e0a013fb97.jpg,e7182ae51eca85f4
3714551959_66ece78f27.jpg,f3748a4f9d40e5c8
371522748_dc557bcd6c.jpg,b5cdd1b6c989a491
3715469645_6d1dc019b3.jpg,856f4c93b17abcc0
3715559023_70c41b31c7.jpg,a024d81d87e7d39e
3716244806_97d5a1fb61.jpg,cb6f3608917ab951
3716272233_7845ec5b3e.jpg,c6d9966179363934
3716277216_c04002be81.jpg,abd748c98df01e32
3717309680_e5105afa6d.jpg,9c44d35ae83f9915
3717531382_e1e05e22c5.jpg,e8088c1c31a7aff7
3717809376_f97611ab84.jpg,d5db92903878fa83
3717845800_ab45e255b8.jpg,bbb9f1601e2d0993
3718007650_e5930b4509.jpg,d8c8c9c5a74e1697
3718076407_0b4588d7bc.jpg,b6dd68b29964344b
3718305988_fe2c91fd44.jpg,c69607d6da91d3c2
3718892835_a3e74a3417.jpg,e949068bb379cc8e
3718964174_cb2dc1615e.jpg,96c67a31c83b21cf
3719461451_07de35af3a.jpg,d16446fce78fa508
3720210639_18bb34e475.jpg,b7e3d85c28079731
3720366614_dfa8fe1088.jpg,a624d971338eed19
3721082512_8277087f3f.jpg,fdbdb21a094a58d4
3721799573_2f470950e0.jpg,961369ff0987869c
3721812313_6000566803.jpg,a8577e2fc8d29072
3721881082_afe9fc734e.jpg,da39c74cac921973
3722507770_0d6cb7420e.jpg,b1bb0c4cc6c639f8
3722572342_6904d11d52.jpg,8630716784f3ff84
3723690961_729dd5d617.jpg,cf663453e38dd228
3723903586_e98d3d8ec7.jpg,847d5b26a4d97a26
3724113279_99b6e5bf41.jpg,d26523da25f91acc
3724150944_fc62e8d5e0.jpg,92116cecb1868fed
3724487641_d2096f10e5.jpg,d356f2296d51d252
3724581378_41049da264.jpg,ef8110ef4992aa6d
3724623861_2bb6c23641.jpg,b04e837dbc1999c6
3724718895_bd03f4a4dc.jpg,e2819ccee3789c4d
3724738804_f00748a137.jpg,a1e38296d0e8fd39
3724759125_2dc0e1f4a3.jpg,e072078f49f27aa6
3725177385_62d5e13634.jpg,c6e4e4e6e2e5a0b8
3725202807_12fbfdd207.jpg,a0f9b9d1a9ada485
3725353555_75c346d7ec.jpg,d664a9573993582b
3725814794_30db172f67.jpg,c7c367269c9c9839
3726019124_f302b3d48a.jpg,f4ca0974c25df4e2
3726025663_e7d35d23f6.jpg,c946e6a31278f17c
3726076549_0efb38854b.jpg,922f897296654d9b
3726120436_740bda8416.jpg,91f69c4d66b0ad85
3726130458_07df79e969.jpg,935dec263391f2c8
3726168984_1fa2c8965b.jpg,bbf0c4879c9bb224
3726170067_094cc1b7e5.jpg,c8273eb1e4cc9333
3726590391_bc6e729bb6.jpg,a5e60c39730de635
3726629271_7639634703.jpg,e98896eef4720b0d
3726700898_c50494b8bd.jpg,93d6a593a41571e9
3726730085_2468ee9220.jpg,a792c936ed996426
3727740053_3baa94ffcb.jpg,9ac73065696ce4d3
3727752439_907795603b.jpg,b5c5529647cd9833
3728015645_b43a60258b.jpg,a2b6b74143432fb3
3728164558_52729baefa.jpg,8e30f383b4c4f3e1
3728256505_7f8db8270d.jpg,de776109206e71d3
3728695560_00ec1ca492.jpg,c218ed169d69932f
3729405438_6e79077ab2.jpg,d89af7270ed808ec
3729525173_7f984ed776.jpg,f2b719941dd98e09
3730011219_588cdc7972.jpg,b030cfcfcd8dba80
3730011701_5352e02286.jpg,a6e3590df6e2c88c
3730457171_e66dde8c91.jpg,cb3a30e60dc23ef1
373219198_149af371d9.jpg,e999d6b2e8d68286
3732728142_86364a706e.jpg,d3c9089f79e39642
3733074526_82aa8d5f8d.jpg,b544f6f36cca9a40
373394550_1b2296b8c4.jpg,9af872e633f948c0
3736786640_70df13be2c.jpg,819a6fa578c6c939
3737492755_bcfb800ed1.jpg,d09439890df7e639
3737539561_d1dc161040.jpg,deb75ab76480a470
3737711435_113ccd0a52.jpg,c136b627edd41629
3738685861_8dfff28760.jpg,b54447be2c71b21d
3738789925_7d17dbdf25.jpg,a04f2f0593a36bb6
3739833689_a0038545bd.jpg,a2a53452d4accbdd
374103776_0de490c1b0.jpg,89ab5c64e81d66e5
374103842_17873ce505.jpg,a01ef26b59cc1ee4
374103966_2987706be1.jpg,986363deac192d59
374104006_7f32c8c5de.jpg,887a63375cca8aae
374124237_51f62b6937.jpg,e14070bf50cbad5e
3741462565_cc35966b7a.jpg,c1e5cdd948d81e2e
374176648_ba4b88c221.jpg,d1f193951b1c31b6
3741827382_71e93298d0.jpg,b9b24d07be4e60b1
3744832122_2f4febdff6.jpg,b1c30ccc9b7883dd
3745451546_fc8ec70cbd.jpg,d42b916a2518efd3
374567836_3ae12ecffb.jpg,add2d22587eac05b
3747543364_bf5b548527.jpg,af9890266b9db48e
374828031_9d087da5cf.jpg,9c86e9a1c3e5ccd1
3751594676_edfbfa0688.jpg,9d839af079cca9a4
375171241_0302ad8481.jpg,a98b859d9906c5db
375384566_254c2362d4.jpg,c0bae721ecb81d47
375392855_54d46ed5c8.jpg,f64919a6ec1bdb10
3756150099_50882fc029.jpg,b4b5b3424391a9cf
3757598567_739b7da835.jpg,956c7176a2b4cd94
3758175529_81941e7cc9.jpg,930bceea0cd499cb
3758787457_1a903ee1e9.jpg,d11e720ec19cc4fe
3759230208_1c2a492b12.jpg,f6a9881096ef87d4
3759492488_592cd78ed1.jpg,e976b4e914da69c0
3760400645_3ba51d27f9.jpg,9f5ea3d54030eb19
3765374230_cb1bbee0cb.jpg,ed191c70c32cd9b3
3767841911_6678052eb6.jpg,a7634198c36363ed
377872472_35805fc143.jpg,ed24929bfd6d2412
377872672_d499aae449.jpg,eec1996ae39c0c53
378170167_9b5119d918.jpg,912745953bc63765
378453580_21d688748e.jpg,b181b8d8d50e3ff0
379006645_b9a2886b51.jpg,ad829b3b926c506f
380034515_4fbdfa6b26.jpg,ab79c29789d91896
380041023_0dfd712ef1.jpg,d30a34356b7b0e1d
380515798_c2abbf46b0.jpg,8f97a32022aaad5f
380527679_574749123d.jpg,c8c1b034bede596a
380537190_11d6c0a412.jpg,d9e4b61449f36338
380590140_25b9889772.jpg,c783defea1c20a98
381052465_722e00807b.jpg,99eae4151789e758
381239475_044cbffa2b.jpg,bcccc33327f03e03
381275595_b429fd1639.jpg,c41b9c2db962b16e
381514859_b40418d9c3.jpg,c9daba4046b6f84d
381976882_0063d16d88.jpg,d5056a6ec8d09d3b
382090166_be2c2c63e1.jpg,e5343865d69c689b
382151094_c7376cf22b.jpg,d732e27ab9c1d0d0
382701159_f98c1988cd.jpg,cc91336d4833f789
383223174_7165a54c30.jpg,a6121b2c3cf9e8ba
384465370_9918873f9a.jpg,d78a704d0794f46b
384465575_31294122c0.jpg,d3aa650d17b431cb
384577800_fc325af410.jpg,a62e595974e68789
385186343_464f5fc186.jpg,ca392df69426e706
385835044_4aa11f6990.jpg,f31d19cb56310cb6
386160015_d4b31df68e.jpg,bf24461b3d24e6d8
386470686_1ae9242878.jpg,80852676bd6ecd99
386655611_1329495f97.jpg,a60e99091c3f3ef2
386656845_4e77c3e3da.jpg,e42592dac9733336
387078972_514a38dc33.jpg,8f4b707570447774
387830531_e89c192b92.jpg,b3e525129a339975
387974450_bcd205daac.jpg,979c1867459cbe62
388386075_9ac3a89ada.jpg,de1cb33be10e690c
389643437_9a9830a3ba.jpg,a717b4bc96d45262
390360326_26f5936189.jpg,c64e1d596867b2d4
390671130_09fdccd52f.jpg,e5b8c20ed3a6615d
390986651_c801db91a0.jpg,eeb490c2cb0bbd64
390987167_2d5905b459.jpg,9c47e0a5e1261f3e
390992102_67fa31b22f.jpg,cde43f837c1d5142
390992388_d74daee638.jpg,957b021d35e2ec99
391020801_aaaae1e42b.jpg,86f2202dbb696b2b
391106734_d374bc3080.jpg,ec5ba3241bd923a6
391324644_d23fdf06cb.jpg,94f261cc6d25cc6d
391579205_c8373b5411.jpg,aed9bb247924a166
391723162_3bdeb7ea33.jpg,eb95956a318d9646
392467282_00bb22e201.jpg,ff4c8861f1726e05
392976422_c8d0514bc3.jpg,9ffe00f0601fe0f8
393284934_d38e1cd6fe.jpg,cf5f9806b32144eb
393810324_1c33760a95.jpg,e439fc40214f9eb9
393958545_48c17c66d1.jpg,b3f28cd91b319827
393987665_91d28f0ed0.jpg,d1e7da2ba085e196
394136487_4fc531b33a.jpg,9e4fa78744a719c1
394161692_2576920777.jpg,a49bd443fa2d062f
394463341_5311c53783.jpg,cb0b0f9ad2b890fa
394563330_68b566368c.jpg,90858933277f9ccb
395461421_c586b136de.jpg,dedff5f580046421
396179143_e1511336e1.jpg,cc04738b7dcc2ed2
396360611_941e5849a3.jpg,92151845b6cba5fe
396763804_3b7f1e12a8.jpg,d5d115eeee8b2320
397286183_745abbf40d.jpg,8953a6ae9c90cbd5
397451339_76a84bd310.jpg,ce18b96f9872920f
397547349_1fd14b95af.jpg,f2f094363f611f18
397601572_9587a39291.jpg,dbdb24a5f0702c1d
397725001_e51f7c391c.jpg,b08f07588ff33b21
397815951_3b02090324.jpg,872b502173dbcd66
397982550_cf9f5cdb74.jpg,d9f1939bb3930c44
398413603_166896900f.jpg,caf1b30e8c5c69c9
398662202_97e5819b79.jpg,de27391938d47235
399212516_d68046b277.jpg,c8e7aa8a88a8f99b
399246804_b4b5dc70e1.jpg,e1019ef4e1bd1e31
399679638_d3036da331.jpg,b70bc4743b97a168
400562847_e15aba0aac.jpg,eeba8185c692b9c6
400851260_5911898657.jpg,8b749a4114e2fd7a
401079494_562454c4d6.jpg,bd90c667032ff868
401476986_73918145a3.jpg,810b9e86a68f9d9d
403523132_73b9a1a4b3.jpg,c04f580fb4277774
403678611_73978faed7.jpg,c1813c5e66373f4c
404216567_75b50b5a36.jpg,f5c3cb1f1b60e109
404702274_fa8b3fe378.jpg,8179e08eb8f10f7c
404850242_3a55a4c874.jpg,956f11dc4b65b252
404890608_33f138aefa.jpg,961533adcec4a4ce
405051459_3b3a3ba5b3.jpg,f2f28316ac6c816f
405253184_5f611f3880.jpg,afe49b49909bca92
405331006_4e94e07698.jpg,d39bcee820573f20
405534893_2d0f3b0147.jpg,97a75c0c712dc339
405534993_5158644f98.jpg,91356e9c76a72459
405537503_f66ecc5073.jpg,a1157cba95d92d83
405615014_03be7ef618.jpg,ee1a65d149599a66
405961988_fcfe97f31e.jpg,b60d49427432eb9f
405970010_8cebaa77d3.jpg,ca94eda925755a54
406248253_27b5eba25a.jpg,ac73b725910ce627
406642021_9ec852eccf.jpg,dccc873df318c42c
406901451_7eafd7568a.jpg,9272412cfceef382
407008823_bdd7fc6ed5.jpg,c412a9df321966b7
407569668_19b3f8eaf6.jpg,dc8cfa83f313cb80
407678652_1f475acd65.jpg,c2a2dd8dc66bb530
408233586_f2c1be3ce1.jpg,a6dbc91c64e2934d
408573233_1fff966798.jpg,f2b3cf9c499d9802
408627152_1feaa4b94e.jpg,e3a99cfae70150e4
408748500_e8dc8c0c4f.jpg,a55e581ec6e73115
409327234_7b29eecb4e.jpg,cb8934cfb836d921
410042380_517ccee020.jpg,cd06e66bc1e19566
410413536_11f1127c46.jpg,99ddf4960b940d87
410422753_de506155fa.jpg,b544cbbb4c4df206
410453140_5401bf659a.jpg,a6f3da8e28a0caf2
411011549_1298d2b4d2.jpg,cc7bcc38130c87cf
411175971_0fffd3b8c6.jpg,d4d7a3b038a9e398
411216802_aead9e67e3.jpg,ba61403e2de29dcd
411863595_d77156687e.jpg,d497216c9e9b6b44
412056525_191724b058.jpg,df8fcdc002d25a33
412082368_371df946b3.jpg,8555e5ea96a9c2c5
412101267_7257e6d8c0.jpg,e4cc533e114b1d6e
412203580_2c7278909c.jpg,a413d92567137e6c
413231421_43833a11f5.jpg,f77d0f8631d86c01
413737417_b0a8b445e9.jpg,d56187e0372bc4f1
414568315_5adcfc23c0.jpg,868ab8b58ee4b595
414773731_c3f5bf43d5.jpg,bbe14c1e6c4c494f
415118186_64defc96f3.jpg,e38c9c3358962ccf
415657941_454d370721.jpg,a7783a26d85347d8
415793623_6c1225ae27.jpg,dac3056c93b42ae7
416106657_cab2a107a5.jpg,ca9b252cd8f32798
416650559_cd08d3cd96.jpg,eec343eae8401eba
416788726_5b4eb1466e.jpg,958e8f91e2516f51
416960865_048fd3f294.jpg,b0ccd1b13bf2ec82
416992999_654a99a903.jpg,903276656fee5c09
417577408_eb571658c1.jpg,9c736b4d8c93e321
417966898_a04f9b5349.jpg,c241eb66cb8b0fe2
418357172_bdddf71d32.jpg,f3764c571b667088
418616992_22090c6195.jpg,c892a4ece97a725a
418667611_b9995000f4.jpg,b2e6460cb87947a7
418796494_bdb441de42.jpg,a49bdb29924c6d33
419116771_642800891d.jpg,c4b4b05713b676d1
41999070_838089137e.jpg,c01f3bc11f33e2cc
420355149_f2076770df.jpg,fce3c6af61632822
421153376_d1d325568f.jpg,db04ce75bb3883c4
421316045_ae7a1eb4bc.jpg,9f27c54838b14f0f
421322723_3470543368.jpg,d2d2859c6b21b6e3
421706022_1ddb6a7a78.jpg,e55e4100d6a57ef8
421730441_6b2267fd31.jpg,a5b4545bcdd14a27
421808539_57abee6d55.jpg,a7cac0537b6c464d
421932359_edbf181f44.jpg,b3231c59f1e6a691
422756764_e7eaac76bf.jpg,b4d9cbb6742945c2
422763475_0bc814dac6.jpg,ec66c19d94c99a3a
423066487_07757b2b49.jpg,cf3331cd62f68189
424307754_1e2f44d265.jpg,d198c6b787651b4a
424379231_23f1ade134.jpg,82923f7d6cc04ecd
424416723_19c56cb365.jpg,b219e4469cf44ef4
424506167_01f365726b.jpg,bd273270c55a9399
424779662_568f9606d0.jpg,ce417917b5786ac2
424869823_7aec015d87.jpg,b8ee47b1c03c5ac3
425088533_a460dc4617.jpg,e11c88b557ac33dc
425518464_a18b87c563.jpg,8e4eb111cf069de9
425706089_f138118e12.jpg,c3b5c373aa85d1c2
426065353_e9a604a01f.jpg,845d4aa759ac7789
426191845_1e979e9345.jpg,8dd3c6040f7a75ac
42637986_135a9786a6.jpg,ea8435ed9a162937
42637987_866635edf6.jpg,c9d9c8c903363b75
426805536_d1d5e68c17.jpg,b565653b9a60612f
426920445_d07d1fd0f7.jpg,94334ecce18f1973
427082246_5bf1c3676f.jpg,eae1b49a852c48fb
427167162_2c99779444.jpg,989d95db32768691
427557693_1108566fd2.jpg,999dec6643d1a568
427683329_95d510a087.jpg,9a63199d97a6618d
427936315_0b8f7b8d23.jpg,a719d9e62699e126
428408242_b32faf2240.jpg,c547393c9e4e6561
428483413_b9370baf72.jpg,9614a97bec21f1cc
428485639_a82635d6ee.jpg,f0898ea6b4d85be1
428796930_476a3d6395.jpg,ac8c9b73710dc6f0
429174232_ddd4ff5e0b.jpg,c33930c9cdcabb64
429205889_ff5a006311.jpg,bce083b12b1a735b
429270993_294ba8e64c.jpg,9f1d8c629f2b3168
429283612_37f6e7fb7f.jpg,cbf4a456340d5ee2
429851331_b248ca01cd.jpg,8b33a45d4d6e662c
430173345_86388d8822.jpg,f34c4c33328e399d
430803349_a66c91f64e.jpg,b0b2cb49accd9b1a
430964917_022995afb6.jpg,86c79f8cac2863e3
431018958_84b2beebff.jpg,df99f0a47b88211b
431282339_0aa60dd78e.jpg,ed65327a78d49223
431410325_f4916b5460.jpg,d6959cdb6a62b490
432167214_c17fcc1a2d.jpg,9c1c4b91d999955d
432248727_e7b623adbf.jpg,b6494137ece11b3c
432490118_54a9c0e500.jpg,d73d2086993ce34d
432496659_f01464d9fb.jpg,995ce699917605ea
433810429_a4da0eac50.jpg,bc83cc3f9014d29f
433855742_c2a6fda763.jpg,b91ccce29bc9e243
434433505_966e50e17d.jpg,957a378566a5c8b4
434792818_56375e203f.jpg,babd4ec0313fccc0
434938585_fbf913dfb4.jpg,a052a38f9637d8d6
435054077_3506dbfcf4.jpg,9362ccbc07cd3c5a
435739506_2daf7f4887.jpg,d70f8147379bc185
435827376_4384c3005a.jpg,adcac1b4b4e98c2b
436009777_440c7679a1.jpg,c8b19f2b77466494
436013859_793d870b6f.jpg,b19d8ed2c16d85d1
436015762_8d0bae90c3.jpg,f1910f68ec0ed365
436393371_822ee70952.jpg,b993a7f0186c42b7
436608339_f1d1298770.jpg,8ca919c6f9ccc6e8
437054333_5c2761b8cd.jpg,edcd5a892882df4a
437404867_209625774d.jpg,890bb7e171e4f960
437527058_189f2a7eef.jpg,b0e9c6a3f6f84542
437917001_ae1106f34e.jpg,d2b1895cf4caa49d
438639005_208bc59b0b.jpg,e5cc9a33644eb931
439037721_cdf1fc7358.jpg,c4b92c52bd6a17ac
439049388_3dcee2d30b.jpg,c4e4995b1b4cb52e
439492931_a96d590e40.jpg,ea0d1726e88bb7d0
439569646_c917f1bc78.jpg,d8c826371f65352d
439916996_1ddb9dc8e7.jpg,eb33b42e3a958523
440184957_267f3f3a2b.jpg,c679489e3e13147d
440190907_bf8b7ba8ef.jpg,d28b72728bfe024d
440737340_5af34ca9cf.jpg,c9334d4483f39f54
441212506_fcc321ac28.jpg,f985c63839c3c6b8
44129946_9eeb385d77.jpg,bfc07b9408336a7c
441398149_297146e38d.jpg,9842b6538fb94e9c
441817653_fbdf83060b.jpg,879608e5763b33cc
441921713_1cafc7d7d2.jpg,f5c8c691b13caca6
442220883_ff3d6e507f.jpg,c05de6a47297e652
442594271_2c3dd38483.jpg,d7f80750ef145aa1
442918418_0f29c97fa9.jpg,cfef3623499b6180
443430496_3fea95a07d.jpg,c6f430f1cc9c31f1
443885436_6e927e6c58.jpg,f46e4c1b72521e96
444047125_66b249287c.jpg,90c1c0f4f5af2e2b
444057017_f1e0fcaef7.jpg,94aa7493e36cc5ca
444481722_690d0cadcf.jpg,f8ed6d6c780a8694
444803340_fdcaab86f9.jpg,8d47e470db2c65b8
444845904_a4531c811a.jpg,8d8d5276303c7d4d
444872454_9f51e07f88.jpg,d8743dea02dfe248
444881000_bba92e585c.jpg,ddc6c26a351f90d2
445148321_9f2f3ac711.jpg,81771ee11cc6b90f
445655284_c29e6d7323.jpg,c62b89e6422bf5d2
445861800_75fc6a8c16.jpg,d68d9d7692581956
446138054_d40c66d5f0.jpg,d908f633e619887d
446286714_dcec7f339e.jpg,86b3269c9b9b03ea
446291803_2fd4641b99.jpg,92afe05a71930fc3
446514680_ff5ca15ece.jpg,dfc1d0bea281962e
447111935_5af98563e3.jpg,ed4cd253694f6650
447722389_4b51b7e13d.jpg,86aea943473f9998
447733067_09cfac3286.jpg,827cc71f1e0f8cca
447800028_0242008fa3.jpg,e7260e1e191b3367
448252603_7d928c900e.jpg,c66ee4ccdc6c1839
448257345_ce149c2ea6.jpg,c26ab28a0ab7db27
44856031_0d82c2c7d1.jpg,9c6e36d36399032b
448590900_db83c42006.jpg,a9311aadb4dad6c4
448658518_eec0b648a6.jpg,f2d99d668c46a325
448916362_17f3f1d0e1.jpg,8d18f3e51e4ee132
449287870_f17fb825d7.jpg,b9510ce2c71cee6c
449352117_63c359c6e7.jpg,9c1c8771f0df03e4
450596617_ed37ec0fe4.jpg,b3c2f98cc64c8f85
451081733_40218cec31.jpg,f7dc8c23d30694e1
451326127_2d95a2e1c2.jpg,99919ed19d199be0
451597318_4f370b1339.jpg,acac5b1f1d840773
452345346_afe1248586.jpg,b4c91e6671e4b1c3
452363869_cad37e609f.jpg,c7e7616127bfa0a0
452416075_60b2bb5832.jpg,998924ff9696f40c
452419961_6d42ab7000.jpg,95e66f2d35359015
453473508_682c0a7189.jpg,b45612b3f2664e8d
453756106_711c20471a.jpg,d687cd723972381c
454686980_7517fe0c2e.jpg,8fb89834df608277
454691853_cc1e0fa6a1.jpg,87852dbcf072c2cb
454709143_9c513f095c.jpg,c63f78e42d926dc0
455611732_d65bf3e976.jpg,98f11ada7f108675
455856615_f6361d9253.jpg,ee6acecae12c3807
456299217_b2802efbc2.jpg,b9d3ae4e833a4b24
456512643_0aac2fa9ce.jpg,981ec7c3f0f0bc1c
457631171_12b1aee828.jpg,e9e1989ed6d4c303
457875937_982588d918.jpg,b13ccce3da386718
457945610_1a23b9ced0.jpg,ccf23388d9d9a626
458004873_f084c47a88.jpg,8b649bb1429f5672
458183774_afe65abf67.jpg,92111d7676c64767
458213442_12c59e61a0.jpg,c6468f8fc665b192
458735196_176e7df6b3.jpg,870d35f43d12ce1b
459284240_5a4167bf92.jpg,f205b4bb5e134e70
459778335_857d8ffebf.jpg,df60604c9857f1ad
459814265_d48ba48978.jpg,bf730d4c6066e493
460195978_fc522a4979.jpg,cc86a33947c7b833
460350019_af60511a3b.jpg,ba8aeaf8c68891c7
460478198_83039f2593.jpg,a3b71a0d898ce66b
460781612_6815c74d37.jpg,d95d8cac343073e3
460935487_75b2da7854.jpg,aa3b9d85ccb09197
460973814_5eacd1ced4.jpg,d9e4c8ee3b86610b
461019788_bc0993dabd.jpg,ff84c07e847937c0
461505235_590102a5bf.jpg,cc1c33f1ccbe15c2
462080147_ca088e6541.jpg,fb86c02164333bdd
462198798_89e2df0358.jpg,d38cacf3218e5656
462288558_b31a8a976f.jpg,8d1f586c636166ec
463786229_b54c9a3436.jpg,e178f66917280f56
463875230_f19e83d6df.jpg,b83a91fd9c817a92
463978865_c87c6ca84c.jpg,8660c2ae1d9d9d2f
464116251_1ac4bc91f8.jpg,d48df1b58c8ce623
464251704_b0f0c4c87a.jpg,b147ce18e63263ec
464506846_1734302b58.jpg,b03d44e0f18f1e7a
464527562_a18f095225.jpg,d4c6631b9c3c3d61
465859490_b077219424.jpg,99f5a0d83cc97784
465994762_1760e83c5d.jpg,b513b2f918ca68ad
466176275_f40d37851e.jpg,f04e4367039da7b1
466956209_2ffcea3941.jpg,90173c157fb879b0
466956675_a2fb6bf901.jpg,834ba64e3071f3d6
467858872_f3431df682.jpg,98d2672dc4e24b4f
467960888_6943257534.jpg,c9362689d66b4d96
468102269_135938e209.jpg,f2870df0572be20d
468141298_3154d717e1.jpg,cada9330262e7da9
468310111_d9396abcbd.jpg,cfd584921b66e4f0
468608014_09fd20eb9b.jpg,951e756726e15c0e
468871328_72990babd4.jpg,e70658690fb69659
468911753_cc595f5da0.jpg,e6a699d89263a46b
468918320_9c275b877f.jpg,db582464d38a793d
468930779_8008d90e10.jpg,e494d9d819af645a
469021173_aa31c07108.jpg,c0d0d1f5a3868fc7
469029994_349e138606.jpg,cad0352dab0935cf
469259974_bb03c15c42.jpg,c4e2338bfca60f98
469617651_278e586e46.jpg,97a395490e944afe
469969326_4b84073286.jpg,87d16433ccec3713
470373679_98dceb19e7.jpg,8df2520be0f58dd2
470887781_faae5dae83.jpg,86a76147f499b44b
470887785_e0b1241d94.jpg,d3b0ce4a725b3a0b
470887791_86d5a08a38.jpg,c0c63d99cae4b4d3
470887795_8443ce53d0.jpg,8ce5b33405d9e87a
470903027_489cc507de.jpg,e6991964e61973cc
471402959_0b187560df.jpg,e4a7efd80d6d100e
472396131_6e97068d93.jpg,9c06633c1c7367c7
472535997_0dbf42b9f3.jpg,f8e9f5c5023e1616
472661386_723aae880b.jpg,dda0165d62c96d2e
472860064_a96a228796.jpg,a1b3d7bba2940e4a
473220329_819a913bbb.jpg,c8d3d2aebc2323e1
473988700_570422001b.jpg,d62bdb494a343ac5
475042270_719ebe6c48.jpg,c1799a82f359196b
475313618_bdb2f72be5.jpg,e3c3593c36c0293f
475317104_1cdc1653b4.jpg,f3c14c1c37f0c83d
475778645_65b7343c47.jpg,a7d60c19db2456ec
475816542_f5c2736815.jpg,ba29ed1492e62d47
475980315_b8ecd50094.jpg,cccc983036e7693b
476233374_e1396998ef.jpg,d0fbb52c4c73062d
476740978_45b65ebe0c.jpg,a9299277966634ea
476759700_8911f087f8.jpg,b34dc1be5324b549
476760133_c33d2bd83d.jpg,a48ecb3b181e8b6d
477204750_d04d111cd4.jpg,e10f1e32e167ce98
477254932_56b48d775d.jpg,d979f9d988522239
477768471_d7cd618fdb.jpg,d435e1664ccb1dd8
478208896_90e7187b64.jpg,a663d39c19686c9e
478209058_21e2c37c73.jpg,c219ef0db2781d27
478592803_f57cc9c461.jpg,f768445508cbd9e3
47870024_73a4481f7d.jpg,d10f67b1193c4e96
47871819_db55ac4699.jpg,99446674b999e633
478750151_e0adb5030a.jpg,9d86626c9d98c367
478754346_addb53893c.jpg,a86a15cdb31157da
479807115_3a484fb18b.jpg,9dc7e03f17788944
479807465_cf42f39d00.jpg,de5289bdc22339d4
479807833_85eed6899c.jpg,b3399864cb53ce98
480200554_6155e9dfeb.jpg,fcc001ee77f0c28d
480505313_2dc686e5db.jpg,c88cf5f192fa25c1
480607352_65614ab348.jpg,c5658a0af1bf815e
481054596_cad8c02103.jpg,c6f99f0fc984078c
481632457_7372f18275.jpg,9b8ee6919138fc29
481732592_b50194cb89.jpg,d81c8f60a0ff2e0f
481827288_a688be7913.jpg,b2c58f314e5c33c6
481887827_f8975dabf1.jpg,92ed6d92136d9692
482047956_9a29e9cee6.jpg,f8f907bc8e06a04f
482088914_e6ea4501e9.jpg,cacc1d336766ac19
482098572_e83153b300.jpg,c61830b48dcff339
482353373_03a9d5e8bc.jpg,807c735b4fbb6a02
482830610_13a0a6c924.jpg,d2d8fcd0f09c9394
482882307_7dcb9eee11.jpg,cc56156ae49366b5
482882719_165722082d.jpg,ee54156ae490f927
482907079_22085ada04.jpg,c99899c1b9d106fe
483039719_75181b2726.jpg,caec8a45d5d9dcc0
483136916_16976f4902.jpg,825edcc2b3dccc92
483841513_e660391880.jpg,93de4e39b1c826e2
484896012_7787d04f41.jpg,c343e7e6c3099ba4
485054073_fef8b80b4b.jpg,d2931849676f2f64
485245061_5a5de43e20.jpg,c90d967e38924b2f
485312202_784508f2a9.jpg,c14d8c449c4ee7f6
485357535_b45ba5b6da.jpg,a8665e91a62d5c5b
485566887_57eac33bd1.jpg,e44c115a1a63f7e5
485738889_c2a00876a6.jpg,d98bb4f2f20d1e48
485741580_ab523fa657.jpg,97ae9dc9d246a03c
485921585_1974b1577a.jpg,866dca1d6a87bb22
486300784_2cc7a770ff.jpg,d7cc8ca28adc9457
486712504_36be449055.jpg,cad3f81ce515b21c
486720042_b785e7f88c.jpg,959598b3b30c4de5
486917990_72bd4069af.jpg,f0364e8b1dd64732
487071033_27e460a1b9.jpg,81c183561e6f67e9
487074671_66db20bf47.jpg,b2951172a94addce
487487795_54705c406e.jpg,aff0914926b1a5c7
487894806_352d9b5e66.jpg,828b8d26e67b398e
488089932_c3a5fa4140.jpg,bfe1a107ccd0dac2
488196964_49159f11fd.jpg,e0f5ce91a1c4d2e5
488352274_9a22064cb3.jpg,f84ca5949183cf4f
488356951_b3b77ad832.jpg,bf70262745b0ccd3
488408004_a1e26d4886.jpg,e41b1ba46ec21bb5
488416045_1c6d903fe0.jpg,b93c174863679c9a
488549693_a1f51d8c4a.jpg,d519dae526d65889
488590040_35a3e96c89.jpg,9ebcf5fa4c40a1c1
489065557_0eb08889cd.jpg,fafc2c2c4e5ed202
489134459_1b3f46fc03.jpg,ef6bd012e132d90d
489372715_ce52da796a.jpg,b49acd9867ce3c30
489551372_b19a6ad0ed.jpg,9e0a8ad06baad755
489773343_a8aecf7db3.jpg,a8e7ee1c23121fd2
489865145_65ea6d1c14.jpg,9dc4e0b79c70e30e
490044494_d2d546be8d.jpg,c0b6c8d9d9ce6332
490390951_87395fcb1c.jpg,acd023bcc2876b6d
491405109_798222cfd0.jpg,89c6965a5a595b66
491564019_1ca68d16c1.jpg,d119646093b3d9f3
491600485_26c52c8816.jpg,ccc91938c35e38f6
491964988_414b556228.jpg,f15884e9b2c0f997
492341908_1ef53be265.jpg,eba0d152d0cf7cc2
492493570_c27237a396.jpg,cb4bb4353589c5e4
492802403_ba5246cfea.jpg,d91aaefa68e64905
493109089_468e105233.jpg,8bfb26d8e4c988a6
493507605_48fe8e3739.jpg,eb5ac2955fec80c4
493542985_c85ad29ebe.jpg,c1b85e9ca1e318d7
493621130_152bdd4e91.jpg,b4aad56931946d33
494221578_027f51cdf4.jpg,f0c707f066c33d4c
494329594_6e751372a0.jpg,bf680d0a2d7e20e7
494792770_2c5f767ac0.jpg,9fd889f05c6b16a8
494907021_321e82877a.jpg,84999f5ee3e424d2
494921598_af73bda568.jpg,9858f70785ce1af8
495014499_8fd065cfd9.jpg,ccbb9bc0a67652a4
495033548_bd320405d8.jpg,b6321d2c7e13644f
495054019_3dee8a02f5.jpg,b5b7436a480d3597
495055747_a75872762a.jpg,9f21810b117b53f7
495116214_f1df479fb0.jpg,daa1a59c9b43654b
495340319_705f2e63d6.jpg,9d36a70915176e35
495341977_b27279f962.jpg,b49cc9e3363e1931
49553964_cee950f3ba.jpg,91246e599ba66d59
496110746_a93ca191ae.jpg,a16a2e995a4ad597
496129405_b9feeda1ab.jpg,9e73699c73198c32
496380034_d22aeeedb3.jpg,b8b84c44e7273b5a
496555371_3e1ee0d97d.jpg,f22a8dbd706a87c4
496606439_9333831e73.jpg,dc664c3b6b9518b4
496971341_22782195f0.jpg,be3ec9c1c4c41ec3
497122685_a51b29dc46.jpg,ba3fa6a31390ae4a
497579819_f91b26f7d3.jpg,80bb9cc8b727ace8
497791037_93499238d8.jpg,b6bc7ce1a370a18a
498404951_527adba7b8.jpg,87467cb051d96cae
498444334_a680d318a1.jpg,c8dc23232fa3b4d3
498492764_fe276e505a.jpg,b8ce44dbaf07031b
498748832_941faaaf40.jpg,bf98236458d0f99c
498794783_cc2ac62b47.jpg,8cb31a6c69a7cd49
498957941_f0eda42787.jpg,d516e9691e91465e
50030244_02cd4de372.jpg,9a5949e0ac1ef8d9
500308355_f0c19067c0.jpg,d27025e5ccd2939b
500446858_125702b296.jpg,d37724361785e623
500678178_26ce0f4417.jpg,85f9b1b2c666383c
501320769_31eea7b7ea.jpg,ec7232cf98dc3131
501520507_c86f805ab8.jpg,c5c8fa9d50179715
501650847_b0beba926c.jpg,c2fd9ae7903d0730
501684722_0f20c4e704.jpg,cf3aa394c8cc5c4b
501699433_f8df386cf9.jpg,cd95726a6489b27a
502115726_927dd684d3.jpg,f54078ccd3962f2c
502671104_b2114246c7.jpg,bcd307649e2ec133
502783522_3656f27014.jpg,d7282c34333f9d51
502884177_25939ac000.jpg,e54fb2695c22a9b2
503090187_8758ab5680.jpg,8becb5b19ec0b4b0
503717911_fc43cb3cf9.jpg,8849e7660eb539b9
503794526_603a7954d3.jpg,920f653296d81fe3
504385521_6e668691a3.jpg,b10c47a3d5d9d0d6
504765160_b4b083b293.jpg,c909737a0d75566a
504904434_889f426c6e.jpg,d3f664282806db3f
505062117_a70b4e10ab.jpg,bcc3c30fc8dc2c72
505929313_7668f021ab.jpg,f1b29a496466e3c6
505944126_f9a6ab8944.jpg,d126e19619f9819f
505955292_026f1489f2.jpg,86bed08b58e9b874
506343925_b30a235de6.jpg,ea2895bbf2e2c889
506367606_7cca2bba9b.jpg,e35c1a274318bee3
506412121_67ecc7ec05.jpg,ed9266ed946ac505
506478284_7cf8bdbe36.jpg,ea3f45c03b9cd2c1
506738508_327efdf9c3.jpg,d03d6dc90f52329d
506808265_fe84ada926.jpg,a3a33cd669b8471c
506882688_b37d549593.jpg,8ce36708d17be712
507758961_e63ca126cc.jpg,b49ab8b552328d75
508261758_78fb8ae067.jpg,9b6c27d9ec03e258
508432819_3d055f395d.jpg,a61ad86563da65cc
508929192_670910fdd2.jpg,9c96584bc4f9ca96
508958120_afe274f726.jpg,b4cf6121975de413
509123893_07b8ea82a9.jpg,8fe426e15c179b98
509200598_171a1ab6c8.jpg,eace90319fc9226e
509241560_00e5b20562.jpg,eec0d56188ba6774
509778093_21236bb64d.jpg,84b53bc24e6969cb
510197538_0a11b94460.jpg,cae6eccff4060983
510510783_b2cf5d57bb.jpg,bc1a6699fc664ea0
510531976_90bbee22a2.jpg,88a4f3d3e46a8bb4
510791586_3913ade6a7.jpg,c3b8eef12f1470c1
511282305_dbab4bf4be.jpg,f48bb866a995522d
511749704_3037806cb1.jpg,f3354929d4e9299c
511844627_0ec78e01e9.jpg,f061c7e91bec9838
512026551_ba63ddbd31.jpg,f64998f3039ca671
512031915_0dd03dcdf9.jpg,e5c39a5833676c19
512045825_1be2083922.jpg,8c4ce6a78e0ce733
512101751_05a6d93e19.jpg,ce4b3136dec17132
512163695_51a108761d.jpg,cef3847cf3060b07
512306469_1392697d32.jpg,d3c2d99aae632c62
512550372_438849ce19.jpg,8cda3333b36c8c55
512634877_d7ad8c8329.jpg,f5c6882d3f9e400f
512991147_dc48e6839c.jpg,93ff854a48917e52
513116697_ad0f4dc800.jpg,b860e2b03077e5f9
513269597_c38308feaf.jpg,8c8ba38ddc37325c
514036362_5f2b9b7314.jpg,f20de6f7113a3819
514073775_56796be990.jpg,a4b0bed2596ec549
514222285_aa0c8d05b7.jpg,b31b0c0d1c3f1b37
514222303_cb98584536.jpg,b9a9f7b700f8a604
514431934_9cf78f05a9.jpg,e4b23ccd037af582
514905846_b54d13946a.jpg,98582b27666add9a
514990193_2d2422af2c.jpg,97346897935a7ca1
515335111_c4afd5b903.jpg,f9b2cacc26317499
515702827_be3c6ce857.jpg,a9ec121a6e649d97
515755283_8f890b3207.jpg,c4a4d2d83b3b1d53
515797344_4ae75cb9b1.jpg,9e9dad225584c45f
516214924_c2a4364cb3.jpg,e228273dc1bfa1b1
516394876_8b9b8021bc.jpg,97a6bc89a870732d
516648762_0cff84ea97.jpg,ed8d62b4a4deb812
516725192_c9cdd63878.jpg,c9b494eb699694c9
516761840_842dabc908.jpg,a57a570a8d634dc3
516998046_1175674fcd.jpg,8f8f70780f077970
517094985_4b9e926936.jpg,b3306dcde724b10d
517102724_a0f3069156.jpg,86c7c93824cf53da
518144037_9a1754b2a6.jpg,87e77bc0a719c8c8
518251319_40e031e818.jpg,9b6531679ed82389
518610439_b64ab21c02.jpg,f3d89cced2b20949
518789868_8895ef8792.jpg,e11f1ce1c11e7ce1
519059913_4906fe4050.jpg,e6471264f9996553
519061891_320061864e.jpg,e93453ea841b3f70
519167484_ee03e2a91e.jpg,b3686e544b259b17
519228867_2fd25e38d4.jpg,8e4f7988d2999897
519754987_51861fea85.jpg,c1652dffd2f224a0
520491467_54cbc0a866.jpg,b1b1fa969668854e
521186251_e97d1f50f8.jpg,bf40c03744ea3fb4
521658170_a837af87e9.jpg,d1322f1c94b2cbcb
522063319_33827f1627.jpg,9f7460598eba465a
522486784_978021d537.jpg,ecb493cd69b1c246
522652105_a89f1cf260.jpg,dc7c6227749bc10e
522700240_d9af45e60d.jpg,935bdb3934d434a4
523249012_a0a25f487e.jpg,98a3f74a0af5ae42
523327429_af093fc7cf.jpg,ce346c16d7aa710e
523692399_d2e261a302.jpg,dc9c1ccfc7616161
523985664_c866af4850.jpg,f1ab0a2dbf652a88
523991446_65dbc5a4a5.jpg,a446f807ce8e5fa8
524031846_28b11bc0e5.jpg,a54c12d36e6d2e93
524036004_6747cf909b.jpg,f35c2622591b9da6
524105255_b346f288be.jpg,ace373994865a9ca
524282699_71e678a6bd.jpg,d898a6c7c36f5838
524310507_51220580de.jpg,a0a1c7ca0f3e3a2f
524360969_472a7152f0.jpg,e5778869e1e4191b
524698457_77ba13840a.jpg,b15a8ca6b3a32f49
525538142_7348f0bce7.jpg,b118cf674edce281
525863257_053333e612.jpg,8e7a14867183fec3
525887861_4cc7a1beca.jpg,cd5cc8c3262337dc
525968880_82623392d1.jpg,d5cf8f1016070d7d
526661994_21838fc72c.jpg,e3858c627371d9cc
526955751_f519d62b58.jpg,891ddebd4d43c644
527272653_8a5bd818e5.jpg,d3962c699396c369
527288854_f26127b770.jpg,f12c9ae635276295
527946505_a51ade1578.jpg,9c01cf4f3969c7e0
527968666_1fcddf81ab.jpg,f03c8ec7301cdb39
528498076_43f0ef36b5.jpg,902f7728cd8eda89
528500099_7be78a0ca5.jpg,e39496547e69518d
529101401_ab1f6b1206.jpg,f16bd48c8793985c
529198549_5cd9fedf3f.jpg,a78e996166da09cd
53043785_c468d6f931.jpg,e69999e6da270c19
530454257_66d58b49ee.jpg,bdf38a82e9087636
530661899_94655d7d0e.jpg,918f6ee030994fc7
530888330_a18343e38d.jpg,f39c20f30cf32f60
530950375_eea665583f.jpg,9256bb1f2d69211d
531055369_936fd76a63.jpg,bc6b1f06e89c9259
531152619_6db02a7ed9.jpg,e991968fc64c3c63
531197115_2be4d5034b.jpg,e5da683dd6f08138
531261613_f1a045cd75.jpg,9d33cd1bc308e16d
532036676_e88b13e0a1.jpg,c0dc1e1fc7ccdcc0
532131603_c82d454c8a.jpg,a424cede033b3f86
532396029_ce125bda3f.jpg,9c4d317365464e7c
532457586_bddfc5251d.jpg,92191953e7fe815a
532914728_c5d8d56b0b.jpg,d8824e78a39fd869
532999240_1409d073be.jpg,ee2eb7131a496cd0
533483374_86c5d4c13e.jpg,f3f28c0c63e7a60c
533602654_9edc74385d.jpg,eeeeac11912dca23
533713001_2d36e93509.jpg,94ccc7b1ea965169
533713007_bf9f3e25b4.jpg,8d7f80e27b8e308e
533979933_a95b03323b.jpg,f6498c38c5b233ce
534056823_0752303702.jpg,e9140b65d687e1ba
534200447_b0f3ff02be.jpg,c0626cfede855253
534313000_4ad39c7ee0.jpg,e0e199a4179be9d2
534655560_dc1c335b3f.jpg,98904da9673bd66c
534669139_1a4f8ab9d5.jpg,e95c1fa972a1dc22
534875358_6ea30d3091.jpg,b467293d29c94e3a
534886684_a6c9f40fa1.jpg,935df4265a728da4
535123126_c06c1ab9bf.jpg,d8e43f598cc7a113
535249787_0fcaa613a0.jpg,b3194c77330c6c73
535309053_ec737abde8.jpg,8183c3d2dc1edaf1
535399240_0714a6e950.jpg,eb78595190a31b4f
535529555_583d89b7f2.jpg,d08987e76e94c96c
535830521_aa971319fc.jpg,d9c6d6b140f0a4cf
536495604_b22bbc905a.jpg,b10ce3939c9e6e4c
536537638_f5ee42410b.jpg,c798fb02fb01bc86
536721406_884ab8fece.jpg,9c38f644971b3d92
536828916_b763b82949.jpg,964823bb58bdbd18
537222436_ab406234ce.jpg,e35f5e880c3f9630
537225246_dd0e2158a7.jpg,f00aac4fbec456c6
537230454_1f09199476.jpg,dcc6c7bca3a30919
537359971_6e28f5e66e.jpg,da8a851417d78f65
537390477_7dd3407f96.jpg,a56dc532d3096e96
537479916_c033897fac.jpg,c51733292c267bda
537532165_e4b7c0e61a.jpg,845fb41b5f8232cd
537559285_29be110134.jpg,8dac949353d22b6b
537579448_a7f92cef58.jpg,e68cd926332cdc33
537628742_146f2c24f8.jpg,86a6a9795394a96b
537758332_8beb9cf522.jpg,84b2b3dd5a4aae34
538825260_a4a8784b75.jpg,c4a70379fcc18727
539493423_9d7d1b77fa.jpg,e992acec1e4ac175
539493431_744eb1abaa.jpg,e7d380bcbe184167
539667015_fd0a3bea07.jpg,dae1659cbe68909c
539676201_c8f1f04952.jpg,95603a3be83eb3c4
539705321_99406e5820.jpg,b1190c656bd5c793
539744890_85e63f5854.jpg,da44ecb3e3e021cd
539750844_02a07ec524.jpg,c7373e30c794e584
539751252_2bd88c456b.jpg,f6cf49f10cd8b144
539761097_5c6c70425b.jpg,c93e34cc06331ef9
539801139_7258ee437f.jpg,c2490ca3f9e95ad9
540338917_57069687be.jpg,99574e881ab69d69
540604040_bec822c144.jpg,e0b7979b4b6c4c81
540721368_12ac732c6c.jpg,916b4cd2dbbaae20
540873795_ae62ae6f60.jpg,80b97f47033ef831
541046380_513e295384.jpg,b8954167ece3931a
541063419_a5f3672d59.jpg,cbd0362ccd1336ce
541063517_35044c554a.jpg,9ccaf3793295c223
542179694_e170e9e465.jpg,85d5d5a773b49c08
542269487_5d77b363eb.jpg,ed9f922069972d89
542317719_ed4dd95dc2.jpg,f2939ecc8dac4a52
542405691_0594b1ce72.jpg,cf1b2b9b45942437
542648687_adf13c406b.jpg,d446beedca08273c
543007912_23fc735b99.jpg,f807d7e00b8e78c3
543102698_38e7e38bbc.jpg,dc5ea4216d34a65d
543264612_c53cc163b4.jpg,9eb4649c659dc866
543291644_64539956e9.jpg,ebd4a4e4c4ccf14c
543326592_70bd4d8602.jpg,9bd9da35706270c9
543363241_74d8246fab.jpg,bed061de097d4ce0
543603259_ef26d9c72d.jpg,991d3ee88823abea
543940240_a54a3c7989.jpg,95865cf0612f1b7a
544122267_e9e0100bc5.jpg,8265423ddb87c763
544257613_d9a1fea3f7.jpg,c30fe00fe29fa01f
544301311_5e7d69a517.jpg,a4b03cdedb6560d8
544576742_283b65fa0d.jpg,90bd6636dc351917
54501196_a9ac9d66f2.jpg,c4b73b4a752d225c
54723805_bcf7af3f16.jpg,cb34fb0e74a90671
548751378_c657401312.jpg,95950487ce4e4b6f
549520317_af3d5c32eb.jpg,d23fd6d3c92cd084
549887636_0ea5ae4739.jpg,8d7e7604160f1fb1
55135290_9bed5c4ca3.jpg,f003f03fd072df48
551403320_dfdcf9fc3b.jpg,94978190f6b69cbc
551664516_78a5131dc4.jpg,e653848c9a7467e3
554526471_a31f8b74ef.jpg,b7c9e41b3c26492e
55470226_52ff517151.jpg,808f7b9460d469bf
55473406_1d2271c1f2.jpg,d72894caf5128de6
554774472_b5d165ff69.jpg,9f6374decd81818a
556568556_bc5124dc8e.jpg,e0c8bfb39d9c1861
557101732_32bbc47c12.jpg,d4f6de5e6830b091
557601144_50b8c40393.jpg,833c25c7d2875a7a
557721978_dfde31bc02.jpg,b6344cc631f95d1c
559102835_472ff702b5.jpg,963c34b3e3ca5869
560278886_df4bd2e212.jpg,ed1c92904ee4c6cf
561179884_8b6b925ef9.jpg,9f056a5a603e99b5
561179890_af8e31cb2e.jpg,ca96ead4892d34ab
561417861_8e25d0c0e8.jpg,94e7678fe1f0201d
561940436_64d6fc125d.jpg,ca8ac2bfd53c2668
562588230_edb2c071c8.jpg,8c313358e79c8e3e
562928217_21f967a807.jpg,e1af95119fc262c3
56489627_e1de43de34.jpg,c595ea5a423a8eec
56494233_1824005879.jpg,e672a4b8198ccf47
565605894_8f0bed0438.jpg,b466fd1828322edd
566384456_97da3c7bd6.jpg,dabc84838b94e7e2
566397227_a469e9e415.jpg,d9a62659592627d9
566446626_9793890f95.jpg,f1e08417d5ac4ed9
566794036_60f7acdf35.jpg,ce4bbc3363946c43
566794440_f9ec673a2f.jpg,b84f852da7b98698
566921157_07c18a41e2.jpg,f3f2b391c949194c
571130875_30051ac02d.jpg,db27749bd0f90185
571507143_be346225b7.jpg,a718156368f49f4b
572618443_647483ca82.jpg,b9f0504e17cec627
57417274_d55d34e93e.jpg,a5c37c304f7a2197
57422853_b5f6366081.jpg,c6f623191943767c
574274795_57e0834e7d.jpg,e38c14f30c73db8c
575636303_b0b8fd4eee.jpg,a1061f7de4676714
576075451_5e0f6facb3.jpg,f155c5d71c8cc623
576093768_e78f91c176.jpg,a85a2be559a952d5
576920249_df1bdc2068.jpg,d9a1726f48499b96
578274277_652cae32ba.jpg,995d735a69712c26
578644583_da3ff18dd1.jpg,a929ccdef20a49e9
581419370_30485f3580.jpg,cb7fc5c8083099f5
582788646_dc40748639.jpg,f4099ed3536a8b2c
582899605_d96f9201f1.jpg,e9cf6de9859490c4
583087629_a09334e1fb.jpg,e34d4c0da5b5b1e8
583174725_6b522b621f.jpg,db5e0cac81c8da9e
58357057_dea882479e.jpg,93cc6c1783f0ac4f
58363928_6f7074608c.jpg,84f958a6b1dcf550
58363930_0544844edd.jpg,d826815178ef3799
58368365_03ed3e5bdf.jpg,c1f23e81f07e8bb0
584484388_0eeb36d03d.jpg,e9cd963398bc03d2
587604325_af5d6df679.jpg,836c2293db69a79a
590445887_4d4fa43923.jpg,951714b9e1e361ce
597543181_6a85ef4c17.jpg,f8ab877038da6199
599366440_a238e805cf.jpg,e0cc44b3879939ee
607339469_af851c4119.jpg,c9b8a8a72526c3e7
608257195_6ec6f48e37.jpg,81a3264fc8b9a9e7
609681901_66809d2dc1.jpg,83135eb2825f9cc7
610590753_cd69ce081a.jpg,85f8f183f8715253
611910909_4f8e43e070.jpg,f9d50d0c04dbf2e2
61209225_8512e1dad5.jpg,b3990c83c3783d4f
613030608_4355e007c7.jpg,89a707447aba9cb3
613900608_2e49415772.jpg,d143ce3936b20bcd
615916000_5044047d71.jpg,bdc532d8ce8671c4
616045808_0286d0574b.jpg,f3ecc5ea28914a63
616177206_0e16c33f6b.jpg,f8c695f6ccc1849a
617038406_4092ee91dd.jpg,e7ac74e08039bed8
618292739_0fdc2ccab0.jpg,cbe93416e94922ed
618771382_459bb492e4.jpg,b63615c933362fc8
619169586_0a13ee7c21.jpg,b8a7c76790b8c343
621000329_84f48948eb.jpg,83b3fa6e64652351
624058168_f1c5e87e59.jpg,a24a4e06bbd1cc3f
624742559_ff467d8ebc.jpg,90a4994b6d73e666
630476551_2ee7399f77.jpg,e4469939c7262cf9
632251903_b36701a5e9.jpg,c3be5452da7b8506
632608471_a70461f123.jpg,8659f9249f39e087
633456174_b768c1d6cd.jpg,a45996372d788573
634891010_9fa189effb.jpg,89c6b5230f3f94b1
635444010_bd81c89ab7.jpg,c7e7e9e371d0c00c
636503038_17ca82b50f.jpg,93e30c8c671e6d95
637342973_89f6fac1f7.jpg,91bea1e9b61f5830
639120223_7db6bdb61f.jpg,b4c4490f53c767a3
639865690_d66d480879.jpg,adb2276538ae5a91
640053014_549d2f23d2.jpg,949059e1e65bed32
640203018_c0e7175831.jpg,ae94da657541c798
640409060_6af18fdd54.jpg,dc670f9c03241e9f
640506101_ae1145b6d1.jpg,d959942878dfa70a
641893280_36fd6e886a.jpg,a6d95c06f35884e7
642987597_03b21a1437.jpg,decaa9e74ab66060
649596742_5ba84ce946.jpg,90db6df0433e6c4c
652542470_60e858da64.jpg,c1a57902667bd9f0
654130822_4aeb1f1273.jpg,d023380379f5ab5e
656260720_a7db4ce48b.jpg,d55a25fd0239305f
661546153_9d30db6984.jpg,d152fae5a46a70d4
661749711_6f408dad62.jpg,c5ca14697336cb8d
661755629_602ea4cf09.jpg,ad1756ec98992666
661757041_61e131e913.jpg,b031cdce2ea13772
662606040_8cc8cd9f1b.jpg,be0733bdc0077a98
664341930_bd5c8b60ea.jpg,d28b1d9db32cd434
664470170_6a1ad20c45.jpg,ccd9c2cab60a4b76
667626_18933d713e.jpg,b306ce70383773cc
670609997_5c7fdb3f0b.jpg,ec2e8e5a321ae9a9
673806038_0a3682a83f.jpg,96b88dde807dce21
684255145_db3f8e3e46.jpg,d34d4d338d4c3687
684375286_09cc1aa778.jpg,d76d623635688a96
687513087_413d4a3a3b.jpg,f99a84c18767a48f
688210930_85c5675d5b.jpg,90c4e5cb3a744b1f
688940111_325a74674a.jpg,bb9017f58d682cca
689359034_4a64c24ca4.jpg,d4eb2e526227a4ce
689776124_07f560a920.jpg,d74ac9ae289562ae
691770760_48ce80a674.jpg,d95cee648d1972e0
69189650_6687da7280.jpg,ed7d1902c2f23d31
693164706_9624582e69.jpg,b63a31de42dcb4a4
693450725_8ad72389e6.jpg,b6994076abd456a9
693785581_68bec8312a.jpg,c986b7b1998619d9
694496803_f2a05869cf.jpg,b989d933b35a4d14
696663662_232edd58af.jpg,b1671e99c4d64b19
69710411_2cf537f61f.jpg,964a69979648eb96
69710415_5c2bfb1058.jpg,cbf48b29b48b30c7
697490420_67d8d2a859.jpg,a90d867a57882ddd
697582336_601462e052.jpg,b3130c0f336d1b3b
697778778_b52090709d.jpg,b3384583e9cfd823
698107542_3aa0ba78b4.jpg,f83c4791128333ef
700884207_d3ec546494.jpg,a1b344bce19eb64c
701816897_221bbe761a.jpg,b81c1fe60775a40f
707941195_4386109029.jpg,a1b99ec369c8d447
707972553_36816e53a2.jpg,b0e724fb8d9c413c
708860480_1a956ae0f7.jpg,b0393cf1c38479d3
708945669_08e7ffb9a7.jpg,b14ecc71e7024e9b
709373049_15b8b6457a.jpg,9b398c2d46be513c
70995350_75d0698839.jpg,c43bec33d90c7686
710878348_323082babd.jpg,b2638778618f98ec
716597900_b72c58362c.jpg,e6dd99e206595934
717673249_ac998cfbe6.jpg,c6fc6c64c7183c65
719837187_3e7bf1d472.jpg,e0504eae371bede0
720208977_f44c2bba5b.jpg,db4d1919273a72aa
72218201_e0e9c7d65b.jpg,93ccc731c4f7b0e0
724702877_f2a938766b.jpg,e66e5853eb09b48c
72964268_d532bb8ec7.jpg,bce2c023630e9f7c
732468337_a37075225e.jpg,ad6f25309683674e
733172023_5810350af6.jpg,b6491337b73634a1
733752482_ee01a419e5.jpg,c3e29b8d2197664b
733964952_69f011a6c4.jpg,9499114169defa37
733965014_1a0b2b5ee9.jpg,b336b72372a47468
735787579_617b047319.jpg,ed086ca4191b3e7e
742073622_1206be8f7f.jpg,f65858a6272971f2
743571049_68080e8751.jpg,8eb238ced8f54545
745563422_f4fa7d9157.jpg,c7924c8d4f63893e
745880539_cd3f948837.jpg,ce4f410e8e997978
745966757_6d16dfad8f.jpg,dc593366164ca65e
746787916_ceb103069f.jpg,dc4f478c9b33f060
747242766_afdc9cb2ba.jpg,e56999869613696d
747921928_48eb02aab2.jpg,f4f00a0fb5f4f04a
749840385_e004bf3b7c.jpg,cfc831c733c78c38
750196276_c3258c6f1b.jpg,e3c43ad9d9c82aa3
751074141_feafc7b16c.jpg,c297be445b53c459
751109943_2a7f8e117f.jpg,9fe6981c89d931ca
751737218_b89839a311.jpg,a961b3fc9b427898
752052256_243d111bf0.jpg,c38ba8c89cdf8b0b
753285176_f21a2b984d.jpg,b6919356d5e56262
753578547_912d2b4048.jpg,ac1c196366e6f899
754852108_72f80d421f.jpg,a74cb29ab04d9c73
755326139_ee344ece7b.jpg,8d07cbe98d2c70c7
756004341_1a816df714.jpg,cfd8d076941cc356
756521713_5d3da56a54.jpg,9d9898f571713989
756909515_a416161656.jpg,89715f1f60ea06d3
757046028_ff5999f91b.jpg,f0d76e4899b14738
757133580_ba974ef649.jpg,b099c7cce0c8d83f
757332692_6866ae545c.jpg,c0de432f391ee338
758921886_55a351dd67.jpg,96b6da9a9898998b
759015118_4bd3617e60.jpg,a0b233c378ccf9e1
760138567_762d9022d4.jpg,c0701fceb059f61b
760180310_3c6bd4fd1f.jpg,85543a8fcd1eca63
762947607_2001ee4c72.jpg,d131aace2b7175a4
763577068_4b96ed768b.jpg,a3c0dca6429b7b66
765091078_a8a11c6f9e.jpg,cf22317cce43b1e8
765298136_7805fbb079.jpg,d6b589c8607636cd
765929807_de381cc764.jpg,cfc1c2e20cb0fcc7
766061382_6c7ff514c4.jpg,e6e6851d905a9d93
766099402_cdda6964f0.jpg,b5e8a74f58b26119
766346887_a9a9d0637a.jpg,c11c37cbe08e1b67
769260947_02bc973d76.jpg,c49b63b48b142d6f
771048251_602e5e8f45.jpg,84f80caebc8e3ace
771366843_a66304161b.jpg,8d9c96f16966ce48
772212710_f5fc22ed35.jpg,81041f7977167c76
772403830_08b72c7da9.jpg,cd92136dc02ffe12
774009278_8e75b7d498.jpg,ac2d33b24c14d3de
775664534_3f6de7d413.jpg,8303d6dcd89ca9ab
778885185_3f6905370b.jpg,a5da4c37728d8e62
781118358_19087c9ec0.jpg,850bd92ee0296fd3
781387473_208ba152b3.jpg,d6f88c8d058ba68f
782017931_75d92bb7a4.jpg,93968c0d7cf3a70c
782401952_5bc5d3413a.jpg,fd3dff80d40622e0
783353797_fdf91bdf4c.jpg,a1295281975b3f5e
783994497_4f6885454d.jpg,d1f502c3c37f3d01
788126442_086334f0cf.jpg,d303fcfc8711c12e
78984436_ad96eaa802.jpg,eecf93c0c8e4909b
791338571_7f38510bf7.jpg,ab40b43f4932c73d
792362827_5ab5281b99.jpg,e1430db63e5998e9
795081510_53fd17d101.jpg,ebb3945629e98712
798343627_7492fe0c12.jpg,921177171bb1e9cc
799199774_142b1c3bb2.jpg,b3254ffa113d6225
799431781_65dc312afc.jpg,c45d0af3477031f5
799486353_f665d7b0f0.jpg,f89fc0c5379e4930
801607443_f15956d1ce.jpg,833c68474fda3c93
802594049_289e3c8420.jpg,9ff0f0e0e0c11f0f
804087017_330bcc8c56.jpg,89feb64bd9230994
805682444_90ed9e1ef3.jpg,e7a61c1869695b87
808245064_8a7971fc5b.jpg,8f921e36650d1ef8
811662356_f9a632b63c.jpg,af98259a9295d27a
811663364_4b350a62ce.jpg,9d0cf273e467a494
812196663_0c969970b5.jpg,f30d98265c737651
816084977_21c1811c9a.jpg,f1ae2ee1661c382d
818340833_7b963c0ee3.jpg,cc6f269173a38ccc
820169182_f5e78d7d19.jpg,c5932d632f3d188d
822836318_21544f0f78.jpg,a97d9692ca6069cd
823675317_b5fbdb17b3.jpg,847cc324799bf943
823697339_aadbeef495.jpg,baa94b86a8c2c775
824123145_59243e504e.jpg,9fb0b275639f4424
824782868_a8f532f3a6.jpg,c42cb1fa4ba69c59
824923476_d85edce294.jpg,e89c87523a95c5cd
825918657_d92f1761f4.jpg,ec13524d4d993373
827941668_2e4ac6cb39.jpg,a9cc9692656e1b69
832128857_1390386ea6.jpg,89093267ceb873e6
835415474_7b7f2a9768.jpg,dc14a5612b46eeec
836768303_d748df5546.jpg,e2a787b899c63c43
836828001_af98d16256.jpg,e86a72e33587274c
837893113_81854e94e3.jpg,f66e496b6604156b
837919879_94e3dacd83.jpg,e34b6bedcc0c0c0f
838074897_9d6270b3cd.jpg,b444b2274dbb0f3c
839295615_bb9baf2f95.jpg,8361b64397b65a36
842960985_91daf0d6ec.jpg,df9f61e1a078e80c
842961005_692737888e.jpg,9cf843c3bc264799
843616798_5ab0ecb525.jpg,a9a689e916156eb6
846085364_fc9d23df46.jpg,e5969963966d249a
84713990_d3f3cef78b.jpg,c01f38e4cb364bb5
847782643_57248bbdab.jpg,c1b72ccf4ab01f4a
848180689_d67a1361ce.jpg,d39a17624d3530dd
848293676_98e73c52c1.jpg,fe400f0f6be38195
852469220_bc0fee3623.jpg,9b996d6466599199
854333409_38bc1da9dc.jpg,a76cc0931b3ee2d4
856985136_649c0a3881.jpg,936b249c6e9b6952
857914283_270d7d1c87.jpg,94158f66332d859f
859620561_de417cac1e.jpg,b5650fb83859b1d8
860928274_744d14f198.jpg,b79f113c1e67b018
861608773_bdafd5c996.jpg,dcdcf8f8bc904125
861661418_8a37024ace.jpg,965d082a77f58786
861795382_5145ad433d.jpg,e24c9bea2188f6cb
862054277_34b5a6f401.jpg,f6a6cd999898c992
862156271_3eacea90a8.jpg,8cb57aca31987374
862177617_c2c0581075.jpg,ad90db90570be88f
862187579_9faf4a51e0.jpg,c9e6c63924c6996e
86412576_c53392ef80.jpg,db62b633c696981c
864290968_eccb46d5ab.jpg,e122c99615c4cedf
86542183_5e312ae4d4.jpg,df70f0df8d1070e0
866841633_05d273b96d.jpg,d4565aaaa529d55a
870710405_51e507b31a.jpg,80526ff42f94f6c2
871290646_307cddd4e7.jpg,d2602543fcd613bd
871290666_4877e128c0.jpg,e3969c2eb193a2b1
872135364_8c1e47d163.jpg,f32c8efb6932c884
872512911_ca383b40e4.jpg,a196f9491627ccda
872622575_ba1d3632cc.jpg,b08ac5d2293627fd
873633312_a756d8b381.jpg,cd02fcd1da34e12e
874665322_9ad05c4065.jpg,f2b59487c9656872
875731481_a5a0a09934.jpg,b2e381c198bcdce6
878758390_dd2cdc42f6.jpg,db4f6c328f998524
880220939_0ef1c37f1f.jpg,f2cad5a84b64e4b1
881725588_efabbcd96a.jpg,de562f2783f1c884
883040210_3c4a10f030.jpg,813f70c74d6c29d3
887108308_2da97f15ef.jpg,bf64c4b9403bbb0c
888425986_e4b6c12324.jpg,8a9a58ed6d9870cb
888517718_3d5b4b7b43.jpg,dddc9491d6236364
890734502_a5ae67beac.jpg,da1d2d366466a572
892340814_bdd61e10a4.jpg,9ce9d9d3e6920c8c
894928353_002a3d5f06.jpg,f18e46073eecd132
895502702_5170ada2ee.jpg,9e3c61471f3c60c7
897406883_f09f673d94.jpg,8be5a53a87c178b4
897621891_efb1e00d1d.jpg,929589c92e6f6363
899810584_61e1578d3f.jpg,f48ee37832cb8554
90011335_cfdf9674c2.jpg,99e698ac9fb62c90
900144365_03cd1899e3.jpg,874ef4b524645753
905355838_3a43fdfd4e.jpg,c31cbc639c9c6197
909191414_1cf5d85821.jpg,c9c8e0f074b595d5
909808296_23c427022d.jpg,a7ee188dc7633ca0
911527312_f81ee36b97.jpg,dac8c97925ca3f81
911795495_342bb15b97.jpg,c2cf0fdcccd88cc8
917574521_74fab68514.jpg,f8c2854ecca5c3b5
918886676_3323fb2a01.jpg,ca3364db92663366
923550133_ac9d7a2932.jpg,a0b97fe481b9b413
925491651_57df3a5b36.jpg,e3585a2d339b8ea4
927420680_6cba7c040a.jpg,94f06c589127d36f
929679367_ff8c7df2ee.jpg,a968cf989327093f
930126921_1b94605bdc.jpg,b7c9d8304f2ed930
930748509_8ca5cf5c24.jpg,bf4e008db1b94cce
933118213_b35b0b62a7.jpg,9fa83967a1384c3b
934375844_dd149fed18.jpg,d26c651f96613966
937559727_ae2613cee5.jpg,bcb3b9119bec40b8
938162709_21443d352f.jpg,8e41e671d5ae931c
93922153_8d831f7f01.jpg,c9c8f13b0bd0c6f1
940973925_a2e6d7951c.jpg,f8f0f5bd0e9ad800
94232465_a135df2711.jpg,f3358ce2b39948a6
942399470_6132d3e5d2.jpg,f6c20b56bb6a8c52
944374205_fd3e69bfca.jpg,e9aa96f74848073e
944788251_a0bcd4b960.jpg,edd6f2c509a58a19
945509052_740bb19bc3.jpg,814f1fd25c36636c
946051430_8db7e4ce09.jpg,f7f8c487079b70a0
947664583_7c63172366.jpg,afd528e9179a0d64
947969010_f1ea572e89.jpg,e1cfc49e9a698951
948196883_e190a483b1.jpg,d2da25a5db47d411
950273886_88c324e663.jpg,c6c633390ce41bcf
950411653_20d0335946.jpg,cd148d8917357376
95151149_5ca6747df6.jpg,e517983116e8f9c6
952171414_2db16f846f.jpg,ad3a774ac1953217
953941506_5082c9160c.jpg,fe8199d0863ec91b
954987350_a0c608b467.jpg,8a8c70f2e6e97097
956164675_9ee084364e.jpg,803ebf00ec9bf265
957230475_48f4285ffe.jpg,d61d73290ac5c9e6
95728660_d47de66544.jpg,aeb863614eb8de42
95728664_06c43b90f1.jpg,d91c26474637e527
95734035_84732a92c1.jpg,bb60cc19e60c63b7
95734036_bef6d1a871.jpg,fca1813fc15e701e
95734038_2ab5783da7.jpg,cbf4c4dec4672c18
957682378_46c3b07bcd.jpg,a6275f593807a7a2
95783195_e1ba3f57ca.jpg,b20cfda707d1e924
958326692_6210150354.jpg,dd99d34a22273c33
961189263_0990f3bcb5.jpg,91d14233c53de36d
961611340_251081fcb8.jpg,8d07b2dd6d629235
963730324_0638534227.jpg,811ece1bda0fea1a
96399948_b86c61bfe6.jpg,c34f0dec242c6c7e
964197865_0133acaeb4.jpg,c78a64703d3b9764
96420612_feb18fc6c6.jpg,ae73922ccc36f099
965444691_fe7e85bf0e.jpg,f7f0f1e1e1e0d014
967719295_3257695095.jpg,91d554ea699529ba
968081289_cdba83ce2e.jpg,86dbe0f89b8131b9
96973080_783e375945.jpg,d45458f6cdc94b49
96978713_775d66a18d.jpg,db44396798b12a7c
96985174_31d4c6f06d.jpg,96ef6970304871b7
970641406_9a20ee636a.jpg,e5e49ed920dc2176
97105139_fae46fe8ef.jpg,81f807ee3007ff43
972381743_5677b420ab.jpg,d05b17b77c3c2134
973827791_467d83986e.jpg,b09191c16e4e673f
97406261_5eea044056.jpg,960c64b679317373
974924582_10bed89b8d.jpg,8f87d5f270741c8a
975131015_9acd25db9c.jpg,b07ad8c32db2b2cc
97577988_65e2eae14a.jpg,bcdb403c4aa9afa4
976392326_082dafc3c5.jpg,e8e98707d48c9ed2
97731718_eb7ba71fd3.jpg,ef85f0d898e20f0b
977856234_0d9caee7b2.jpg,ebf9c04694e239c9
978580450_e862715aba.jpg,93f9cd0c32634b99
979201222_75b6456d34.jpg,fa0fa2ae68a14b5a
979383193_0a542a059d.jpg,838b82d4f4b42d3f
98377566_e4674d1ebd.jpg,e4ff78078fa88886
985067019_705fe4a4cc.jpg,b8fc86191516de3a
987907964_5a06a63609.jpg,a4195be6d9332c8d
989754491_7e53fb4586.jpg,92131d5f622da5b6
989851184_9ef368e520.jpg,b24fe13ebbc82431
990890291_afc72be141.jpg,e61a491bd8edc4b2
99171998_7cc800ceef.jpg,ea05956a8339cea7
99679241_adc853a5c0.jpg,9c81877e3c80de4f
997338199_7343367d7f.jpg,9ac8073778e13e47
997722733_0cb5439472.jpg,c3c22a2b2dcd8f3a
