image,width,height,aspect_ratio,mode,file_size
1000268201_693b08cb0e.jpg,375,500,0.75,RGB,199606
1001773457_577c3a7d70.jpg,500,375,1.333,RGB,142258
1002674143_1b742ab4b8.jpg,500,400,1.25,RGB,159390
1003163366_44323f5815.jpg,500,410,1.22,RGB,153171
1007129816_e794419615.jpg,500,461,1.085,RGB,120869
1007320043_627395c3d8.jpg,500,333,1.502,RGB,179368
1009434119_febe49276a.jpg,500,333,1.502,RGB,169882
1012212859_01547e3f17.jpg,500,334,1.497,RGB,127466
1015118661_980735411b.jpg,500,375,1.333,RGB,160755
1015584366_dfcec3c85a.jpg,500,375,1.333,RGB,148718
101654506_8eb26cfb60.jpg,500,429,1.166,RGB,101800
101669240_b2d3e7f17b.jpg,500,357,1.401,RGB,164799
1016887272_03199f49c4.jpg,333,500,0.666,RGB,117799
1019077836_6fc9b15408.jpg,500,487,1.027,RGB,257268
1019604187_d087bf9a5f.jpg,500,334,1.497,RGB,112560
1020651753_06077ec457.jpg,500,303,1.65,RGB,164864
1022454332_6af2c1449a.jpg,500,375,1.333,RGB,131572
1022454428_b6b660a67b.jpg,500,375,1.333,RGB,112491
1022975728_75515238d8.jpg,500,281,1.779,RGB,103549
102351840_323e3de834.jpg,500,198,2.525,RGB,49150
1024138940_f1fefbdce1.jpg,500,333,1.502,RGB,98050
102455176_5f8ead62d5.jpg,333,500,0.666,RGB,91038
1026685415_0431cbf574.jpg,500,333,1.502,RGB,165285
1028205764_7e8df9a2ea.jpg,500,292,1.712,RGB,144027
1030985833_b0902ea560.jpg,500,375,1.333,RGB,192105
103106960_e8a41d64f8.jpg,500,375,1.333,RGB,158851
103195344_5d2dc613a3.jpg,375,500,0.75,RGB,137316
103205630_682ca7285b.jpg,500,215,2.326,RGB,50421
1032122270_ea6f0beedb.jpg,500,375,1.333,RGB,113589
1032460886_4a598ed535.jpg,375,500,0.75,RGB,123918
1034276567_49bb87c51c.jpg,500,332,1.506,RGB,92700
104136873_5b5d41be75.jpg,500,375,1.333,RGB,180702
1042020065_fb3d3ba5ba.jpg,500,334,1.497,RGB,141749
1042590306_95dea0916c.jpg,500,326,1.534,RGB,105522
1045521051_108ebc19be.jpg,500,351,1.425,RGB,89818
1048710776_bb5b0a5c7c.jpg,500,333,1.502,RGB,87791
1052358063_eae6744153.jpg,360,500,0.72,RGB,95127
105342180_4d4a40b47f.jpg,500,361,1.385,RGB,144262
1053804096_ad278b25f1.jpg,334,500,0.668,RGB,93097
1055623002_8195a43714.jpg,500,375,1.333,RGB,98933
1055753357_4fa3d8d693.jpg,500,351,1.425,RGB,136763
1056249424_ef2a2e041c.jpg,336,500,0.672,RGB,123136
1056338697_4f7d7ce270.jpg,500,333,1.502,RGB,88542
1056359656_662cee0814.jpg,375,500,0.75,RGB,166915
1056873310_49c665eb22.jpg,500,375,1.333,RGB,171630
1057089366_ca83da0877.jpg,500,402,1.244,RGB,152170
1057210460_09c6f4c6c1.jpg,500,333,1.502,RGB,94963
1057251835_6ded4ada9c.jpg,500,500,1.0,RGB,213938
106490881_5a2dd9b7bd.jpg,333,500,0.666,RGB,72214
106514190_bae200f463.jpg,375,500,0.75,RGB,93819
1067180831_a59dc64344.jpg,500,490,1.02,RGB,245071
1067675215_7336a694d6.jpg,500,375,1.333,RGB,133677
1067790824_f3cc97239b.jpg,500,375,1.333,RGB,106669
1072153132_53d2bb1b60.jpg,333,500,0.666,RGB,135438
107318069_e9f2ef32de.jpg,500,375,1.333,RGB,90940
1075716537_62105738b4.jpg,333,500,0.666,RGB,84414
107582366_d86f2d3347.jpg,500,332,1.506,RGB,86024
1075867198_27ca2e7efe.jpg,500,333,1.502,RGB,121141
1075881101_d55c46bece.jpg,426,500,0.852,RGB,136903
1077546505_a4f6c4daa9.jpg,500,371,1.348,RGB,136528
1077931201_1e0bb83105.jpg,375,500,0.75,RGB,104701
1079274291_9aaf896cc1.jpg,500,354,1.412,RGB,92967
10815824_2997e03d76.jpg,500,333,1.502,RGB,62391
1082252566_8c79beef93.jpg,500,334,1.497,RGB,144159
1082379191_ec1e53f996.jpg,500,375,1.333,RGB,120296
1084040636_97d9633581.jpg,500,375,1.333,RGB,139661
1084104085_3b06223afe.jpg,333,500,0.666,RGB,125477
1087168168_70280d024a.jpg,500,333,1.502,RGB,184096
1087539207_9f77ab3aaf.jpg,500,375,1.333,RGB,139837
1088767354_2acee738cf.jpg,500,500,1.0,RGB,159794
108898978_7713be88fc.jpg,500,375,1.333,RGB,153005
108899015_bf36131a57.jpg,500,375,1.333,RGB,121501
1089181217_ee1167f7af.jpg,500,500,1.0,RGB,127808
1089755335_0bfbfd30e6.jpg,500,336,1.488,RGB,115392
109202756_b97fcdc62c.jpg,375,500,0.75,RGB,145273
109202801_c6381eef15.jpg,375,500,0.75,RGB,120733
109260216_85b0be5378.jpg,375,500,0.75,RGB,215122
109260218_fca831f933.jpg,500,375,1.333,RGB,177270
1093716555_801aacef79.jpg,500,375,1.333,RGB,163622
1093737381_b313cd49ff.jpg,375,500,0.75,RGB,151039
1094462889_f9966dafa6.jpg,500,375,1.333,RGB,104955
1095476286_87d4f8664e.jpg,500,351,1.425,RGB,67129
1095580424_76f0aa8a3e.jpg,500,387,1.292,RGB,192493
1095590286_c654f7e5a9.jpg,400,500,0.8,RGB,222831
1095980313_3c94799968.jpg,351,500,0.702,RGB,111164
1096097967_ac305887b4.jpg,500,333,1.502,RGB,155652
1096165011_cc5eb16aa6.jpg,500,375,1.333,RGB,134798
1096395242_fc69f0ae5a.jpg,500,375,1.333,RGB,139158
109671650_f7bbc297fa.jpg,375,500,0.75,RGB,127955
109738763_90541ef30d.jpg,500,375,1.333,RGB,189532
109738916_236dc456ac.jpg,500,375,1.333,RGB,158054
109823394_83fcb735e1.jpg,500,332,1.506,RGB,185399
109823395_6fb423a90f.jpg,332,500,0.664,RGB,114176
109823397_e35154645f.jpg,500,332,1.506,RGB,125943
1100214449_d10861e633.jpg,333,500,0.666,RGB,176204
1104133405_c04a00707f.jpg,500,333,1.502,RGB,161465
1105959054_9c3a738096.jpg,500,375,1.333,RGB,115073
110595925_f3395c8bd6.jpg,500,375,1.333,RGB,126911
1107246521_d16a476380.jpg,500,333,1.502,RGB,199169
1107471216_4336c9b328.jpg,500,375,1.333,RGB,125405
1110208841_5bb6806afe.jpg,500,375,1.333,RGB,133428
1112212364_0c48235fc2.jpg,333,500,0.666,RGB,125014
111497985_38e9f88856.jpg,375,500,0.75,RGB,192225
111537217_082a4ba060.jpg,332,500,0.664,RGB,175123
111537222_07e56d5a30.jpg,500,332,1.506,RGB,126475
1115565519_d976d4b1f1.jpg,500,346,1.445,RGB,126859
1115679311_245eff2f4b.jpg,500,375,1.333,RGB,113841
111766423_4522d36e56.jpg,500,339,1.475,RGB,72030
1117972841_2b9261f95f.jpg,500,361,1.385,RGB,142460
1118557877_736f339752.jpg,334,500,0.668,RGB,113835
1119015538_e8e796281e.jpg,500,306,1.634,RGB,163201
1119418776_58e4b93eac.jpg,500,375,1.333,RGB,177189
1119463452_69d4eecd08.jpg,500,375,1.333,RGB,149968
1121416483_c7902d0d49.jpg,375,500,0.75,RGB,86512
112178718_87270d9b4d.jpg,285,500,0.57,RGB,65054
112243673_fd68255217.jpg,500,332,1.506,RGB,168756
1122944218_8eb3607403.jpg,375,500,0.75,RGB,100776
1124448967_2221af8dc5.jpg,500,375,1.333,RGB,133260
1129704496_4a61441f2c.jpg,500,333,1.502,RGB,131041
1130017585_1a219257ac.jpg,500,333,1.502,RGB,148161
1130369873_d80a1aa59c.jpg,500,333,1.502,RGB,147724
1130401779_8c30182e3e.jpg,500,333,1.502,RGB,195125
1131155939_b4b457b05e.jpg,500,333,1.502,RGB,110616
1131340021_83f46b150a.jpg,375,500,0.75,RGB,146100
1131800850_89c7ffd477.jpg,500,333,1.502,RGB,122409
1131804997_177c3c0640.jpg,500,333,1.502,RGB,152158
1131932671_c8d17751b3.jpg,333,500,0.666,RGB,82201
1132772170_600610c5df.jpg,500,333,1.502,RGB,87335
113678030_87a6a6e42e.jpg,500,396,1.263,RGB,94479
1138784872_69ade3f2ab.jpg,500,375,1.333,RGB,134170
114051287_dd85625a04.jpg,450,295,1.525,RGB,71928
1141718391_24164bf1b1.jpg,452,500,0.904,RGB,207504
1141739219_2c47195e4c.jpg,500,437,1.144,RGB,236294
1142283988_6b227c5231.jpg,500,333,1.502,RGB,147166
1142847777_2a0c1c2551.jpg,333,500,0.666,RGB,137506
1143373711_2e90b7b799.jpg,500,333,1.502,RGB,141882
1143882946_1898d2eeb9.jpg,500,358,1.397,RGB,121183
1144288288_e5c9558b6a.jpg,333,500,0.666,RGB,136574
1148238960_f8cacec2fc.jpg,333,500,0.666,RGB,162830
1149179852_acad4d7300.jpg,500,312,1.603,RGB,129219
114949897_490ca7eaec.jpg,500,328,1.524,RGB,138366
1151466868_3bc4d9580b.jpg,333,500,0.666,RGB,163612
1153704539_542f7aa3a5.jpg,418,500,0.836,RGB,207666
1155138244_859fd6e079.jpg,500,333,1.502,RGB,169483
115684808_cb01227802.jpg,500,375,1.333,RGB,108396
1159574340_99ba8c3c59.jpg,375,500,0.75,RGB,138549
1160034462_16b38174fe.jpg,500,370,1.351,RGB,122188
1160441615_fe6b3c5277.jpg,500,375,1.333,RGB,210895
1163282319_b729b24c46.jpg,500,333,1.502,RGB,86132
116409198_0fe0c94f3b.jpg,332,500,0.664,RGB,124917
1164131282_b30926f332.jpg,500,424,1.179,RGB,146746
1164765687_7aca07bbe7.jpg,500,375,1.333,RGB,135880
1167662968_e466f1e80a.jpg,500,333,1.502,RGB,43832
1167669558_87a8a467d6.jpg,500,333,1.502,RGB,79523
1167908324_8caab45e15.jpg,500,333,1.502,RGB,125119
1169307342_e7a4685a5c.jpg,500,375,1.333,RGB,111735
1174525839_7c1e6cfa86.jpg,500,333,1.502,RGB,97609
1174629344_a2e1a2bdbf.jpg,500,333,1.502,RGB,184782
1176580356_9810d877bf.jpg,500,490,1.02,RGB,226776
1177994172_10d143cb8d.jpg,400,500,0.8,RGB,155442
1178705300_c224d9a4f1.jpg,500,333,1.502,RGB,141711
118187095_d422383c81.jpg,500,375,1.333,RGB,208625
118309463_a532b75be9.jpg,500,333,1.502,RGB,92760
1184967930_9e29ce380d.jpg,500,294,1.701,RGB,172632
1187435567_18173c148b.jpg,500,375,1.333,RGB,136376
1187593464_ce862352c6.jpg,500,363,1.377,RGB,119151
1189977786_4f5aaed773.jpg,500,333,1.502,RGB,142938
1191338263_a4fa073154.jpg,500,399,1.253,RGB,155653
1193116658_c0161c35b5.jpg,486,500,0.972,RGB,173019
119534510_d52b3781a3.jpg,500,333,1.502,RGB,93127
1197800988_7fb0ca4888.jpg,500,349,1.433,RGB,187190
1198194316_543cc7b945.jpg,370,500,0.74,RGB,127835
1204996216_71d7519d9a.jpg,333,500,0.666,RGB,185640
1206506157_c7956accd5.jpg,500,334,1.497,RGB,161506
1207159468_425b902bfb.jpg,500,309,1.618,RGB,130881
1211015912_9f3ee3a995.jpg,500,336,1.488,RGB,135286
1213336750_2269b51397.jpg,500,245,2.041,RGB,90956
1215334959_b1970965f7.jpg,500,317,1.577,RGB,105724
121800200_bef08fae5f.jpg,500,375,1.333,RGB,194086
121971540_0a986ee176.jpg,375,500,0.75,RGB,104839
1220401002_3f44b1f3f7.jpg,500,340,1.471,RGB,138856
1222322358_225067636e.jpg,500,333,1.502,RGB,121690
1224851143_33bcdd299c.jpg,500,375,1.333,RGB,117940
1225443522_1633e7121f.jpg,500,332,1.506,RGB,171797
1227655020_b11a1bb112.jpg,500,375,1.333,RGB,194639
1229756013_94663527d7.jpg,500,375,1.333,RGB,188297
1231229740_8dcbf80bfb.jpg,375,500,0.75,RGB,147372
1232148178_4f45cc3284.jpg,500,375,1.333,RGB,168176
1234293791_6566284bcd.jpg,375,500,0.75,RGB,139806
1234817607_924893f6e1.jpg,500,332,1.506,RGB,114824
1235580648_7eebaed9bc.jpg,500,375,1.333,RGB,113257
1235681222_819231767a.jpg,500,332,1.506,RGB,131882
1235685934_be89b231fb.jpg,500,338,1.479,RGB,76096
1236951314_0308dc4138.jpg,334,500,0.668,RGB,161488
1236964638_1808784a3c.jpg,334,500,0.668,RGB,102475
1237985362_dbafc59280.jpg,500,315,1.587,RGB,122264
123889082_d3751e0350.jpg,500,375,1.333,RGB,160657
123997871_6a9ca987b1.jpg,500,304,1.645,RGB,104336
1240297429_c36ae0c58f.jpg,500,167,2.994,RGB,79908
124195430_d14028660f.jpg,500,333,1.502,RGB,64649
1244140539_da4804d828.jpg,500,375,1.333,RGB,133884
1244306891_8e78ae1620.jpg,500,375,1.333,RGB,143772
1244485675_822e6efe60.jpg,500,500,1.0,RGB,129404
1245022983_fb329886dd.jpg,334,500,0.668,RGB,126928
1247181182_35cabd76f3.jpg,500,375,1.333,RGB,182096
1248357227_2b4175fc39.jpg,500,334,1.497,RGB,141638
1248734482_3038218f3b.jpg,500,332,1.506,RGB,152187
124881487_36e668145d.jpg,336,448,0.75,RGB,66074
1248940539_46d33ed487.jpg,367,500,0.734,RGB,178366
1248953128_24c9f8d924.jpg,405,500,0.81,RGB,129307
124972799_de706b6d0b.jpg,500,375,1.333,RGB,126208
1251558317_4ef844b775.jpg,375,500,0.75,RGB,160234
1252396628_eb81d3905b.jpg,331,500,0.662,RGB,122639
1252787177_4b08625897.jpg,500,375,1.333,RGB,128196
125319704_49ead3463c.jpg,500,334,1.497,RGB,162397
1253264731_e7c689eca5.jpg,500,375,1.333,RGB,102314
1253275679_e955fb7304.jpg,334,500,0.668,RGB,71359
1255504166_f2437febcb.jpg,500,333,1.502,RGB,147058
1258913059_07c613f7ff.jpg,500,281,1.779,RGB,127383
1259936608_e3f0064f23.jpg,500,375,1.333,RGB,208676
1260816604_570fc35836.jpg,500,340,1.471,RGB,119476
1262077938_8b9516c273.jpg,500,424,1.179,RGB,169152
1262454669_f1caafec2d.jpg,500,333,1.502,RGB,135726
1262583859_653f1469a9.jpg,333,500,0.666,RGB,122023
1263126002_881ebd7ac9.jpg,500,334,1.497,RGB,94607
1263801010_5c74bf1715.jpg,500,375,1.333,RGB,126546
1267711451_e2a754b4f8.jpg,500,334,1.497,RGB,163101
1269470943_ba7fc49b4d.jpg,500,375,1.333,RGB,236290
1271210445_7f7ecf3791.jpg,500,375,1.333,RGB,175089
1271960365_e54033f883.jpg,472,475,0.994,RGB,53706
1273001772_1585562051.jpg,500,375,1.333,RGB,158518
127450902_533ceeddfc.jpg,500,375,1.333,RGB,91802
127488876_f2d2a89588.jpg,500,375,1.333,RGB,197397
127490019_7c5c08cb11.jpg,368,500,0.736,RGB,135405
1277185009_06478dd457.jpg,500,375,1.333,RGB,118652
1277743944_f4e8c78403.jpg,500,334,1.497,RGB,69089
1280147517_98767ca3b3.jpg,500,333,1.502,RGB,145441
1280320287_b2a4b9b7bd.jpg,500,333,1.502,RGB,135439
1282392036_5a0328eb86.jpg,500,334,1.497,RGB,196534
12830823_87d2654e31.jpg,500,375,1.333,RGB,57129
1285067106_2adc307240.jpg,500,333,1.502,RGB,71401
1285874746_486731a954.jpg,500,333,1.502,RGB,93517
1286408831_05282582ed.jpg,500,375,1.333,RGB,121846
1287064529_aa4e4f3c31.jpg,500,375,1.333,RGB,111840
1287073593_f3d2a62455.jpg,500,281,1.779,RGB,98867
1287475186_2dee85f1a5.jpg,333,500,0.666,RGB,86722
1287920676_d21a0b289b.jpg,500,281,1.779,RGB,100476
1287931016_fb015e2e10.jpg,500,281,1.779,RGB,77923
1287982439_6578006e22.jpg,500,375,1.333,RGB,160694
1288909046_d2b2b62607.jpg,500,300,1.667,RGB,155976
128912885_8350d277a4.jpg,469,500,0.938,RGB,222530
1289142574_2bd6a082dd.jpg,500,375,1.333,RGB,128876
1290894194_8a4ffdc7eb.jpg,424,500,0.848,RGB,131808
1294578091_2ad02fea91.jpg,500,333,1.502,RGB,123501
1295669416_21cabf594d.jpg,350,500,0.7,RGB,168217
1295671216_cde1b9c9d1.jpg,200,500,0.4,RGB,84127
1295698260_e10c53c137.jpg,257,500,0.514,RGB,118303
129599450_cab4e77343.jpg,500,367,1.362,RGB,184582
1296412797_85b6d2f8d6.jpg,332,500,0.664,RGB,81640
1296770308_3db2022f5a.jpg,500,375,1.333,RGB,120378
1298295313_db1f4c6522.jpg,398,500,0.796,RGB,140604
1298866571_b4c496b71c.jpg,378,500,0.756,RGB,116065
1299459550_1fd5594fa2.jpg,500,336,1.488,RGB,104942
1299459562_ed0e064aee.jpg,500,375,1.333,RGB,158896
1301140633_046e4e8010.jpg,375,500,0.75,RGB,133029
130211457_be3f6b335d.jpg,500,375,1.333,RGB,145861
1302657647_46b36c0d66.jpg,375,500,0.75,RGB,150579
1303335399_b3facd47ab.jpg,500,451,1.109,RGB,124948
1303548017_47de590273.jpg,500,405,1.235,RGB,201272
1303550623_cb43ac044a.jpg,375,500,0.75,RGB,201139
1303727066_23d0f6ed43.jpg,500,333,1.502,RGB,99347
1303727828_d1052ee341.jpg,500,333,1.502,RGB,139601
1304100320_c8990a1539.jpg,500,375,1.333,RGB,102799
1304961697_76b86b0c18.jpg,400,500,0.8,RGB,141690
1305564994_00513f9a5b.jpg,500,260,1.923,RGB,106171
1306145560_1e37081b91.jpg,334,500,0.668,RGB,106347
1307635496_94442dc21a.jpg,500,412,1.214,RGB,217253
1308472581_9961782889.jpg,500,333,1.502,RGB,104700
1308617539_54e1a3dfbe.jpg,333,500,0.666,RGB,105013
1309330801_aeeb23f1ee.jpg,500,331,1.511,RGB,85355
1311132744_5ffd03f831.jpg,500,328,1.524,RGB,96683
1311388430_4ab0cd1a1f.jpg,500,333,1.502,RGB,76820
1312020846_5abb4a9be2.jpg,500,375,1.333,RGB,182864
1312227131_771b5ed201.jpg,500,375,1.333,RGB,133519
1312954382_cf6d70d63a.jpg,334,500,0.668,RGB,120390
1313693129_71d0b21c63.jpg,500,334,1.497,RGB,156821
1313961775_824b87d155.jpg,500,312,1.603,RGB,101399
1316247213_1d2c726dd5.jpg,356,500,0.712,RGB,186459
131632409_4de0d4e710.jpg,375,500,0.75,RGB,123890
1317292658_ba29330a0b.jpg,334,500,0.668,RGB,113658
1319634306_816f21677f.jpg,500,333,1.502,RGB,187566
1321723162_9d4c78b8af.jpg,500,375,1.333,RGB,111601
1321949151_77b77b4617.jpg,500,484,1.033,RGB,194450
1322323208_c7ecb742c6.jpg,500,333,1.502,RGB,84912
1324816249_86600a6759.jpg,500,312,1.603,RGB,127852
132489044_3be606baf7.jpg,500,375,1.333,RGB,121523
1329832826_432538d331.jpg,500,333,1.502,RGB,140777
1330645772_24f831ff8f.jpg,500,333,1.502,RGB,127215
133189853_811de6ab2a.jpg,480,360,1.333,RGB,44407
1332208215_fa824f6659.jpg,500,400,1.25,RGB,144573
1332492622_8c66992b62.jpg,500,409,1.222,RGB,207480
1332722096_1e3de8ae70.jpg,381,500,0.762,RGB,104705
1332815795_8eea44375e.jpg,333,500,0.666,RGB,116089
1332823164_c70a5d930e.jpg,500,333,1.502,RGB,125286
1333888922_26f15c18c3.jpg,374,500,0.748,RGB,140648
1334892555_1beff092c3.jpg,500,375,1.333,RGB,134998
1335617803_4fbc03dab0.jpg,500,375,1.333,RGB,206505
1337792872_d01a390b33.jpg,500,500,1.0,RGB,225706
1338523142_57fce8229b.jpg,500,333,1.502,RGB,197723
133905560_9d012b47f3.jpg,500,375,1.333,RGB,141718
1339596997_8ac29c1841.jpg,429,500,0.858,RGB,167870
1341787777_4f1ebb1793.jpg,500,233,2.146,RGB,123573
1342766791_1e72f92455.jpg,333,500,0.666,RGB,105840
1342780478_bacc32344d.jpg,352,500,0.704,RGB,155754
1343426964_cde3fb54e8.jpg,500,333,1.502,RGB,112523
1346051107_9cdc14e070.jpg,333,500,0.666,RGB,116124
1346529555_e916816cfe.jpg,357,500,0.714,RGB,164770
134724228_30408cd77f.jpg,500,323,1.548,RGB,167614
1347519824_e402241e4f.jpg,500,333,1.502,RGB,100074
1348113612_5bfc5f429e.jpg,500,356,1.404,RGB,157767
1348304997_afe60a61df.jpg,375,500,0.75,RGB,167822
1348891916_ebd4413033.jpg,500,375,1.333,RGB,117690
134894450_dadea45d65.jpg,332,500,0.664,RGB,226059
1348947380_14f0fc1237.jpg,500,474,1.055,RGB,204349
1348957576_c4a78eb974.jpg,500,371,1.348,RGB,166438
1350811702_2ce7cfd0c5.jpg,500,333,1.502,RGB,78420
1350948838_fdebe4ff65.jpg,500,317,1.577,RGB,82218
1351315701_6580b51c41.jpg,500,435,1.149,RGB,143814
1351764581_4d4fb1b40f.jpg,500,333,1.502,RGB,126851
135235570_5698072cd4.jpg,500,375,1.333,RGB,126820
1352398363_9cc8ffcce9.jpg,375,500,0.75,RGB,133340
1352410176_af6b139734.jpg,375,500,0.75,RGB,112072
1354318519_2f9baed754.jpg,500,333,1.502,RGB,71452
1355450069_c0675b0706.jpg,336,500,0.672,RGB,160731
1355703632_5683a4b6fb.jpg,375,500,0.75,RGB,161133
1355833561_9c43073eda.jpg,375,500,0.75,RGB,88518
1355935187_2c99648138.jpg,500,334,1.497,RGB,157754
1355945307_f9e01a9a05.jpg,500,333,1.502,RGB,87162
1356543628_c13ebe38fb.jpg,309,500,0.618,RGB,137053
1356796100_b265479721.jpg,333,500,0.666,RGB,90450
1357689954_72588dfdc4.jpg,333,500,0.666,RGB,83047
1357724865_4faf4e1418.jpg,500,370,1.351,RGB,194236
1357753846_6185e26040.jpg,500,375,1.333,RGB,128881
1358089136_976e3d2e30.jpg,500,359,1.393,RGB,102785
1358892595_7a37c45788.jpg,500,377,1.326,RGB,146258
1359101233_16c2c150e3.jpg,500,333,1.502,RGB,127583
1361420539_e9599c60ae.jpg,500,470,1.064,RGB,233458
1362128028_8422d53dc4.jpg,375,500,0.75,RGB,209654
1363843090_9425d93064.jpg,500,375,1.333,RGB,205157
1363924449_487f0733df.jpg,305,500,0.61,RGB,120716
136552115_6dc3e7231c.jpg,500,375,1.333,RGB,182996
136639119_6040b00946.jpg,375,500,0.75,RGB,180229
136644343_0e2b423829.jpg,500,375,1.333,RGB,204474
136644885_f7d2bbf546.jpg,500,375,1.333,RGB,165595
1368338041_6b4077ca98.jpg,500,375,1.333,RGB,125752
1368383637_614646cc4a.jpg,334,500,0.668,RGB,103387
136886677_6026c622eb.jpg,500,433,1.155,RGB,183853
1370615506_2b96105ca3.jpg,333,500,0.666,RGB,121387
1370773415_967b1ffde1.jpg,500,333,1.502,RGB,185893
1377668044_36398401dd.jpg,332,500,0.664,RGB,131270
1378557186_4bd1da6834.jpg,500,500,1.0,RGB,255653
1379026456_153fd8b51b.jpg,333,500,0.666,RGB,119494
1383698008_8ac53ed7ec.jpg,500,273,1.832,RGB,62207
1383840121_c092110917.jpg,500,396,1.263,RGB,164658
1384292980_4022a7520c.jpg,333,500,0.666,RGB,138422
1386251841_5f384a0fea.jpg,375,500,0.75,RGB,128575
1386964743_9e80d96b05.jpg,500,335,1.493,RGB,198096
138705546_be7a6845dd.jpg,500,375,1.333,RGB,179610
138718600_f430ebca17.jpg,500,375,1.333,RGB,217016
1387443857_602ab6f9bf.jpg,375,500,0.75,RGB,154279
1387461595_2fe6925f73.jpg,500,257,1.946,RGB,118288
1387785218_cee67735f5.jpg,335,500,0.67,RGB,160012
1388346434_524d0b6dfa.jpg,500,375,1.333,RGB,128584
1388373425_3c72b56639.jpg,466,500,0.932,RGB,190342
1388970365_162edcceb4.jpg,500,375,1.333,RGB,202371
1389264266_8170bc1c54.jpg,391,500,0.782,RGB,165699
1389323170_d1c81d6b51.jpg,500,453,1.104,RGB,186804
1389651420_8d95d8f6ed.jpg,500,375,1.333,RGB,176763
1390268323_2c8204e91c.jpg,500,340,1.471,RGB,104981
1392272228_cf104086e6.jpg,500,334,1.497,RGB,83543
1394368714_3bc7c19969.jpg,415,500,0.83,RGB,171114
1394396709_65040d97ab.jpg,500,375,1.333,RGB,131401
1394599090_fe0ba238f0.jpg,500,333,1.502,RGB,117644
1394620454_bf708cc501.jpg,500,333,1.502,RGB,119741
1394927474_0afdd82fc4.jpg,500,328,1.524,RGB,121679
1396064003_3fd949c9dd.jpg,376,500,0.752,RGB,108561
1396703063_e8c3687afe.jpg,333,500,0.666,RGB,89791
1397295388_8a5b6b525d.jpg,500,333,1.502,RGB,163289
1397887419_e798697b93.jpg,500,333,1.502,RGB,210592
1397923690_d3bf1f799e.jpg,500,375,1.333,RGB,92857
1398606571_f543f7698a.jpg,489,500,0.978,RGB,196062
1398613231_18de248606.jpg,500,412,1.214,RGB,205184
1398873613_7e3174dd6c.jpg,400,500,0.8,RGB,163172
1400424834_1c76e700c4.jpg,500,333,1.502,RGB,122991
1401961581_76921a75c5.jpg,264,500,0.528,RGB,96434
1402640441_81978e32a9.jpg,500,334,1.497,RGB,123313
1402641725_5e027ecaa7.jpg,500,334,1.497,RGB,109924
1402843760_d30f1dbf0f.jpg,500,474,1.055,RGB,159786
1402859872_0fc8cf8108.jpg,500,332,1.506,RGB,90359
1403414927_5f80281505.jpg,480,500,0.96,RGB,280479
140377584_12bdbdf2f8.jpg,500,375,1.333,RGB,167126
140430106_2978fda105.jpg,500,375,1.333,RGB,106428
1404832008_68e432665b.jpg,332,500,0.664,RGB,128286
1405221276_21634dcd58.jpg,500,355,1.408,RGB,233284
140526326_da07305c1c.jpg,285,500,0.57,RGB,136987
140526327_3cb984de09.jpg,500,285,1.754,RGB,104857
1406010299_5755339f08.jpg,500,375,1.333,RGB,114066
1408958345_68eea9a4e4.jpg,500,375,1.333,RGB,110756
1410193619_13fff6c875.jpg,419,500,0.838,RGB,115589
141139674_246c0f90a1.jpg,500,333,1.502,RGB,79094
141140165_9002a04f19.jpg,333,500,0.666,RGB,115408
1412832223_99e8b4701a.jpg,334,500,0.668,RGB,88338
1413956047_c826f90c8b.jpg,500,375,1.333,RGB,118225
1414779054_31946f9dfc.jpg,500,437,1.144,RGB,213687
1414820925_3504c394e1.jpg,256,500,0.512,RGB,124145
1415591512_a84644750c.jpg,334,500,0.668,RGB,106943
1417031097_ab656bc4bd.jpg,333,500,0.666,RGB,97931
1417295167_5299df6db8.jpg,333,500,0.666,RGB,95436
141755290_4b954529f3.jpg,500,422,1.185,RGB,201030
141755292_7a0b3364cf.jpg,500,408,1.225,RGB,133842
1417637704_572b4d6557.jpg,500,375,1.333,RGB,113866
1417882092_c94c251eb3.jpg,333,500,0.666,RGB,90471
1417941060_2a0f7908bc.jpg,375,500,0.75,RGB,143018
1418019748_51c7d59c11.jpg,333,500,0.666,RGB,101350
1418266617_b32143275b.jpg,335,500,0.67,RGB,137743
1418503947_953d373632.jpg,375,500,0.75,RGB,150595
1419286010_b59af3962a.jpg,389,500,0.778,RGB,118155
1419385780_1383ec7ba9.jpg,333,500,0.666,RGB,128342
1420060020_7a6984e2ea.jpg,251,500,0.502,RGB,93575
1420060118_aed262d606.jpg,366,500,0.732,RGB,187784
1423126855_6cd2a3956c.jpg,500,375,1.333,RGB,121420
1423997242_ea2189ec5e.jpg,500,375,1.333,RGB,120787
1424237335_b3be9920ba.jpg,332,500,0.664,RGB,150028
1424775129_ffea9c13ab.jpg,500,375,1.333,RGB,238457
1425013325_bff69bc9da.jpg,500,375,1.333,RGB,140675
1425069308_488e5fcf9d.jpg,500,332,1.506,RGB,84236
1425069590_570cc7c2d8.jpg,333,500,0.666,RGB,159460
1425485485_d7c97a5470.jpg,500,333,1.502,RGB,118751
1425919702_ddb761aeec.jpg,500,333,1.502,RGB,154500
1426014905_da60d72957.jpg,333,500,0.666,RGB,78609
1427391496_ea512cbe7f.jpg,375,500,0.75,RGB,104542
142802798_962a4ec5ce.jpg,500,333,1.502,RGB,155249
1428578577_82864facae.jpg,500,375,1.333,RGB,69091
1428641354_f7453afbea.jpg,500,403,1.241,RGB,219821
1428681303_04213524e3.jpg,500,400,1.25,RGB,163957
1429546659_44cb09cbe2.jpg,500,334,1.497,RGB,127888
1429723917_6af585e4c0.jpg,500,375,1.333,RGB,103895
1429814475_0b592b9995.jpg,500,375,1.333,RGB,152773
1430154945_71bbaa094a.jpg,332,500,0.664,RGB,88266
1432179046_8e3d75cf81.jpg,500,357,1.401,RGB,91335
1432342377_3e41603f26.jpg,375,500,0.75,RGB,143704
143237785_93f81b3201.jpg,500,370,1.351,RGB,163914
1433088025_bce2cb69f8.jpg,500,334,1.497,RGB,102325
1433142189_cda8652603.jpg,500,375,1.333,RGB,99614
1433397131_8634fa6664.jpg,500,375,1.333,RGB,126987
1433577867_39a1510c43.jpg,500,333,1.502,RGB,105976
1434005938_ad75c8598c.jpg,375,500,0.75,RGB,164423
1434607942_da5432c28c.jpg,333,500,0.666,RGB,107186
143552697_af27e9acf5.jpg,500,331,1.511,RGB,109881
143552829_72b6ba49d4.jpg,500,494,1.012,RGB,240048
1436760519_8d6101a0ed.jpg,404,500,0.808,RGB,106292
143680442_2f03f76944.jpg,285,500,0.57,RGB,90861
143680966_0010ff8c60.jpg,285,500,0.57,RGB,109913
143684568_3c59299bae.jpg,375,500,0.75,RGB,184239
143688205_630813a466.jpg,500,375,1.333,RGB,212374
143688283_a96ded20f1.jpg,500,375,1.333,RGB,263090
143688895_e837c3bc76.jpg,500,375,1.333,RGB,226744
1439046601_cf110a75a7.jpg,500,375,1.333,RGB,167978
1439282131_3814d6ae04.jpg,500,375,1.333,RGB,117008
1440024115_129212c988.jpg,500,332,1.506,RGB,103708
1443807993_aebfb2784a.jpg,500,337,1.484,RGB,120678
1445123245_c7b9db0e0c.jpg,500,375,1.333,RGB,144396
1445754124_647168f211.jpg,500,332,1.506,RGB,117222
1446053356_a924b4893f.jpg,500,375,1.333,RGB,234156
1446933195_8fe9725d62.jpg,500,375,1.333,RGB,178020
1448511770_1a4a9c453b.jpg,500,252,1.984,RGB,92968
1449370354_380c4123c9.jpg,500,375,1.333,RGB,195567
1449625950_fc9a8d02d9.jpg,500,299,1.672,RGB,252765
1449692616_60507875fb.jpg,500,362,1.381,RGB,106466
1452361926_6d8c535e32.jpg,354,500,0.708,RGB,130910
1453366750_6e8cf601bf.jpg,500,333,1.502,RGB,109420
1454678644_7e5a371301.jpg,500,375,1.333,RGB,159241
1454841725_4b6e6199e2.jpg,500,330,1.515,RGB,125501
1456393634_74022d9056.jpg,383,500,0.766,RGB,82852
1456630952_dd4778a48f.jpg,500,333,1.502,RGB,189605
145721496_687af9bb18.jpg,500,281,1.779,RGB,114926
145721498_a27d2db576.jpg,500,277,1.805,RGB,144699
1457762320_7fe121b285.jpg,500,334,1.497,RGB,169222
1459032057_97e73ed6ab.jpg,500,375,1.333,RGB,136933
1459250022_bf1eddad11.jpg,500,375,1.333,RGB,196541
1460352062_d64fb633e0.jpg,468,500,0.936,RGB,270234
1460500597_866fa0c6f3.jpg,356,500,0.712,RGB,112641
146098876_0d99d7fb98.jpg,500,375,1.333,RGB,201125
146100443_906d87faa2.jpg,500,363,1.377,RGB,145810
1461329041_c623b06e5b.jpg,500,375,1.333,RGB,147484
1461653394_8ab96aae63.jpg,500,333,1.502,RGB,87336
1461667284_041c8a2475.jpg,500,356,1.404,RGB,162113
1463638541_c02cfa04dc.jpg,333,500,0.666,RGB,109997
1463732130_a754441289.jpg,375,500,0.75,RGB,202701
1463732807_0cdf4f22c7.jpg,500,464,1.078,RGB,166186
1464120327_d90279ca3a.jpg,500,375,1.333,RGB,110677
1465666502_de289b3b9c.jpg,500,375,1.333,RGB,171550
146577645_91b570c0d0.jpg,500,387,1.292,RGB,190534
146577646_9e64b8c2dc.jpg,500,313,1.597,RGB,153591
1466307485_5e6743332e.jpg,475,500,0.95,RGB,208152
1466307489_cb8a74de09.jpg,500,352,1.42,RGB,207864
1466479163_439db855af.jpg,333,500,0.666,RGB,126847
1467533293_a2656cc000.jpg,500,375,1.333,RGB,147183
1468103286_96a6e07029.jpg,334,500,0.668,RGB,106948
1468389504_c724bdcad0.jpg,500,375,1.333,RGB,137148
1468429623_f001988691.jpg,500,375,1.333,RGB,179217
1468962616_5803b4397f.jpg,398,500,0.796,RGB,113770
1469000260_5d473c8283.jpg,500,297,1.684,RGB,166425
1469358746_2a879abaf3.jpg,500,375,1.333,RGB,143608
1470061031_4cb59c12a8.jpg,485,500,0.97,RGB,162263
1470132731_fa416b7504.jpg,500,331,1.511,RGB,139231
1470536919_1f3fd6c65a.jpg,500,333,1.502,RGB,200133
1472053993_bed67a3ba7.jpg,500,374,1.337,RGB,79773
1472230829_803818a383.jpg,500,375,1.333,RGB,150508
1472249944_d887c3aeda.jpg,500,410,1.22,RGB,243252
1472653060_7427d2865a.jpg,500,375,1.333,RGB,159474
1472882567_33dc14c8b6.jpg,500,375,1.333,RGB,108942
1473080948_bae2925dc8.jpg,500,375,1.333,RGB,188402
1473250020_dc829a090f.jpg,500,375,1.333,RGB,192112
1473618073_7db56a5237.jpg,375,500,0.75,RGB,141859
1474474514_b3eb492722.jpg,500,375,1.333,RGB,114666
1475046848_831245fc64.jpg,375,500,0.75,RGB,95649
1476002408_4256b7b2fa.jpg,500,369,1.355,RGB,154655
1476241331_2f43b67aed.jpg,454,500,0.908,RGB,223445
1478268555_7e301fc510.jpg,375,500,0.75,RGB,213865
1478294229_7e1c822fea.jpg,333,500,0.666,RGB,109574
1478606153_a7163bf899.jpg,500,373,1.34,RGB,229382
1479028910_3dab3448c8.jpg,500,372,1.344,RGB,107587
1479124077_17dcc0d5d7.jpg,369,500,0.738,RGB,198382
1479513774_70c94cf9d3.jpg,333,500,0.666,RGB,101698
1479679558_d0a01bc62b.jpg,500,375,1.333,RGB,238573
1479857177_9d4a6f38fd.jpg,375,500,0.75,RGB,89689
1480712062_32a61ad4b7.jpg,375,500,0.75,RGB,111351
1481062342_d9e34366c4.jpg,333,500,0.666,RGB,137242
1482960952_95f2d419cb.jpg,500,333,1.502,RGB,119405
148512773_bae6901fd6.jpg,500,375,1.333,RGB,182154
1488937076_5baa73fc2a.jpg,500,309,1.618,RGB,168569
1489286545_8df476fa26.jpg,500,333,1.502,RGB,76366
1490213660_9ea45550cf.jpg,482,500,0.964,RGB,165861
1490670858_e122df2560.jpg,500,387,1.292,RGB,161636
1491192153_7c395991e5.jpg,333,500,0.666,RGB,158874
1499495021_d295ce577c.jpg,469,500,0.938,RGB,189199
1499554025_a8ffe0e479.jpg,500,333,1.502,RGB,122098
1499581619_a5f65a882c.jpg,301,500,0.602,RGB,111407
1500853305_0150615ce9.jpg,330,500,0.66,RGB,205774
1501297480_8db52c15b0.jpg,333,500,0.666,RGB,93921
1501811302_5e723fc529.jpg,500,333,1.502,RGB,155865
1501985304_8c50093004.jpg,399,500,0.798,RGB,115564
150387174_24825cf871.jpg,500,331,1.511,RGB,144371
1505686764_9e3bcd854a.jpg,331,500,0.662,RGB,210163
150582765_bad8dec237.jpg,500,483,1.035,RGB,169377
1507563902_6ec8d5d822.jpg,500,334,1.497,RGB,153005
1508269285_6c5723f67d.jpg,333,500,0.666,RGB,123659
1509786421_f03158adfc.jpg,500,333,1.502,RGB,76423
1510078253_96e9ec50e7.jpg,500,499,1.002,RGB,173675
1510669311_75330b4781.jpg,500,333,1.502,RGB,136254
1511807116_41c3645e8c.jpg,386,500,0.772,RGB,186768
1514957266_a19827c538.jpg,500,420,1.19,RGB,241521
1515025681_999199cb79.jpg,375,500,0.75,RGB,79648
1515883224_14e36a53c7.jpg,500,375,1.333,RGB,124958
1516714577_7d1c35a8d8.jpg,375,500,0.75,RGB,127252
1517340899_ee1c74a8f6.jpg,375,500,0.75,RGB,117197
1517721825_10176d0683.jpg,500,333,1.502,RGB,133755
1517807181_ca6588f2a0.jpg,375,500,0.75,RGB,151092
152029243_b3582c36fa.jpg,500,331,1.511,RGB,160431
1521623639_4bda3407cc.jpg,500,375,1.333,RGB,140250
1522787272_5a31497ef2.jpg,500,375,1.333,RGB,152830
1523800748_a59e980eee.jpg,375,500,0.75,RGB,94746
1523984678_edd68464da.jpg,334,500,0.668,RGB,214990
1525153022_06c48dbe52.jpg,500,334,1.497,RGB,78238
1526181215_c1a94325ae.jpg,500,333,1.502,RGB,183507
1526325728_74eb4153d8.jpg,500,334,1.497,RGB,114056
1527297882_dededc7891.jpg,500,375,1.333,RGB,113576
1527333441_af65636a74.jpg,300,500,0.6,RGB,107650
1527513023_3d8152b379.jpg,500,333,1.502,RGB,171985
1528205014_1323aa9dfd.jpg,375,500,0.75,RGB,166388
1529044279_4922ead27c.jpg,500,375,1.333,RGB,183401
1536597926_c2e1bc2379.jpg,500,326,1.534,RGB,145843
1536774449_e16b1b6382.jpg,500,375,1.333,RGB,116677
1539166395_0cdc0accee.jpg,375,500,0.75,RGB,115219
1540631615_8b42c1b160.jpg,500,375,1.333,RGB,165360
1541272333_1624b22546.jpg,500,332,1.506,RGB,59468
1542033433_5453d4c466.jpg,375,500,0.75,RGB,128084
1547883892_e29b3db42e.jpg,500,375,1.333,RGB,181596
154871781_ae77696b77.jpg,500,332,1.506,RGB,152989
1550772959_9ca9fa625f.jpg,500,375,1.333,RGB,168761
1552065993_b4dcd2eadf.jpg,500,337,1.484,RGB,162976
155221027_b23a4331b7.jpg,500,336,1.488,RGB,112548
1554713437_61b64527dd.jpg,500,333,1.502,RGB,181040
1557451043_f5c91ff6f4.jpg,500,333,1.502,RGB,120819
1557838421_a33f2a4911.jpg,500,405,1.235,RGB,144578
1561658940_a947f2446a.jpg,395,500,0.79,RGB,215152
1562392511_522a26063b.jpg,500,400,1.25,RGB,148603
1562478333_43d13e5427.jpg,500,375,1.333,RGB,187834
1562478713_505ab6d924.jpg,500,375,1.333,RGB,202845
1563731247_7f21d8bec0.jpg,333,500,0.666,RGB,138177
1564614124_0ee6799935.jpg,500,335,1.493,RGB,75001
1566117559_f5d98fbeb0.jpg,500,333,1.502,RGB,88419
1569562856_eedb5a0a1f.jpg,500,375,1.333,RGB,109880
156967462_72db9b722c.jpg,500,414,1.208,RGB,172801
1569687608_0e3b3ad044.jpg,500,333,1.502,RGB,114018
1570723692_3a2b064d43.jpg,500,309,1.618,RGB,190610
157139628_5dc483e2e4.jpg,388,500,0.776,RGB,130259
1572286502_64e5c4b920.jpg,375,500,0.75,RGB,124038
1572532018_64c030c974.jpg,500,375,1.333,RGB,134791
1573017288_4d481856e2.jpg,430,500,0.86,RGB,110587
1574401950_6bedc0d29b.jpg,500,400,1.25,RGB,213883
1576185717_f841ddc3da.jpg,500,375,1.333,RGB,173784
1579198375_84b18e003a.jpg,375,500,0.75,RGB,78660
1579206585_5ca6a24db0.jpg,500,375,1.333,RGB,88711
1579287915_4257c54451.jpg,500,375,1.333,RGB,173301
1579798212_d30844b4c5.jpg,500,375,1.333,RGB,122073
1580172290_e19067e0dd.jpg,500,399,1.253,RGB,149696
1580671272_3e99d94305.jpg,500,375,1.333,RGB,170994
1581822598_0ae23074f1.jpg,318,452,0.704,RGB,64580
1584315962_5b0b45d02d.jpg,500,375,1.333,RGB,109489
1594038143_57f299aa8a.jpg,500,357,1.401,RGB,141094
159712188_d530dd478c.jpg,500,375,1.333,RGB,134286
1597319381_1e80d9e39c.jpg,500,333,1.502,RGB,135620
1597557856_30640e0b43.jpg,333,500,0.666,RGB,114802
1598085252_f3219b6140.jpg,500,375,1.333,RGB,172203
1600208439_e94527b80f.jpg,500,333,1.502,RGB,155245
160541986_d5be2ab4c1.jpg,333,500,0.666,RGB,94548
160566014_59528ff897.jpg,500,375,1.333,RGB,177182
160585932_fa6339f248.jpg,333,500,0.666,RGB,162868
1606988704_fe330878a3.jpg,500,333,1.502,RGB,141617
160792599_6a7ec52516.jpg,500,300,1.667,RGB,140096
160805827_5e6646b753.jpg,500,300,1.667,RGB,121601
1616016569_673de1d678.jpg,500,375,1.333,RGB,195693
161669933_3e7d8c7e2c.jpg,500,348,1.437,RGB,114019
161905204_247c6ca6de.jpg,500,375,1.333,RGB,137730
1620397000_3883e3ecd3.jpg,500,241,2.075,RGB,147117
162152393_52ecd33fc5.jpg,500,375,1.333,RGB,98860
1622619190_d0b51aff28.jpg,500,366,1.366,RGB,191385
1625306051_7099519baa.jpg,375,500,0.75,RGB,118015
1626754053_81126b67b6.jpg,500,334,1.497,RGB,132608
162743064_bb242faa31.jpg,500,375,1.333,RGB,96694
1643915227_9f48068772.jpg,500,375,1.333,RGB,216074
1650280501_29810b46e5.jpg,375,500,0.75,RGB,104953
1655781989_b15ab4cbff.jpg,500,375,1.333,RGB,147312
1659358133_95cd1027bd.jpg,481,500,0.962,RGB,149422
1659358141_0433c9bf99.jpg,500,333,1.502,RGB,149458
1659396176_ced00a549f.jpg,500,334,1.497,RGB,101915
1662261486_db967930de.jpg,500,425,1.176,RGB,143594
166321294_4a5e68535f.jpg,500,414,1.208,RGB,123613
1663454406_5e2cf8c5bb.jpg,500,350,1.429,RGB,137430
1663751778_90501966f0.jpg,500,375,1.333,RGB,92665
166433861_70b66cd381.jpg,500,342,1.462,RGB,102555
166507476_9be5b9852a.jpg,500,375,1.333,RGB,169540
166654939_80ea4ddbcc.jpg,500,338,1.479,RGB,122414
1670592963_39731a3dac.jpg,500,465,1.075,RGB,195905
167295035_336f5f5f27.jpg,500,333,1.502,RGB,69285
1674612291_7154c5ab61.jpg,500,382,1.309,RGB,205134
1675679141_36c9bc2969.jpg,500,281,1.779,RGB,144330
1676601498_7d59327523.jpg,500,281,1.779,RGB,146253
1679557684_50a206e4a9.jpg,500,375,1.333,RGB,251276
1679565118_d36f0d6d52.jpg,500,375,1.333,RGB,237267
1679617928_a73c1769be.jpg,333,500,0.666,RGB,79790
1680126311_b92a2e8e72.jpg,500,336,1.488,RGB,82715
1682079482_9a72fa57fa.jpg,500,335,1.493,RGB,99853
1683444418_815f660379.jpg,500,375,1.333,RGB,167350
1685463722_55843b6d3c.jpg,333,500,0.666,RGB,131898
1685990174_09c4fb7df8.jpg,500,333,1.502,RGB,137120
1688699579_2f72328c7e.jpg,375,500,0.75,RGB,134239
1689658980_0074d81d28.jpg,500,319,1.567,RGB,159865
1691573772_1adef8e40e.jpg,500,375,1.333,RGB,124421
169490297_b6ff13632a.jpg,500,375,1.333,RGB,162007
170100272_d820db2199.jpg,481,500,0.962,RGB,258054
1713248047_d03721456d.jpg,500,302,1.656,RGB,165974
1713248099_d860df4e10.jpg,500,318,1.572,RGB,195534
1714316707_8bbaa2a2ba.jpg,400,500,0.8,RGB,212375
171488318_fb26af58e2.jpg,500,419,1.193,RGB,191972
1716445442_9cf3528342.jpg,500,375,1.333,RGB,182197
1718184338_5968d88edb.jpg,500,333,1.502,RGB,153752
172092461_a9a9762e13.jpg,375,500,0.75,RGB,162121
172092464_d9eb4f4f2f.jpg,375,500,0.75,RGB,118652
172097782_f0844ec317.jpg,337,500,0.674,RGB,147311
172097783_292c5413d8.jpg,464,500,0.928,RGB,215043
1721637099_93e9ec2a2f.jpg,500,333,1.502,RGB,109602
17273391_55cfc7d3d4.jpg,500,313,1.597,RGB,57797
173020287_230bfc4ffc.jpg,333,500,0.666,RGB,160963
1731546544_9fbf14617b.jpg,486,374,1.299,RGB,92189
1732217138_aa0199ef87.jpg,384,500,0.768,RGB,105401
1732436777_950bcdc9b8.jpg,417,279,1.495,RGB,59126
174466741_329a52b2fe.jpg,384,500,0.768,RGB,160141
1745110280_0cbff5e273.jpg,307,500,0.614,RGB,199544
1752454466_723790dbd6.jpg,409,500,0.818,RGB,164523
1763020597_d4cc8f0f8a.jpg,333,500,0.666,RGB,159174
1764955991_5e53a28c87.jpg,500,333,1.502,RGB,204194
1765164972_92dac06fa9.jpg,333,500,0.666,RGB,125039
1770036088_08abe4f6e9.jpg,384,500,0.768,RGB,125605
1771490732_0ab5f029ac.jpg,450,325,1.385,RGB,124066
1772859261_236c09b861.jpg,500,333,1.502,RGB,178217
177302997_5b2d770a0a.jpg,375,500,0.75,RGB,148386
1773928579_5664a810dc.jpg,500,333,1.502,RGB,100588
1775029934_e1e96038a8.jpg,500,335,1.493,RGB,156667
1776981714_5b224d0f7a.jpg,500,309,1.618,RGB,104430
1777816180_08d7e8063b.jpg,333,500,0.666,RGB,161367
1778020185_1d44c04dae.jpg,500,400,1.25,RGB,137720
1781227288_6811e734be.jpg,500,375,1.333,RGB,182453
1784309115_0ad6791146.jpg,500,333,1.502,RGB,72001
1785138090_76a56aaabc.jpg,333,500,0.666,RGB,77315
1786425974_c7c5ad6aa1.jpg,500,333,1.502,RGB,162684
1787222774_d5c68cce53.jpg,500,327,1.529,RGB,120511
179009558_69be522c63.jpg,333,500,0.666,RGB,205317
1794818900_e0ffdd268e.jpg,357,500,0.714,RGB,119747
1795151944_d69b82f942.jpg,500,333,1.502,RGB,121652
1797507760_384744fb34.jpg,333,500,0.666,RGB,145688
1797554350_20998753c0.jpg,333,500,0.666,RGB,101325
1798209205_77dbf525b0.jpg,333,500,0.666,RGB,101339
1798215547_ef7ad95be8.jpg,500,375,1.333,RGB,64099
179829865_095b040377.jpg,465,500,0.93,RGB,154905
1799188614_b5189728ba.jpg,334,500,0.668,RGB,109989
1799271536_6e69c8f1dc.jpg,500,500,1.0,RGB,173874
1800601130_1c0f248d12.jpg,500,333,1.502,RGB,128840
180094434_b0f244832d.jpg,500,375,1.333,RGB,141527
1801063894_60bce29e19.jpg,333,500,0.666,RGB,128290
1801188148_a176954965.jpg,500,333,1.502,RGB,224835
1801663973_5ad393caeb.jpg,500,375,1.333,RGB,188733
1801874841_4c12055e2f.jpg,500,375,1.333,RGB,144997
1802092493_7b44fdb6b9.jpg,375,500,0.75,RGB,126146
1803631090_05e07cc159.jpg,500,486,1.029,RGB,123415
180506881_de0f59770f.jpg,450,295,1.525,RGB,46105
1805990081_da9cefe3a5.jpg,500,334,1.497,RGB,129357
1806580620_a8fe0fb9f8.jpg,422,500,0.844,RGB,132870
1807169176_7f5226bf5a.jpg,500,333,1.502,RGB,73029
1808007704_ee8a93abb4.jpg,333,500,0.666,RGB,104633
1808370027_2088394eb4.jpg,500,375,1.333,RGB,132513
1808504612_3508f3c9bb.jpg,500,375,1.333,RGB,218259
1809758121_96026913bb.jpg,500,333,1.502,RGB,174966
1809796012_a2dac6c26b.jpg,479,500,0.958,RGB,156955
1810651611_35aae644fb.jpg,500,375,1.333,RGB,223544
181103691_fb2f956abd.jpg,500,375,1.333,RGB,133558
181157221_e12410ef0b.jpg,500,375,1.333,RGB,211199
1812525037_528465037c.jpg,500,334,1.497,RGB,126306
1813266419_08bf66fe98.jpg,331,500,0.662,RGB,91796
1813597483_3f09d2a020.jpg,500,333,1.502,RGB,178225
1813777902_07d1d4b00c.jpg,500,333,1.502,RGB,118533
1814086703_33390d5fc7.jpg,500,481,1.04,RGB,264478
181415975_2627aa6668.jpg,333,500,0.666,RGB,127011
1814391289_83a1eb71d3.jpg,375,500,0.75,RGB,87476
181777261_84c48b31cb.jpg,500,334,1.497,RGB,110736
1818403842_553a2a392c.jpg,500,375,1.333,RGB,128125
1819261140_6c022f4b1d.jpg,375,500,0.75,RGB,154674
1821238649_2fda79d6d7.jpg,375,500,0.75,RGB,150690
182493240_40410254b0.jpg,500,375,1.333,RGB,128124
1827560917_c8d3c5627f.jpg,500,378,1.323,RGB,195775
1835511273_790eaae6e6.jpg,292,500,0.584,RGB,138973
1836335410_de8313a64e.jpg,500,493,1.014,RGB,148877
1837976956_3c45d0f9b8.jpg,375,500,0.75,RGB,127736
185057637_e8ada37343.jpg,500,402,1.244,RGB,252769
1858963639_4588cd4be9.jpg,375,500,0.75,RGB,230328
185972340_781d60ccfd.jpg,494,500,0.988,RGB,276686
1859726819_9a793b3b44.jpg,400,500,0.8,RGB,180582
1859941832_7faf6e5fa9.jpg,500,304,1.645,RGB,134263
1860543210_47e94cf652.jpg,375,500,0.75,RGB,99251
186346360_541047336f.jpg,375,500,0.75,RGB,160763
186348874_75b2cf1ec5.jpg,341,500,0.682,RGB,209255
1865794069_6e3a1e57bb.jpg,500,379,1.319,RGB,199199
186890601_8a6b0f1769.jpg,500,375,1.333,RGB,131202
186890605_ddff5b694e.jpg,500,375,1.333,RGB,135700
1874617189_e85d3f4326.jpg,500,375,1.333,RGB,127678
1876536922_8fdf8d7028.jpg,500,333,1.502,RGB,124296
1881494074_1bebd93089.jpg,375,500,0.75,RGB,160318
1884065356_c6c34b4568.jpg,500,332,1.506,RGB,105835
1884727806_d84f209868.jpg,333,500,0.666,RGB,85071
1895768965_43cd9d164f.jpg,500,333,1.502,RGB,138824
1897025969_0c41688fa6.jpg,500,375,1.333,RGB,143681
189721896_1ffe76d89e.jpg,500,326,1.534,RGB,134273
189740668_0b045f1ff2.jpg,500,326,1.534,RGB,132652
1904112245_549e47c8aa.jpg,500,375,1.333,RGB,207566
190638179_be9da86589.jpg,500,375,1.333,RGB,82628
190965502_0b9ed331d9.jpg,333,500,0.666,RGB,156745
191003283_992257f835.jpg,500,375,1.333,RGB,119431
191003284_1025b0fb7d.jpg,500,375,1.333,RGB,118868
191003285_edd8d0cf58.jpg,500,375,1.333,RGB,107885
191003287_2915c11d8e.jpg,500,375,1.333,RGB,112876
191592626_477ef5e026.jpg,500,326,1.534,RGB,150185
1917203130_fcaff8b10e.jpg,394,500,0.788,RGB,158269
1917265421_aeccf1ca38.jpg,500,333,1.502,RGB,199112
1918573100_d31cbb6b77.jpg,500,336,1.488,RGB,139192
19212715_20476497a3.jpg,500,375,1.333,RGB,21309
1921398767_771743bf4e.jpg,375,500,0.75,RGB,146201
1923476156_e20976b32d.jpg,500,343,1.458,RGB,101021
1924234308_c9ddcf206d.jpg,500,375,1.333,RGB,189977
1925434818_2949a8f6d8.jpg,500,333,1.502,RGB,177389
1926129518_4350f4f552.jpg,500,500,1.0,RGB,281330
1928319708_ccf1f4ee72.jpg,500,375,1.333,RGB,132346
1931690777_897a7d8ab6.jpg,500,390,1.282,RGB,255757
1932161768_996eadac87.jpg,500,332,1.506,RGB,157081
1932314876_9cc46fd054.jpg,500,375,1.333,RGB,185176
1936215201_d03a75cbba.jpg,375,500,0.75,RGB,151437
1937104503_313d22a2d0.jpg,500,333,1.502,RGB,152955
1937262236_cbf5bfa101.jpg,500,335,1.493,RGB,107151
1947351225_288d788983.jpg,500,375,1.333,RGB,147088
195084264_72fb347b0f.jpg,362,500,0.724,RGB,163122
1952896009_cee8147c90.jpg,375,500,0.75,RGB,120795
1956678973_223cb1b847.jpg,375,500,0.75,RGB,171007
1956944011_c5661d3f22.jpg,334,500,0.668,RGB,135115
1957371533_62bc720bac.jpg,500,334,1.497,RGB,134909
195962284_e57178054a.jpg,500,332,1.506,RGB,115659
195962790_3380aea352.jpg,500,332,1.506,RGB,107352
1962729184_6996e128e7.jpg,500,284,1.761,RGB,151690
1965278563_8279e408de.jpg,500,333,1.502,RGB,146347
1969573381_5ecfae4c80.jpg,500,346,1.445,RGB,129206
197107117_4b438b1872.jpg,500,375,1.333,RGB,119594
197142902_f05ff198c2.jpg,500,368,1.359,RGB,152509
197504190_fd1fc3d4b7.jpg,500,332,1.506,RGB,194429
1975171469_84e425f61b.jpg,500,330,1.515,RGB,164601
1975531316_8b00eeaaf7.jpg,500,375,1.333,RGB,134648
1977827746_4e13d7e19f.jpg,447,500,0.894,RGB,187161
197924859_f6e39a7dfa.jpg,375,500,0.75,RGB,198452
1980315248_82dbc34676.jpg,500,333,1.502,RGB,195617
1980882959_9a161f3469.jpg,500,375,1.333,RGB,104285
1982852140_56425fa7a2.jpg,500,375,1.333,RGB,149560
1984936420_3f3102132b.jpg,375,500,0.75,RGB,147864
1989145280_3b54452188.jpg,333,500,0.666,RGB,85833
1991806812_065f747689.jpg,500,333,1.502,RGB,93088
1994416869_4dd769a806.jpg,500,362,1.381,RGB,107469
199463720_329a802206.jpg,500,359,1.393,RGB,188783
199809190_e3f6bbe2bc.jpg,500,332,1.506,RGB,84088
1998255400_0cd086908f.jpg,333,500,0.666,RGB,101699
1998457059_c9ac9a1e1a.jpg,500,375,1.333,RGB,159282
1999444757_1b92efb590.jpg,500,375,1.333,RGB,125966
2000459828_3c9e109106.jpg,335,500,0.67,RGB,152986
2003663004_5b70920a98.jpg,500,418,1.196,RGB,190982
2004674713_2883e63c67.jpg,500,390,1.282,RGB,212377
200771289_31902164a7.jpg,500,365,1.37,RGB,99160
2009636597_e3f4fe19fb.jpg,500,375,1.333,RGB,190290
201682811_105241dee3.jpg,500,500,1.0,RGB,264258
2017276266_566656c59d.jpg,333,500,0.666,RGB,178753
2021602343_03023e1fd1.jpg,500,333,1.502,RGB,103096
2021613437_d99731f986.jpg,333,500,0.666,RGB,109757
2021671653_567395c7cf.jpg,500,333,1.502,RGB,97609
2029280005_a19609c81a.jpg,500,375,1.333,RGB,166805
2030781555_b7ff7be28f.jpg,500,449,1.114,RGB,128326
203114209_e4cd71a6b7.jpg,500,365,1.37,RGB,133423
2034553054_b00c166895.jpg,500,375,1.333,RGB,150285
2036407732_d5a0389bba.jpg,500,375,1.333,RGB,143498
2038662925_f4fa8c2534.jpg,400,500,0.8,RGB,164679
2039457436_fc30f5e1ce.jpg,333,500,0.666,RGB,120008
2040941056_7f5fd50794.jpg,333,500,0.666,RGB,155268
2041867793_552819a40b.jpg,500,375,1.333,RGB,151806
2042009399_afad34e7c1.jpg,500,333,1.502,RGB,159096
2043427251_83b746da8e.jpg,500,333,1.502,RGB,104833
2043520315_4a2c782c90.jpg,500,320,1.562,RGB,145021
2044063458_fcc76a7636.jpg,500,411,1.217,RGB,208174
2045023435_181854c013.jpg,500,311,1.608,RGB,200304
2045109977_b00ec93491.jpg,333,500,0.666,RGB,105428
2045562030_654ddea5e5.jpg,332,500,0.664,RGB,75055
2045928594_92510c1c2a.jpg,500,333,1.502,RGB,120243
2046222127_a6f300e202.jpg,375,500,0.75,RGB,120072
2046778775_0dd7cac6ab.jpg,500,333,1.502,RGB,174212
2049051050_20359a434a.jpg,375,500,0.75,RGB,169468
2049646140_d0de01e3c4.jpg,500,363,1.377,RGB,140766
2050067751_22d2763fd2.jpg,500,394,1.269,RGB,116067
2051194177_fbeee211e3.jpg,500,375,1.333,RGB,123226
2052202553_373dad145b.jpg,500,253,1.976,RGB,119456
2052702658_da1204f6d1.jpg,500,333,1.502,RGB,67815
2052953131_30834196fb.jpg,500,375,1.333,RGB,105168
2053006423_6adf69ca67.jpg,328,500,0.656,RGB,126812
2053441349_a98b5fc742.jpg,500,332,1.506,RGB,176081
2053733930_e245615ad4.jpg,500,375,1.333,RGB,101504
2053777548_108e54c826.jpg,374,500,0.748,RGB,150493
2054308369_f9c6ec7815.jpg,500,324,1.543,RGB,85649
2054869561_ff723e9eab.jpg,500,333,1.502,RGB,100641
2055646179_169807fed4.jpg,500,330,1.515,RGB,140703
2056041678_d6b5b39b26.jpg,500,312,1.603,RGB,119987
2056042552_f59e338533.jpg,500,305,1.639,RGB,99240
2056377805_e9a9b3bcf0.jpg,500,417,1.199,RGB,136974
205682549_713aa6cd88.jpg,375,500,0.75,RGB,129510
2056930414_d2b0f1395a.jpg,500,361,1.385,RGB,111988
2057160636_6e9cf3b5f0.jpg,500,245,2.041,RGB,45447
2057305043_952b8dc82c.jpg,500,375,1.333,RGB,141337
2057306459_2f52ce648e.jpg,500,375,1.333,RGB,195543
2058091220_2087270068.jpg,375,500,0.75,RGB,132853
2058124718_89822bc96e.jpg,500,333,1.502,RGB,89149
2058472558_7dd5014abd.jpg,500,333,1.502,RGB,102785
2059616165_b7c99c1009.jpg,382,500,0.764,RGB,151247
2059842472_f4fb61ea08.jpg,375,500,0.75,RGB,123363
2060031241_a3ae7a06bb.jpg,500,375,1.333,RGB,96153
206087108_d4557d38ee.jpg,500,375,1.333,RGB,184315
2061144717_5b3a1864f0.jpg,500,281,1.779,RGB,122466
2061354254_faa5bd294b.jpg,500,333,1.502,RGB,114351
2061397486_53a61e17c5.jpg,500,375,1.333,RGB,171201
2061927950_dafba5b8a3.jpg,500,281,1.779,RGB,122833
2061944672_0383e65c8a.jpg,500,281,1.779,RGB,152815
2062607137_dac194ad02.jpg,500,355,1.408,RGB,195263
2063277300_f7ff476914.jpg,500,331,1.511,RGB,121191
2064417101_3b9d817f4a.jpg,500,375,1.333,RGB,112703
2064780645_8f28a1529f.jpg,500,333,1.502,RGB,88221
2064790732_219e52e19c.jpg,332,500,0.664,RGB,112577
2064792226_97e41d8167.jpg,500,332,1.506,RGB,118681
2065309381_705b774f51.jpg,500,375,1.333,RGB,74679
2065875490_a46b58c12b.jpg,500,375,1.333,RGB,204953
2066048248_f53f5ef5e2.jpg,500,375,1.333,RGB,161214
2066241589_b80e9f676c.jpg,343,500,0.686,RGB,164670
2066271441_1f1f056c01.jpg,402,500,0.804,RGB,132188
2067362863_59577f9d4d.jpg,500,451,1.109,RGB,286276
2067833088_04e84e5bf2.jpg,500,374,1.337,RGB,173348
2068403258_2669cf9763.jpg,500,333,1.502,RGB,128162
2068465241_3bcabacfd7.jpg,306,500,0.612,RGB,64114
2068960566_21e85ae0dc.jpg,500,375,1.333,RGB,112615
2069279767_fb32bfb2de.jpg,500,334,1.497,RGB,132522
2070798293_6b9405e04d.jpg,500,334,1.497,RGB,98157
2070831281_dc04b3e15d.jpg,500,375,1.333,RGB,122223
2070831523_5035d5537e.jpg,500,375,1.333,RGB,119640
2071309418_1d7580b0f0.jpg,333,500,0.666,RGB,227335
207237775_fa0a15c6fe.jpg,500,321,1.558,RGB,147268
2072574835_febf0c5fb9.jpg,500,375,1.333,RGB,126217
207275121_ee4dfa0bf2.jpg,500,375,1.333,RGB,141926
2073105823_6dacade004.jpg,500,334,1.497,RGB,138900
2073174497_18b779999c.jpg,500,375,1.333,RGB,136749
2073756099_7e02c0110c.jpg,500,375,1.333,RGB,119561
2073964624_52da3a0fc4.jpg,500,375,1.333,RGB,100226
2074146683_7c83167aa1.jpg,333,500,0.666,RGB,141152
2074244690_82e30ff44b.jpg,500,332,1.506,RGB,97071
2074764331_90a9962b52.jpg,500,409,1.222,RGB,119333
2075041394_0b3ea1822d.jpg,500,333,1.502,RGB,145720
2075321027_c8fcbaf581.jpg,500,375,1.333,RGB,107665
2075493556_b763648389.jpg,500,342,1.462,RGB,101521
207584893_63e73c5c28.jpg,500,375,1.333,RGB,103634
2076428547_738e0a132f.jpg,500,324,1.543,RGB,60814
2076865206_53918c820c.jpg,500,284,1.761,RGB,123888
2076906555_c20dc082db.jpg,334,500,0.668,RGB,127272
2077079696_03380d218b.jpg,333,500,0.666,RGB,98148
207731022_988f6afb35.jpg,375,500,0.75,RGB,84121
2077346067_0a3a5aae65.jpg,500,375,1.333,RGB,198563
2078311270_f01c9eaf4c.jpg,500,333,1.502,RGB,121826
2079110798_ad1370a646.jpg,500,358,1.397,RGB,95036
2079152458_40712c3b40.jpg,500,333,1.502,RGB,76894
207930963_af3a2f1784.jpg,500,375,1.333,RGB,118247
2079554580_f18d5c181b.jpg,500,375,1.333,RGB,203834
2080033499_6be742f483.jpg,500,324,1.543,RGB,117937
2081141788_38fa84ce3c.jpg,500,375,1.333,RGB,241744
2081446176_f97dc76951.jpg,500,451,1.109,RGB,100622
2081615901_13092cac56.jpg,364,500,0.728,RGB,181810
2081679622_6f1442367d.jpg,500,319,1.567,RGB,95917
2082005167_a0d6a70020.jpg,500,375,1.333,RGB,186111
2083434441_a93bc6306b.jpg,500,375,1.333,RGB,150602
2083778090_3aecaa11cc.jpg,333,500,0.666,RGB,105286
2084103826_ffd76b1e3e.jpg,500,303,1.65,RGB,122212
2084157130_f288e492e4.jpg,500,331,1.511,RGB,136961
2084217208_7bd9bc85e5.jpg,500,375,1.333,RGB,107533
2085078076_b9db242d21.jpg,500,375,1.333,RGB,108009
2085255128_61224cc47f.jpg,500,375,1.333,RGB,171699
2085400856_ae09df33a7.jpg,394,500,0.788,RGB,147499
2085403342_a17b0654fe.jpg,500,393,1.272,RGB,176471
2085557551_7a88d01d4e.jpg,500,332,1.506,RGB,75206
2085726719_a57a75dbe5.jpg,468,500,0.936,RGB,122871
2086513494_dbbcb583e7.jpg,344,500,0.688,RGB,80455
2086532897_b8714f2237.jpg,500,327,1.529,RGB,94298
2086534745_1e4ab80078.jpg,500,333,1.502,RGB,119523
2086678529_b3301c2d71.jpg,375,500,0.75,RGB,113245
2087317114_cf06df5aa5.jpg,500,315,1.587,RGB,116785
2087640654_1a84577a44.jpg,500,375,1.333,RGB,199068
2088120475_d6318364f5.jpg,500,321,1.558,RGB,89830
2088460083_42ee8a595a.jpg,400,400,1.0,RGB,97584
2088532947_c628e44c4a.jpg,500,334,1.497,RGB,124635
2088910854_c6f8d4f5f9.jpg,345,500,0.69,RGB,80123
2089122314_40d5739aef.jpg,500,362,1.381,RGB,109284
2089350172_dc2cf9fcf6.jpg,500,333,1.502,RGB,192370
2089426086_7acc98a3a8.jpg,500,324,1.543,RGB,129353
2089442007_6fc798548c.jpg,500,334,1.497,RGB,128874
2089539651_9e518ec7de.jpg,500,374,1.337,RGB,120788
2089542487_b4c1ee7025.jpg,500,374,1.337,RGB,163615
2089555297_95cf001fa7.jpg,500,374,1.337,RGB,105359
2090327868_9f99e2740d.jpg,500,359,1.393,RGB,147652
2090339522_d30d2436f9.jpg,500,374,1.337,RGB,117925
2090386465_b6ebb7df2c.jpg,500,480,1.042,RGB,125010
2090387793_274ab4cf7d.jpg,392,500,0.784,RGB,96235
2090545563_a4e66ec76b.jpg,500,333,1.502,RGB,125526
2090723611_318031cfa5.jpg,500,311,1.608,RGB,200221
2090997177_76d482b158.jpg,500,325,1.538,RGB,95053
2091171488_c8512fec76.jpg,424,500,0.848,RGB,122812
2092177624_13ab757e8b.jpg,334,500,0.668,RGB,163185
2092419948_eea8001d0f.jpg,375,500,0.75,RGB,122640
2092870249_90e3f1855b.jpg,500,335,1.493,RGB,114444
2094323311_27d58b1513.jpg,500,375,1.333,RGB,83725
2094543127_46d2f1fedf.jpg,500,314,1.592,RGB,179397
2094810449_f8df9dcdf7.jpg,375,500,0.75,RGB,140163
2095007523_591f255708.jpg,500,375,1.333,RGB,105517
2095078658_c14ba89bc2.jpg,500,375,1.333,RGB,89813
2095435987_1b7591d214.jpg,500,333,1.502,RGB,129491
2095444126_201ff9f222.jpg,341,500,0.682,RGB,138672
2095478050_736c4d2d28.jpg,500,380,1.316,RGB,168762
209605542_ca9cc52e7b.jpg,375,500,0.75,RGB,153056
2096771662_984441d20d.jpg,500,333,1.502,RGB,62825
2097398349_ff178b3f1b.jpg,500,374,1.337,RGB,129075
2097403787_77a154f5b9.jpg,374,500,0.748,RGB,161962
2097407245_c798e0dcaf.jpg,500,374,1.337,RGB,159604
2097420505_439f63c863.jpg,500,375,1.333,RGB,122885
2097489021_ca1b9f5c3b.jpg,334,500,0.668,RGB,111458
2098174172_e57d86ea03.jpg,374,500,0.748,RGB,172378
2098418613_85a0c9afea.jpg,500,375,1.333,RGB,183571
2098646162_e3b3bbf14c.jpg,500,375,1.333,RGB,130345
2099323664_bb20457f26.jpg,500,334,1.497,RGB,101749
2100046085_69b59b6645.jpg,500,375,1.333,RGB,121341
2100735137_05c6079537.jpg,500,375,1.333,RGB,182651
2100816230_ff866fb352.jpg,333,500,0.666,RGB,64460
2100909581_b7dde5b704.jpg,356,500,0.712,RGB,126674
2101128963_fdf8b2a0d7.jpg,500,333,1.502,RGB,196385
210126070_0d43b300b9.jpg,500,375,1.333,RGB,198377
2101457132_69c950bc45.jpg,500,333,1.502,RGB,121987
2101808682_0d66ef4a08.jpg,500,380,1.316,RGB,112261
2102030040_2e8f4738f7.jpg,500,348,1.437,RGB,108210
2102315758_a9148a842f.jpg,500,333,1.502,RGB,160387
2102360862_264452db8e.jpg,500,333,1.502,RGB,101388
2102581664_5ea50f85c6.jpg,500,270,1.852,RGB,124814
2102724238_3cf921d7bb.jpg,375,500,0.75,RGB,143221
2102732029_9ae520914d.jpg,500,333,1.502,RGB,79587
2103361407_4ed4fc46bf.jpg,500,375,1.333,RGB,146532
2103568100_5d018c495b.jpg,500,375,1.333,RGB,153526
2105756457_a100d8434e.jpg,334,500,0.668,RGB,144926
210625425_fb1ef5d23b.jpg,500,375,1.333,RGB,169727
2106772874_381824648b.jpg,399,500,0.798,RGB,154509
210686241_b8e069fff3.jpg,375,500,0.75,RGB,70470
2107837987_ffecfc367a.jpg,375,500,0.75,RGB,144033
2107838729_a527e434bd.jpg,500,375,1.333,RGB,92693
210839948_bbd5bfa3b6.jpg,500,333,1.502,RGB,125031
2108799322_e25aa6e185.jpg,500,358,1.397,RGB,139373
2109370875_05241bdda7.jpg,500,291,1.718,RGB,99591
2109479807_eec8d72ca7.jpg,500,375,1.333,RGB,144855
2109911919_af45b93ef3.jpg,500,375,1.333,RGB,148903
2110692070_8aaaa1ae39.jpg,500,333,1.502,RGB,99086
2110898123_07729c1461.jpg,500,375,1.333,RGB,120056
2111360187_d2505437b7.jpg,375,500,0.75,RGB,148071
2112661738_de71b60b88.jpg,500,375,1.333,RGB,166785
211277478_7d43aaee09.jpg,500,333,1.502,RGB,190705
2112921744_92bf706805.jpg,500,375,1.333,RGB,144300
211295363_49010ca38d.jpg,500,375,1.333,RGB,138690
2113530024_5bc6a90e42.jpg,500,492,1.016,RGB,225722
2114126343_a0f74ff63b.jpg,500,375,1.333,RGB,139262
2114355355_9d7e2d8178.jpg,333,500,0.666,RGB,106532
2114739371_83aa8bdb0e.jpg,500,252,1.984,RGB,90497
2115620856_4fa5025ac6.jpg,500,331,1.511,RGB,181424
2115631346_9585a479b0.jpg,389,500,0.778,RGB,94776
2115849046_2aa9fa8d13.jpg,500,313,1.597,RGB,75129
2116316160_d5fa7abdc3.jpg,374,500,0.748,RGB,161480
2116444946_1f5d1fe5d1.jpg,500,400,1.25,RGB,152429
2119302248_72493d458c.jpg,500,409,1.222,RGB,84379
2119660490_ce0d4d1f73.jpg,500,326,1.534,RGB,95005
211981411_e88b8043c2.jpg,375,500,0.75,RGB,196086
2120383553_5825333a3f.jpg,375,500,0.75,RGB,127992
2120411340_104eb610b1.jpg,500,269,1.859,RGB,156588
2120469056_7a738413be.jpg,366,500,0.732,RGB,181068
2120571547_05cd56de85.jpg,375,500,0.75,RGB,131129
2121140070_a09644550b.jpg,500,351,1.425,RGB,137177
2121357310_f8235311da.jpg,500,333,1.502,RGB,104204
2123932281_1a4fd38455.jpg,451,500,0.902,RGB,167789
2124040721_bffc0a091a.jpg,500,463,1.08,RGB,88018
2125216241_5b265a2fbc.jpg,417,500,0.834,RGB,169390
2125454445_5c5c4bf906.jpg,500,375,1.333,RGB,233915
2125626631_a4b63af97e.jpg,500,400,1.25,RGB,109089
2126950128_74a4882658.jpg,375,500,0.75,RGB,121491
2127031632_77505e4218.jpg,333,500,0.666,RGB,103786
2127207912_9298824e66.jpg,375,500,0.75,RGB,165315
2127209046_94711c747b.jpg,375,500,0.75,RGB,157840
2128119486_4407061c40.jpg,500,333,1.502,RGB,68394
2129430111_338a94f8fb.jpg,500,333,1.502,RGB,199605
2130203183_49bae96b96.jpg,500,375,1.333,RGB,75715
2130851544_d36f4f2ea6.jpg,375,500,0.75,RGB,190442
2130986011_47cb05c8c9.jpg,500,333,1.502,RGB,100634
2131762850_5293a288d9.jpg,500,333,1.502,RGB,89729
213216174_0632af65a2.jpg,500,400,1.25,RGB,135432
2133650765_fc6e5f295e.jpg,500,333,1.502,RGB,145841
2135360514_7dcb9ed796.jpg,500,375,1.333,RGB,126852
2135502491_a15c6b5eae.jpg,500,372,1.344,RGB,115790
2136455112_202c093ba4.jpg,375,500,0.75,RGB,114005
2136514643_93d8f75a77.jpg,491,500,0.982,RGB,163562
2136992638_098d62a3c5.jpg,500,375,1.333,RGB,96430
2137071442_1c9658c81a.jpg,500,500,1.0,RGB,222674
2137789511_69a6c6afa8.jpg,500,333,1.502,RGB,75862
2138487671_5b89104043.jpg,374,500,0.748,RGB,102932
2139519215_8ca16dd192.jpg,500,322,1.553,RGB,135948
2140182410_8e2a06fbda.jpg,500,281,1.779,RGB,83480
2140305708_591d10b54d.jpg,281,500,0.562,RGB,93220
2140747429_62cfd89ae9.jpg,346,500,0.692,RGB,93483
2141065212_463a6997e1.jpg,500,407,1.229,RGB,120025
2141713971_e25eb12712.jpg,500,347,1.441,RGB,86498
2142232919_c857a09dd7.jpg,398,500,0.796,RGB,291738
2144049642_070cf541b4.jpg,381,500,0.762,RGB,149263
2144050118_3e7d2e05b1.jpg,375,500,0.75,RGB,159781
2144846312_d4c738dc6c.jpg,500,375,1.333,RGB,111232
214501174_6db1f4d69c.jpg,333,500,0.666,RGB,176103
214543992_ce6c0d9f9b.jpg,500,500,1.0,RGB,211328
2147199188_d2d70b88ec.jpg,338,500,0.676,RGB,211921
2148013097_6a4f495bc5.jpg,500,388,1.289,RGB,133971
2148695079_9ae6a9b1c7.jpg,500,300,1.667,RGB,77862
2148916767_644ea6a7fa.jpg,375,500,0.75,RGB,101034
2148991939_3b9fd6c439.jpg,500,400,1.25,RGB,168999
2149968397_a7411729d1.jpg,375,500,0.75,RGB,103590
2149982207_5345633bbf.jpg,375,500,0.75,RGB,142712
2150564996_d173a506d7.jpg,500,413,1.211,RGB,162467
2151056407_c9c09b0a02.jpg,500,375,1.333,RGB,192298
2151300603_248a9fe715.jpg,500,346,1.445,RGB,109657
215214751_e913b6ff09.jpg,500,332,1.506,RGB,84482
2156131463_5b53636cf0.jpg,375,500,0.75,RGB,95531
2156726763_034ecd2e39.jpg,500,333,1.502,RGB,153907
2157003092_eaeb977789.jpg,375,500,0.75,RGB,112484
2157173498_2eea42ee38.jpg,500,342,1.462,RGB,76759
2158247955_484f0a1f11.jpg,429,500,0.858,RGB,144612
2158267555_db1d94e468.jpg,500,281,1.779,RGB,140891
215876547_fa584c5ec3.jpg,332,500,0.664,RGB,133687
2159447283_fab8c272b0.jpg,318,500,0.636,RGB,122521
2160266952_a2ab39191b.jpg,500,375,1.333,RGB,131343
216172386_9ac5356dae.jpg,500,331,1.511,RGB,91648
2161799386_27aa938421.jpg,333,500,0.666,RGB,151186
2162469360_ff777edc95.jpg,376,500,0.752,RGB,82161
2162564553_96de62c7e6.jpg,375,500,0.75,RGB,189040
2164363131_6930455d45.jpg,500,375,1.333,RGB,109198
2165459064_5b81ff23eb.jpg,500,333,1.502,RGB,86213
2165461920_1a4144eb2b.jpg,500,313,1.597,RGB,108568
2165677531_e1d5e086f7.jpg,500,375,1.333,RGB,174602
2167644298_100ca79f54.jpg,335,500,0.67,RGB,119362
2169067981_cc19268f23.jpg,500,381,1.312,RGB,137956
2169951750_495820a215.jpg,494,500,0.988,RGB,123059
2170187328_65c2f11891.jpg,500,374,1.337,RGB,168274
2170222061_e8bce4a32d.jpg,500,399,1.253,RGB,143870
2171154778_8189169336.jpg,500,375,1.333,RGB,133782
2171576939_d1e72daab2.jpg,500,334,1.497,RGB,113584
2171891283_dedd9cf416.jpg,500,334,1.497,RGB,197010
2172493537_128bc8b187.jpg,500,334,1.497,RGB,106503
2172526745_649f420569.jpg,500,334,1.497,RGB,143103
2173061319_1f267765dc.jpg,500,334,1.497,RGB,66068
2173312932_269f9786fc.jpg,500,333,1.502,RGB,118778
2173677067_9d0732bcc2.jpg,375,500,0.75,RGB,229879
2174206711_11cb712a8d.jpg,500,308,1.623,RGB,176319
217583047_5e93e1e119.jpg,322,500,0.644,RGB,85697
2176147758_9a8deba576.jpg,500,404,1.238,RGB,144161
2176364472_31fcd37531.jpg,400,245,1.633,RGB,34719
2176874361_2b4149010b.jpg,500,333,1.502,RGB,122608
2176980976_7054c99621.jpg,500,351,1.425,RGB,100063
2178064851_bb39652d28.jpg,375,500,0.75,RGB,144161
2178095150_436b035741.jpg,500,332,1.506,RGB,81652
2178306830_6af49375b4.jpg,500,375,1.333,RGB,76678
217838128_1f0a84ddc1.jpg,330,500,0.66,RGB,117232
2180356743_b3a3c9a7f6.jpg,375,500,0.75,RGB,114626
2180480870_dcaf5ac0df.jpg,500,333,1.502,RGB,169596
2180886307_5156460b2c.jpg,500,335,1.493,RGB,134641
2181117039_c4eea8036e.jpg,500,333,1.502,RGB,133785
2181724497_dbb7fcb0a9.jpg,500,333,1.502,RGB,83975
2181846120_3744ca3942.jpg,500,333,1.502,RGB,127407
2182050469_1edac0bc60.jpg,379,500,0.758,RGB,118583
2182488373_df73c7cc09.jpg,500,332,1.506,RGB,133035
2183227136_8bb657846b.jpg,500,375,1.333,RGB,70395
218342358_1755a9cce1.jpg,500,369,1.355,RGB,120308
2183967273_d182e18cf6.jpg,375,500,0.75,RGB,130162
2185793891_5a5e903ca6.jpg,500,375,1.333,RGB,106303
2186087673_c7a73da7ce.jpg,500,335,1.493,RGB,71142
2186139563_e60c1d4b8b.jpg,500,333,1.502,RGB,129687
2186367337_0ce9ce2104.jpg,500,400,1.25,RGB,112158
2187222896_c206d63396.jpg,500,328,1.524,RGB,156501
2187503678_fd743e0a00.jpg,500,294,1.701,RGB,143844
2187720319_112d00f07d.jpg,500,334,1.497,RGB,153831
2187904131_96ea83b9b5.jpg,500,305,1.639,RGB,94896
2188192752_09d9fc5431.jpg,500,415,1.205,RGB,139965
2188688248_f57a28a5a7.jpg,500,341,1.466,RGB,114474
2189181027_a445b13438.jpg,500,308,1.623,RGB,85500
2189995738_352607a63b.jpg,500,335,1.493,RGB,190980
2190137367_746335f707.jpg,500,375,1.333,RGB,149814
2190227737_6e0bde2623.jpg,281,500,0.562,RGB,147288
219070971_ae43410b9e.jpg,500,331,1.511,RGB,109798
2191329761_3effd856c5.jpg,500,332,1.506,RGB,91109
2191453879_11dfe2ba3a.jpg,333,500,0.666,RGB,120794
2192026581_b782d1355a.jpg,500,335,1.493,RGB,181124
2192131110_8a40e7c028.jpg,334,500,0.668,RGB,92073
2192333873_2a0cbe849d.jpg,500,402,1.244,RGB,162220
2192411521_9c7e488c5e.jpg,400,500,0.8,RGB,99134
2192475933_d779bf42eb.jpg,500,375,1.333,RGB,102164
2192802444_b14bb87b95.jpg,334,500,0.668,RGB,208529
219301553_d2fffe9e0c.jpg,332,500,0.664,RGB,181746
219301555_17883a51bd.jpg,332,500,0.664,RGB,152692
2193223202_4d908c0450.jpg,500,333,1.502,RGB,193831
2193980605_4221c6474d.jpg,500,375,1.333,RGB,92003
2194286203_5dc620006a.jpg,500,375,1.333,RGB,173555
2194494220_bb2178832c.jpg,333,500,0.666,RGB,106972
2194495372_bdac7d9e71.jpg,500,375,1.333,RGB,163717
2194797921_96af7a9467.jpg,500,333,1.502,RGB,69727
2194806429_ca4c3770c1.jpg,500,333,1.502,RGB,103832
2195419145_36722e8d54.jpg,500,333,1.502,RGB,79309
2195620255_6693479734.jpg,426,500,0.852,RGB,200647
2195887578_3ba2f29b48.jpg,500,333,1.502,RGB,105127
2196050115_e236d91f52.jpg,500,333,1.502,RGB,137511
2196107384_361d73a170.jpg,500,375,1.333,RGB,120939
2196284168_76417efbec.jpg,303,500,0.606,RGB,65307
2196316998_3b2d63f01f.jpg,500,333,1.502,RGB,83358
2196846255_2c1635359a.jpg,500,340,1.471,RGB,154171
2197275664_fabcf3424b.jpg,333,500,0.666,RGB,99003
219730733_6a55382dd2.jpg,396,500,0.792,RGB,174507
219843859_94b6d0a580.jpg,375,500,0.75,RGB,161070
219843860_332e5ca7d4.jpg,375,500,0.75,RGB,166976
2198484810_50a893824a.jpg,400,500,0.8,RGB,188322
2198494923_8159551be4.jpg,332,500,0.664,RGB,107917
2198511848_311d8a8c2f.jpg,500,334,1.497,RGB,94524
2198964806_c57b0534d3.jpg,356,500,0.712,RGB,274523
2199083344_3aa77f4879.jpg,280,500,0.56,RGB,90696
2199200615_85e4c2a602.jpg,500,333,1.502,RGB,129821
2199250692_a16b0c2ae1.jpg,500,333,1.502,RGB,176496
2199793371_343809ff70.jpg,500,334,1.497,RGB,75525
2200901777_f6c168bd32.jpg,500,351,1.425,RGB,89807
2201192417_d934730fea.jpg,332,500,0.664,RGB,121755
2201222219_8d656b0633.jpg,500,333,1.502,RGB,169663
2201951969_0d7520d648.jpg,500,333,1.502,RGB,64074
2201978994_c444e64810.jpg,500,375,1.333,RGB,163457
2203286182_b453e9d176.jpg,500,358,1.397,RGB,71912
2203449950_e51d0f9065.jpg,332,500,0.664,RGB,197381
2203615439_3c7cdc39dc.jpg,500,333,1.502,RGB,219174
2204277704_f1c8c741ed.jpg,500,335,1.493,RGB,102402
2204550058_2707d92338.jpg,500,327,1.529,RGB,68672
2204695848_3d1b140212.jpg,486,500,0.972,RGB,160187
2204777844_1bcf26bf84.jpg,500,358,1.397,RGB,96225
2205088706_d7e633e00d.jpg,375,500,0.75,RGB,142881
2205328215_3ffc094cde.jpg,333,500,0.666,RGB,161929
2205336881_d9ee4179d3.jpg,500,375,1.333,RGB,120118
2206403470_8c25aa3cf8.jpg,500,375,1.333,RGB,139585
2206594874_5e0087c6b7.jpg,500,373,1.34,RGB,177479
2206600240_f65df56a09.jpg,500,287,1.742,RGB,130981
2206960564_325ed0c7ae.jpg,330,500,0.66,RGB,66345
2207244634_1db1a1890b.jpg,500,332,1.506,RGB,117333
2208055895_37cd8e1edf.jpg,500,333,1.502,RGB,73346
2208067635_39a03834ca.jpg,332,500,0.664,RGB,165193
2208310655_a3d83080c5.jpg,500,375,1.333,RGB,134754
2208631481_3e4a5675e1.jpg,448,299,1.498,RGB,71914
2209496328_2a34fd201d.jpg,500,356,1.404,RGB,139151
2209888959_d636b1be0b.jpg,333,500,0.666,RGB,63532
2210368267_0615754b48.jpg,500,335,1.493,RGB,111892
2211593099_4a4f1c85d2.jpg,500,356,1.404,RGB,151179
2212472643_80238475b5.jpg,500,333,1.502,RGB,99759
2213113526_beeb4f9bdc.jpg,333,500,0.666,RGB,141397
2214132302_80064fd79d.jpg,500,333,1.502,RGB,86762
2214847438_4993210d4c.jpg,500,333,1.502,RGB,91794
2215136723_960edfea49.jpg,334,500,0.668,RGB,90710
2215165918_2bf5b659dd.jpg,500,333,1.502,RGB,95771
2216568822_84c295c3b0.jpg,415,500,0.83,RGB,113522
2216695423_1362cb25f3.jpg,500,375,1.333,RGB,170542
2217328285_b1d55c17ca.jpg,500,370,1.351,RGB,165267
2217728745_92b6779016.jpg,500,333,1.502,RGB,138859
2218334049_e649dbdb1a.jpg,333,500,0.666,RGB,113452
2218519240_cac5aab53c.jpg,500,500,1.0,RGB,126044
2218609886_892dcd6915.jpg,331,500,0.662,RGB,91281
2218743570_9d6614c51c.jpg,333,500,0.666,RGB,141312
2218843713_cf28ea319e.jpg,500,375,1.333,RGB,146023
2218907190_5f43bf5e4d.jpg,500,333,1.502,RGB,226290
221973402_ecb1cd51f1.jpg,416,500,0.832,RGB,185764
2219805467_370ee1b7aa.jpg,500,332,1.506,RGB,68049
2219805677_7b7cc188c7.jpg,473,500,0.946,RGB,83282
2219959872_988e6d498e.jpg,500,321,1.558,RGB,126731
2220175999_081aa9cce8.jpg,500,217,2.304,RGB,87396
2220185725_45d4fa68d9.jpg,500,451,1.109,RGB,174387
2220612655_030413b787.jpg,500,333,1.502,RGB,166451
2221818690_9003756d33.jpg,500,354,1.412,RGB,121701
2222186636_85e03e0b75.jpg,500,461,1.085,RGB,157029
2222498879_9e82a100ab.jpg,500,331,1.511,RGB,178172
2222559267_6fd31e3941.jpg,500,375,1.333,RGB,152559
2223382277_9efa58ec45.jpg,398,500,0.796,RGB,99666
222369445_5b6af347dd.jpg,500,375,1.333,RGB,125902
2224450291_4c133fabe8.jpg,500,326,1.534,RGB,133054
2224995194_518859d97d.jpg,500,423,1.182,RGB,164316
2225231022_1632d0a5aa.jpg,500,326,1.534,RGB,97234
2225241766_f1e7132e3e.jpg,326,500,0.652,RGB,164516
2225864432_48a24f49a4.jpg,500,452,1.106,RGB,135272
2226440063_c085b30558.jpg,500,363,1.377,RGB,178460
2226534154_cbcab7ba32.jpg,469,500,0.938,RGB,264980
2226587791_66e29dd01d.jpg,375,500,0.75,RGB,121605
222759342_98294380fc.jpg,500,375,1.333,RGB,136417
2228022180_9597b2a458.jpg,500,333,1.502,RGB,152439
2228167286_7089ab236a.jpg,375,500,0.75,RGB,109931
222878446_32c6fc4bc9.jpg,500,375,1.333,RGB,168116
2229177914_3308fe7d20.jpg,500,340,1.471,RGB,83971
2229179070_dc8ea8582e.jpg,429,500,0.858,RGB,214785
2229509318_be3fef006b.jpg,500,333,1.502,RGB,178647
2230067846_74046b89d3.jpg,333,500,0.666,RGB,105079
2231847779_1148d1c919.jpg,500,375,1.333,RGB,179342
2232518012_8cb0bbc43b.jpg,500,332,1.506,RGB,94613
223299137_b0e81ac145.jpg,500,326,1.534,RGB,130298
223299142_521aedf9e7.jpg,500,371,1.348,RGB,142873
2233426944_0959835ced.jpg,500,477,1.048,RGB,224939
2234702530_a265a4df22.jpg,428,500,0.856,RGB,89254
2234910971_80e0325918.jpg,500,375,1.333,RGB,79099
2236016316_f476cbbf06.jpg,500,333,1.502,RGB,93836
2238019823_79318d1f11.jpg,386,500,0.772,RGB,104455
2238166082_140f8b01b8.jpg,500,357,1.401,RGB,96847
2238759450_6475641bdb.jpg,375,500,0.75,RGB,94299
2239938351_43c73c887c.jpg,500,375,1.333,RGB,181894
224026428_0165164ceb.jpg,333,500,0.666,RGB,114752
2240539658_dea8db6e55.jpg,500,375,1.333,RGB,133585
2241768909_3d96d48417.jpg,384,500,0.768,RGB,114880
2242178517_2325b85e5f.jpg,375,500,0.75,RGB,150263
224273695_0b517bd0eb.jpg,500,333,1.502,RGB,159552
2242863004_3a9f82a31f.jpg,500,400,1.25,RGB,198905
224369028_b1ac40d1fa.jpg,500,333,1.502,RGB,163061
2243904502_2d265fed80.jpg,500,376,1.33,RGB,154462
2244024374_54d7e88c2b.jpg,500,333,1.502,RGB,137077
2244171992_a4beb04d8e.jpg,500,375,1.333,RGB,173197
2244551043_21b8cca866.jpg,333,500,0.666,RGB,129549
2244613488_4d1f9edb33.jpg,500,253,1.976,RGB,108537
2245348304_08bc5642f1.jpg,333,500,0.666,RGB,112731
2245618207_fa486ba2b7.jpg,500,335,1.493,RGB,85999
2245914678_1f82fc3d80.jpg,375,500,0.75,RGB,205457
2245916742_73af13c733.jpg,500,375,1.333,RGB,140510
2246717855_c0c08fe5d2.jpg,357,500,0.714,RGB,121828
224702241_05af393148.jpg,500,375,1.333,RGB,143938
224702242_a62aaa6dff.jpg,500,375,1.333,RGB,169524
2247138288_7355861203.jpg,500,375,1.333,RGB,113151
2247192427_5e106f24a9.jpg,333,500,0.666,RGB,118977
224766705_b77996527f.jpg,500,375,1.333,RGB,192118
2247889670_413db8094b.jpg,500,375,1.333,RGB,144267
2248487950_c62d0c81a9.jpg,500,448,1.116,RGB,168349
2248487956_2603f55ab9.jpg,500,379,1.319,RGB,112729
2249141510_f534708374.jpg,500,375,1.333,RGB,204893
2249264723_d08655d9f2.jpg,333,500,0.666,RGB,87018
2249480913_e1695e5c28.jpg,500,394,1.269,RGB,170777
2249865945_f432c8e5da.jpg,500,333,1.502,RGB,114240
2250555512_71670078f5.jpg,500,285,1.754,RGB,84197
2250870111_8402d2319d.jpg,333,500,0.666,RGB,198869
2251418114_2b0cd4c139.jpg,334,500,0.668,RGB,102023
2251447809_2de73afcdf.jpg,500,333,1.502,RGB,143024
2251747182_6b67a3ab8b.jpg,333,500,0.666,RGB,80623
2251992614_0c601fae2c.jpg,500,374,1.337,RGB,172614
2252123185_487f21e336.jpg,500,333,1.502,RGB,188803
2252264255_03fefc25af.jpg,500,333,1.502,RGB,107816
2252299132_14ca6e584b.jpg,500,378,1.323,RGB,154444
2252403744_148fc11f68.jpg,500,279,1.792,RGB,109488
2252635585_b48b3485b0.jpg,500,442,1.131,RGB,165412
2254913901_569f568926.jpg,500,384,1.302,RGB,135114
2255266906_8222af18b9.jpg,500,375,1.333,RGB,234736
2255332561_3375897ff0.jpg,500,334,1.497,RGB,137051
2255338013_566127590b.jpg,333,500,0.666,RGB,135225
2255342813_5b2ac6d633.jpg,333,500,0.666,RGB,178219
2255685792_f70474c6db.jpg,375,500,0.75,RGB,106165
2256133102_e2c8314ecb.jpg,333,500,0.666,RGB,152907
2256138896_3e24b0b28d.jpg,333,500,0.666,RGB,168503
2256218522_53b92bcbb2.jpg,500,333,1.502,RGB,147371
2256231539_05c27179f1.jpg,357,500,0.714,RGB,93140
2256320794_0286c31bfa.jpg,500,333,1.502,RGB,117059
225699652_53f6fb33cd.jpg,500,377,1.326,RGB,249548
2257099774_37d0d3aa9a.jpg,500,464,1.078,RGB,203280
2257294002_0073263c54.jpg,500,298,1.678,RGB,113142
2257631407_1529b9db39.jpg,375,500,0.75,RGB,200113
2257798999_d9d1b9a45a.jpg,500,375,1.333,RGB,162075
2258662398_2797d0eca8.jpg,500,334,1.497,RGB,111202
2258951972_92763fddab.jpg,500,313,1.597,RGB,127117
225909073_25c3c33a29.jpg,500,333,1.502,RGB,134710
2259203920_6b93b721ce.jpg,448,231,1.939,RGB,30614
2259336826_0cb294e1f7.jpg,308,500,0.616,RGB,160861
2260369648_e21ae6494a.jpg,500,441,1.134,RGB,159899
2260560631_09093be4c6.jpg,500,333,1.502,RGB,159142
2260649048_ae45d17e68.jpg,500,333,1.502,RGB,166541
2261169495_98254e2e66.jpg,500,375,1.333,RGB,116897
2261257940_449b6e6c91.jpg,500,334,1.497,RGB,121058
2261346505_302c67951d.jpg,500,348,1.437,RGB,188850
2261550615_b6c25d987b.jpg,500,375,1.333,RGB,127637
2261962622_e9318a95eb.jpg,500,375,1.333,RGB,105909
2263655670_517890f5b7.jpg,500,317,1.577,RGB,174056
2264316030_600e55748d.jpg,375,500,0.75,RGB,105369
2265096094_8cc34d669c.jpg,468,360,1.3,RGB,99595
2265100168_175f8218af.jpg,500,333,1.502,RGB,123348
226531363_33ac01d931.jpg,500,491,1.018,RGB,146166
2265367960_7928c5642f.jpg,413,500,0.826,RGB,138764
2266061169_dfbf8f0595.jpg,380,500,0.76,RGB,147832
226607225_44d696db6b.jpg,333,500,0.666,RGB,161728
2266142543_b2de18c081.jpg,298,500,0.596,RGB,73957
2266144051_614b2d62b0.jpg,500,303,1.65,RGB,83152
2266901263_4324af1f03.jpg,500,389,1.285,RGB,144079
2267682214_e1434d853b.jpg,375,500,0.75,RGB,168041
2267819545_446c5a3e18.jpg,500,333,1.502,RGB,98101
2267923837_ae88678497.jpg,333,500,0.666,RGB,147250
2268109835_d6edbe1c2b.jpg,500,375,1.333,RGB,96992
2268115375_69884e958d.jpg,375,500,0.75,RGB,222850
2268596214_ca532f5c63.jpg,500,333,1.502,RGB,112011
2268601066_b018b124fd.jpg,500,333,1.502,RGB,62293
2268729848_d418451226.jpg,500,333,1.502,RGB,130033
2269021076_cefc9af989.jpg,500,362,1.381,RGB,147454
2269795781_46a296aa21.jpg,500,400,1.25,RGB,103916
2269961438_cae7a9c725.jpg,500,286,1.748,RGB,124259
2270483627_16fe41b063.jpg,500,333,1.502,RGB,189719
2271264741_aa8f73f87c.jpg,500,375,1.333,RGB,165696
2271468944_3264d29208.jpg,500,331,1.511,RGB,171535
2271667421_7b21fc23b8.jpg,500,333,1.502,RGB,163151
2271671533_7538ccd556.jpg,500,375,1.333,RGB,105361
2271755053_e1b1ec8442.jpg,500,333,1.502,RGB,89429
2271890493_da441718ba.jpg,500,335,1.493,RGB,161382
2271955077_0020b4ee0d.jpg,294,500,0.588,RGB,42358
2272426567_9e9fb79db0.jpg,375,500,0.75,RGB,100703
2272489996_95b0a62d15.jpg,500,331,1.511,RGB,128532
2272491304_cb7c7ed16f.jpg,500,375,1.333,RGB,136845
2272548482_0b4aec5cdd.jpg,500,333,1.502,RGB,83059
2272750492_91e8f67328.jpg,439,500,0.878,RGB,80728
2272823323_3b7291cd47.jpg,500,366,1.366,RGB,109140
2272967004_1531726d71.jpg,500,313,1.597,RGB,63641
2273028514_d7b584f73d.jpg,500,332,1.506,RGB,42225
2273038287_3004a72a34.jpg,409,500,0.818,RGB,287392
2273105617_7c73d2d2d3.jpg,500,333,1.502,RGB,100523
2273591668_069dcb4641.jpg,500,332,1.506,RGB,176219
2273799395_5072a5736d.jpg,500,375,1.333,RGB,199106
2273871383_1ddb3562ea.jpg,500,375,1.333,RGB,104773
2274602044_b3d55df235.jpg,500,301,1.661,RGB,172501
2274992140_bb9e868bb8.jpg,500,400,1.25,RGB,132877
2275029674_6d4891c20e.jpg,479,500,0.958,RGB,131336
2275253272_00f941366e.jpg,500,333,1.502,RGB,181323
2275372714_017c269742.jpg,500,393,1.272,RGB,165805
2276120079_4f235470bc.jpg,500,334,1.497,RGB,133051
2276314067_7ee246f859.jpg,500,423,1.182,RGB,234790
2276499757_b44dc6f8ce.jpg,500,333,1.502,RGB,193867
2277081067_d2b4c98bce.jpg,375,500,0.75,RGB,82767
2277299634_e14bdb7ff7.jpg,500,325,1.538,RGB,85861
2278110011_ba846e7795.jpg,333,500,0.666,RGB,198269
2278766574_f71f1704a8.jpg,500,356,1.404,RGB,179530
2278776373_fe499a93be.jpg,500,376,1.33,RGB,147156
2279496715_8ef3ee6edb.jpg,500,417,1.199,RGB,179322
2279945145_8815c59217.jpg,500,333,1.502,RGB,149245
2279980395_989d48ae72.jpg,500,375,1.333,RGB,135425
2280354512_c0d035d53f.jpg,500,320,1.562,RGB,113597
2280525192_81911f2b00.jpg,500,375,1.333,RGB,231634
2281006675_fde04e93dd.jpg,500,348,1.437,RGB,107414
2281054343_95d6d3b882.jpg,500,320,1.562,RGB,75795
2281075738_230892b241.jpg,500,203,2.463,RGB,110225
2281768510_9cc5728c55.jpg,500,333,1.502,RGB,101385
2282043629_91b7831352.jpg,500,375,1.333,RGB,158449
2282260240_55387258de.jpg,357,500,0.714,RGB,130314
2282522980_45cfa8e0cf.jpg,500,400,1.25,RGB,185463
2282600972_c22d1e03c7.jpg,500,333,1.502,RGB,84959
2282895743_f803f1cf01.jpg,238,500,0.476,RGB,85803
2283966256_70317e1759.jpg,500,375,1.333,RGB,140092
2284239186_c827f4defa.jpg,500,332,1.506,RGB,132703
2284894733_b710b9b106.jpg,354,500,0.708,RGB,166717
2285152690_3fb93f65f1.jpg,500,333,1.502,RGB,119552
2285570521_05015cbf4b.jpg,375,500,0.75,RGB,125472
2285741931_07159a21f2.jpg,500,306,1.634,RGB,60986
2286032269_8ba929709c.jpg,500,375,1.333,RGB,118475
2286235203_af3cd8f243.jpg,500,333,1.502,RGB,66669
2286236765_2a63eeb550.jpg,500,333,1.502,RGB,100453
2286239223_d84ffc4e4a.jpg,500,288,1.736,RGB,118471
2286270205_16038dec5a.jpg,500,324,1.543,RGB,99375
2286823363_7d554ea740.jpg,500,333,1.502,RGB,70349
2287023569_fd7a9c60b8.jpg,354,500,0.708,RGB,154329
2287887341_663bfa15af.jpg,500,375,1.333,RGB,125840
2288099178_41091aa00c.jpg,333,500,0.666,RGB,125369
2288315705_5f4c37d932.jpg,365,500,0.73,RGB,124713
2288530008_4ebcee2174.jpg,334,500,0.668,RGB,82762
2289068031_fe26990183.jpg,375,500,0.75,RGB,126597
2289096282_4ef120f189.jpg,500,368,1.359,RGB,246960
2289212650_69de7a20b2.jpg,500,489,1.022,RGB,149708
228949397_9e63bfa775.jpg,477,500,0.954,RGB,293293
2290330500_e7bdaa58e1.jpg,500,332,1.506,RGB,109601
2290589734_b588471345.jpg,500,400,1.25,RGB,113026
2291485126_b8d41a63f4.jpg,333,500,0.666,RGB,136634
2291511815_ac083fddbd.jpg,500,333,1.502,RGB,83437
2292406847_f366350600.jpg,500,375,1.333,RGB,175983
2293149170_38fb2257ea.jpg,500,333,1.502,RGB,169956
2293424366_7b5fcd2398.jpg,333,500,0.666,RGB,108128
2294516804_11e255807a.jpg,500,375,1.333,RGB,109477
2294598473_40637b5c04.jpg,400,500,0.8,RGB,97459
2294688426_96c8614f1d.jpg,338,500,0.676,RGB,81121
2295216243_0712928988.jpg,500,375,1.333,RGB,119177
2295447147_458cfea65a.jpg,500,357,1.401,RGB,122939
2295750198_6d152d7ceb.jpg,270,360,0.75,RGB,78240
2295894587_2fd8faf550.jpg,500,332,1.506,RGB,72024
2296166785_292a4e9f4c.jpg,500,334,1.497,RGB,119813
2297471897_3419605c16.jpg,491,500,0.982,RGB,186180
2297744130_f571f3a239.jpg,375,500,0.75,RGB,127699
2298077331_f9a1488067.jpg,375,500,0.75,RGB,191695
2298097636_c5de0079de.jpg,500,375,1.333,RGB,175319
2298283771_fb21a4217e.jpg,500,334,1.497,RGB,100201
229862312_1a0ba19dab.jpg,500,375,1.333,RGB,202319
2298661279_016d87ba2f.jpg,500,399,1.253,RGB,136805
2298946012_22de913532.jpg,500,375,1.333,RGB,159311
2299427360_422a3fb8b0.jpg,500,375,1.333,RGB,155152
229951087_4c20600c32.jpg,500,331,1.511,RGB,96913
229954612_a4438297ee.jpg,500,332,1.506,RGB,146976
229978782_3c690f5a0e.jpg,329,500,0.658,RGB,112285
2299859649_07ca44a222.jpg,500,375,1.333,RGB,127793
230016181_0c52b95304.jpg,500,375,1.333,RGB,130682
2300168895_a9b83e16fc.jpg,500,309,1.618,RGB,160676
2300229745_af7a20c959.jpg,412,500,0.824,RGB,170365
2300920203_f29260b1db.jpg,500,354,1.412,RGB,114586
2301379282_5fbcf230d1.jpg,375,500,0.75,RGB,109617
2301525531_edde12d673.jpg,500,333,1.502,RGB,158139
2301867590_98c0ecb0cb.jpg,500,240,2.083,RGB,94115
2302516347_26054442f9.jpg,500,375,1.333,RGB,120074
2302747917_aa0300eb68.jpg,500,362,1.381,RGB,81157
2303016989_0deb96c8d9.jpg,500,354,1.412,RGB,120956
2303356248_65dd6aba6f.jpg,333,500,0.666,RGB,125312
2303426046_09cfd7bc4e.jpg,336,500,0.672,RGB,147983
2303951441_3c8080907a.jpg,500,352,1.42,RGB,208579
2304374703_555195d8d5.jpg,500,310,1.613,RGB,100763
2304444199_05386d2e9c.jpg,333,500,0.666,RGB,118816
2305437797_e6c3460190.jpg,500,375,1.333,RGB,113129
2306186887_0bd8ed3792.jpg,500,500,1.0,RGB,250833
2306674172_dc07c7f847.jpg,500,333,1.502,RGB,108194
2307118114_c258e3a47e.jpg,333,500,0.666,RGB,87320
2307451605_22e9c06530.jpg,500,375,1.333,RGB,157616
2307807200_91fa29cba1.jpg,408,500,0.816,RGB,135441
2308108566_2cba6bca53.jpg,500,333,1.502,RGB,150585
2308256827_3c0a7d514d.jpg,500,373,1.34,RGB,243892
2308271254_27fb466eb4.jpg,490,500,0.98,RGB,159131
2308978137_bfe776d541.jpg,482,242,1.992,RGB,56455
2309327462_82a24538d4.jpg,500,349,1.433,RGB,130662
2309860995_c2e2a0feeb.jpg,315,500,0.63,RGB,91336
2310108346_e82d209ccd.jpg,500,326,1.534,RGB,124412
2310126952_7dc86d88f6.jpg,500,275,1.818,RGB,73191
2310233145_910cb5b4c8.jpg,500,375,1.333,RGB,169965
2311690895_0d6efe11c8.jpg,500,396,1.263,RGB,109720
2312731013_1a3a8e25c6.jpg,383,500,0.766,RGB,119158
2312746782_4528a5b818.jpg,500,375,1.333,RGB,191237
2312747482_20a81b2230.jpg,500,375,1.333,RGB,203485
2312984882_bec7849e09.jpg,500,355,1.408,RGB,159532
2313230479_13f87c6bf3.jpg,500,354,1.412,RGB,131906
2313822078_282dc07531.jpg,500,333,1.502,RGB,143279
2314722788_6262c3aa40.jpg,500,309,1.618,RGB,185748
2314732154_83bc7f7314.jpg,500,322,1.553,RGB,219223
2315418282_80bd0bb1c0.jpg,500,349,1.433,RGB,113733
2315807231_6948b3f3a5.jpg,500,333,1.502,RGB,153230
2315867011_fc5fc9fa6d.jpg,333,500,0.666,RGB,72600
2316097768_ef662f444b.jpg,375,500,0.75,RGB,143277
2317714088_bcd081f926.jpg,500,375,1.333,RGB,113556
2318502106_33f2e4b4fc.jpg,500,332,1.506,RGB,102223
2318659263_c24005a5cb.jpg,500,333,1.502,RGB,67963
2318721455_80c6644441.jpg,333,500,0.666,RGB,112749
2319087586_919472310f.jpg,500,326,1.534,RGB,113234
2319175397_3e586cfaf8.jpg,500,333,1.502,RGB,85463
2319197581_94f807b204.jpg,500,333,1.502,RGB,137596
2319808437_bbbdc317c0.jpg,500,375,1.333,RGB,190471
2320125735_27fe729948.jpg,500,375,1.333,RGB,186174
2321466753_5606a10721.jpg,500,406,1.232,RGB,86638
2321865325_79b0954a5d.jpg,500,416,1.202,RGB,162194
232193739_ed5f348c7a.jpg,333,500,0.666,RGB,134608
2322327298_7948338390.jpg,500,344,1.453,RGB,175401
2322334640_d4d22619ff.jpg,375,500,0.75,RGB,209008
2322593776_e6aaf69e80.jpg,500,375,1.333,RGB,68537
2322601965_748d59dc57.jpg,500,347,1.441,RGB,202037
2324779494_5e72d29171.jpg,500,493,1.014,RGB,111464
2324917982_f3db8c11e9.jpg,500,375,1.333,RGB,145190
2324979199_4193ef7537.jpg,500,341,1.466,RGB,80083
2325258180_6217dd17eb.jpg,500,379,1.319,RGB,141685
2325386353_1f1a05e1ce.jpg,500,335,1.493,RGB,90320
2325816912_b3bb41cdbb.jpg,500,333,1.502,RGB,59827
2326730558_75c20e5033.jpg,333,500,0.666,RGB,168208
2326879311_555ebef188.jpg,500,333,1.502,RGB,137860
2327088022_478dbd2c17.jpg,334,500,0.668,RGB,74053
2327240505_e73cc73246.jpg,500,333,1.502,RGB,121932
2328104318_5a43ca170c.jpg,500,400,1.25,RGB,144154
2328106090_b7c2725501.jpg,500,400,1.25,RGB,154409
2328616978_fb21be2b87.jpg,500,366,1.366,RGB,128019
232874193_c691df882d.jpg,500,375,1.333,RGB,115692
2330062180_355ccbceb5.jpg,500,332,1.506,RGB,113922
2330536645_2d36b516e1.jpg,500,281,1.779,RGB,149435
2330843604_b8d75d6ac7.jpg,333,500,0.666,RGB,128146
2331510788_986809bbb4.jpg,500,373,1.34,RGB,111460
233242340_09963100a3.jpg,500,340,1.471,RGB,148938
2332540384_4cf26406a9.jpg,464,500,0.928,RGB,106094
233270519_d60d4518fa.jpg,375,500,0.75,RGB,123747
2332986053_864db84971.jpg,333,500,0.666,RGB,90740
233327292_3bcbc3783f.jpg,500,386,1.295,RGB,193169
2333288869_8c01e4c859.jpg,500,333,1.502,RGB,128443
2333584535_1eaf9baf3e.jpg,500,333,1.502,RGB,104107
233361142_d9d5f0cae9.jpg,375,500,0.75,RGB,162763
2333816000_7105d0ffac.jpg,334,500,0.668,RGB,165994
2335428699_4eba9b6245.jpg,500,333,1.502,RGB,168747
2335619125_2e2034f2c3.jpg,333,500,0.666,RGB,63908
2335634931_7e9e8c2959.jpg,259,300,0.863,RGB,34696
2337377811_8c81b40a64.jpg,500,375,1.333,RGB,152844
2337757064_08c4033824.jpg,500,333,1.502,RGB,125533
2337809114_899ba61330.jpg,500,375,1.333,RGB,144871
2337919839_df83827fa0.jpg,500,424,1.179,RGB,227112
2338627102_6708a9b4fd.jpg,500,334,1.497,RGB,101742
2339106348_2df90aa6a9.jpg,500,334,1.497,RGB,97584
2339140905_9f625f140a.jpg,325,500,0.65,RGB,83133
2339516180_12493e8ecf.jpg,359,500,0.718,RGB,123084
2339573065_91f1e3be60.jpg,500,261,1.916,RGB,55514
2339946012_06bd480ab8.jpg,500,375,1.333,RGB,186516
2340206885_58754a799a.jpg,500,281,1.779,RGB,128150
2340919359_f56787d307.jpg,500,333,1.502,RGB,123093
2341254813_c53a5ef27a.jpg,333,500,0.666,RGB,108055
234241682_51d9fabb27.jpg,500,301,1.661,RGB,74691
2342478660_faef1afea8.jpg,375,500,0.75,RGB,128246
2343525685_3eba3b6686.jpg,500,333,1.502,RGB,128916
2343879696_59a82f496f.jpg,358,500,0.716,RGB,158777
2344412916_9a5a9b1c82.jpg,500,375,1.333,RGB,156714
23445819_3a458716c1.jpg,400,317,1.262,RGB,53698
2344699642_4fae2f4e07.jpg,500,349,1.433,RGB,124898
2344875609_8e172d682b.jpg,324,500,0.648,RGB,89430
2344898759_5674382bcd.jpg,500,383,1.305,RGB,136966
2345984157_724823b1e4.jpg,500,500,1.0,RGB,286345
2346189044_546ed84aa9.jpg,500,424,1.179,RGB,114880
2346401538_f5e8da66fc.jpg,500,322,1.553,RGB,117780
2346402952_e47d0065b6.jpg,500,314,1.592,RGB,102939
2346523971_d3f1e12ce4.jpg,500,443,1.129,RGB,184709
2346629210_8d6668d22d.jpg,367,500,0.734,RGB,114023
2346772831_b2748ba1f0.jpg,335,500,0.67,RGB,155961
2347921097_f2e35753c0.jpg,500,317,1.577,RGB,101160
2348491126_30db0d46ef.jpg,500,333,1.502,RGB,124752
2348924378_47e556d81a.jpg,500,333,1.502,RGB,118599
2350400382_ced2b6c91e.jpg,500,381,1.312,RGB,134731
235065283_1f9a3c79db.jpg,500,375,1.333,RGB,60511
235074044_c1358888ed.jpg,500,375,1.333,RGB,169506
2351479551_e8820a1ff3.jpg,500,319,1.567,RGB,111121
2351762979_0941aecced.jpg,334,500,0.668,RGB,210646
2352414953_10f3cd0f1f.jpg,500,400,1.25,RGB,110386
2353088412_5e5804c6f5.jpg,500,333,1.502,RGB,128461
2353102255_67d9d2e40a.jpg,500,400,1.25,RGB,159469
2353119813_685bace18e.jpg,500,333,1.502,RGB,138752
2354064281_10afa38206.jpg,500,324,1.543,RGB,177953
2354456107_bf5c766a05.jpg,500,333,1.502,RGB,195891
2354540393_a149722680.jpg,333,500,0.666,RGB,95792
2354792215_eef2bdc753.jpg,500,334,1.497,RGB,126255
2354829523_9542fc74ba.jpg,500,246,2.033,RGB,75646
2355093195_87fb7f82cb.jpg,500,334,1.497,RGB,128490
2355578735_286af5b202.jpg,500,375,1.333,RGB,119151
2355763034_9fb61a8165.jpg,382,500,0.764,RGB,115623
2355819665_39021ff642.jpg,500,333,1.502,RGB,157904
2355880294_8f78a6fea6.jpg,500,334,1.497,RGB,143914
2356574282_5078f08b58.jpg,500,334,1.497,RGB,87890
2356664078_4b1e6e465d.jpg,500,375,1.333,RGB,216338
2358447641_10f1e9d21f.jpg,500,317,1.577,RGB,100075
2358554995_54ed3baa83.jpg,375,500,0.75,RGB,95075
2358561039_e215a8d6cd.jpg,332,500,0.664,RGB,94914
2358898017_24496b80e8.jpg,500,391,1.279,RGB,124657
2359784186_36c9746d02.jpg,500,333,1.502,RGB,186553
2360194369_d2fd03b337.jpg,500,375,1.333,RGB,120069
236095031_5cb17dc54a.jpg,351,500,0.702,RGB,137395
236095034_c983bdfbbf.jpg,500,369,1.355,RGB,162566
236144859_52f9e38885.jpg,500,375,1.333,RGB,72781
2362377137_9528692825.jpg,500,375,1.333,RGB,162528
2362481035_a7600875d0.jpg,375,500,0.75,RGB,143210
2363006088_b3e3aa5c0b.jpg,500,362,1.381,RGB,216246
2363100645_c3423a0433.jpg,500,375,1.333,RGB,109420
2363419943_717e6b119d.jpg,333,500,0.666,RGB,143691
2363540508_9dd1ccf7c7.jpg,500,333,1.502,RGB,97330
2364096157_eb7970a69a.jpg,500,304,1.645,RGB,97804
2364394224_c17b09e035.jpg,500,403,1.241,RGB,274572
236474697_0c73dd5d8b.jpg,500,333,1.502,RGB,118707
236476706_175081ce18.jpg,500,500,1.0,RGB,162302
2364774105_fbaf0c191f.jpg,375,500,0.75,RGB,170368
236518934_c62a133077.jpg,375,500,0.75,RGB,114147
2366421102_2d60d53a0e.jpg,500,500,1.0,RGB,216843
2366643786_9c9a830db8.jpg,500,375,1.333,RGB,142679
2367139509_1ee4530b28.jpg,375,500,0.75,RGB,226936
236730743_0d4fd8de5a.jpg,350,500,0.7,RGB,112759
2367317953_503317493e.jpg,420,500,0.84,RGB,114615
2367318629_b60cf4c4b3.jpg,500,224,2.232,RGB,64560
2367816288_7c2d11d3c5.jpg,357,500,0.714,RGB,120931
2368266191_87d77750f1.jpg,333,500,0.666,RGB,173200
2369248869_0266760c4a.jpg,373,500,0.746,RGB,154723
2369452202_8b0e8e25ca.jpg,500,336,1.488,RGB,86487
2369840118_a1c4240ab7.jpg,500,333,1.502,RGB,113973
2370221025_be4d9a4431.jpg,375,500,0.75,RGB,172330
2370481277_a3085614c9.jpg,500,332,1.506,RGB,187176
2371749487_d80195a2e7.jpg,500,333,1.502,RGB,171533
2371809188_b805497cba.jpg,375,500,0.75,RGB,125027
2372572028_53b76104a9.jpg,386,500,0.772,RGB,175436
2372763106_ddea79d36e.jpg,500,332,1.506,RGB,93012
237277765_9e6fa5b99a.jpg,500,333,1.502,RGB,125763
2373234213_4ebe9c4ee5.jpg,420,500,0.84,RGB,159197
2374179071_af22170d62.jpg,500,281,1.779,RGB,99857
2374247382_023a86b9ca.jpg,331,500,0.662,RGB,110630
2374570771_c395fc224a.jpg,500,333,1.502,RGB,138908
2374652725_32f90fa15c.jpg,500,375,1.333,RGB,109776
237547381_aa17c805e0.jpg,500,375,1.333,RGB,180248
2375924666_fee50f1cba.jpg,500,333,1.502,RGB,118072
2376694294_9a4ecc3b90.jpg,500,333,1.502,RGB,113895
2376878930_dd3e7cc544.jpg,500,332,1.506,RGB,92580
2377460540_8cfb62463a.jpg,376,500,0.752,RGB,156301
2378127945_8dc9da82d7.jpg,375,500,0.75,RGB,95879
2378149488_648e5deeac.jpg,449,500,0.898,RGB,164684
2378356400_f6bde5d9b3.jpg,500,353,1.416,RGB,139825
2379150102_157d718d1d.jpg,500,333,1.502,RGB,124688
237953705_cfe6999307.jpg,500,333,1.502,RGB,148461
2380464803_a64f05bfa9.jpg,333,500,0.666,RGB,84173
2380740486_8cd5d4601a.jpg,299,268,1.116,RGB,37577
2380765956_6313d8cae3.jpg,283,232,1.22,RGB,36944
2381102729_12fc4d4c76.jpg,375,500,0.75,RGB,131284
2381583688_a6dd0a7279.jpg,500,361,1.385,RGB,108958
2381613738_d8d2012e3c.jpg,500,483,1.035,RGB,141877
2382411771_a16145f345.jpg,500,333,1.502,RGB,170164
2384147448_c1869070d3.jpg,333,500,0.666,RGB,234973
2384353160_f395e9a54b.jpg,333,500,0.666,RGB,79495
2384401298_e389c01abc.jpg,500,375,1.333,RGB,169204
2384550175_e421d3a871.jpg,333,500,0.666,RGB,208190
2384626662_67cdd87694.jpg,500,375,1.333,RGB,138465
2384728877_48c85d58af.jpg,375,500,0.75,RGB,153180
238512430_30dc12b683.jpg,500,335,1.493,RGB,101173
2385146732_d1c67c790e.jpg,500,421,1.188,RGB,171170
2385744837_8780f6731a.jpg,368,500,0.736,RGB,118824
2385871165_9438c9fe84.jpg,500,331,1.511,RGB,81806
2385871317_44cde2f354.jpg,500,331,1.511,RGB,85025
2387197355_237f6f41ee.jpg,500,375,1.333,RGB,100104
2389107995_ec756f3514.jpg,500,365,1.37,RGB,190137
2390369143_6523253a73.jpg,500,332,1.506,RGB,91863
2390778197_4d9d03d4b9.jpg,500,375,1.333,RGB,128441
2391269207_d1d2615b1d.jpg,500,333,1.502,RGB,118284
2391812384_7429b5e567.jpg,500,474,1.055,RGB,226606
2392460773_2aa01eb340.jpg,500,332,1.506,RGB,88922
2392625002_83a5a0978f.jpg,500,357,1.401,RGB,125111
2393196444_8f4f540f5f.jpg,375,500,0.75,RGB,151603
2393264648_a280744f97.jpg,500,187,2.674,RGB,57758
2393298349_e659308218.jpg,500,349,1.433,RGB,165210
2393410666_b8c20fff61.jpg,500,315,1.587,RGB,98559
2393911878_68afe6e6c1.jpg,375,500,0.75,RGB,84165
2393924525_1bf45ca217.jpg,500,400,1.25,RGB,138690
2393971707_bce01ae754.jpg,500,333,1.502,RGB,143476
2394003437_184a838aa9.jpg,375,500,0.75,RGB,160295
2394267183_735d2dc868.jpg,500,375,1.333,RGB,180222
239453674_0df7767208.jpg,315,500,0.63,RGB,96102
2394763838_99d1435b85.jpg,500,281,1.779,RGB,92480
2394824046_51cec8e5e7.jpg,333,500,0.666,RGB,127073
2394857899_76bfdf720b.jpg,461,500,0.922,RGB,186312
2394919002_ed7527ff93.jpg,500,333,1.502,RGB,191702
2394922193_310166d6af.jpg,500,362,1.381,RGB,142765
2395967330_7e6ea404f6.jpg,319,500,0.638,RGB,96804
2396025708_e4a72e2558.jpg,500,334,1.497,RGB,148599
2396100671_3a9d67f03d.jpg,500,333,1.502,RGB,106805
2396669903_5217a83641.jpg,500,333,1.502,RGB,112845
2396691909_6b8c2f7c44.jpg,500,334,1.497,RGB,82250
2396746868_0727e06983.jpg,335,500,0.67,RGB,198988
239807547_4923efc821.jpg,500,375,1.333,RGB,182951
2398605966_1d0c9e6a20.jpg,500,333,1.502,RGB,63131
2399114095_c3196ff456.jpg,500,333,1.502,RGB,103709
2399219552_bbba0a9a59.jpg,500,335,1.493,RGB,142079
2399551242_c62a46dd5f.jpg,375,500,0.75,RGB,228303
2400958566_4e09424046.jpg,333,500,0.666,RGB,124054
2402462857_7684848704.jpg,500,356,1.404,RGB,240611
2402744031_11f9f2f2b8.jpg,347,500,0.694,RGB,146909
2402793046_3385554e81.jpg,500,333,1.502,RGB,98401
2403078014_4b1d6f8bde.jpg,375,500,0.75,RGB,144620
2403376030_903521c371.jpg,500,356,1.404,RGB,159077
2403544744_cba152f5c1.jpg,500,333,1.502,RGB,153931
2404488732_ca1bbdacc2.jpg,357,500,0.714,RGB,181149
2404520067_87798dbaee.jpg,500,286,1.748,RGB,145317
2404692474_37da774368.jpg,500,334,1.497,RGB,102723
2405599120_ec5f32af6f.jpg,500,313,1.597,RGB,95492
240583223_e26e17ee96.jpg,383,500,0.766,RGB,132568
2405978603_6221b0c2e7.jpg,500,333,1.502,RGB,84193
2406591500_403f145905.jpg,500,333,1.502,RGB,162249
240696675_7d05193aa0.jpg,500,372,1.344,RGB,169195
2407091303_931c918490.jpg,333,500,0.666,RGB,113672
2407470303_6fd5e3600d.jpg,500,375,1.333,RGB,103311
2409312675_7755a7b816.jpg,459,500,0.918,RGB,209803
2409597310_958f5d8aff.jpg,500,334,1.497,RGB,133718
2410040397_1a161a1146.jpg,500,358,1.397,RGB,145982
2410153942_ba4a136358.jpg,436,500,0.872,RGB,190812
241031254_0c6f30e3d1.jpg,334,500,0.668,RGB,241813
241031670_e60f59b8e4.jpg,500,333,1.502,RGB,140991
2410320522_d967f0b75c.jpg,500,333,1.502,RGB,143322
2410399168_1462c422d4.jpg,500,332,1.506,RGB,99476
241046599_28b0ca7b9f.jpg,500,357,1.401,RGB,156336
2410562803_56ec09f41c.jpg,500,375,1.333,RGB,148335
2410618963_fb78307d18.jpg,333,500,0.666,RGB,161234
241109594_3cb90fe2a3.jpg,500,338,1.479,RGB,101337
2411824767_4eb1fae823.jpg,500,341,1.466,RGB,122865
2412390588_a89cab30f4.jpg,500,325,1.538,RGB,168029
241345323_f53eb5eec4.jpg,500,333,1.502,RGB,124455
241345427_ece0d186c2.jpg,500,333,1.502,RGB,113914
241345446_2e47ae8ddc.jpg,333,500,0.666,RGB,71877
241345522_c3c266a02a.jpg,500,333,1.502,RGB,146360
241345533_99c731403a.jpg,333,500,0.666,RGB,81014
241345596_91e0e2daf5.jpg,500,333,1.502,RGB,162620
241345639_1556a883b1.jpg,500,333,1.502,RGB,144355
241345656_861aacefde.jpg,333,500,0.666,RGB,107148
241345721_3f3724a7fc.jpg,500,333,1.502,RGB,123462
241345770_9f8aa6723c.jpg,500,333,1.502,RGB,131305
241345811_46b5f157d4.jpg,333,500,0.666,RGB,89037
241345844_69e1c22464.jpg,500,333,1.502,RGB,127649
241345864_138471c9ea.jpg,333,500,0.666,RGB,97591
241345905_5826a72da1.jpg,500,333,1.502,RGB,110153
241345942_ea76966542.jpg,500,333,1.502,RGB,100809
241345981_1ef4f8109c.jpg,500,333,1.502,RGB,105753
241346105_c1c860db0d.jpg,500,333,1.502,RGB,147672
241346146_f27759296d.jpg,500,333,1.502,RGB,103723
241346215_037e18403a.jpg,500,333,1.502,RGB,106396
241346260_f50d57b517.jpg,500,333,1.502,RGB,149625
241346317_be3f07bd2e.jpg,500,333,1.502,RGB,189372
241346352_c5a0ea43c6.jpg,500,333,1.502,RGB,137679
241346402_5c070a0c6d.jpg,500,333,1.502,RGB,80431
241346434_0527ea1c07.jpg,500,333,1.502,RGB,103937
241346471_c756a8f139.jpg,500,333,1.502,RGB,123271
241346508_0b3907a95b.jpg,500,333,1.502,RGB,126945
241346580_b3c035d65c.jpg,500,333,1.502,RGB,131168
241346709_23204cc2bc.jpg,500,333,1.502,RGB,116326
241346794_4319f8af67.jpg,500,333,1.502,RGB,122416
241346885_f519ece460.jpg,500,333,1.502,RGB,134312
241346923_18bd84bea4.jpg,500,333,1.502,RGB,151750
241346971_c100650320.jpg,500,333,1.502,RGB,139930
241347067_e58d05dbdc.jpg,500,333,1.502,RGB,111972
241347114_6273736da8.jpg,500,333,1.502,RGB,108985
241347150_5ff37818c2.jpg,500,333,1.502,RGB,124524
241347204_007d83e252.jpg,500,333,1.502,RGB,161516
241347214_5f19e7998c.jpg,333,500,0.666,RGB,112487
241347243_c751557497.jpg,500,333,1.502,RGB,107454
241347271_a39a5a0070.jpg,500,333,1.502,RGB,98453
241347300_7c84ecf764.jpg,333,500,0.666,RGB,123313
241347356_8a515555fd.jpg,500,333,1.502,RGB,185234
241347391_4fcd4639f4.jpg,500,333,1.502,RGB,116310
241347441_d3dd9b129f.jpg,500,333,1.502,RGB,92915
241347460_81d5d62bf6.jpg,333,500,0.666,RGB,102625
241347496_1a35fec8dc.jpg,333,500,0.666,RGB,103063
241347547_902725b9f8.jpg,333,500,0.666,RGB,95023
241347580_a1e20321d3.jpg,500,333,1.502,RGB,105335
241347611_cb265be138.jpg,333,500,0.666,RGB,86084
241347635_e691395c2f.jpg,333,500,0.666,RGB,97521
241347664_4a3e7e5be7.jpg,333,500,0.666,RGB,90448
241347689_d0b1ac297d.jpg,333,500,0.666,RGB,91001
241347700_ef2451d256.jpg,333,500,0.666,RGB,69276
241347760_d44c8d3a01.jpg,333,500,0.666,RGB,83434
241347803_afb04b12c4.jpg,333,500,0.666,RGB,90551
241347823_6b25c3e58e.jpg,333,500,0.666,RGB,92761
241374292_11e3198daa.jpg,500,355,1.408,RGB,182284
2414352262_005ae90407.jpg,500,370,1.351,RGB,173388
2414384480_096867d695.jpg,500,333,1.502,RGB,107868
2414390475_28a0107bb0.jpg,334,500,0.668,RGB,118981
2414397449_2ac3b78e0d.jpg,500,354,1.412,RGB,122117
2414710960_a4cde4af60.jpg,500,333,1.502,RGB,152300
2414986483_004936f84b.jpg,375,500,0.75,RGB,166857
2415265825_fbfe0c8556.jpg,500,333,1.502,RGB,101798
2415803492_56a673dc25.jpg,375,500,0.75,RGB,185544
2416964653_db3c2b6a0e.jpg,500,375,1.333,RGB,189888
2417341107_97dbab9c5e.jpg,500,333,1.502,RGB,79161
2417623030_afdc1024b5.jpg,500,375,1.333,RGB,125275
2417745327_a2c2705043.jpg,500,333,1.502,RGB,123007
2418191216_82711d5c5c.jpg,500,333,1.502,RGB,96475
2419186511_f0ce5f9685.jpg,334,500,0.668,RGB,63269
2419221084_01a14176b4.jpg,500,375,1.333,RGB,146801
2419591925_1038c6c570.jpg,334,500,0.668,RGB,107626
2419797375_553f867472.jpg,500,335,1.493,RGB,82984
2420546021_4a59790da6.jpg,335,500,0.67,RGB,168507
242064301_a9d12f1754.jpg,500,460,1.087,RGB,128516
2420696992_22e0dd467d.jpg,375,500,0.75,RGB,142581
2420730259_86e7f8a815.jpg,335,500,0.67,RGB,105324
242109387_e497277e07.jpg,500,375,1.333,RGB,188429
2421446839_fe7d46c177.jpg,500,354,1.412,RGB,112241
2422018883_336519b5c6.jpg,375,500,0.75,RGB,80360
2422302286_385725e3cf.jpg,362,500,0.724,RGB,99766
2422482455_b98d9c2120.jpg,500,327,1.529,RGB,149187
2423085253_6c19149855.jpg,333,500,0.666,RGB,144534
2423138514_950f79e432.jpg,500,400,1.25,RGB,102962
242324909_06d5a6c44b.jpg,333,500,0.666,RGB,162970
2423292784_166ee54e0b.jpg,500,375,1.333,RGB,104495
2423550887_ffc9bbcf71.jpg,375,500,0.75,RGB,117168
2423856014_8df0e7f656.jpg,500,333,1.502,RGB,132475
2423894412_d952d5d103.jpg,500,333,1.502,RGB,165621
2424111022_4e332b8aee.jpg,500,375,1.333,RGB,193859
2424398046_1a55c71376.jpg,333,500,0.666,RGB,116938
2424976964_98f58a0618.jpg,500,281,1.779,RGB,132573
2425262733_afe0718276.jpg,333,500,0.666,RGB,106909
242558556_12f4d1cabc.jpg,331,500,0.662,RGB,72556
242559369_9ae90ed0b4.jpg,331,500,0.662,RGB,97514
2426215757_e008a91fcb.jpg,333,500,0.666,RGB,120594
2426303900_0a8d52eb14.jpg,500,500,1.0,RGB,207496
2426724282_237bca30b5.jpg,500,354,1.412,RGB,80642
2426781076_e3f4d2685c.jpg,500,375,1.333,RGB,80917
2426828433_ce894d1c54.jpg,500,366,1.366,RGB,178709
2427490900_5b7a8874b9.jpg,381,500,0.762,RGB,152759
2427558437_3e839056d7.jpg,500,333,1.502,RGB,172758
2428086758_bce4733f7e.jpg,500,302,1.656,RGB,158464
2428094795_d3a8f46046.jpg,500,375,1.333,RGB,88556
2428275562_4bde2bc5ea.jpg,500,480,1.042,RGB,203242
2428751994_88a6808246.jpg,500,376,1.33,RGB,125977
2428797297_7fc3c862db.jpg,500,333,1.502,RGB,122625
2428959030_bdffc2812e.jpg,333,500,0.666,RGB,129005
2429212017_77fc107699.jpg,375,500,0.75,RGB,237340
2429272699_8a9699775e.jpg,500,435,1.149,RGB,123304
2429729667_42effc165d.jpg,440,500,0.88,RGB,163877
2429978680_1e18a13835.jpg,500,332,1.506,RGB,134990
2430860418_fd0726f414.jpg,500,336,1.488,RGB,73445
2431120202_b24fe2333a.jpg,500,375,1.333,RGB,123814
2431470169_0eeba7d602.jpg,500,400,1.25,RGB,167294
2431723485_bc6b8e6418.jpg,500,334,1.497,RGB,115185
2431832075_00aa1a4457.jpg,395,500,0.79,RGB,175537
2432038587_5e4148e277.jpg,500,375,1.333,RGB,214196
2432061076_0955d52854.jpg,500,312,1.603,RGB,130072
2432709509_2a4d0c833f.jpg,319,480,0.665,RGB,70000
2433175169_da939372f2.jpg,334,500,0.668,RGB,77937
2434006663_207a284cec.jpg,500,298,1.678,RGB,122634
2434074318_e35a567220.jpg,500,333,1.502,RGB,110505
2435166927_28b8130660.jpg,500,500,1.0,RGB,154663
2435685480_a79d42e564.jpg,334,500,0.668,RGB,111272
2436081047_bca044c1d3.jpg,500,357,1.401,RGB,187125
2436160351_108924a65b.jpg,425,425,1.0,RGB,123012
2436398074_8737f40869.jpg,500,375,1.333,RGB,234525
2437266971_b91a8f9a00.jpg,433,500,0.866,RGB,183143
2438085746_588dce8724.jpg,354,500,0.708,RGB,131073
2439031566_2e0c0d3550.jpg,500,460,1.087,RGB,198444
2439154641_bbf985aa57.jpg,500,333,1.502,RGB,58781
2439384468_58934deab6.jpg,500,214,2.336,RGB,98769
2439813616_c9ac54cc9f.jpg,333,500,0.666,RGB,122361
2441313372_6a1d59582b.jpg,375,500,0.75,RGB,130717
2441354291_b32e00e5a6.jpg,352,500,0.704,RGB,122708
2441629086_52f68eb316.jpg,500,335,1.493,RGB,147585
2441815792_43565b1312.jpg,500,400,1.25,RGB,138766
2442243868_abe8f74fb4.jpg,500,333,1.502,RGB,106304
2443229844_277cded27d.jpg,500,333,1.502,RGB,118462
2443380641_7b38d18f5b.jpg,500,308,1.623,RGB,140243
2443512473_6f5a22eb42.jpg,500,441,1.134,RGB,156942
244368383_e90b6b2f20.jpg,500,375,1.333,RGB,197902
244399048_8332bb3270.jpg,375,500,0.75,RGB,82149
2444134813_20895c640c.jpg,500,344,1.453,RGB,107612
2444339090_bf7b3211f4.jpg,500,339,1.475,RGB,124524
244443352_d7636e1253.jpg,500,332,1.506,RGB,72510
2444741900_5cb3ef3e1d.jpg,500,313,1.597,RGB,130072
2444821454_22a346c996.jpg,500,335,1.493,RGB,129783
2444935470_7b0226b756.jpg,275,500,0.55,RGB,168249
2445283938_ff477c7952.jpg,500,333,1.502,RGB,113168
2445442929_8c81d42460.jpg,500,373,1.34,RGB,124155
2445654384_4ee3e486e1.jpg,500,375,1.333,RGB,119693
244571201_0339d8e8d1.jpg,500,403,1.241,RGB,145248
2445783904_e6c38a3a3d.jpg,500,378,1.323,RGB,181757
2446315531_7c9704eec0.jpg,500,334,1.497,RGB,123465
2446601467_a35841cb1d.jpg,500,291,1.718,RGB,47476
2447035752_415f4bb152.jpg,500,337,1.484,RGB,139708
2447284966_d6bbdb4b6e.jpg,500,333,1.502,RGB,185974
2447289477_e888df561d.jpg,500,372,1.344,RGB,121571
244760289_f4467b2b67.jpg,500,375,1.333,RGB,111968
244760301_5809214866.jpg,500,375,1.333,RGB,121943
244774022_a12c07afdb.jpg,500,283,1.767,RGB,92784
2447972568_1e9b287691.jpg,357,500,0.714,RGB,96375
2448210587_9fe7ea5f42.jpg,500,375,1.333,RGB,225707
2448270671_5e0e391a80.jpg,356,500,0.712,RGB,155197
2448393373_80c011d301.jpg,320,500,0.64,RGB,130862
244867897_d00369a779.jpg,500,375,1.333,RGB,153856
244870123_dcb6e53643.jpg,500,375,1.333,RGB,138588
2448793019_5881c025f9.jpg,375,500,0.75,RGB,140343
244910130_e1f823a28a.jpg,500,375,1.333,RGB,127590
244910177_7c4ec3f65b.jpg,500,494,1.012,RGB,161590
2449289139_08fc1092c1.jpg,500,375,1.333,RGB,241668
2449446913_28fa5b7c75.jpg,500,334,1.497,RGB,179820
2449518585_113dc4a8e5.jpg,333,500,0.666,RGB,117729
2449552677_ee78f01bae.jpg,500,377,1.326,RGB,144736
2450299735_62c095f40e.jpg,371,500,0.742,RGB,165976
2450453051_f1d4a78ab4.jpg,447,500,0.894,RGB,189319
2450486758_a66fd296ea.jpg,500,375,1.333,RGB,177332
2451114871_8617ae2f16.jpg,500,332,1.506,RGB,115383
2451285022_59255e7fd9.jpg,490,500,0.98,RGB,113017
2451988767_244bff98d1.jpg,447,500,0.894,RGB,199657
2452238877_2340609c6e.jpg,500,321,1.558,RGB,99075
2452334314_a7c443a787.jpg,500,334,1.497,RGB,179317
245252561_4f20f1c89e.jpg,500,332,1.506,RGB,87387
2452686995_621878f561.jpg,363,500,0.726,RGB,205486
2453318633_550228acd4.jpg,400,500,0.8,RGB,145259
2453891449_fedb277908.jpg,360,208,1.731,RGB,68855
2453971388_76616b6a82.jpg,500,375,1.333,RGB,153882
2453990033_df53f0d8c8.jpg,500,333,1.502,RGB,181637
245442617_407eba1e98.jpg,500,375,1.333,RGB,142566
2455286250_fb6a66175a.jpg,500,375,1.333,RGB,171016
2455528149_6c3477fd33.jpg,500,375,1.333,RGB,136957
2456030728_d3d147e774.jpg,500,334,1.497,RGB,89506
2456615908_59cdac6605.jpg,500,334,1.497,RGB,150008
2456907314_49bc4591c4.jpg,500,332,1.506,RGB,100197
2457052334_b5a1d99048.jpg,333,500,0.666,RGB,125794
2458006588_754c4aa09c.jpg,286,500,0.572,RGB,154560
2458033289_f0616879df.jpg,500,337,1.484,RGB,106646
2458269558_277012780d.jpg,500,333,1.502,RGB,140716
2458862292_466a920ee2.jpg,500,337,1.484,RGB,113844
245895500_a4eb97af02.jpg,500,333,1.502,RGB,122997
2460126267_0deea8b645.jpg,500,334,1.497,RGB,170105
2460134050_06de9f5c4a.jpg,500,456,1.096,RGB,167779
2460159430_71ab1aacfa.jpg,500,333,1.502,RGB,113070
246041128_bedb09ed74.jpg,296,500,0.592,RGB,93214
2460477085_088e25f857.jpg,500,335,1.493,RGB,124243
246055693_ccb69ac5c6.jpg,500,356,1.404,RGB,207205
2460797929_66446c13db.jpg,375,500,0.75,RGB,165593
2460799229_ce45a1d940.jpg,500,375,1.333,RGB,189774
2460823604_7f6f786b1c.jpg,500,379,1.319,RGB,148807
246094557_e174a5914f.jpg,354,500,0.708,RGB,193018
2461372011_ebbf513766.jpg,500,375,1.333,RGB,141803
2461616306_3ee7ac1b4b.jpg,367,500,0.734,RGB,134164
2461631708_decc5b8c87.jpg,500,375,1.333,RGB,169828
2461990494_c5ece064cc.jpg,500,323,1.548,RGB,101551
2462153092_e3f4d8f6a2.jpg,500,375,1.333,RGB,113968
246231741_882b45c4e1.jpg,500,375,1.333,RGB,163788
2462702522_1b25654762.jpg,333,500,0.666,RGB,96115
2463067409_78188c584c.jpg,500,404,1.238,RGB,171215
2464259416_238ef13a2e.jpg,500,375,1.333,RGB,181253
246508774_1e9885f1b7.jpg,375,500,0.75,RGB,150168
2465218087_fca77998c6.jpg,500,337,1.484,RGB,133873
2465441099_a1761a1757.jpg,500,375,1.333,RGB,137721
2465497494_43d74df57c.jpg,500,416,1.202,RGB,130404
2465691083_894fc48af6.jpg,500,375,1.333,RGB,151485
2466093839_33bbc8cbd9.jpg,500,333,1.502,RGB,82138
2466171100_5e60cfcc11.jpg,500,455,1.099,RGB,221441
2466171114_3fa51415a7.jpg,500,313,1.597,RGB,175257
2466420387_86fe77c966.jpg,500,333,1.502,RGB,107378
2466495935_623b144183.jpg,500,324,1.543,RGB,133104
2467803152_70eeca1334.jpg,500,375,1.333,RGB,210086
2467821766_0510c9a2d1.jpg,375,500,0.75,RGB,187034
2467850190_07a74d89b7.jpg,500,391,1.279,RGB,144135
2467853482_17009933e8.jpg,500,333,1.502,RGB,93808
2467856402_0490413d38.jpg,500,333,1.502,RGB,106499
246901891_4c4ea49c3a.jpg,375,500,0.75,RGB,154935
2469351714_d72becd21e.jpg,500,332,1.506,RGB,98212
2469498117_b4543e1460.jpg,500,332,1.506,RGB,90825
2469620360_6c620c6f35.jpg,500,400,1.25,RGB,220889
2470486377_c3a39ccb7b.jpg,500,375,1.333,RGB,159519
2470493181_2efbbf17bd.jpg,500,375,1.333,RGB,210187
2470519275_65725fd38d.jpg,375,500,0.75,RGB,214454
2470588201_955132a946.jpg,333,500,0.666,RGB,79137
247097023_e656d5854d.jpg,333,500,0.666,RGB,69475
2471297228_b784ff61a2.jpg,500,409,1.222,RGB,139904
2471447879_6554cefb16.jpg,289,500,0.578,RGB,125870
2471493912_2d4746b834.jpg,375,500,0.75,RGB,183709
2471974379_a4a4d2b389.jpg,500,422,1.185,RGB,162636
2472250097_a3191a94b3.jpg,500,311,1.608,RGB,63867
2472574160_8ce233f396.jpg,500,400,1.25,RGB,169006
2472634822_7d5d2858c0.jpg,397,480,0.827,RGB,175483
2472678549_67068a1566.jpg,500,375,1.333,RGB,100473
2472720629_d9a6736356.jpg,500,313,1.597,RGB,160265
2472896179_245e7d142f.jpg,500,340,1.471,RGB,167103
2472980433_210ec62874.jpg,375,500,0.75,RGB,157567
2473293833_78820d2eaa.jpg,500,484,1.033,RGB,274533
2473689180_e9d8fd656a.jpg,500,337,1.484,RGB,143069
2473737724_355599a263.jpg,500,375,1.333,RGB,133104
2473738924_eca928d12f.jpg,375,500,0.75,RGB,121988
2473791980_805c819bd4.jpg,500,343,1.458,RGB,147740
2474047296_fd9179d438.jpg,500,375,1.333,RGB,136278
2474092890_6c0781a8ed.jpg,375,500,0.75,RGB,71787
2474918824_88660c7757.jpg,500,333,1.502,RGB,112220
2475162978_2c51048dca.jpg,500,484,1.033,RGB,183747
2475300106_b8563111ba.jpg,500,333,1.502,RGB,158880
247617035_9f2e821534.jpg,500,333,1.502,RGB,123209
247617754_4b1137de8c.jpg,500,333,1.502,RGB,70709
247618600_239eeac405.jpg,500,333,1.502,RGB,135666
247619370_a01fb21dd3.jpg,500,333,1.502,RGB,97776
2476214153_99a3998509.jpg,500,333,1.502,RGB,163749
247637795_fdf26a03cf.jpg,500,333,1.502,RGB,75090
247652942_29ede19352.jpg,328,500,0.656,RGB,133354
247691240_3881777ab8.jpg,353,500,0.706,RGB,134251
247704641_d883902277.jpg,500,375,1.333,RGB,148572
247706586_7e25c7adf8.jpg,375,500,0.75,RGB,198920
2477121456_1ac5c6d3e4.jpg,500,334,1.497,RGB,132475
2477623312_58e8e8c8af.jpg,335,500,0.67,RGB,122637
247778426_fd59734130.jpg,333,500,0.666,RGB,96972
2478929971_9eb6c074b6.jpg,500,266,1.88,RGB,139413
2479162876_a5ce3306af.jpg,500,375,1.333,RGB,205185
2479180530_7ebba2d8bf.jpg,500,333,1.502,RGB,137368
2479553749_f7ac031940.jpg,500,375,1.333,RGB,219607
2479652566_8f9fac8af5.jpg,375,500,0.75,RGB,107570
2480021389_dda9fb2818.jpg,500,333,1.502,RGB,83134
2480327661_fb69829f57.jpg,333,500,0.666,RGB,109756
2480664591_e6d22ed61c.jpg,500,279,1.792,RGB,102318
2480668859_6f9b46be6a.jpg,500,375,1.333,RGB,139372
2480820830_bdec1f5b76.jpg,500,334,1.497,RGB,146464
2480832276_fa55480ecb.jpg,333,500,0.666,RGB,194833
2480850054_de3433b54a.jpg,500,360,1.389,RGB,152494
2481003841_06086eafc2.jpg,500,333,1.502,RGB,152147
2481367956_8577d2fa98.jpg,375,500,0.75,RGB,152017
2481490320_7978c76271.jpg,500,200,2.5,RGB,85877
2481598514_05a65d1f72.jpg,500,367,1.362,RGB,97063
248174959_2522871152.jpg,500,375,1.333,RGB,94455
2482629385_f370b290d1.jpg,500,337,1.484,RGB,200895
2483792149_a9b4ffecec.jpg,500,288,1.736,RGB,138938
2483993772_f64e9e4724.jpg,375,500,0.75,RGB,124649
2483993827_243894a4f9.jpg,500,332,1.506,RGB,97190
2484190118_e89363c465.jpg,302,500,0.604,RGB,133698
2485467050_1d5e2696d4.jpg,500,240,2.083,RGB,124487
2486364531_b482d7f521.jpg,500,333,1.502,RGB,159379
248646530_03c6284759.jpg,500,375,1.333,RGB,192768
248858242_1c33c54ada.jpg,500,375,1.333,RGB,172204
2488795251_c108c77b13.jpg,500,347,1.441,RGB,151818
2489602993_896c1ea40a.jpg,500,333,1.502,RGB,75322
248994078_a9257f448b.jpg,500,375,1.333,RGB,202010
2490179961_e842fda5eb.jpg,500,313,1.597,RGB,148523
2490365757_b869282cb3.jpg,500,400,1.25,RGB,192490
2490687446_9d46fdf5a9.jpg,500,399,1.253,RGB,135137
2490768374_45d94fc658.jpg,333,500,0.666,RGB,117943
2490863987_715383944a.jpg,334,500,0.668,RGB,135130
2491343114_a3e35a2a3a.jpg,500,281,1.779,RGB,99742
2492258999_5764124bba.jpg,500,334,1.497,RGB,127770
2493469969_11b6190615.jpg,357,500,0.714,RGB,160036
249394748_2e4acfbbb5.jpg,500,329,1.52,RGB,162815
2493974889_50ae29f1e1.jpg,333,500,0.666,RGB,187347
2495394666_2ef6c37519.jpg,500,324,1.543,RGB,227040
2495931537_9b8d4474b6.jpg,500,318,1.572,RGB,90874
2496236371_61dec88113.jpg,500,333,1.502,RGB,92358
2496370758_a3fbc49837.jpg,500,274,1.825,RGB,110830
2496399593_a24954a5ca.jpg,500,332,1.506,RGB,138287
2497074804_b4f3e7fd90.jpg,374,500,0.748,RGB,161325
2497420371_74788d7ba1.jpg,500,374,1.337,RGB,175138
2497608431_8dfefc7a1a.jpg,375,500,0.75,RGB,206996
2498897831_0bbb5d5b51.jpg,500,333,1.502,RGB,183782
2500354186_0836309cc9.jpg,372,500,0.744,RGB,164427
2500567791_101d5ddee3.jpg,500,400,1.25,RGB,172097
2500826039_165e75b20c.jpg,375,500,0.75,RGB,108645
2501595799_6316001e89.jpg,488,500,0.976,RGB,182174
2501742763_b2cb322087.jpg,500,362,1.381,RGB,172501
2501942587_e59b91d1da.jpg,500,375,1.333,RGB,175123
2501968935_02f2cd8079.jpg,375,500,0.75,RGB,179449
2502007071_82a8c639cf.jpg,500,375,1.333,RGB,168416
2502079538_10ef2e976b.jpg,500,332,1.506,RGB,152365
2502354602_f4d6dcf42d.jpg,500,333,1.502,RGB,82714
2502782508_2c8211cd6b.jpg,500,375,1.333,RGB,176208
2502835694_4fe121bbea.jpg,500,375,1.333,RGB,151259
2502856739_490db7a657.jpg,500,291,1.718,RGB,108691
2502905671_c6039804ab.jpg,500,334,1.497,RGB,101655
2502935765_a0ae1fa7be.jpg,500,333,1.502,RGB,167879
2503629305_055e9ec4b1.jpg,500,333,1.502,RGB,60032
2504056718_25ded44ecb.jpg,500,375,1.333,RGB,119995
250406927_a5028a31d4.jpg,500,375,1.333,RGB,162294
2504277798_936a09c74d.jpg,500,333,1.502,RGB,94827
2504764590_cf017c2a6e.jpg,500,375,1.333,RGB,140620
2504991916_dc61e59e49.jpg,458,500,0.916,RGB,116008
2505056124_1276e8dbcb.jpg,375,500,0.75,RGB,62965
2505360288_c972bd29c4.jpg,500,394,1.269,RGB,244076
2505465055_f1e6cf9b76.jpg,500,333,1.502,RGB,153574
2505988632_9541f15583.jpg,375,500,0.75,RGB,194507
2506892928_7e79bec613.jpg,500,333,1.502,RGB,221939
2507182524_7e83c6de82.jpg,500,334,1.497,RGB,121334
2507312812_768b53b023.jpg,500,332,1.506,RGB,82598
2508249781_36e9282423.jpg,500,500,1.0,RGB,325038
2508313118_524e93d48c.jpg,500,333,1.502,RGB,168761
2508918369_2659db1cb6.jpg,500,333,1.502,RGB,127217
250892549_1e06a06a78.jpg,500,375,1.333,RGB,218187
2509824208_247aca3ea3.jpg,500,375,1.333,RGB,79467
2510020918_b2ca0fb2aa.jpg,500,333,1.502,RGB,66237
2510029990_7014f907cb.jpg,333,500,0.666,RGB,116396
2510197716_fddca0ac75.jpg,333,500,0.666,RGB,71773
2510560080_1439fe32f2.jpg,500,333,1.502,RGB,111215
251056963_c8b67f0107.jpg,333,500,0.666,RGB,64093
2511019188_ca71775f2d.jpg,500,375,1.333,RGB,160166
2511762757_bd0ab0a017.jpg,500,333,1.502,RGB,178390
2512682478_b67cc525c7.jpg,442,500,0.884,RGB,166204
2512683710_991c9d466d.jpg,500,375,1.333,RGB,112189
2512876666_9da03f9589.jpg,375,500,0.75,RGB,111668
2513260012_03d33305cf.jpg,500,399,1.253,RGB,159531
2514581496_8f4102377e.jpg,389,500,0.778,RGB,176145
2514612680_b0d2d77099.jpg,500,346,1.445,RGB,155347
2515247156_c1b759fc33.jpg,375,500,0.75,RGB,147268
251586160_a31b187a37.jpg,500,500,1.0,RGB,181214
2516317118_10ae66b87a.jpg,333,500,0.666,RGB,97253
2517082705_93bc9f73ec.jpg,500,334,1.497,RGB,154515
2517284816_9b8fd3c6b6.jpg,500,333,1.502,RGB,155629
251792066_b5233b3d86.jpg,497,500,0.994,RGB,185595
2518094853_dfce24ce8c.jpg,500,357,1.401,RGB,122984
2518219912_f47214aa16.jpg,500,332,1.506,RGB,140626
2518508760_68d8df7365.jpg,500,400,1.25,RGB,158269
2518853257_02f30e282e.jpg,424,500,0.848,RGB,141607
2519483556_2b1632a18c.jpg,399,500,0.798,RGB,140130
251958970_fa6b423f23.jpg,500,357,1.401,RGB,155145
2519594430_551225e5bd.jpg,500,375,1.333,RGB,254502
2519812011_f85c3b5cb5.jpg,500,334,1.497,RGB,169964
2520255786_b70a3ec032.jpg,500,375,1.333,RGB,193671
2520909293_9bb7f7364e.jpg,500,375,1.333,RGB,94324
2521062020_f8b983e4b2.jpg,500,375,1.333,RGB,158317
2521213787_ca9b5a1758.jpg,500,333,1.502,RGB,116433
252124738_796599e94b.jpg,500,396,1.263,RGB,165658
2521770311_3086ca90de.jpg,500,331,1.511,RGB,77698
2521878609_146143708e.jpg,333,500,0.666,RGB,129884
2521938720_911ac092f7.jpg,500,414,1.208,RGB,116362
2521938802_853224f378.jpg,500,346,1.445,RGB,82662
2521983429_33218366bd.jpg,431,500,0.862,RGB,179538
2522230304_1581d52961.jpg,375,500,0.75,RGB,111418
2522297487_57edf117f7.jpg,500,333,1.502,RGB,109262
2522467011_cc825d89ac.jpg,405,500,0.81,RGB,224225
2522540026_6ee8ab4c6a.jpg,500,333,1.502,RGB,156018
2522809984_2e8a7df4fb.jpg,500,334,1.497,RGB,115713
2524003134_580e74328b.jpg,500,378,1.323,RGB,83911
2524084967_a5e011b73d.jpg,333,500,0.666,RGB,82502
252504549_135b0db5a3.jpg,500,377,1.326,RGB,103692
2525232298_cf42d415ab.jpg,333,500,0.666,RGB,108468
2525270674_4ab536e7ec.jpg,333,500,0.666,RGB,132761
2525455265_f84ba72bd7.jpg,500,422,1.185,RGB,107555
2525666287_638ab5e784.jpg,500,375,1.333,RGB,139355
2525716531_e6dedee421.jpg,334,500,0.668,RGB,136890
252578659_9e404b6430.jpg,500,333,1.502,RGB,153581
2526041608_a9775ab8d7.jpg,402,500,0.804,RGB,179096
2526585002_10987a63f3.jpg,375,500,0.75,RGB,124423
2527163162_d0fb802992.jpg,500,375,1.333,RGB,224247
2527303359_6c3dc3f282.jpg,500,375,1.333,RGB,113001
2527713011_b0ec25aa54.jpg,500,333,1.502,RGB,139406
252802010_3d47bee500.jpg,500,333,1.502,RGB,116442
252846811_7b250935a7.jpg,500,375,1.333,RGB,205487
2528489543_546c1ca81f.jpg,500,333,1.502,RGB,130926
2528521798_fb689eba8d.jpg,500,333,1.502,RGB,170252
2528547068_7d37479b9b.jpg,500,333,1.502,RGB,152372
2528552898_9e49a7033f.jpg,500,333,1.502,RGB,193611
2529116152_4331dabf50.jpg,500,334,1.497,RGB,97184
2529205842_bdcb49d65b.jpg,500,328,1.524,RGB,79400
2531531628_b4a5041680.jpg,333,500,0.666,RGB,161629
2531837969_6f28637811.jpg,334,500,0.668,RGB,68158
2531942624_c3c072064e.jpg,500,334,1.497,RGB,113872
2532262109_87429a2cae.jpg,500,357,1.401,RGB,142232
2532294586_4cd76a837d.jpg,333,500,0.666,RGB,130406
2533010184_ef2fd71297.jpg,500,317,1.577,RGB,79098
2533076864_d799996433.jpg,500,325,1.538,RGB,186485
2533414541_362bf043bb.jpg,500,333,1.502,RGB,148128
2533424347_cf2f84872b.jpg,500,333,1.502,RGB,132848
2533642917_a5eace85e6.jpg,261,500,0.522,RGB,106446
2534194182_ac53035cf4.jpg,500,312,1.603,RGB,150119
2534424894_ccd091fcb5.jpg,332,500,0.664,RGB,157351
2534502836_7a75305655.jpg,500,354,1.412,RGB,137121
2534652796_c8a23288ab.jpg,500,375,1.333,RGB,200991
2535746605_8124bf4e4f.jpg,500,307,1.629,RGB,139439
2537119659_fa01dd5de5.jpg,500,375,1.333,RGB,141749
2537197415_af7c30dfc8.jpg,357,500,0.714,RGB,131926
2537583012_4a358a6a8a.jpg,466,500,0.932,RGB,168724
253762507_9c3356c2f6.jpg,500,375,1.333,RGB,108659
2538423833_d1f492d1fb.jpg,500,374,1.337,RGB,166078
2538477523_1da77eb11c.jpg,332,500,0.664,RGB,179169
2539933563_17ff0758c7.jpg,500,375,1.333,RGB,164597
2540203582_9a9ac92a5d.jpg,333,500,0.666,RGB,130950
2540326842_bb26cec999.jpg,500,333,1.502,RGB,141449
2540360421_f7c2401da8.jpg,500,333,1.502,RGB,132371
2540750172_070250ece5.jpg,500,375,1.333,RGB,131058
2540751930_d71c7f5622.jpg,500,375,1.333,RGB,186689
2540757246_5a849fbdcb.jpg,500,375,1.333,RGB,124320
2540884723_03d60ef548.jpg,500,365,1.37,RGB,135385
2541104331_a2d65cfa54.jpg,500,334,1.497,RGB,144552
2541701582_0a651c380f.jpg,500,332,1.506,RGB,119374
2541901399_0a57f4cc76.jpg,500,307,1.629,RGB,131470
2542037086_58c833699c.jpg,500,375,1.333,RGB,156379
2542415282_9240e1b5fc.jpg,375,500,0.75,RGB,168633
2542662402_d781dd7f7c.jpg,500,334,1.497,RGB,106537
254295381_d98fa049f4.jpg,480,500,0.96,RGB,180098
2543017787_9720b4fa1c.jpg,500,407,1.229,RGB,110083
2543247940_083f1b7969.jpg,500,329,1.52,RGB,146885
2543589122_ec3e55f434.jpg,400,500,0.8,RGB,183750
2543679402_9359e1ee4e.jpg,500,375,1.333,RGB,108294
2544182005_3aa1332bf9.jpg,500,375,1.333,RGB,76783
2544246151_727427ee07.jpg,500,424,1.179,RGB,123508
2544426580_317b1f1f73.jpg,375,500,0.75,RGB,151997
254475194_3d8f4dfd53.jpg,500,375,1.333,RGB,228674
2545192257_142fe9e2de.jpg,500,375,1.333,RGB,139133
254527963_3f5824b0e8.jpg,500,332,1.506,RGB,86612
2545363449_1985903f82.jpg,300,500,0.6,RGB,121829
2546667441_bbe87a6285.jpg,500,375,1.333,RGB,148321
2546959333_23b957988f.jpg,500,400,1.25,RGB,144383
2547785434_f227bd3680.jpg,500,400,1.25,RGB,163226
2548777800_d7b9cf1c2b.jpg,500,500,1.0,RGB,137702
254901702_67ada9867c.jpg,420,500,0.84,RGB,197734
2549452277_873cb80d3e.jpg,500,198,2.525,RGB,47452
2549968784_39bfbe44f9.jpg,500,333,1.502,RGB,103482
2550011909_6b95f11330.jpg,500,375,1.333,RGB,71476
2550109269_bc4262bd27.jpg,500,333,1.502,RGB,56134
255091927_2eb643beb2.jpg,500,375,1.333,RGB,173037
255091930_aa2b5c0eb9.jpg,500,375,1.333,RGB,188977
2551344688_17a12a6948.jpg,500,333,1.502,RGB,92526
2551632823_0cb7dd779b.jpg,500,472,1.059,RGB,143522
2552438538_285a05b86c.jpg,500,390,1.282,RGB,145493
255266148_7ba7df1a88.jpg,500,446,1.121,RGB,202227
2552723989_7bc93e0f7b.jpg,375,500,0.75,RGB,177200
2552816307_c7c8e7f6b4.jpg,500,375,1.333,RGB,97035
2552949275_b8cdc450cc.jpg,500,333,1.502,RGB,117666
2553024095_735bc46267.jpg,500,333,1.502,RGB,223745
2553188198_da1123a723.jpg,500,333,1.502,RGB,120800
255330891_86d65dfdbf.jpg,475,500,0.95,RGB,196514
2553550034_5901aa9d6c.jpg,500,375,1.333,RGB,214128
2553619107_d382a820f9.jpg,500,333,1.502,RGB,171104
2554081584_233bdf289a.jpg,334,500,0.668,RGB,97405
2554531876_5d7f193992.jpg,500,360,1.389,RGB,157966
2554570943_122da6438f.jpg,500,357,1.401,RGB,103923
2555521861_fc36fd3ab0.jpg,367,500,0.734,RGB,127952
2555535057_007501dae5.jpg,426,500,0.852,RGB,124078
2555622234_3e531e4014.jpg,500,375,1.333,RGB,114688
2555638166_2f0847d57d.jpg,375,500,0.75,RGB,135306
2556392380_ee57514233.jpg,375,500,0.75,RGB,115613
2557129157_074a5a3128.jpg,334,500,0.668,RGB,98870
255741044_1102982213.jpg,500,404,1.238,RGB,169131
2557507575_b247f145bc.jpg,500,357,1.401,RGB,179216
2557922709_24d2a9655a.jpg,400,500,0.8,RGB,144750
2557972410_6925fe695c.jpg,500,333,1.502,RGB,140819
2558312618_13d362df66.jpg,500,333,1.502,RGB,124452
2558911884_856dfc3951.jpg,500,332,1.506,RGB,156418
2559114800_17310f3015.jpg,500,386,1.295,RGB,149793
2559503010_84f20b3bc9.jpg,500,375,1.333,RGB,130341
2559638792_a803ff63d1.jpg,500,333,1.502,RGB,216944
2559921948_06af25d566.jpg,325,500,0.65,RGB,98912
2560278143_aa5110aa37.jpg,500,334,1.497,RGB,219140
2560388887_55abc9083d.jpg,500,375,1.333,RGB,96661
256085101_2c2617c5d0.jpg,500,333,1.502,RGB,94657
2561212119_1af8cb9b5d.jpg,334,500,0.668,RGB,115651
2561295656_4f21fba209.jpg,500,332,1.506,RGB,104050
2561319255_ce5ede291e.jpg,500,388,1.289,RGB,176929
2561334141_0aacefa5e7.jpg,334,500,0.668,RGB,90483
2561341745_2d77d3ff7d.jpg,500,322,1.553,RGB,91923
2561481438_447b852e4d.jpg,500,375,1.333,RGB,192498
2561751298_320eef38ec.jpg,375,500,0.75,RGB,92210
2561849813_ff9caa52ac.jpg,330,500,0.66,RGB,97842
2562166462_b43b141d40.jpg,500,313,1.597,RGB,166289
2562347802_c049a2ba88.jpg,342,244,1.402,RGB,57764
2562377955_8d670ccec6.jpg,333,500,0.666,RGB,125710
2562463210_d0dfd545ca.jpg,500,334,1.497,RGB,162788
2562483332_eb791a3ce5.jpg,375,500,0.75,RGB,217648
256283122_a4ef4a17cb.jpg,500,375,1.333,RGB,115141
256292144_b53aadae27.jpg,500,334,1.497,RGB,127054
2563578471_9a4e4c2ecc.jpg,500,375,1.333,RGB,95910
256439287_990ac4a761.jpg,375,500,0.75,RGB,173896
256444892_efcb3bd824.jpg,500,375,1.333,RGB,199705
2564663851_3a9832e4fc.jpg,500,333,1.502,RGB,164338
2564888404_b57f89d3c7.jpg,500,341,1.466,RGB,127327
2565237642_bdd46d7cef.jpg,500,384,1.302,RGB,180236
2565350330_c7f305e7f7.jpg,375,500,0.75,RGB,169307
2565618804_8d7ed87389.jpg,500,375,1.333,RGB,161001
2565657591_6c1cdfc092.jpg,500,356,1.404,RGB,118663
2565685680_c30972455d.jpg,500,334,1.497,RGB,163803
2565703445_dd6899bc0e.jpg,500,401,1.247,RGB,162244
2567035103_3511020c8f.jpg,500,375,1.333,RGB,176490
2567812221_30fb64f5e9.jpg,500,332,1.506,RGB,182514
2568417021_afa68423e5.jpg,500,308,1.623,RGB,168980
2568656919_6e49d2a82b.jpg,500,375,1.333,RGB,136745
256958382_b9006bfc5b.jpg,500,458,1.092,RGB,145215
2569643552_23696a9ba5.jpg,333,500,0.666,RGB,136380
2570365455_41cc9a7d2b.jpg,375,500,0.75,RGB,139349
2570559405_dc93007f76.jpg,500,453,1.104,RGB,203986
2571096893_694ce79768.jpg,500,375,1.333,RGB,176979
2572101672_4d699c8713.jpg,500,355,1.408,RGB,127206
2573141440_28a762d537.jpg,500,333,1.502,RGB,117174
2573625591_70291c894a.jpg,500,375,1.333,RGB,198642
2573667207_a1bf49befc.jpg,333,500,0.666,RGB,101094
2574084102_f2be3f73cb.jpg,332,500,0.664,RGB,83939
2574194729_1f099647ee.jpg,500,333,1.502,RGB,157375
2574230252_f5a1382dd4.jpg,500,338,1.479,RGB,169243
2574509968_e4692ae169.jpg,500,375,1.333,RGB,108801
2575647360_f5de38c751.jpg,500,375,1.333,RGB,122039
257588281_39e1c9d929.jpg,500,366,1.366,RGB,185301
2576878141_87f25a10f0.jpg,371,500,0.742,RGB,162904
2577972703_a22c5f2a87.jpg,500,375,1.333,RGB,222070
2578003921_e23b78e85f.jpg,333,500,0.666,RGB,187409
2578161080_e007c9177a.jpg,500,375,1.333,RGB,198812
2578289278_01516d23a0.jpg,500,356,1.404,RGB,172718
2578395598_6982734d46.jpg,500,334,1.497,RGB,95800
2578834476_118585730d.jpg,333,500,0.666,RGB,195903
2579266054_1ec58aa92f.jpg,500,333,1.502,RGB,78030
2579268572_d78f8436cb.jpg,500,333,1.502,RGB,80993
2579460386_94c489028d.jpg,500,335,1.493,RGB,139513
2579572274_826598b14a.jpg,333,500,0.666,RGB,125548
2579899436_5086a33c7a.jpg,333,500,0.666,RGB,130073
2580215443_4e64afe3d5.jpg,500,376,1.33,RGB,165369
2581066814_179d28f306.jpg,500,394,1.269,RGB,220709
2582390123_71120edb0c.jpg,500,400,1.25,RGB,191954
2583001715_1ce6f58942.jpg,333,500,0.666,RGB,127659
2584020755_14e2b3e8fc.jpg,500,333,1.502,RGB,151097
2584412512_6767593f24.jpg,500,366,1.366,RGB,135516
2584487952_f70e5aa9bf.jpg,500,334,1.497,RGB,77291
258476074_f28f4a1ae6.jpg,500,375,1.333,RGB,143575
2584957647_4f9235c150.jpg,500,334,1.497,RGB,70681
2585141045_b496a7b7c4.jpg,500,356,1.404,RGB,108255
2586028627_ddd054d8cc.jpg,500,333,1.502,RGB,160670
2586532797_dcf22a5021.jpg,500,314,1.592,RGB,157300
2586911841_41b7a48c91.jpg,333,500,0.666,RGB,141861
2587017287_888c811b5a.jpg,500,374,1.337,RGB,151079
2587106431_1cc0e719c6.jpg,500,334,1.497,RGB,93729
2587696611_db0378710f.jpg,500,333,1.502,RGB,103442
2587818583_4aa8e7b174.jpg,332,500,0.664,RGB,144810
2587846523_b177c9a3e3.jpg,333,500,0.666,RGB,129996
2588456052_8842b47005.jpg,351,500,0.702,RGB,119563
2588625139_fdf6610218.jpg,500,375,1.333,RGB,222703
2588927489_f4da2f11ec.jpg,375,500,0.75,RGB,199045
2589156742_c46bc82137.jpg,337,500,0.674,RGB,110140
2589241160_3832440850.jpg,500,375,1.333,RGB,229441
2589308405_e208b5e745.jpg,500,424,1.179,RGB,239916
2590207488_ddd89037ba.jpg,500,333,1.502,RGB,77139
2591110592_ef5f54f91c.jpg,334,500,0.668,RGB,146966
2591455200_2319651f2f.jpg,500,375,1.333,RGB,115769
2591486448_48d5438343.jpg,500,333,1.502,RGB,117914
2591603141_33d6397e0a.jpg,500,375,1.333,RGB,110739
2592019072_a6c0090da4.jpg,500,335,1.493,RGB,158123
2592711202_55f8c64495.jpg,500,333,1.502,RGB,171257
259314892_a42b8af664.jpg,500,335,1.493,RGB,143183
2593406865_ab98490c1f.jpg,333,500,0.666,RGB,72261
2593695271_4d9cc9bd6f.jpg,334,500,0.668,RGB,170736
2594042571_2e4666507e.jpg,500,399,1.253,RGB,129620
2594336381_a93772823b.jpg,440,500,0.88,RGB,276924
2594459477_8ca0121a9a.jpg,500,333,1.502,RGB,126772
2594902417_f65d8866a8.jpg,500,332,1.506,RGB,170144
2595102568_347f6d4b07.jpg,500,287,1.742,RGB,109628
2595186208_9b16fa0ee3.jpg,500,375,1.333,RGB,185120
2595713720_30534e8de2.jpg,500,375,1.333,RGB,155633
2596100297_372bd0f739.jpg,500,363,1.377,RGB,100655
2596474836_79468f23a0.jpg,500,489,1.022,RGB,208273
2596475173_58f11fc583.jpg,500,411,1.217,RGB,157380
2596514158_c516e57974.jpg,334,500,0.668,RGB,108670
2596619849_7b635dd310.jpg,375,500,0.75,RGB,193040
2596876977_b61ee7ee78.jpg,500,333,1.502,RGB,100121
2597308074_acacc12e1b.jpg,500,357,1.401,RGB,106030
2597737483_6518a230e4.jpg,500,333,1.502,RGB,141084
2597873827_a5cb3e57ba.jpg,500,375,1.333,RGB,96996
2597958208_e03aa149c9.jpg,500,334,1.497,RGB,145400
2598012140_832863fcb9.jpg,500,375,1.333,RGB,137321
2598979962_c01811cfca.jpg,352,500,0.704,RGB,108572
2599131872_65789d86d5.jpg,500,332,1.506,RGB,118783
2599444370_9e40103027.jpg,500,333,1.502,RGB,208693
2599903773_0f724d8f63.jpg,500,445,1.124,RGB,186035
2600170955_bf30c5d5c0.jpg,375,500,0.75,RGB,114991
2600386812_8790879d9a.jpg,500,361,1.385,RGB,171864
2600442766_e750ec9a56.jpg,500,333,1.502,RGB,136800
2600867924_cd502fc911.jpg,500,333,1.502,RGB,112514
2600883097_aca38cc146.jpg,500,298,1.678,RGB,129932
2601008162_f00eeb5c14.jpg,333,500,0.666,RGB,71417
2601612082_4b9be27426.jpg,500,375,1.333,RGB,161166
260162669_c79a900afb.jpg,473,500,0.946,RGB,167140
2602083686_e8a1af69cf.jpg,500,333,1.502,RGB,148456
2602085456_d1beebcb29.jpg,500,333,1.502,RGB,104855
2602258549_7401a3cdae.jpg,500,335,1.493,RGB,66892
2602279427_191773c9e2.jpg,500,335,1.493,RGB,97098
2602306033_2b3100d36b.jpg,500,500,1.0,RGB,114361
260231029_966e2f1727.jpg,399,500,0.798,RGB,102987
2602415701_7674eb19e4.jpg,333,500,0.666,RGB,183481
2602679255_785b851b46.jpg,500,333,1.502,RGB,96296
2602866141_be9928408d.jpg,500,335,1.493,RGB,194487
2603033456_3584d95116.jpg,334,500,0.668,RGB,123299
2603125422_659391f961.jpg,500,335,1.493,RGB,150354
2603334363_cfa32c4482.jpg,375,500,0.75,RGB,177811
2603690144_7a28b1d13c.jpg,500,335,1.493,RGB,189098
2603792708_18a97bac97.jpg,500,375,1.333,RGB,115351
260392825_ea61660633.jpg,334,500,0.668,RGB,88791
2604305843_ebe3e8a328.jpg,500,333,1.502,RGB,107828
2604825598_593a825b5b.jpg,500,333,1.502,RGB,152812
260520547_944f9f4c91.jpg,500,339,1.475,RGB,140102
2606433181_f8f9d38579.jpg,500,281,1.779,RGB,154539
2607099736_8681f601d9.jpg,500,333,1.502,RGB,151119
2607130765_97833d6ce1.jpg,500,500,1.0,RGB,246150
2607383384_d9ce9de793.jpg,500,316,1.582,RGB,97794
2607462776_78e639d891.jpg,500,375,1.333,RGB,239716
260828892_7925d27865.jpg,500,334,1.497,RGB,142394
2608289957_044849f73e.jpg,334,500,0.668,RGB,126291
260850192_fd03ea26f1.jpg,500,375,1.333,RGB,210313
2609836649_b55831ed41.jpg,500,375,1.333,RGB,146256
2609847254_0ec40c1cce.jpg,500,375,1.333,RGB,134224
2609900643_c07bcb0bae.jpg,333,500,0.666,RGB,105456
2610447973_89227ff978.jpg,500,333,1.502,RGB,86621
2611651553_61f859837e.jpg,500,500,1.0,RGB,167712
2612040125_0a93889f06.jpg,500,375,1.333,RGB,180934
2612488996_9450de0e54.jpg,500,391,1.279,RGB,156271
2612608861_92beaa3d0b.jpg,500,375,1.333,RGB,139016
2612949583_f45b3afe33.jpg,500,333,1.502,RGB,123946
2613021139_4b0dc3d4c8.jpg,500,333,1.502,RGB,79439
2613209320_edf6a2b7e9.jpg,500,333,1.502,RGB,127942
2613889835_6f50a3b83b.jpg,500,375,1.333,RGB,160885
2613920405_e91e6ebd7a.jpg,500,397,1.259,RGB,167997
2613993276_3c365cca12.jpg,500,355,1.408,RGB,127424
261490838_2f3ac98b12.jpg,500,338,1.479,RGB,120074
2615623392_ab2b9759ae.jpg,333,500,0.666,RGB,101488
2615811117_42b1838205.jpg,375,500,0.75,RGB,120719
2616009069_82561da2e5.jpg,500,500,1.0,RGB,193442
2616284322_b13e7c344e.jpg,500,332,1.506,RGB,114717
2616508003_fa5ca5780d.jpg,333,500,0.666,RGB,107100
2616561200_ea079f285a.jpg,500,438,1.142,RGB,126555
2616643090_4f2d2d1a44.jpg,500,442,1.131,RGB,117316
2616673985_fa4354cc53.jpg,500,362,1.381,RGB,183547
261737543_b8fdc24671.jpg,500,375,1.333,RGB,133635
2618322793_5fb164d86a.jpg,334,500,0.668,RGB,109308
2618538137_44fffe10c4.jpg,500,388,1.289,RGB,152576
261883591_3f2bca823c.jpg,500,333,1.502,RGB,114325
2618866067_07cbc83dc5.jpg,375,500,0.75,RGB,105550
2619267133_53a5904ef4.jpg,333,500,0.666,RGB,143349
2619454551_c4bb726a85.jpg,500,463,1.08,RGB,233875
2620113705_a8fa89b8f6.jpg,500,375,1.333,RGB,257016
2621415349_ef1a7e73be.jpg,333,500,0.666,RGB,105570
2621771656_09a620da6d.jpg,500,375,1.333,RGB,167500
2622517932_57c52c376f.jpg,500,332,1.506,RGB,100924
2622624460_207dbcc4cf.jpg,500,294,1.701,RGB,116177
2622971954_59f192922d.jpg,500,335,1.493,RGB,130563
2623146491_b64698b875.jpg,375,500,0.75,RGB,168104
2623247254_3bfc795121.jpg,500,334,1.497,RGB,97357
2623496164_68ffeb5067.jpg,500,305,1.639,RGB,147348
2623560640_0445c9a138.jpg,375,500,0.75,RGB,208813
2623930900_b9df917b82.jpg,500,400,1.25,RGB,142731
2623939135_0cd02ffa5d.jpg,500,460,1.087,RGB,139413
2623982903_58ec7c5026.jpg,500,333,1.502,RGB,119388
2624044128_641b38c0cf.jpg,500,333,1.502,RGB,175197
262439544_e71cd26b24.jpg,333,500,0.666,RGB,221806
2624457062_89efc497a8.jpg,500,375,1.333,RGB,224649
262446581_06ef7d9445.jpg,500,375,1.333,RGB,207465
262570082_6364f58f33.jpg,500,375,1.333,RGB,128999
2626158969_ac09aeb88d.jpg,500,334,1.497,RGB,109192
262642489_f5c6b9e65b.jpg,500,431,1.16,RGB,163702
262681159_e5fed3acf0.jpg,446,500,0.892,RGB,156364
2628331789_c7f7d90e5d.jpg,500,333,1.502,RGB,147632
2629027962_9cc3b46527.jpg,288,191,1.508,RGB,30082
2629294578_853a08bb43.jpg,500,333,1.502,RGB,100816
2629295654_59ea1472a1.jpg,500,333,1.502,RGB,114852
2629334536_11f2d49e05.jpg,375,500,0.75,RGB,247970
2629346153_155ba73ae9.jpg,333,500,0.666,RGB,104306
2629402527_6dfc5c504b.jpg,500,334,1.497,RGB,125532
2629445284_83390e83af.jpg,500,355,1.408,RGB,162450
262963190_a78b799e89.jpg,500,375,1.333,RGB,126960
2630507245_bea4804288.jpg,500,333,1.502,RGB,124408
2630806789_6835bbae95.jpg,500,375,1.333,RGB,149279
2631300484_be8621d17b.jpg,333,500,0.666,RGB,184398
2631625732_75b714e685.jpg,500,375,1.333,RGB,115907
2632111399_b3c1630f8e.jpg,500,479,1.044,RGB,175094
263216826_acf868049c.jpg,500,375,1.333,RGB,167032
263231469_e85c74f5fd.jpg,375,500,0.75,RGB,118614
263233914_d25004e4cd.jpg,375,500,0.75,RGB,122436
2632366677_43dee456a5.jpg,500,403,1.241,RGB,184712
2632381125_de32bdfdf6.jpg,500,320,1.562,RGB,122811
2633082074_32c85f532c.jpg,500,375,1.333,RGB,217272
2633201394_ee4a7666ed.jpg,500,333,1.502,RGB,86468
2633722629_5eeb649c09.jpg,500,333,1.502,RGB,128220
2635023078_6dae04758f.jpg,500,333,1.502,RGB,119118
2635164923_2a774f7854.jpg,500,333,1.502,RGB,98112
263522013_d118d46b2d.jpg,439,500,0.878,RGB,241512
2635400219_2e1a984fd3.jpg,500,333,1.502,RGB,116255
2635483351_bc1a8273aa.jpg,500,375,1.333,RGB,147401
2635905544_dbc65d0622.jpg,500,500,1.0,RGB,156011
2635908229_b9fc90d3fb.jpg,333,500,0.666,RGB,85595
2635938723_11b85e6763.jpg,312,500,0.624,RGB,84853
2636514498_01fcc5f501.jpg,375,500,0.75,RGB,166080
2636876892_9353521a1c.jpg,500,348,1.437,RGB,221275
2637510448_4521cf6f29.jpg,353,500,0.706,RGB,65006
2637904605_fc355816fc.jpg,500,349,1.433,RGB,169145
2637959357_dd64a03efa.jpg,500,333,1.502,RGB,92251
2638369467_8fc251595b.jpg,334,500,0.668,RGB,88155
263850317_5bb3a18a08.jpg,333,500,0.666,RGB,96121
263854883_0f320c1562.jpg,500,393,1.272,RGB,145593
2638981862_6b23833f37.jpg,500,375,1.333,RGB,124773
2640000969_b5404a5143.jpg,500,334,1.497,RGB,178133
2640153227_57cf1a3d92.jpg,475,500,0.95,RGB,202564
2641288004_30ce961211.jpg,500,469,1.066,RGB,163373
264141937_585320617a.jpg,375,500,0.75,RGB,166289
2641770481_c98465ff35.jpg,500,329,1.52,RGB,106995
2642350864_099c0f2152.jpg,500,375,1.333,RGB,134714
2642474867_4e6346f809.jpg,336,500,0.672,RGB,153447
2642475077_69d19deb74.jpg,500,326,1.534,RGB,116104
2642688531_8fb68b2147.jpg,375,500,0.75,RGB,174909
2643263887_a32ffb878f.jpg,330,500,0.66,RGB,126452
2643309379_2cde08516c.jpg,341,500,0.682,RGB,117417
2644326817_8f45080b87.jpg,500,333,1.502,RGB,98861
2644430445_47c985a2ee.jpg,333,500,0.666,RGB,125525
2644916196_16f91dae54.jpg,331,500,0.662,RGB,82800
2644920808_f5a214b744.jpg,500,333,1.502,RGB,68012
2646046871_c3a5dbb971.jpg,333,500,0.666,RGB,151446
2646116932_232573f030.jpg,500,333,1.502,RGB,181667
2646540383_343e1ec9a4.jpg,333,500,0.666,RGB,129820
2646615552_3aeeb2473b.jpg,500,500,1.0,RGB,146969
2647049174_0fb47cee2e.jpg,333,500,0.666,RGB,89152
2647062476_5ef31ba867.jpg,500,334,1.497,RGB,157162
2647229826_e0e0c65ef1.jpg,500,333,1.502,RGB,138144
2647394564_4843800cff.jpg,500,297,1.684,RGB,68329
2647593678_1fa3bb516c.jpg,500,455,1.099,RGB,183482
2648165716_02e2e74fd6.jpg,333,500,0.666,RGB,95422
2648310638_d6c576b5e4.jpg,333,500,0.666,RGB,117412
264859622_f3a00ab409.jpg,375,500,0.75,RGB,172987
264928854_d9e61f3a8e.jpg,500,465,1.075,RGB,253042
2649406158_ded6be38de.jpg,500,333,1.502,RGB,103793
2649705487_4605e879e9.jpg,500,325,1.538,RGB,143976
2649850541_59a6c7f01c.jpg,500,333,1.502,RGB,141242
2650485780_29d89268d7.jpg,500,333,1.502,RGB,128866
2650568697_ffb79bf2ea.jpg,500,375,1.333,RGB,176728
2650620212_0586016e0d.jpg,500,358,1.397,RGB,124096
2651915425_7a58e862e9.jpg,365,500,0.73,RGB,136567
2652155912_8ba5426790.jpg,500,375,1.333,RGB,185598
265223843_9ef21e1872.jpg,325,500,0.65,RGB,58791
265223847_636ba039c1.jpg,319,500,0.638,RGB,54121
2652522323_9218afd8c2.jpg,500,333,1.502,RGB,143498
2653552905_4301449235.jpg,500,375,1.333,RGB,192874
2654514044_a70a6e2c21.jpg,500,333,1.502,RGB,150115
2654943319_d17fee7800.jpg,500,311,1.608,RGB,172598
2655183854_5852790214.jpg,500,459,1.089,RGB,148132
2655196158_5c878a4af0.jpg,500,281,1.779,RGB,117793
265528702_8653eab9fa.jpg,500,375,1.333,RGB,107797
2655647656_ee450446ed.jpg,500,333,1.502,RGB,104124
2656039837_f46b29af92.jpg,407,500,0.814,RGB,121413
2656688132_d93be870e0.jpg,500,495,1.01,RGB,242369
2656749876_e32495bd8c.jpg,322,500,0.644,RGB,74892
2656890977_7a9f0e4138.jpg,333,500,0.666,RGB,97345
2656987333_80dcc82c05.jpg,333,500,0.666,RGB,185915
2657301826_aab4c36e6c.jpg,333,500,0.666,RGB,128065
2657484284_daa07a3a1b.jpg,500,375,1.333,RGB,156033
2657484970_610e18144f.jpg,500,375,1.333,RGB,171007
2657643451_b9ddb0b58f.jpg,477,500,0.954,RGB,176454
2657663775_bc98bf67ac.jpg,500,333,1.502,RGB,66351
2658009523_b49d611db8.jpg,500,333,1.502,RGB,156892
2658360285_a0ec74ef48.jpg,500,333,1.502,RGB,205435
2659183350_730951f740.jpg,500,333,1.502,RGB,180089
2659554389_ed3d15093f.jpg,500,333,1.502,RGB,131200
2659606300_bea3feaf8b.jpg,333,500,0.666,RGB,169773
2660008870_b672a4c76a.jpg,332,500,0.664,RGB,111085
2660480624_45f88b3022.jpg,500,350,1.429,RGB,145649
2661138991_d55aa0e5dc.jpg,500,331,1.511,RGB,101302
2661294481_b86058b504.jpg,500,375,1.333,RGB,164706
2661294969_1388b4738c.jpg,500,375,1.333,RGB,168405
2661437618_ca7a15f3cb.jpg,500,333,1.502,RGB,68565
2661489896_cc3425777e.jpg,500,375,1.333,RGB,129300
2661567396_cbe4c2e5be.jpg,334,500,0.668,RGB,165161
2662262499_3cdf49cedd.jpg,333,500,0.666,RGB,130068
2662537919_18a29fca8a.jpg,333,500,0.666,RGB,108301
2662570182_350baa020f.jpg,375,500,0.75,RGB,123579
2662816021_ac474e0fde.jpg,500,375,1.333,RGB,111567
2662845514_8620aaee96.jpg,334,500,0.668,RGB,99569
2662890367_382eaf83bd.jpg,500,369,1.355,RGB,168100
2663248626_f000f2661d.jpg,500,375,1.333,RGB,122396
2663794355_e726ec7e05.jpg,500,324,1.543,RGB,177340
2664102751_d5a737a566.jpg,333,500,0.666,RGB,104759
2664103423_c539f61016.jpg,500,333,1.502,RGB,99539
2665264979_df9c284bf8.jpg,500,375,1.333,RGB,258280
2665461736_595c87f0a3.jpg,500,358,1.397,RGB,134303
2665586311_9a5f4e3fbe.jpg,375,500,0.75,RGB,137055
2665904080_8a3b9639d5.jpg,311,500,0.622,RGB,116492
2666078276_f7b3056997.jpg,500,333,1.502,RGB,100572
2666179615_f05a9d8331.jpg,335,500,0.67,RGB,115608
2666205903_8d287669e1.jpg,500,335,1.493,RGB,132546
2667015110_1670324a33.jpg,335,500,0.67,RGB,118489
2667549961_57e5e2c0a5.jpg,500,333,1.502,RGB,116805
2667783499_3a4f38f636.jpg,500,334,1.497,RGB,122042
267015208_d80b3eb94d.jpg,500,262,1.908,RGB,123891
2670560883_7e7b563092.jpg,375,500,0.75,RGB,170286
2670637584_d96efb8afa.jpg,375,500,0.75,RGB,184752
2671602981_4edde92658.jpg,342,500,0.684,RGB,109262
267162122_c3437414ec.jpg,500,375,1.333,RGB,66923
267164457_2e8b4d30aa.jpg,375,500,0.75,RGB,99899
2672354635_3a03f76486.jpg,333,500,0.666,RGB,178875
2672445419_251ce9419a.jpg,333,500,0.666,RGB,132750
2672588619_3849930e99.jpg,500,334,1.497,RGB,131137
2673148534_8daf0de833.jpg,500,332,1.506,RGB,206610
267325341_1a96ef436e.jpg,451,500,0.902,RGB,171511
2673564214_3a9598804f.jpg,500,375,1.333,RGB,192512
2674784195_704f6b79d0.jpg,333,500,0.666,RGB,115759
2675190069_d5c3b2c876.jpg,500,375,1.333,RGB,143053
2675397335_1dcdbd12f5.jpg,500,332,1.506,RGB,211137
2675685200_0913d84d9b.jpg,500,333,1.502,RGB,168943
2676015068_690b0fb2cd.jpg,500,375,1.333,RGB,188701
2676184321_858eff416b.jpg,500,250,2.0,RGB,73645
2676648667_cb055b4fc6.jpg,500,375,1.333,RGB,125117
2676649969_482caed129.jpg,500,375,1.333,RGB,127347
2676651833_3bb42bbb32.jpg,500,332,1.506,RGB,107816
2676764246_c58205a365.jpg,500,333,1.502,RGB,158800
2676937700_456134c7b5.jpg,500,373,1.34,RGB,133078
2677614492_792023b928.jpg,357,500,0.714,RGB,121731
2677656448_6b7e7702af.jpg,500,375,1.333,RGB,138367
267836606_bbea2267c8.jpg,500,375,1.333,RGB,144896
2678612999_893ed671f8.jpg,333,500,0.666,RGB,139751
2678798732_2998f9969c.jpg,480,500,0.96,RGB,209810
2679565682_91ecd283ff.jpg,500,369,1.355,RGB,93323
2679851489_a58780291e.jpg,357,500,0.714,RGB,162186
2679926555_b11cf45595.jpg,333,500,0.666,RGB,108693
2680619645_ab6645218d.jpg,375,500,0.75,RGB,191881
2680990587_eee6bd04fb.jpg,500,334,1.497,RGB,113657
2681215810_00b0642f7b.jpg,400,500,0.8,RGB,259132
2682194299_92005b26c6.jpg,357,500,0.714,RGB,112025
2682382530_f9f8fd1e89.jpg,500,399,1.253,RGB,183234
268365231_a0acecdc45.jpg,500,397,1.259,RGB,263631
2683963310_20dcd5e566.jpg,490,500,0.98,RGB,129014
2683985894_167d267dcb.jpg,401,500,0.802,RGB,133775
2684322797_85406f571d.jpg,500,375,1.333,RGB,106482
2684323357_c7a6d05d05.jpg,500,375,1.333,RGB,140344
2684489465_32ba1d0344.jpg,500,333,1.502,RGB,124362
2685139184_4ff45e0f76.jpg,500,375,1.333,RGB,158795
2685752892_9d5cd7f274.jpg,500,333,1.502,RGB,124753
2685788323_ceab14534a.jpg,253,500,0.506,RGB,89491
2686432878_0697dbc048.jpg,500,312,1.603,RGB,79931
268654674_d29e00b3d0.jpg,500,244,2.049,RGB,149970
268704620_8a8cef4cb3.jpg,500,357,1.401,RGB,145580
2687229880_97cfd8148e.jpg,500,333,1.502,RGB,68871
2687328779_b4356dab16.jpg,500,354,1.412,RGB,125720
2687529141_edee32649e.jpg,500,333,1.502,RGB,171151
2687539673_d54a8dc613.jpg,500,375,1.333,RGB,244359
2687672606_275169c35d.jpg,500,328,1.524,RGB,105146
2688102742_885e578a3f.jpg,334,500,0.668,RGB,161249
2688902319_52ceaf4a2a.jpg,500,375,1.333,RGB,158280
2689001252_e0016c89f0.jpg,500,352,1.42,RGB,137815
2689163361_4939875be5.jpg,500,414,1.208,RGB,215182
2689358407_9932f1b20c.jpg,334,500,0.668,RGB,112714
2689491604_d8760f57b4.jpg,500,310,1.613,RGB,114593
2690538407_7ca157be85.jpg,500,334,1.497,RGB,88980
2690702549_cf81da8cf6.jpg,500,375,1.333,RGB,180750
2691966747_cfa154982b.jpg,500,328,1.524,RGB,182814
2692635048_16c279ff9e.jpg,500,374,1.337,RGB,250416
2693425189_47740c22ed.jpg,375,500,0.75,RGB,159642
2693539377_5442430f81.jpg,500,388,1.289,RGB,132795
269361490_a22ae818bf.jpg,500,334,1.497,RGB,173193
2694178830_116be6a6a9.jpg,399,500,0.798,RGB,86676
2694426634_118566f7ab.jpg,333,500,0.666,RGB,99702
2694890967_7c7a89de16.jpg,500,309,1.618,RGB,195315
2695001634_127fe2f0d7.jpg,500,375,1.333,RGB,132469
2695085448_a11833df95.jpg,500,335,1.493,RGB,169500
2695085632_10c4e6ea78.jpg,500,321,1.558,RGB,123155
2695085862_2ed62df354.jpg,500,333,1.502,RGB,95919
2695093520_5cfeb0729d.jpg,500,313,1.597,RGB,113307
2695961935_a2a6338f26.jpg,435,500,0.87,RGB,169944
2695962887_a1647c567b.jpg,500,296,1.689,RGB,138576
2696060728_3043cfc38c.jpg,500,333,1.502,RGB,136043
269630255_c3ec75c792.jpg,500,375,1.333,RGB,225142
2696394827_7342ced36f.jpg,500,333,1.502,RGB,132894
269650644_059a84ece5.jpg,500,332,1.506,RGB,158522
2696636252_91ef1491ea.jpg,500,333,1.502,RGB,147922
2696866120_254a0345bc.jpg,500,362,1.381,RGB,244806
2696951725_e0ae54f6da.jpg,334,500,0.668,RGB,163143
2697909987_128f11d1b7.jpg,500,344,1.453,RGB,154879
2698119128_62b4741043.jpg,343,500,0.686,RGB,161998
2698197294_ccd9327ef6.jpg,500,400,1.25,RGB,141133
2698487246_e827404cac.jpg,500,333,1.502,RGB,112556
2698614194_b4e6e11dff.jpg,500,333,1.502,RGB,137814
2698666984_13e17236ae.jpg,333,500,0.666,RGB,135877
269898095_d00ac7d7a4.jpg,500,333,1.502,RGB,219269
2699125097_c6801d80ed.jpg,450,500,0.9,RGB,104264
2699342860_5288e203ea.jpg,333,500,0.666,RGB,120318
2699426519_228719b1db.jpg,500,370,1.351,RGB,123723
2699733386_c346c87ea6.jpg,500,333,1.502,RGB,138070
269986132_91b71e8aaa.jpg,500,304,1.645,RGB,133031
2700147489_f1664f2b61.jpg,500,375,1.333,RGB,80422
2701042060_92508ea8fa.jpg,500,333,1.502,RGB,108938
2701271123_6761bc5f26.jpg,500,335,1.493,RGB,98184
2701487024_e866eb4550.jpg,500,340,1.471,RGB,107678
2701603045_6cbdc4ce7c.jpg,500,361,1.385,RGB,177475
2701895972_8605c4e038.jpg,500,375,1.333,RGB,173871
2702506716_17a7fb3ba4.jpg,500,393,1.272,RGB,149416
270263570_3160f360d3.jpg,500,461,1.085,RGB,173473
2703155733_19ac6f97a8.jpg,500,319,1.567,RGB,66980
2704257993_d485058a5f.jpg,421,500,0.842,RGB,223230
2704362232_7d84503433.jpg,500,375,1.333,RGB,127971
2704379125_9c35650d16.jpg,500,248,2.016,RGB,107725
2704934519_457dc38986.jpg,346,500,0.692,RGB,118109
2705793985_007cc703fb.jpg,333,500,0.666,RGB,139029
2705947033_5999147842.jpg,500,331,1.511,RGB,156444
2706023395_ac9eba0e42.jpg,500,357,1.401,RGB,176561
2706430695_3b5667741c.jpg,375,500,0.75,RGB,214491
2706766641_a9df81969d.jpg,333,500,0.666,RGB,133420
2707244524_d57120d74a.jpg,500,332,1.506,RGB,201337
270724499_107481c88f.jpg,500,338,1.479,RGB,123349
2707835735_6537b27e8f.jpg,375,500,0.75,RGB,118367
2707873672_15e6b5d54b.jpg,500,357,1.401,RGB,235629
2707933554_f6dc5e0e3c.jpg,333,500,0.666,RGB,86022
2707969386_94dde00ce4.jpg,500,357,1.401,RGB,140900
270809922_043e3bef06.jpg,500,375,1.333,RGB,123396
270816949_ffad112278.jpg,500,298,1.678,RGB,152045
2708176152_1634cb754d.jpg,333,500,0.666,RGB,144996
2708582445_5e5999b956.jpg,500,375,1.333,RGB,144442
2708634088_a4686be24c.jpg,500,193,2.591,RGB,109650
270864951_1737ae5479.jpg,500,375,1.333,RGB,98893
2708686056_1b8f356264.jpg,500,375,1.333,RGB,109268
2708744743_e231f7fcf9.jpg,500,355,1.408,RGB,193136
2709275718_73fcf08c23.jpg,500,361,1.385,RGB,77895
2709359730_13bca100af.jpg,500,358,1.397,RGB,110979
2709536455_2a6046e38a.jpg,335,500,0.67,RGB,88605
2709648336_15455e60b2.jpg,500,400,1.25,RGB,111344
2709683703_5385ea9ef4.jpg,474,500,0.948,RGB,212598
2710280476_dcccb8745a.jpg,375,500,0.75,RGB,160417
2710416789_555180e399.jpg,500,375,1.333,RGB,109539
2710563762_06d48329d7.jpg,357,500,0.714,RGB,165630
2710698257_2e4ca8dd44.jpg,500,281,1.779,RGB,146399
2711075591_f3ee53cfaa.jpg,500,375,1.333,RGB,84959
2711720095_0b98426d3c.jpg,375,500,0.75,RGB,124203
271177682_48da79ab33.jpg,500,375,1.333,RGB,171395
2712352554_1cafd32812.jpg,334,500,0.668,RGB,169857
2712787899_d85048eb6a.jpg,323,500,0.646,RGB,141704
2712974062_6d5b6aa7f0.jpg,379,500,0.758,RGB,163435
2713554148_64cd465e71.jpg,402,500,0.804,RGB,163114
2713897716_c8cd610360.jpg,500,381,1.312,RGB,208199
2714220101_c31db50b10.jpg,500,319,1.567,RGB,64936
2714674623_8cd05ac114.jpg,500,375,1.333,RGB,108102
2714699748_c9270dd5aa.jpg,500,340,1.471,RGB,160469
2714703706_d21c5cb8df.jpg,500,333,1.502,RGB,126570
2714878018_1593c38d69.jpg,332,500,0.664,RGB,185215
2715035273_8fc8b1291c.jpg,500,400,1.25,RGB,139390
2715155329_1ed1756000.jpg,500,402,1.244,RGB,89898
2715289538_d77c8d0a85.jpg,333,500,0.666,RGB,107839
2715337869_e4fe36db50.jpg,500,373,1.34,RGB,92838
2716251485_d6113f4c8a.jpg,500,375,1.333,RGB,199107
271637337_0700f307cf.jpg,500,492,1.016,RGB,112810
2716457668_187a6d2b1c.jpg,500,333,1.502,RGB,83527
271660510_dd4ba34b35.jpg,500,333,1.502,RGB,121638
2716903793_fb7a3d8ba6.jpg,333,500,0.666,RGB,168712
2717686269_80c4b5ac9e.jpg,500,375,1.333,RGB,136444
271770120_880e8d8e52.jpg,500,230,2.174,RGB,107531
2718024196_3ff660416a.jpg,500,500,1.0,RGB,221227
2718027742_70a72f99ae.jpg,500,334,1.497,RGB,172456
2718049631_e7aa74cb9b.jpg,500,334,1.497,RGB,131538
2718376488_3c62f7642c.jpg,500,333,1.502,RGB,113540
2718495608_d8533e3ac5.jpg,500,480,1.042,RGB,104456
2719101587_4ba70dee14.jpg,333,500,0.666,RGB,124672
2719102611_fef453bf30.jpg,333,500,0.666,RGB,123055
2720215226_5a98ff2bd3.jpg,400,300,1.333,RGB,54905
2720985888_8f5920e8cf.jpg,333,500,0.666,RGB,95534
272156850_c4445a53f4.jpg,500,334,1.497,RGB,179604
2721656220_5f4cda8bc1.jpg,447,500,0.894,RGB,110808
272283076_2d4aa1d5cf.jpg,500,373,1.34,RGB,121016
2723477522_d89f5ac62b.jpg,500,296,1.689,RGB,131146
2723929323_70b93a74ea.jpg,500,375,1.333,RGB,100350
2724485630_7d2452df00.jpg,484,500,0.968,RGB,119057
272546805_536c719648.jpg,500,375,1.333,RGB,126626
2726262796_03bd63a155.jpg,500,376,1.33,RGB,120791
2726301121_95a2fbd22b.jpg,375,500,0.75,RGB,109549
2727051596_be65bfb3d3.jpg,500,333,1.502,RGB,118008
2728276857_3f83757ef2.jpg,500,344,1.453,RGB,135290
2728486640_cc2a31d2b0.jpg,500,333,1.502,RGB,90384
2728813605_cfc943e1ab.jpg,415,500,0.83,RGB,142244
2729147877_c3ec3445bf.jpg,333,500,0.666,RGB,156674
272940778_a184dbea42.jpg,500,468,1.068,RGB,130911
2729655904_1dd01922fb.jpg,500,333,1.502,RGB,127150
2729685399_56c0e104b1.jpg,375,500,0.75,RGB,128324
272988646_1588bde6a8.jpg,414,500,0.828,RGB,151268
2730819220_b58af1119a.jpg,333,500,0.666,RGB,146552
2730938963_c4ed3e2258.jpg,500,414,1.208,RGB,245025
2730994020_64ac1d18be.jpg,500,334,1.497,RGB,155225
2731171552_4a808c7d5a.jpg,380,500,0.76,RGB,134046
273248777_eaf0288ab3.jpg,370,500,0.74,RGB,187506
2732625904_4fbb653434.jpg,500,333,1.502,RGB,95611
2733659177_d74a00995b.jpg,500,375,1.333,RGB,174641
2734219983_fe86a60bf9.jpg,348,500,0.696,RGB,112812
2734669176_c272b42597.jpg,438,500,0.876,RGB,160772
2735158990_56ff6bf9b0.jpg,500,333,1.502,RGB,183797
2735290454_1bd8bc5eac.jpg,253,500,0.506,RGB,82838
2735558076_0d7bbc18fc.jpg,411,500,0.822,RGB,177100
2735792721_b8fe85e803.jpg,333,500,0.666,RGB,130657
2735979477_eef7c680f9.jpg,500,333,1.502,RGB,162878
2736508369_fd9ff0b42f.jpg,500,357,1.401,RGB,154400
2736902411_a0010f89ae.jpg,500,475,1.053,RGB,145249
2737233999_34d60dc5c3.jpg,500,334,1.497,RGB,119147
2737609659_efce872c24.jpg,375,500,0.75,RGB,218635
2737729252_b3fd9c05b1.jpg,330,500,0.66,RGB,147584
2737759676_4bc9be2daf.jpg,500,304,1.645,RGB,71500
2738077433_10e6264b6f.jpg,500,430,1.163,RGB,138193
2738255684_0324ed062d.jpg,500,333,1.502,RGB,150792
2739331794_4ae78f69a0.jpg,500,334,1.497,RGB,94722
2739332078_13d9acce59.jpg,334,500,0.668,RGB,97634
2741051940_89fb6b2cee.jpg,500,375,1.333,RGB,144140
2741380826_cfe0ddf0a9.jpg,357,500,0.714,RGB,152504
2742426734_291df6da08.jpg,500,375,1.333,RGB,110415
274313927_404d0e94ab.jpg,500,353,1.416,RGB,167349
2743652730_d909c7ae82.jpg,500,281,1.779,RGB,119200
2743709828_a795a75bfc.jpg,500,333,1.502,RGB,185335
2744321686_8811d8428c.jpg,500,333,1.502,RGB,96711
2744330402_824240184c.jpg,500,333,1.502,RGB,155715
2744600462_5804577296.jpg,500,335,1.493,RGB,140001
2744690159_fe2c89e55b.jpg,500,398,1.256,RGB,206876
2744705147_acd767d3eb.jpg,500,366,1.366,RGB,134357
2744705574_519c171ca0.jpg,500,334,1.497,RGB,59284
2745441424_5659f6acc8.jpg,500,375,1.333,RGB,84463
2745663684_650f84e1e6.jpg,334,500,0.668,RGB,107266
2745811124_12c4426b8b.jpg,500,333,1.502,RGB,137761
2746072388_b127f8259b.jpg,333,500,0.666,RGB,120316
2746839158_4195210d27.jpg,500,375,1.333,RGB,181761
2746910139_77ba5be2c5.jpg,500,334,1.497,RGB,144116
2747436384_9470c56cb9.jpg,500,335,1.493,RGB,97684
2747640247_b54bfa6886.jpg,500,330,1.515,RGB,130372
2747714500_49476225c6.jpg,500,375,1.333,RGB,104525
2748435417_ea7bbcc17c.jpg,500,500,1.0,RGB,170206
2748729903_3c7c920c4d.jpg,500,347,1.441,RGB,188135
2749124446_d4432787b5.jpg,333,500,0.666,RGB,170924
275002371_5b200e6a92.jpg,500,400,1.25,RGB,199902
2750832671_4b39f06acf.jpg,500,333,1.502,RGB,158306
2750867389_4b815f793a.jpg,500,375,1.333,RGB,105211
2751466788_4fab701cc3.jpg,375,500,0.75,RGB,172110
2751567262_e089b33ed9.jpg,500,375,1.333,RGB,136252
2751602672_ca5e1f6447.jpg,500,346,1.445,RGB,208738
2751694538_fffa3d307d.jpg,500,375,1.333,RGB,105222
2752043092_f48ebfeaa2.jpg,500,375,1.333,RGB,86728
2752084369_52e7867da7.jpg,367,500,0.734,RGB,103791
2752175795_c9def67895.jpg,500,375,1.333,RGB,180579
2752230113_b5dab6f0f1.jpg,500,375,1.333,RGB,162393
2752329719_868545b7d2.jpg,500,345,1.449,RGB,127372
2752331711_cb18abba5a.jpg,500,333,1.502,RGB,132755
2752341621_54490b9b09.jpg,500,185,2.703,RGB,76901
2752809449_632cd991b3.jpg,334,500,0.668,RGB,98664
2752919987_8bfca604ab.jpg,500,330,1.515,RGB,110169
2752923489_d3bceebacb.jpg,500,334,1.497,RGB,201272
2752926645_801a198ff6.jpg,500,334,1.497,RGB,160531
2753506871_dc38e7d153.jpg,500,332,1.506,RGB,105917
2753531542_ace2c870b7.jpg,500,333,1.502,RGB,167475
275401000_8829250eb3.jpg,500,423,1.182,RGB,152276
2754271176_4a2cda8c15.jpg,335,500,0.67,RGB,130751
2754898893_95239c1f19.jpg,500,333,1.502,RGB,114214
2755053974_5cc157512e.jpg,500,375,1.333,RGB,116163
275516348_cbccebc125.jpg,500,359,1.393,RGB,110472
2755314937_1e974bf2b5.jpg,333,500,0.666,RGB,174118
2755362721_368cbde668.jpg,500,333,1.502,RGB,163142
2755952680_68a0a1fa42.jpg,333,500,0.666,RGB,72847
2756591658_3ca6db1595.jpg,500,362,1.381,RGB,94925
2756636539_cc1eacbf4a.jpg,500,333,1.502,RGB,176582
2756765580_9e57e10f0d.jpg,500,333,1.502,RGB,200290
2757779501_c41c86a595.jpg,389,500,0.778,RGB,227379
2757803246_8aa3499d26.jpg,500,334,1.497,RGB,164542
2759089516_cbb993cb92.jpg,384,500,0.768,RGB,142804
2759211664_d21393b668.jpg,500,500,1.0,RGB,245804
2759596272_e0ce0a965a.jpg,333,500,0.666,RGB,155324
2759813381_73303113d9.jpg,375,500,0.75,RGB,206903
2759860913_f75b39d783.jpg,500,375,1.333,RGB,165651
2760371526_63f3d01760.jpg,500,396,1.263,RGB,166307
2760715910_87c7bdeb87.jpg,333,500,0.666,RGB,106371
2760716468_b541e9fd0f.jpg,500,500,1.0,RGB,189370
2761599088_8b39cc5f41.jpg,500,333,1.502,RGB,98105
2762301555_48a0d0aa24.jpg,500,332,1.506,RGB,124197
2762702644_2aa3bf9680.jpg,363,500,0.726,RGB,154525
2763044275_aa498eb88b.jpg,500,426,1.174,RGB,166147
276356412_dfa01c3c9e.jpg,500,375,1.333,RGB,205839
2763601657_09a52a063f.jpg,500,400,1.25,RGB,225312
2764178773_d63b502812.jpg,500,333,1.502,RGB,145812
2764732789_1392e962d0.jpg,500,333,1.502,RGB,112995
2765029348_667111fc30.jpg,500,333,1.502,RGB,124089
2765747519_2b851e01d6.jpg,500,346,1.445,RGB,103959
2766148353_70b2e8070f.jpg,400,500,0.8,RGB,149383
2766291711_4e13a2b594.jpg,500,207,2.415,RGB,72057
2766325714_189bbff388.jpg,500,333,1.502,RGB,86016
2766630484_ce73f47031.jpg,333,500,0.666,RGB,222156
2766726291_b83eb5d315.jpg,500,334,1.497,RGB,114335
2766765386_4c0beb939d.jpg,500,333,1.502,RGB,119419
2766854400_640e2abe08.jpg,449,500,0.898,RGB,119162
2766926202_4201bf2bf9.jpg,500,333,1.502,RGB,88206
276699720_fe6718fd03.jpg,500,376,1.33,RGB,126110
2768021570_46bc6325e3.jpg,500,177,2.825,RGB,112785
2768248810_06d543c080.jpg,500,333,1.502,RGB,127769
2768662025_44001fe5d1.jpg,333,500,0.666,RGB,132521
2768972186_92787cd523.jpg,500,333,1.502,RGB,141511
2769605231_dae8b30201.jpg,500,333,1.502,RGB,112376
2769731772_18c44c18e2.jpg,332,500,0.664,RGB,209742
2771424045_1fdf9617eb.jpg,500,333,1.502,RGB,83753
2772084628_c0ae29d87a.jpg,446,500,0.892,RGB,245000
2772532341_c4597a94ed.jpg,483,500,0.966,RGB,141570
2773011586_6f4cd41e84.jpg,500,375,1.333,RGB,169843
2773400732_5b65a25857.jpg,500,370,1.351,RGB,87435
2773682293_3b712e47ff.jpg,500,375,1.333,RGB,163006
2774362575_7543b8bf19.jpg,500,423,1.182,RGB,166829
2774430374_fee1d793e7.jpg,333,500,0.666,RGB,113976
2774554310_007e980a90.jpg,200,500,0.4,RGB,67266
2774581025_81a3074e2e.jpg,332,500,0.664,RGB,113858
2774705720_1cb85812dc.jpg,500,375,1.333,RGB,204944
2775249812_f4db95e818.jpg,500,350,1.429,RGB,131618
2775744946_1ab5d500a2.jpg,500,375,1.333,RGB,157950
2776029171_5abdd5a22f.jpg,500,332,1.506,RGB,143897
2777021428_0b2ac3e987.jpg,334,500,0.668,RGB,129356
27782020_4dab210360.jpg,500,375,1.333,RGB,73451
2778290592_1910bb0431.jpg,500,333,1.502,RGB,153411
278002800_3817135105.jpg,500,375,1.333,RGB,116977
278002875_d011ae9dc5.jpg,500,375,1.333,RGB,201046
278002947_3fd22a2cb6.jpg,500,375,1.333,RGB,237927
2780031669_a0345cfc26.jpg,500,375,1.333,RGB,121739
278007543_99f5a91a3e.jpg,500,500,1.0,RGB,146892
2780087302_6a77658cbf.jpg,500,375,1.333,RGB,200892
2780105274_52360c4cca.jpg,375,500,0.75,RGB,178334
278105206_df987b0ca0.jpg,470,500,0.94,RGB,102668
2781296531_f6f0f6c0f5.jpg,500,333,1.502,RGB,124769
2782433864_5a0c311d87.jpg,500,335,1.493,RGB,142271
2782480767_064c95eff2.jpg,400,500,0.8,RGB,215622
2782850287_1408f7ec43.jpg,500,333,1.502,RGB,152736
2783620390_02c166c733.jpg,500,334,1.497,RGB,100022
278388986_78ba84eb8f.jpg,500,375,1.333,RGB,92932
2784408839_53a25a21eb.jpg,500,375,1.333,RGB,192771
2784625888_71a421e171.jpg,494,500,0.988,RGB,271581
278496691_c1fd93e2d8.jpg,500,375,1.333,RGB,185443
2785108434_cd4a1c949c.jpg,333,500,0.666,RGB,72051
2785115802_137fa30000.jpg,500,375,1.333,RGB,118024
278559394_b23af734b9.jpg,500,375,1.333,RGB,103361
278608022_4175813019.jpg,500,341,1.466,RGB,140161
2786245676_0a69543832.jpg,500,498,1.004,RGB,190373
2786299623_a3c48bd318.jpg,334,500,0.668,RGB,116706
2787276494_82703f570a.jpg,334,500,0.668,RGB,185202
2787868417_810985234d.jpg,333,500,0.666,RGB,172493
2788628994_61123c03d2.jpg,500,333,1.502,RGB,258128
2788652511_4f10060e07.jpg,500,375,1.333,RGB,173346
2788945468_74a9618cfa.jpg,481,500,0.962,RGB,193456
2789238858_14261dd25a.jpg,500,333,1.502,RGB,124325
2789350645_96a2535b4d.jpg,500,398,1.256,RGB,185823
2789648482_1df61f224a.jpg,500,414,1.208,RGB,89444
2789688929_9424fceed1.jpg,500,375,1.333,RGB,174946
2789937754_5d1fa62e95.jpg,500,375,1.333,RGB,145809
2790909995_8b7a03d9d1.jpg,500,275,1.818,RGB,124863
2792195540_af5fb95caa.jpg,500,333,1.502,RGB,107214
2792212974_23b1ef05fa.jpg,500,253,1.976,RGB,163025
279230262_e541f9b670.jpg,335,500,0.67,RGB,104871
2792409624_2731b1072c.jpg,500,321,1.558,RGB,85921
2795287622_da187a3e86.jpg,375,500,0.75,RGB,189858
2795352290_9209b214f3.jpg,500,374,1.337,RGB,130800
279550225_d64d56158a.jpg,500,375,1.333,RGB,119197
2795866891_7559fd8422.jpg,333,500,0.666,RGB,114324
2796801478_8ebd7e550b.jpg,500,333,1.502,RGB,129435
2797149878_bb8e27ecf9.jpg,350,500,0.7,RGB,66430
2797185895_4d9e1e9508.jpg,500,373,1.34,RGB,158626
2797188545_aeb26c54c0.jpg,500,374,1.337,RGB,181252
279728508_6bd7281f3c.jpg,500,482,1.037,RGB,254555
2797438951_88a3ed7541.jpg,500,321,1.558,RGB,93625
2797511323_bf20acab45.jpg,500,333,1.502,RGB,167849
2798651021_2566f2a47e.jpg,500,355,1.408,RGB,134470
2798880731_4f51634374.jpg,500,375,1.333,RGB,143203
279901198_e7a88c855a.jpg,500,375,1.333,RGB,183932
2799871904_3b3125518a.jpg,500,381,1.312,RGB,134231
2800004913_c8394ba332.jpg,335,500,0.67,RGB,109902
2800758232_d7fa598065.jpg,500,333,1.502,RGB,67714
2800934095_b84a5009dd.jpg,333,500,0.666,RGB,170874
2800990525_a1f8427272.jpg,500,332,1.506,RGB,93454
2801146217_03a0b59ccb.jpg,500,375,1.333,RGB,122346
2801851082_8c3c480c0f.jpg,500,333,1.502,RGB,149381
2802337003_56e555cd30.jpg,375,500,0.75,RGB,221154
2804374083_311f98f5f2.jpg,500,500,1.0,RGB,158623
2804851816_9aae9071ca.jpg,500,375,1.333,RGB,182673
2805101709_1c8916f63a.jpg,375,500,0.75,RGB,166504
2805822564_6dee48e506.jpg,500,334,1.497,RGB,101317
2805873509_4f68afc4b4.jpg,500,375,1.333,RGB,100320
2806632713_edd6f6c893.jpg,500,375,1.333,RGB,96659
2806710650_e201acd913.jpg,500,333,1.502,RGB,91487
280706862_14c30d734a.jpg,500,357,1.401,RGB,155335
2807177340_bc85291df5.jpg,500,334,1.497,RGB,147205
2807209904_389d81f33a.jpg,281,500,0.562,RGB,113383
2808098783_c56b44befa.jpg,500,375,1.333,RGB,127781
2808870080_4ea4f3327e.jpg,500,429,1.166,RGB,224091
280932151_ae14a67be5.jpg,500,333,1.502,RGB,118615
2809793070_1a3387cd6e.jpg,500,333,1.502,RGB,104850
2810333931_47fd8dd340.jpg,500,368,1.359,RGB,198462
2810412010_f8b3bc1207.jpg,500,333,1.502,RGB,146353
2812125355_5e11a76533.jpg,333,500,0.666,RGB,93177
2812590023_50182bc417.jpg,500,400,1.25,RGB,136160
2813033949_e19fa08805.jpg,346,500,0.692,RGB,133346
2813588204_69fe7deb14.jpg,500,333,1.502,RGB,142819
2813784259_d201044d71.jpg,500,333,1.502,RGB,85816
2813992915_f732cf8539.jpg,500,357,1.401,RGB,148564
2814028429_561a215259.jpg,333,500,0.666,RGB,178071
2814037463_74de97da86.jpg,500,333,1.502,RGB,120584
281419391_522557ce27.jpg,500,334,1.497,RGB,112567
2814406547_a237ef0122.jpg,500,335,1.493,RGB,152820
2815256108_fc1302117d.jpg,361,500,0.722,RGB,139131
2815745115_c8479d560c.jpg,500,362,1.381,RGB,147843
2815755985_0fa55544c0.jpg,500,334,1.497,RGB,99325
2815788792_d226215d10.jpg,392,500,0.784,RGB,116341
2816259113_461f8dedb0.jpg,500,332,1.506,RGB,125257
2817230861_d27341dec0.jpg,355,500,0.71,RGB,128880
281754914_bc8119a0ed.jpg,500,375,1.333,RGB,234648
2817847072_5eb3bc30ac.jpg,333,500,0.666,RGB,123984
2818735880_68b3dfe1f5.jpg,352,500,0.704,RGB,153192
2819254573_9ecb5f4d5e.jpg,500,375,1.333,RGB,100093
282116218_7fd7583d6e.jpg,500,426,1.174,RGB,219180
282131366_5f9a39c43c.jpg,375,500,0.75,RGB,114376
2822148499_eaa46c99d4.jpg,500,333,1.502,RGB,81424
2822290399_97c809d43b.jpg,500,335,1.493,RGB,159129
2822891602_ff61df2ece.jpg,338,500,0.676,RGB,195461
2823075967_be4c350e9e.jpg,500,332,1.506,RGB,123305
2823200990_7b02b7cc36.jpg,333,500,0.666,RGB,170614
2823575468_15f6c345fc.jpg,333,500,0.666,RGB,87881
2824004868_1fc0a81173.jpg,500,375,1.333,RGB,114531
2824401212_8da8ab99d6.jpg,500,333,1.502,RGB,59977
2824922268_3fafb64683.jpg,500,333,1.502,RGB,144869
2825483885_3f7c54db3e.jpg,500,333,1.502,RGB,120578
2825540754_5e0c13e6b8.jpg,500,375,1.333,RGB,63372
2825668136_107223182c.jpg,370,500,0.74,RGB,128294
2826030193_4278ccb833.jpg,500,420,1.19,RGB,131999
2826574228_c63009e473.jpg,500,333,1.502,RGB,144417
2826647354_650ff5eb03.jpg,500,334,1.497,RGB,135435
2826769554_85c90864c9.jpg,500,489,1.022,RGB,162152
2827964381_408a310809.jpg,500,360,1.389,RGB,204466
2828583747_8cfb7217af.jpg,500,380,1.316,RGB,170243
282960970_574aa1ba49.jpg,269,500,0.538,RGB,77681
2830309113_c79d7be554.jpg,333,500,0.666,RGB,110060
2830755303_2b5444ab4c.jpg,333,500,0.666,RGB,118481
2830869109_c4e403eae6.jpg,500,456,1.096,RGB,175463
2830880811_d7f66dd2cf.jpg,500,466,1.073,RGB,179671
2831215155_07ba8f1805.jpg,335,500,0.67,RGB,117568
2831217847_555b2f95ca.jpg,500,334,1.497,RGB,184366
2831313661_1a328acb70.jpg,400,500,0.8,RGB,175041
2831314869_5025300133.jpg,500,400,1.25,RGB,189959
2831578193_3c997ae330.jpg,500,282,1.773,RGB,122439
2831656774_36982aafdb.jpg,418,500,0.836,RGB,117145
2831672255_d779807c14.jpg,317,500,0.634,RGB,108915
2831723637_30d4456665.jpg,437,500,0.874,RGB,181298
2831846986_5534425cfa.jpg,500,333,1.502,RGB,164391
2832033116_1677ea1e2e.jpg,500,332,1.506,RGB,82984
2832076014_ff08c92037.jpg,500,300,1.667,RGB,155934
2832453252_a06f7826a8.jpg,500,294,1.701,RGB,130507
2832487464_2d30634e1e.jpg,419,500,0.838,RGB,147079
2832978253_8fcc72da3b.jpg,500,375,1.333,RGB,138388
2833431496_09d999db4d.jpg,334,500,0.668,RGB,143712
2833560457_24aedf3bef.jpg,500,333,1.502,RGB,112527
2833582518_074bef3ed6.jpg,500,333,1.502,RGB,158349
2833820456_143ea6ce47.jpg,500,375,1.333,RGB,162974
2834103050_512e5b330a.jpg,500,375,1.333,RGB,180109
283428775_a3665bee7c.jpg,500,376,1.33,RGB,232516
2834752476_3177e617f1.jpg,334,500,0.668,RGB,104341
2836325261_a3bf5c59be.jpg,311,500,0.622,RGB,137928
2836360729_6500249fe6.jpg,493,500,0.986,RGB,275052
2836553263_b1a08c25ea.jpg,500,333,1.502,RGB,130029
2836703077_fa9c736203.jpg,500,400,1.25,RGB,151248
2836808985_b26e4ca09e.jpg,500,400,1.25,RGB,153253
2836864045_9a093cfd65.jpg,500,333,1.502,RGB,116796
2837127816_24441e5f7c.jpg,500,333,1.502,RGB,145350
2837640996_0183db8d93.jpg,500,474,1.055,RGB,179557
2837799692_2f1c50722a.jpg,400,500,0.8,RGB,150744
2837808847_5407af1986.jpg,500,364,1.374,RGB,131255
2837908308_8bc25c6b02.jpg,500,403,1.241,RGB,217050
2838085973_42b6e9b5b1.jpg,400,500,0.8,RGB,163511
2838125339_3dd314e315.jpg,333,500,0.666,RGB,206232
2838619742_eed855d8a8.jpg,500,333,1.502,RGB,135884
2839038702_e168128665.jpg,375,500,0.75,RGB,92990
2839532455_36a7dc4758.jpg,500,375,1.333,RGB,84954
2839789830_89668775a4.jpg,500,333,1.502,RGB,130349
2839807428_efe42423f2.jpg,500,333,1.502,RGB,155349
2839890871_4b7c7dbd96.jpg,438,500,0.876,RGB,143326
2839932205_3c9c27cd99.jpg,500,333,1.502,RGB,110058
2840344516_8e15fe2668.jpg,500,292,1.712,RGB,89907
2841449931_84a05850ec.jpg,402,500,0.804,RGB,173909
2842032768_9d9ce04385.jpg,500,361,1.385,RGB,151798
2842439618_fb20fe2215.jpg,500,304,1.645,RGB,102931
2842609837_b3a0b383f7.jpg,500,333,1.502,RGB,116139
284279868_2ca98e3dcd.jpg,500,299,1.672,RGB,68381
2842849030_89548af61c.jpg,500,375,1.333,RGB,170549
2842865689_e37256d9ce.jpg,500,334,1.497,RGB,135006
2843695880_eeea6c67db.jpg,334,500,0.668,RGB,117405
2844018783_524b08e5aa.jpg,500,375,1.333,RGB,172953
284441196_8ebb216d0d.jpg,500,332,1.506,RGB,82767
2844641033_dab3715a99.jpg,330,500,0.66,RGB,138864
2844747252_64567cf14a.jpg,500,193,2.591,RGB,65679
2844846111_8c1cbfc75d.jpg,500,333,1.502,RGB,119918
2844963839_ff09cdb81f.jpg,500,400,1.25,RGB,171413
2845246160_d0d1bbd6f0.jpg,500,390,1.282,RGB,193348
2845691057_d4ab89d889.jpg,450,301,1.495,RGB,70736
2845845721_d0bc113ff7.jpg,500,375,1.333,RGB,111711
2846037553_1a1de50709.jpg,266,500,0.532,RGB,160979
2846785268_904c5fcf9f.jpg,333,500,0.666,RGB,76823
2846843520_b0e6211478.jpg,500,500,1.0,RGB,219425
2847514745_9a35493023.jpg,500,375,1.333,RGB,137247
2847615962_c330bded6e.jpg,415,311,1.334,RGB,71116
2847859796_4d9cb0d31f.jpg,500,333,1.502,RGB,134929
2848266893_9693c66275.jpg,346,500,0.692,RGB,146325
2848571082_26454cb981.jpg,491,500,0.982,RGB,226184
2848895544_6d06210e9d.jpg,500,320,1.562,RGB,171034
2848977044_446a31d86e.jpg,500,435,1.149,RGB,179109
2849194983_2968c72832.jpg,500,500,1.0,RGB,127300
2850719435_221f15e951.jpg,375,500,0.75,RGB,244872
2851198725_37b6027625.jpg,375,500,0.75,RGB,206865
2851304910_b5721199bc.jpg,500,375,1.333,RGB,138518
2851931813_eaf8ed7be3.jpg,500,332,1.506,RGB,154355
2852982055_8112d0964f.jpg,500,375,1.333,RGB,183578
285306009_f6ddabe687.jpg,500,390,1.282,RGB,208859
2853205396_4fbe8d7a73.jpg,500,366,1.366,RGB,98875
2853407781_c9fea8eef4.jpg,500,316,1.582,RGB,93811
2853743795_e90ebc669d.jpg,400,500,0.8,RGB,104253
2853811730_fbb8ab0878.jpg,500,375,1.333,RGB,124146
2854207034_1f00555703.jpg,500,372,1.344,RGB,163144
2854234756_8c0e472f51.jpg,500,353,1.416,RGB,133187
2854291706_d4c31dbf56.jpg,500,324,1.543,RGB,103530
2854959952_3991a385ab.jpg,354,500,0.708,RGB,136669
2855417531_521bf47b50.jpg,500,333,1.502,RGB,97786
2855594918_1d1e6a6061.jpg,343,480,0.715,RGB,98238
2855667597_bf6ceaef8e.jpg,500,333,1.502,RGB,115355
2855695119_4342aae0a3.jpg,500,375,1.333,RGB,170984
2855727603_e917ded363.jpg,500,333,1.502,RGB,163117
285586547_c81f8905a1.jpg,500,401,1.247,RGB,172805
2855910826_d075845288.jpg,500,281,1.779,RGB,147199
2856080862_95d793fa9d.jpg,500,328,1.524,RGB,132978
2856252334_1b1a230e70.jpg,500,359,1.393,RGB,177230
2856456013_335297f587.jpg,500,475,1.053,RGB,235084
2856524322_1d04452a21.jpg,500,348,1.437,RGB,74151
2856699493_65edef80a1.jpg,335,500,0.67,RGB,73077
2856700531_312528eea4.jpg,335,500,0.67,RGB,69889
2856923934_6eb8832c9a.jpg,500,256,1.953,RGB,88656
2857372127_d86639002c.jpg,500,375,1.333,RGB,128587
2857473929_4f52662c30.jpg,500,390,1.282,RGB,229639
2857558098_98e9249284.jpg,500,375,1.333,RGB,231109
2857609295_16aaa85293.jpg,355,500,0.71,RGB,98900
2858439751_daa3a30ab8.jpg,500,333,1.502,RGB,120436
2858759108_6e697c5f3e.jpg,500,333,1.502,RGB,94888
2858903676_6278f07ee3.jpg,500,316,1.582,RGB,173777
2860035355_3fe7a5caa4.jpg,500,375,1.333,RGB,137048
2860040276_eac0aca4fc.jpg,500,333,1.502,RGB,101776
2860041212_797afd6ccf.jpg,500,333,1.502,RGB,114635
2860202109_97b2b22652.jpg,500,333,1.502,RGB,71521
2860372882_e0ef4131d4.jpg,333,500,0.666,RGB,90952
2860400846_2c1026a573.jpg,500,333,1.502,RGB,107017
2860667542_95abec3380.jpg,500,418,1.196,RGB,101273
2860872588_f2c7b30e1a.jpg,500,333,1.502,RGB,110561
2861100960_457ceda7fa.jpg,500,333,1.502,RGB,98434
2861413434_f0e2a10179.jpg,500,334,1.497,RGB,93936
2861932486_52befd8592.jpg,375,500,0.75,RGB,170941
2862004252_53894bb28b.jpg,500,333,1.502,RGB,214886
2862469183_a4334b904a.jpg,500,333,1.502,RGB,155524
2862481071_86c65d46fa.jpg,500,335,1.493,RGB,162402
2862509442_4f5dc96dca.jpg,500,375,1.333,RGB,148334
2862676319_a9dab1309f.jpg,500,333,1.502,RGB,84399
2862931640_2501bd36c5.jpg,500,333,1.502,RGB,96107
2863027424_9c75105660.jpg,500,344,1.453,RGB,119853
2863180332_372510aa49.jpg,500,333,1.502,RGB,130040
2863349041_5eba6e3e21.jpg,334,500,0.668,RGB,74693
2863848437_f2592ab42d.jpg,500,333,1.502,RGB,176397
2864340145_d28b842faf.jpg,500,333,1.502,RGB,120158
2864634088_d087494dff.jpg,500,322,1.553,RGB,180706
2865376471_43c5e6b941.jpg,500,335,1.493,RGB,111634
2865409854_afedf98860.jpg,500,375,1.333,RGB,161699
2865564810_5c63328cd4.jpg,500,324,1.543,RGB,121056
2865703567_52de2444f2.jpg,385,500,0.77,RGB,93561
2866093652_aa717eb9ce.jpg,447,500,0.894,RGB,175496
2866254827_9a8f592017.jpg,500,334,1.497,RGB,116807
2866529477_7e0c053ebc.jpg,500,333,1.502,RGB,156886
286660725_ffdbdf3481.jpg,500,375,1.333,RGB,103510
2866686547_0a67eb899d.jpg,333,500,0.666,RGB,137411
2866696346_4dcccbd3a5.jpg,500,332,1.506,RGB,105611
2866820467_ae699235a7.jpg,384,500,0.768,RGB,232092
2866974237_e3c1e267c0.jpg,375,500,0.75,RGB,131048
2867026654_38be983b44.jpg,500,354,1.412,RGB,133889
2867699650_e6ddb540de.jpg,500,333,1.502,RGB,106902
2867736861_43c9487a65.jpg,500,357,1.401,RGB,134196
2867845624_22e4fe0a23.jpg,377,500,0.754,RGB,125409
2867937005_91c092b157.jpg,500,453,1.104,RGB,160485
2867968184_908d87cf2c.jpg,333,500,0.666,RGB,125964
2868136205_3cf679208d.jpg,500,375,1.333,RGB,141434
2868324804_5cc8030484.jpg,500,375,1.333,RGB,125637
2868575889_2c030aa8ae.jpg,319,500,0.638,RGB,176956
2868668723_0741222b23.jpg,500,334,1.497,RGB,167197
2868776402_aef437e493.jpg,500,375,1.333,RGB,129171
2869009633_ea3cafd437.jpg,349,500,0.698,RGB,171996
2869253972_aa72df6bf3.jpg,500,400,1.25,RGB,120475
2869491449_1041485a6b.jpg,500,350,1.429,RGB,169880
2869765795_21a398cb24.jpg,500,305,1.639,RGB,104800
2870194345_0bcbac1aa5.jpg,333,500,0.666,RGB,187312
2870426310_4d59795032.jpg,500,357,1.401,RGB,210920
2870875612_2cbb9e4a3c.jpg,500,333,1.502,RGB,74885
2871962580_b85ce502ba.jpg,332,500,0.664,RGB,105326
2872197070_4e97c3ccfa.jpg,500,263,1.901,RGB,94261
2872743471_30e0d1a90a.jpg,500,362,1.381,RGB,120382
2872806249_00bea3c4e7.jpg,500,395,1.266,RGB,102123
2872963574_52ab5182cb.jpg,500,333,1.502,RGB,104481
2873065944_29c01782e2.jpg,401,500,0.802,RGB,129978
2873070704_2141a7a86a.jpg,500,375,1.333,RGB,203977
2873188959_ff023defa9.jpg,301,500,0.602,RGB,90127
2873252292_ebf23f5f10.jpg,331,500,0.662,RGB,153541
2873431806_86a56cdae8.jpg,376,500,0.752,RGB,169460
2873445888_8764699246.jpg,332,500,0.664,RGB,95025
2873522522_829ea62491.jpg,436,500,0.872,RGB,144180
2873648844_8efc7d78f1.jpg,500,372,1.344,RGB,162381
2873837796_543e415e98.jpg,500,453,1.104,RGB,208367
2874728371_ccd6db87f3.jpg,500,335,1.493,RGB,138512
2874876837_80d178ba9b.jpg,367,500,0.734,RGB,140707
2874984466_1aafec2c9f.jpg,500,333,1.502,RGB,148161
2875528143_94d9480fdd.jpg,500,454,1.101,RGB,103647
2875583266_4da13ae12d.jpg,333,500,0.666,RGB,109941
2875658507_c0d9ceae90.jpg,500,426,1.174,RGB,134322
2876494009_9f96d7eaf2.jpg,333,500,0.666,RGB,81003
2876848241_63290edfb4.jpg,500,281,1.779,RGB,93849
2876993733_cb26107d18.jpg,500,266,1.88,RGB,135057
2876994989_a4ebbd8491.jpg,500,333,1.502,RGB,112329
2877088081_7ca408cb25.jpg,416,500,0.832,RGB,110245
2877159456_ea4a46b0d2.jpg,500,333,1.502,RGB,136272
2877424957_9beb1dc49a.jpg,334,500,0.668,RGB,153632
2877503811_4e311253ec.jpg,500,375,1.333,RGB,147673
2877511986_c965ced502.jpg,373,500,0.746,RGB,108002
2877637572_641cd29901.jpg,500,375,1.333,RGB,196108
2878190821_6e4e03dc5f.jpg,333,500,0.666,RGB,162655
2878272032_fda05ffac7.jpg,500,375,1.333,RGB,165616
2878578240_caf64c3b19.jpg,390,500,0.78,RGB,160190
2878705136_609dfbf318.jpg,318,500,0.636,RGB,220208
2879241506_b421536330.jpg,500,334,1.497,RGB,146602
287999021_998c2eeb91.jpg,500,375,1.333,RGB,190574
2880051254_e0ca96b6be.jpg,500,375,1.333,RGB,182816
288025239_5e59ba9c3b.jpg,500,333,1.502,RGB,122056
2880874989_a33b632924.jpg,332,500,0.664,RGB,98631
2881087519_ca0aa79b2b.jpg,500,333,1.502,RGB,127798
2881441125_b580e3dd4b.jpg,375,500,0.75,RGB,175342
2881468095_d4ce8c0c52.jpg,500,333,1.502,RGB,148078
288177922_b889f2e1fe.jpg,500,333,1.502,RGB,174737
2882056260_4399dd4d7c.jpg,500,333,1.502,RGB,109844
2882483779_73c171ac19.jpg,500,332,1.506,RGB,118064
2882589788_cb0b407a8d.jpg,500,334,1.497,RGB,112126
2882743431_c3e6cd1b5c.jpg,500,333,1.502,RGB,151954
2882893687_1d10d68f2b.jpg,335,500,0.67,RGB,197037
2883099128_0b056eed9e.jpg,500,334,1.497,RGB,127708
2883324329_24361e2d49.jpg,334,500,0.668,RGB,193169
2883907436_82bf4a36b8.jpg,321,500,0.642,RGB,135073
2883950737_3b67d24af4.jpg,376,500,0.752,RGB,149244
2884092603_786b53a74b.jpg,379,500,0.758,RGB,100117
2884252132_5d8e776893.jpg,500,334,1.497,RGB,121354
2884301336_dc8e974431.jpg,500,496,1.008,RGB,209330
2884400562_e0851014fc.jpg,333,500,0.666,RGB,164509
2884420269_225d27f242.jpg,333,500,0.666,RGB,126065
2884651479_12e400ee58.jpg,500,375,1.333,RGB,112319
288508162_1727873924.jpg,375,500,0.75,RGB,98550
2885111681_dc328ecfff.jpg,334,500,0.668,RGB,133371
2885382946_f541ea5722.jpg,500,485,1.031,RGB,127700
2885387575_9127ea10f1.jpg,500,426,1.174,RGB,212593
2885891981_6b02620ae9.jpg,381,500,0.762,RGB,178859
2885912662_a3a2dfde45.jpg,500,375,1.333,RGB,179980
2886411666_72d8b12ce4.jpg,500,333,1.502,RGB,176069
2886533440_dfa832f2fa.jpg,333,500,0.666,RGB,64312
2886837407_a4510ab1ef.jpg,500,333,1.502,RGB,79651
2887103049_a867e74358.jpg,324,500,0.648,RGB,127244
2887171449_f54a2b9f39.jpg,500,324,1.543,RGB,145536
2887614578_ed7ba21775.jpg,500,271,1.845,RGB,133927
2887744223_029f2fd5fe.jpg,500,375,1.333,RGB,131484
2887750774_920eb171aa.jpg,500,375,1.333,RGB,125228
2887798667_ce761d45e8.jpg,500,329,1.52,RGB,134128
2888386138_578d21033a.jpg,500,375,1.333,RGB,119277
2888408966_376c195b3f.jpg,333,500,0.666,RGB,156348
2888658480_e922a3dec2.jpg,500,375,1.333,RGB,225301
2888702775_0939a6680e.jpg,500,333,1.502,RGB,156262
2888732432_7e907a3df1.jpg,375,500,0.75,RGB,236518
288880576_818b6ecfef.jpg,333,500,0.666,RGB,125809
2890057168_c712f932e0.jpg,500,327,1.529,RGB,129037
2890075175_4bd32b201a.jpg,500,390,1.282,RGB,202079
2890113532_ab2003d74e.jpg,500,375,1.333,RGB,188018
2890731828_8a7032503a.jpg,333,500,0.666,RGB,89638
2891162278_fbf96be4f4.jpg,500,333,1.502,RGB,192463
2891185857_54942809cf.jpg,500,376,1.33,RGB,185449
2891240104_6755281868.jpg,500,375,1.333,RGB,131388
2891617125_f939f604c7.jpg,500,334,1.497,RGB,84009
2891924845_92f69b0f18.jpg,500,355,1.408,RGB,96045
2891961886_b7a2f0b0fd.jpg,500,333,1.502,RGB,94825
2892395757_0a1b0eedd2.jpg,330,500,0.66,RGB,124775
2892413015_5ecd9d972a.jpg,500,375,1.333,RGB,227409
2892467862_52a3c67418.jpg,333,500,0.666,RGB,116935
2892989340_bb7e0e5548.jpg,333,500,0.666,RGB,134063
2892992529_f3335d0a71.jpg,333,500,0.666,RGB,145463
2892995070_39f3c9a56e.jpg,500,335,1.493,RGB,85781
2893238950_8a027be110.jpg,375,500,0.75,RGB,128379
2893374123_087f98d58a.jpg,500,333,1.502,RGB,119242
2893476169_f38dd32051.jpg,500,333,1.502,RGB,151784
2893515010_4a3d9dcc67.jpg,400,500,0.8,RGB,159313
2894008505_a445ccaaff.jpg,500,366,1.366,RGB,123251
2894217628_f1a4153dca.jpg,500,400,1.25,RGB,159756
2894229082_ddc395f138.jpg,500,333,1.502,RGB,78105
2894576909_99c85fd7a7.jpg,500,333,1.502,RGB,131292
2894850774_2d530040a1.jpg,500,366,1.366,RGB,118150
2895403073_906768cafa.jpg,500,325,1.538,RGB,134858
2895700779_fac1d9d278.jpg,500,375,1.333,RGB,107441
2895966469_53e0b29295.jpg,332,500,0.664,RGB,140344
289599470_cc665e2dfb.jpg,500,347,1.441,RGB,101673
289616152_012a9f16c6.jpg,364,500,0.728,RGB,124285
2896180326_88785fe078.jpg,500,328,1.524,RGB,196863
2896298341_92d718366a.jpg,326,500,0.652,RGB,93393
2896483502_6f807bae9e.jpg,500,354,1.412,RGB,161391
2896640216_761a47f006.jpg,500,249,2.008,RGB,158175
2896668718_0c3cff910f.jpg,400,500,0.8,RGB,139618
2897832422_0cbdb1421e.jpg,500,310,1.613,RGB,83932
2898304260_a4099a193a.jpg,333,500,0.666,RGB,119215
289860281_94d699f36d.jpg,375,500,0.75,RGB,119533
2898810636_84fb5c0b63.jpg,333,500,0.666,RGB,135973
2899089320_3e7f6bbaca.jpg,500,332,1.506,RGB,87695
2899276965_a20b839cfd.jpg,500,333,1.502,RGB,119527
2899374885_f3b2b1a290.jpg,500,334,1.497,RGB,100711
2899501488_90d5da5474.jpg,500,335,1.493,RGB,122690
2899594400_61b4f6c114.jpg,500,375,1.333,RGB,121083
2899622876_b673b04967.jpg,500,333,1.502,RGB,83824
2900048238_74bd69d87d.jpg,500,375,1.333,RGB,162409
290019324_23582048d4.jpg,500,399,1.253,RGB,165676
2900274587_f2cbca4c58.jpg,334,500,0.668,RGB,96533
2901074943_041aba4607.jpg,328,500,0.656,RGB,122611
2901880865_3fd7b66a45.jpg,500,313,1.597,RGB,117687
2902269566_419d9f1d8e.jpg,333,500,0.666,RGB,95108
2902486045_6298eb22ef.jpg,500,375,1.333,RGB,162644
2902661518_1513be3ea6.jpg,500,333,1.502,RGB,81626
2902844125_4186bf3ab6.jpg,333,500,0.666,RGB,56775
2903469015_a1e7d969c2.jpg,500,333,1.502,RGB,103512
2903617548_d3e38d7f88.jpg,300,500,0.6,RGB,102810
2904129133_e6ae5a1ec6.jpg,500,281,1.779,RGB,116406
2904601886_39e9d317b1.jpg,500,340,1.471,RGB,140854
2904997007_23d4b94101.jpg,269,500,0.538,RGB,110107
2905942129_2b4bf59bc0.jpg,334,500,0.668,RGB,160793
2905948395_ca3e6b3c9a.jpg,342,500,0.684,RGB,96523
2905975229_7c37156dbe.jpg,500,281,1.779,RGB,97585
2906054175_e33af79522.jpg,275,500,0.55,RGB,105411
290650302_ade636da35.jpg,500,333,1.502,RGB,97452
2906802485_dfebf09173.jpg,500,375,1.333,RGB,188750
2907073768_08fd7bdf60.jpg,335,500,0.67,RGB,199009
2907244809_07ab2c6b6c.jpg,500,333,1.502,RGB,80655
2908466042_bf07cb52c7.jpg,500,474,1.055,RGB,167375
2908512223_7e27631ed4.jpg,500,336,1.488,RGB,141188
2908859957_e96c33c1e0.jpg,332,500,0.664,RGB,139756
2909081008_9a7bfc599a.jpg,500,333,1.502,RGB,79722
2909609550_070eea49b5.jpg,360,270,1.333,RGB,57740
2909811789_ed8f3fd972.jpg,500,344,1.453,RGB,150635
290982269_79fc9f36dc.jpg,500,353,1.416,RGB,116344
2909875716_25c8652614.jpg,500,375,1.333,RGB,188397
2909955251_4b326a46a7.jpg,500,375,1.333,RGB,109078
2910758605_73a3f5a5c2.jpg,500,334,1.497,RGB,131112
2911107495_e3cec16a24.jpg,500,340,1.471,RGB,109280
2911238432_33ec2d8cec.jpg,500,375,1.333,RGB,224519
2911245290_b2c79f328a.jpg,500,375,1.333,RGB,171358
2911552402_5166bc173b.jpg,320,500,0.64,RGB,102893
2911658792_6a6ef07e3a.jpg,333,500,0.666,RGB,196850
2911919938_6bb6587a36.jpg,500,375,1.333,RGB,125674
2911928620_06c3fa293e.jpg,333,500,0.666,RGB,107871
2912476706_9a0dbd3a67.jpg,500,333,1.502,RGB,144330
2913207978_9e9624e249.jpg,500,342,1.462,RGB,98882
2913818905_8e4d9aa82a.jpg,500,276,1.812,RGB,65303
2913965136_2d00136697.jpg,500,375,1.333,RGB,205198
2913972180_547783dd3d.jpg,319,500,0.638,RGB,171297
2914206497_5e36ac6324.jpg,500,334,1.497,RGB,97976
2914331767_8574e7703d.jpg,335,500,0.67,RGB,123835
2914737181_0c8e052da8.jpg,500,183,2.732,RGB,56816
2914800692_0c512d27b8.jpg,333,500,0.666,RGB,126853
2915183095_4ed4aa4f37.jpg,500,375,1.333,RGB,183098
2915538325_59e11276dd.jpg,500,423,1.182,RGB,124460
2916009941_34a0013803.jpg,334,500,0.668,RGB,137195
2916586390_664f0139ea.jpg,309,500,0.618,RGB,156650
2917057791_3d68a055ca.jpg,500,356,1.404,RGB,201982
2917843040_7c9caaaa8a.jpg,334,500,0.668,RGB,109233
2918653119_f535fc25c4.jpg,334,500,0.668,RGB,114306
2918769188_565dd48060.jpg,333,500,0.666,RGB,116831
2918880895_e61f74f2f0.jpg,500,334,1.497,RGB,94227
2919459517_b8b858afa3.jpg,500,333,1.502,RGB,139799
291952021_f111b0fb3d.jpg,500,375,1.333,RGB,99738
2920305300_a5b1b2329a.jpg,500,400,1.25,RGB,139632
2920516901_23d8571419.jpg,500,333,1.502,RGB,102440
2920969723_83918fe909.jpg,333,500,0.666,RGB,149232
2921094201_2ed70a7963.jpg,500,375,1.333,RGB,111264
2921112724_5cb85d7413.jpg,500,375,1.333,RGB,208704
2921198890_6f70dfbf4c.jpg,500,333,1.502,RGB,102732
2921430836_3b4d062238.jpg,500,339,1.475,RGB,113184
2921578694_a46ae0d313.jpg,500,343,1.458,RGB,61798
2921670682_6a77a6c3e9.jpg,500,334,1.497,RGB,165462
2921793132_ef19f1dd44.jpg,500,333,1.502,RGB,154979
2922222717_12195af92d.jpg,469,352,1.332,RGB,62900
2922512807_d382528a93.jpg,333,500,0.666,RGB,119357
2922807898_b5a06d5c70.jpg,500,365,1.37,RGB,145396
2922973230_5a769ef92a.jpg,500,334,1.497,RGB,143989
2922981282_203f04bf9b.jpg,500,333,1.502,RGB,123934
2923475135_a6b6e13d26.jpg,500,333,1.502,RGB,91220
2923497185_c64004ff2d.jpg,500,399,1.253,RGB,137977
2923825744_ca125353f0.jpg,500,333,1.502,RGB,76769
2923891109_ea0cc932ed.jpg,333,500,0.666,RGB,177691
2924259848_effb4dcb82.jpg,500,397,1.259,RGB,158962
2924483864_cfdb900a13.jpg,500,333,1.502,RGB,103674
2924870944_90ff9eca1a.jpg,399,500,0.798,RGB,127029
2924884815_63826aa60d.jpg,500,400,1.25,RGB,153507
2924884899_f512c84332.jpg,400,500,0.8,RGB,101392
2924908529_0ecb3cdbaa.jpg,375,500,0.75,RGB,184497
2925242998_9e0db9b4a2.jpg,500,333,1.502,RGB,128202
2925577165_b83d31a7f6.jpg,500,375,1.333,RGB,245228
2925737498_57585a7ed9.jpg,400,500,0.8,RGB,152754
2925760802_50c1e84936.jpg,375,500,0.75,RGB,154583
2926233397_71e617f3a3.jpg,500,344,1.453,RGB,188853
2926595608_69b22be8d4.jpg,304,500,0.608,RGB,150868
2926786902_815a99a154.jpg,500,334,1.497,RGB,90297
292780636_72e1968949.jpg,500,333,1.502,RGB,130433
2927878881_90b42fc444.jpg,500,281,1.779,RGB,90458
2928152792_b16c73434a.jpg,363,500,0.726,RGB,145105
2928835996_88b9f9503d.jpg,500,249,2.008,RGB,144530
292887910_f34ac101c8.jpg,500,333,1.502,RGB,119741
2929006980_9f9f8f3d21.jpg,500,455,1.099,RGB,256875
2929272606_2a5923b38e.jpg,500,333,1.502,RGB,105278
2929405404_1dff5ab847.jpg,500,358,1.397,RGB,148500
2929506802_5432054d77.jpg,345,500,0.69,RGB,168580
2929669711_b2d5a640f0.jpg,500,313,1.597,RGB,132758
2930318834_8366811283.jpg,332,500,0.664,RGB,128868
2930514856_784f17064a.jpg,500,313,1.597,RGB,133419
2930580341_d36eec8e3c.jpg,500,333,1.502,RGB,196181
2930616480_7fd45ca79b.jpg,500,332,1.506,RGB,112678
2930622766_fa8f84deb1.jpg,500,332,1.506,RGB,101372
2931254547_e97c6d0d63.jpg,500,214,2.336,RGB,117761
293151893_ee7249eccb.jpg,500,500,1.0,RGB,177350
2931950813_93145c4746.jpg,311,500,0.622,RGB,124368
2932498509_27cb0038ec.jpg,500,332,1.506,RGB,164922
2932519416_11f23b6297.jpg,333,500,0.666,RGB,58311
2932740428_b15384f389.jpg,500,333,1.502,RGB,65893
293327462_20dee0de56.jpg,500,375,1.333,RGB,163112
2933637854_984614e18b.jpg,400,500,0.8,RGB,122884
2933643390_1c6086684b.jpg,500,400,1.25,RGB,143280
2933912528_52b05f84a1.jpg,500,375,1.333,RGB,195314
2934000107_d2ff15c814.jpg,500,334,1.497,RGB,121323
2934022873_3fdd69aee4.jpg,500,333,1.502,RGB,143476
2934121315_4969eeda1b.jpg,500,375,1.333,RGB,129464
2934325103_e9b8d7430f.jpg,500,333,1.502,RGB,148836
2934359101_cdf57442dc.jpg,338,500,0.676,RGB,124242
2934379210_4e399e3cac.jpg,375,500,0.75,RGB,145967
2934573544_7ffe92a2c9.jpg,500,375,1.333,RGB,145422
2934628301_41ea2e6cf9.jpg,500,333,1.502,RGB,134924
2934801096_230ae78d7e.jpg,500,375,1.333,RGB,256907
2934837034_a8ca5b1f50.jpg,400,248,1.613,RGB,71483
2935649082_1ca60180c6.jpg,500,333,1.502,RGB,98176
2935703360_4f794f7f09.jpg,500,494,1.012,RGB,244411
2935986346_29df6cf692.jpg,418,500,0.836,RGB,192157
2936590102_25036069a6.jpg,500,333,1.502,RGB,97121
2936707421_8e629874b8.jpg,500,332,1.506,RGB,154166
2937178897_ab3d1a941a.jpg,500,333,1.502,RGB,163969
2937461473_11bbace28c.jpg,500,332,1.506,RGB,181256
2937497894_e3664a9513.jpg,500,500,1.0,RGB,154364
2937697444_2367ff0e28.jpg,500,493,1.014,RGB,219470
2937942758_712be5c610.jpg,500,333,1.502,RGB,144102
2938072630_d641b63e4d.jpg,500,332,1.506,RGB,82635
2938120171_970564e3d8.jpg,500,333,1.502,RGB,129705
2938316391_97382d14aa.jpg,500,333,1.502,RGB,103020
2938747424_64e64784f0.jpg,500,375,1.333,RGB,136033
293879742_5fe0ffd894.jpg,376,500,0.752,RGB,162960
293881927_ac62900fd4.jpg,376,500,0.752,RGB,185964
2938875913_0ed920a6be.jpg,355,500,0.71,RGB,132687
2939007933_8a6ef2d073.jpg,500,308,1.623,RGB,47459
2939197393_93dc64c4bb.jpg,500,323,1.548,RGB,114118
2939371251_f923569a72.jpg,500,333,1.502,RGB,182099
2939464283_fc1a834976.jpg,500,333,1.502,RGB,187874
2939475047_84585ea45c.jpg,500,333,1.502,RGB,148972
2940366012_1ef8ab334e.jpg,500,337,1.484,RGB,124525
2940594396_20c40947b0.jpg,333,500,0.666,RGB,103474
294098577_c10f32bcfa.jpg,500,333,1.502,RGB,148749
2942094037_f6b36fd3db.jpg,334,500,0.668,RGB,155252
2942133798_e57c862a90.jpg,478,319,1.498,RGB,67516
2942311160_a154104c62.jpg,500,375,1.333,RGB,95534
2942798367_022df04b49.jpg,500,333,1.502,RGB,108192
2943023421_e297f05e11.jpg,500,340,1.471,RGB,153488
2943079526_e9033a6556.jpg,375,500,0.75,RGB,110981
2943334864_6bab479a3e.jpg,500,333,1.502,RGB,86224
2943384009_c8cf749181.jpg,500,333,1.502,RGB,124727
294353408_d459bdaa68.jpg,500,373,1.34,RGB,113752
2944025729_5aecda30ee.jpg,500,333,1.502,RGB,109575
2944193661_7b255af9cc.jpg,500,333,1.502,RGB,92111
2944362789_aebbc22db4.jpg,500,335,1.493,RGB,209910
2944836001_b38b516286.jpg,500,333,1.502,RGB,117630
2944952557_8484f0da8f.jpg,500,496,1.008,RGB,167922
2945036454_280fa5b29f.jpg,500,332,1.506,RGB,141235
294549892_babb130543.jpg,500,375,1.333,RGB,120929
2946016853_ceca4f5a07.jpg,500,434,1.152,RGB,174201
294709836_87126898fb.jpg,500,375,1.333,RGB,145839
2947172114_b591f84163.jpg,500,496,1.008,RGB,212776
2947274789_a1a35b33c3.jpg,500,375,1.333,RGB,82037
2947452329_08f2d2a467.jpg,373,500,0.746,RGB,122026
2949014128_0d96196261.jpg,487,500,0.974,RGB,299943
2949337912_beba55698b.jpg,500,187,2.674,RGB,52408
2949353587_64c54e9589.jpg,500,333,1.502,RGB,75722
2949497756_be8e58e6bd.jpg,500,333,1.502,RGB,208166
2949762776_52ece64d28.jpg,500,333,1.502,RGB,141371
2949880800_ca9a1bb7e6.jpg,375,500,0.75,RGB,145995
2949982320_c704b31626.jpg,349,500,0.698,RGB,133215
2950393735_9969c4ec59.jpg,332,500,0.664,RGB,134871
2950637275_98f1e30cca.jpg,333,500,0.666,RGB,79853
2950905787_f2017d3e49.jpg,500,333,1.502,RGB,94741
2951092164_4940b9a517.jpg,334,500,0.668,RGB,136541
2951750234_a4741f708b.jpg,500,333,1.502,RGB,90525
2952141476_fc9a48a60a.jpg,500,295,1.695,RGB,119749
2952320230_26601173be.jpg,358,500,0.716,RGB,130423
295258727_eaf75e0887.jpg,500,333,1.502,RGB,126986
2952751562_ff1c138286.jpg,500,319,1.567,RGB,71526
2953015871_cae796b6e7.jpg,500,332,1.506,RGB,171774
2953861572_d654d9b6f2.jpg,332,500,0.664,RGB,85287
295433203_8185c13e08.jpg,500,381,1.312,RGB,180011
2954525375_9d5ca97341.jpg,500,333,1.502,RGB,151544
2954584849_3c2899f319.jpg,416,500,0.832,RGB,172158
2955099064_1815b00825.jpg,333,500,0.666,RGB,74390
2955673642_4279b32097.jpg,500,357,1.401,RGB,109953
2955985301_e4139bc772.jpg,401,500,0.802,RGB,164107
2956413620_d59de03a06.jpg,500,357,1.401,RGB,104586
2956562716_5aa3f6ef38.jpg,500,376,1.33,RGB,172993
2956895529_ec6275060e.jpg,500,333,1.502,RGB,98410
2957071266_1b40ec7d96.jpg,500,375,1.333,RGB,180623
295729735_8360f2e64c.jpg,500,328,1.524,RGB,138249
2959500257_3621429a37.jpg,500,333,1.502,RGB,215266
2959581023_54402c8d88.jpg,333,500,0.666,RGB,168755
2959737718_31203fddb5.jpg,317,500,0.634,RGB,133192
2959941749_fa99097463.jpg,500,375,1.333,RGB,122083
2960033435_c20cc7399a.jpg,334,500,0.668,RGB,177994
2960422620_81889a3764.jpg,500,333,1.502,RGB,133564
2960759328_2d31e4af9b.jpg,500,333,1.502,RGB,92640
2962977152_9d6958fdd5.jpg,500,436,1.147,RGB,160103
2963573792_dd51b5fbfb.jpg,334,500,0.668,RGB,150218
2963672852_c28043bb2c.jpg,343,480,0.715,RGB,153758
2964438493_413667c04a.jpg,333,500,0.666,RGB,191474
2965604928_435dc93bf7.jpg,500,333,1.502,RGB,178087
2966190737_ceb6eb4b53.jpg,500,333,1.502,RGB,120333
2966552760_e65b22cd26.jpg,500,333,1.502,RGB,123667
2967549094_d32422eb01.jpg,500,500,1.0,RGB,242622
2967630001_cdc5560c0b.jpg,500,351,1.425,RGB,153148
2968135512_51fbb56e3e.jpg,500,500,1.0,RGB,158139
2968182121_b3b491df85.jpg,500,333,1.502,RGB,121607
2968216482_ede65b20a8.jpg,500,375,1.333,RGB,114613
2968693931_52d161b8e7.jpg,333,500,0.666,RGB,155533
296873864_4de75de261.jpg,500,375,1.333,RGB,207455
2968885599_0672a5f016.jpg,380,500,0.76,RGB,132947
2969380952_9f1eb7f93b.jpg,500,375,1.333,RGB,190620
2970067128_8842ab3603.jpg,500,334,1.497,RGB,199594
2970183443_accd597e0a.jpg,500,333,1.502,RGB,124897
2970461648_fe14ba0359.jpg,375,500,0.75,RGB,135191
2971211296_2587c3924d.jpg,332,500,0.664,RGB,121744
2971298546_dd595cf297.jpg,500,272,1.838,RGB,132570
2971431335_e192613db4.jpg,331,500,0.662,RGB,76597
2971478694_79e46ea7e5.jpg,500,333,1.502,RGB,200311
297169473_d3974e0275.jpg,500,263,1.901,RGB,141066
297285273_688e44c014.jpg,500,348,1.437,RGB,170034
2972864304_481aeffe50.jpg,484,500,0.968,RGB,239566
2972929655_04233b5489.jpg,500,437,1.144,RGB,119518
2973269132_252bfd0160.jpg,500,333,1.502,RGB,93154
2973272684_4d63cbc241.jpg,500,333,1.502,RGB,156644
2973638173_0dc21fd443.jpg,415,500,0.83,RGB,147705
2974501005_346f74e5d8.jpg,333,500,0.666,RGB,74691
2974587819_742fb7c338.jpg,500,331,1.511,RGB,148980
2975018306_0e8da316f5.jpg,500,333,1.502,RGB,133285
2975073156_7543ed326f.jpg,500,333,1.502,RGB,103759
2975118353_5af5a5df54.jpg,334,500,0.668,RGB,83476
2975253472_0f0c2dea70.jpg,414,500,0.828,RGB,177100
2975807155_5a8610c297.jpg,333,500,0.666,RGB,151698
2976155358_b4dd4407cf.jpg,440,500,0.88,RGB,253354
2976350388_3984e3193d.jpg,433,500,0.866,RGB,129610
2976537455_f3988c2d46.jpg,446,500,0.892,RGB,166361
2976684095_ce7ccfd423.jpg,500,375,1.333,RGB,117800
2976946039_fb9147908d.jpg,500,250,2.0,RGB,91546
297724467_e8918a6f90.jpg,500,333,1.502,RGB,142046
2977246776_b14be8290d.jpg,500,424,1.179,RGB,138170
2977379863_2e8d7a104e.jpg,500,436,1.147,RGB,122483
2978024878_a45b282bf4.jpg,333,500,0.666,RGB,145391
2978236380_fb24c43f1e.jpg,500,314,1.592,RGB,77491
2978271431_f6a7f19825.jpg,500,334,1.497,RGB,108399
2978394277_4572967b97.jpg,333,500,0.666,RGB,124911
2978409165_acc4f29a40.jpg,418,500,0.836,RGB,136023
2978735290_7464b12270.jpg,500,332,1.506,RGB,188768
2978810122_183e60ff2d.jpg,500,332,1.506,RGB,92479
2979914158_5906470b8f.jpg,319,500,0.638,RGB,133645
2980118787_2099de53ec.jpg,333,500,0.666,RGB,77906
2980348138_91cc6f6d0f.jpg,375,500,0.75,RGB,208441
2980445969_a86f4e6a0e.jpg,500,333,1.502,RGB,141948
2981372647_2061278c60.jpg,500,333,1.502,RGB,217816
2981702521_2459f2c1c4.jpg,349,500,0.698,RGB,156974
2982881046_45765ced2c.jpg,500,335,1.493,RGB,116108
2982928615_06db40f4cd.jpg,500,333,1.502,RGB,109381
2983555530_a89f1f5ed7.jpg,400,500,0.8,RGB,152548
2984174290_a915748d77.jpg,500,333,1.502,RGB,112780
2984704498_29b53df5df.jpg,500,477,1.048,RGB,122840
2985439112_8a3b77d5c9.jpg,333,500,0.666,RGB,115407
2985679744_75a7102aab.jpg,500,334,1.497,RGB,119455
2986280913_13fb2d472e.jpg,375,500,0.75,RGB,141343
2986620935_e97763983d.jpg,402,500,0.804,RGB,212531
2986671935_0c60bbb3fa.jpg,500,338,1.479,RGB,173681
2986716822_e220754d32.jpg,500,333,1.502,RGB,179054
2987096101_a41896187a.jpg,334,500,0.668,RGB,138191
2987121689_f9de6c479b.jpg,500,410,1.22,RGB,199907
2987195421_e830c59fb6.jpg,500,400,1.25,RGB,109636
2987328689_96a2d814f1.jpg,334,500,0.668,RGB,132370
2987576188_f82304f394.jpg,500,375,1.333,RGB,159510
2987775031_3f9ac69319.jpg,480,343,1.399,RGB,132372
2988244398_5da7012fce.jpg,400,500,0.8,RGB,129631
2988439935_7cea05bc48.jpg,333,500,0.666,RGB,143427
298920219_9a3f80acc5.jpg,500,328,1.524,RGB,122594
2990471798_73c50c76fb.jpg,333,500,0.666,RGB,164138
2990563425_2f7246f458.jpg,500,333,1.502,RGB,144179
2990977776_1ec51c9281.jpg,317,500,0.634,RGB,190513
2991375936_bf4b0a7dc0.jpg,500,375,1.333,RGB,93800
2991575785_bd4868e215.jpg,500,333,1.502,RGB,128563
2991771557_d98fa0a69f.jpg,333,500,0.666,RGB,117201
299178969_5ca1de8e40.jpg,500,333,1.502,RGB,89089
299181827_8dc714101b.jpg,500,333,1.502,RGB,145618
2991993027_36ac04e9a0.jpg,500,375,1.333,RGB,131763
2991994415_504d1c0a03.jpg,500,500,1.0,RGB,155669
2991994607_06f24ec7a6.jpg,500,375,1.333,RGB,110418
2992614450_b5a6692239.jpg,333,500,0.666,RGB,98941
2992658871_ac786d37a6.jpg,500,333,1.502,RGB,124634
2992808092_5f677085b7.jpg,500,463,1.08,RGB,184113
2992999413_018f48aabc.jpg,500,375,1.333,RGB,159799
2993049054_611f900644.jpg,500,333,1.502,RGB,97301
2993167183_2bda95fa3d.jpg,500,400,1.25,RGB,168256
2993167197_e5d0a73530.jpg,400,500,0.8,RGB,159640
2993388841_6746140656.jpg,333,500,0.666,RGB,127963
2994104606_bc2df6c1f4.jpg,500,454,1.101,RGB,289468
2994107810_af56326389.jpg,400,500,0.8,RGB,169936
2994179598_a45c2732b5.jpg,333,500,0.666,RGB,118358
2994205788_f8b3f2e840.jpg,500,500,1.0,RGB,195283
2995461857_dd26188dcf.jpg,333,500,0.666,RGB,109069
299572828_4b38b80d16.jpg,500,375,1.333,RGB,168811
2995935078_beedfe463a.jpg,500,410,1.22,RGB,155526
299612419_b55fe32fea.jpg,500,375,1.333,RGB,130346
299676757_571ee47280.jpg,500,394,1.269,RGB,157971
2998024845_1529c11694.jpg,333,500,0.666,RGB,124889
2998185688_8d33e4ce38.jpg,500,375,1.333,RGB,149575
2998277360_9b4c0192f1.jpg,500,306,1.634,RGB,99187
2998504949_1022fec53b.jpg,375,500,0.75,RGB,174490
2998861375_02817e0147.jpg,500,333,1.502,RGB,109591
2998945968_86f236d1e8.jpg,480,320,1.5,RGB,133272
2999162229_80d17099b6.jpg,500,333,1.502,RGB,115699
2999638340_75bc8b165d.jpg,500,327,1.529,RGB,118070
2999730677_0cfa1c146e.jpg,500,333,1.502,RGB,254970
2999735171_87ca43c225.jpg,500,333,1.502,RGB,178497
3000428313_8a1e65e20e.jpg,500,332,1.506,RGB,197547
3000722396_1ae2e976c2.jpg,500,375,1.333,RGB,124162
300148649_72f7f0399c.jpg,333,500,0.666,RGB,136794
3001612175_53567ffb58.jpg,500,314,1.592,RGB,178581
300222673_573fd4044b.jpg,458,500,0.916,RGB,152393
3002448718_a478c64fb4.jpg,500,371,1.348,RGB,145052
300274198_eefd8e057e.jpg,500,497,1.006,RGB,125548
3002920707_5d2e6e6aac.jpg,500,449,1.114,RGB,196762
3003011417_79b49ff384.jpg,333,500,0.666,RGB,162412
300314926_0b2e4b64f5.jpg,500,333,1.502,RGB,154960
3003612178_8230d65833.jpg,500,456,1.096,RGB,175334
3003691049_f4363c2d5c.jpg,500,375,1.333,RGB,101354
300371487_daec5d11ab.jpg,500,333,1.502,RGB,117678
3004287781_c041c09c16.jpg,500,415,1.205,RGB,126610
3004290523_d1319dfdb4.jpg,500,436,1.147,RGB,144042
3004291093_35d6fd8548.jpg,500,447,1.119,RGB,111633
3004291289_c4892898ae.jpg,212,500,0.424,RGB,94319
3004359992_f6b3617706.jpg,284,487,0.583,RGB,73510
3004823335_9b82cbd8a7.jpg,500,375,1.333,RGB,203738
300500054_56653bf217.jpg,432,275,1.571,RGB,64429
3005123298_d3017d5f5d.jpg,400,500,0.8,RGB,119464
3005124440_c096b310fb.jpg,430,500,0.86,RGB,198733
3005126574_49c28ffbee.jpg,500,477,1.048,RGB,114136
300539993_eede2d6695.jpg,500,375,1.333,RGB,140021
300550441_f44ec3701a.jpg,432,288,1.5,RGB,77181
300577374_bfccb0430b.jpg,432,288,1.5,RGB,59125
300577375_26cc2773a1.jpg,432,288,1.5,RGB,67883
3005872315_e6771763bd.jpg,500,333,1.502,RGB,79031
300594071_3450444752.jpg,432,288,1.5,RGB,65825
3006093003_c211737232.jpg,400,500,0.8,RGB,121282
3006094603_c5b32d2758.jpg,322,500,0.644,RGB,110651
3006095077_1992b677f8.jpg,500,393,1.272,RGB,105952
3006217970_90b42e6b27.jpg,500,334,1.497,RGB,104500
3006926228_cf3c067b3e.jpg,441,500,0.882,RGB,109868
3007214949_a4b027f8a3.jpg,500,375,1.333,RGB,164855
300765528_8c8f709dda.jpg,333,500,0.666,RGB,105602
3008370541_ce29ce49f0.jpg,500,329,1.52,RGB,99014
3009018821_ba47396e24.jpg,500,358,1.397,RGB,177175
3009035153_715e39b440.jpg,500,333,1.502,RGB,47931
3009047603_28612247d2.jpg,500,375,1.333,RGB,176295
300922408_05a4f9938c.jpg,500,344,1.453,RGB,127391
3009383694_e045c6169e.jpg,500,500,1.0,RGB,146272
3009644534_992e9ea2a7.jpg,500,400,1.25,RGB,201262
3012513414_86180c44cb.jpg,369,500,0.738,RGB,99276
3013469764_30e84e9a0d.jpg,500,333,1.502,RGB,146163
3014015906_fdba461f36.jpg,500,356,1.404,RGB,241027
3014080715_f4f0dbb56e.jpg,422,500,0.844,RGB,186729
3014169370_fc4059352e.jpg,500,375,1.333,RGB,162070
3014546644_d53db746ec.jpg,500,333,1.502,RGB,226679
3014773357_f66bd09290.jpg,500,148,3.378,RGB,56474
3014986976_0e7b858970.jpg,500,333,1.502,RGB,158243
3015368588_ef0a06076d.jpg,500,333,1.502,RGB,162405
3015863181_92ff43f4d8.jpg,500,336,1.488,RGB,138888
3015891201_2c1a9e5cd7.jpg,334,500,0.668,RGB,101126
3015898903_70bebb8903.jpg,500,333,1.502,RGB,105329
3016178284_ec50a09e8c.jpg,500,333,1.502,RGB,114317
3016200560_5bf8a70797.jpg,500,486,1.029,RGB,179648
3016521240_2ef20834b6.jpg,500,333,1.502,RGB,97836
3016606751_0e8be20abd.jpg,500,381,1.312,RGB,172384
3016651969_746bd36e68.jpg,343,500,0.686,RGB,142448
3016708786_3591106cca.jpg,366,500,0.732,RGB,133842
3016726158_4d15b83b06.jpg,500,329,1.52,RGB,107815
3016741474_72b4355198.jpg,500,339,1.475,RGB,99974
3016759846_062663f8ab.jpg,330,500,0.66,RGB,123797
3017203816_5dc2a6b392.jpg,500,330,1.515,RGB,92392
3017220118_6a9212dfdb.jpg,500,332,1.506,RGB,102168
3017373346_3a34c3fe9d.jpg,500,447,1.119,RGB,165523
3017521547_f5ef8848e3.jpg,500,385,1.299,RGB,118577
3017656907_c3b137e070.jpg,500,333,1.502,RGB,97973
3018304737_0a46fc5f1d.jpg,500,344,1.453,RGB,139880
3018467501_a03d404413.jpg,500,334,1.497,RGB,119202
3018847610_0bf4d7e43d.jpg,344,500,0.688,RGB,105247
3019199755_a984bc21b1.jpg,500,335,1.493,RGB,109601
3019473225_8e59b8ec4e.jpg,500,334,1.497,RGB,97799
3019609769_c7809177f6.jpg,500,333,1.502,RGB,179086
3019667009_20db160195.jpg,375,500,0.75,RGB,170331
3019842612_8501c1791e.jpg,500,473,1.057,RGB,152291
3019857541_3de3e24f54.jpg,500,333,1.502,RGB,148319
3019917636_4e0bb0acc4.jpg,332,500,0.664,RGB,139800
3019923691_3b3c5a4766.jpg,500,333,1.502,RGB,109265
3019986034_7453777274.jpg,380,500,0.76,RGB,205349
3021318991_fa28e3bca7.jpg,500,209,2.392,RGB,78994
3021780428_497542a072.jpg,375,500,0.75,RGB,91441
302241178_a582c1b953.jpg,500,333,1.502,RGB,95088
3023178539_836b50cd43.jpg,500,330,1.515,RGB,132317
3024022266_3528c16ed8.jpg,500,332,1.506,RGB,216175
3024172109_a10198e1dd.jpg,375,500,0.75,RGB,120930
3025315215_a5d367971a.jpg,500,333,1.502,RGB,118257
3025334206_76888792e5.jpg,361,500,0.722,RGB,208422
3025438110_40af7e6a80.jpg,500,333,1.502,RGB,180531
3025495499_b15797b452.jpg,400,500,0.8,RGB,98888
3025513877_1a6160070d.jpg,500,333,1.502,RGB,98383
3025546819_ce031d2fc3.jpg,500,333,1.502,RGB,88593
3025549604_38b86198f5.jpg,500,387,1.292,RGB,250577
3026102616_3cf350af9e.jpg,375,500,0.75,RGB,115421
3027009366_c8362521e8.jpg,500,333,1.502,RGB,177909
3027365101_3818be6e16.jpg,500,333,1.502,RGB,160314
3027397797_4f1d305ced.jpg,500,362,1.381,RGB,83321
3027399066_ca85495775.jpg,500,333,1.502,RGB,125533
3027850131_a7772e0ba0.jpg,500,333,1.502,RGB,95887
3028095878_07341efc9c.jpg,500,333,1.502,RGB,90321
3028404926_2bd27e3e83.jpg,375,500,0.75,RGB,131762
3028561714_83fb921067.jpg,500,375,1.333,RGB,108456
3028969146_26929ae0e8.jpg,500,346,1.445,RGB,195271
3029043380_b28644ea5d.jpg,400,500,0.8,RGB,74019
3029463004_c2d2c8f404.jpg,500,333,1.502,RGB,124693
3029472296_d429b1586c.jpg,500,331,1.511,RGB,168209
3029715635_43ab414dfb.jpg,500,400,1.25,RGB,242661
302983277_69a4e732e4.jpg,500,375,1.333,RGB,164537
3029928396_99ac250788.jpg,500,334,1.497,RGB,99130
3030079705_0dee8a3e89.jpg,320,240,1.333,RGB,50479
3030223792_02b6f2be99.jpg,500,333,1.502,RGB,97810
3030294889_78b2ccbe51.jpg,500,373,1.34,RGB,224959
3030566410_393c36a6c5.jpg,500,400,1.25,RGB,161120
3030793171_55cd646eed.jpg,333,500,0.666,RGB,123636
3030823649_3b7b6c728d.jpg,500,357,1.401,RGB,107666
3030824089_e5a840265e.jpg,500,357,1.401,RGB,146114
3030962048_f71948226c.jpg,500,337,1.484,RGB,171275
3031263767_2e3856130e.jpg,500,333,1.502,RGB,198537
3032790880_d216197d55.jpg,500,344,1.453,RGB,103712
3033210806_3ffc0a231a.jpg,500,301,1.661,RGB,95473
3033257301_e2c8a39b04.jpg,500,333,1.502,RGB,114016
3033612929_764d977bd5.jpg,500,390,1.282,RGB,184038
3033668641_5905f73990.jpg,332,500,0.664,RGB,125541
3033686219_452b172ab0.jpg,500,322,1.553,RGB,126857
3033741581_136889ac73.jpg,333,500,0.666,RGB,129739
3033825101_44a4390f16.jpg,500,491,1.018,RGB,131523
3034585889_388d6ffcc0.jpg,500,336,1.488,RGB,166151
3035118753_69287079dc.jpg,500,375,1.333,RGB,86070
3035785330_2fd5e32bb1.jpg,500,375,1.333,RGB,154663
3035949542_cb249790f5.jpg,500,333,1.502,RGB,152545
3036033157_522a43a550.jpg,500,375,1.333,RGB,227981
303607405_f36edf16c6.jpg,500,333,1.502,RGB,126684
3036382555_30b7312cf3.jpg,500,333,1.502,RGB,166931
3036596725_541bbe0955.jpg,500,333,1.502,RGB,100698
3036641436_d6594fc45f.jpg,500,333,1.502,RGB,201557
3036971334_78187a9570.jpg,333,500,0.666,RGB,167795
3037558954_20115165e3.jpg,500,375,1.333,RGB,135184
303795791_98ebc1d19a.jpg,500,354,1.412,RGB,135502
3038045802_93f2cd5fbc.jpg,500,336,1.488,RGB,120929
3038760935_9a713510eb.jpg,500,335,1.493,RGB,123475
3038941104_17ee91fc03.jpg,500,452,1.106,RGB,76933
3039209547_81cc93fbec.jpg,164,500,0.328,RGB,69450
3039214579_43ef79f931.jpg,303,500,0.606,RGB,144940
3039675864_0b7961844d.jpg,500,355,1.408,RGB,180568
3040033126_9f4b88261b.jpg,500,375,1.333,RGB,125334
3040051410_6205682ba3.jpg,500,452,1.106,RGB,166076
3040575300_0e4328d205.jpg,500,334,1.497,RGB,132743
3041170372_c4376cd497.jpg,500,333,1.502,RGB,111794
3041348852_872c027c16.jpg,500,333,1.502,RGB,148289
3041384194_04316bd416.jpg,500,424,1.179,RGB,109730
3041487045_b48ac7ed08.jpg,500,333,1.502,RGB,85268
3041645937_ff7591d134.jpg,400,500,0.8,RGB,153889
3041689520_c481bdb20e.jpg,500,326,1.534,RGB,135999
3042173467_14394234da.jpg,500,332,1.506,RGB,86704
3042380610_c5ea61eef8.jpg,500,375,1.333,RGB,146027
3042381160_ffe2b16808.jpg,500,375,1.333,RGB,154057
3042405316_ba3a01926b.jpg,356,500,0.712,RGB,202307
3042483842_beb23828b9.jpg,365,500,0.73,RGB,119678
3042484940_0975a5e486.jpg,500,400,1.25,RGB,145746
3042488474_0d2ec81eb8.jpg,400,500,0.8,RGB,155174
3042679440_010b2c596c.jpg,500,375,1.333,RGB,181783
3043266735_904dda6ded.jpg,500,375,1.333,RGB,119591
3043501068_be58ac47e1.jpg,500,375,1.333,RGB,86916
3043685748_130db75e3b.jpg,500,375,1.333,RGB,117856
3043904009_3b5e0412cd.jpg,500,375,1.333,RGB,101643
3043908909_bb54d2c08e.jpg,500,439,1.139,RGB,175863
304408047_98bab3ea64.jpg,500,400,1.25,RGB,133505
3044359043_627488ddf0.jpg,500,301,1.661,RGB,137446
3044500219_778f9f2b71.jpg,500,332,1.506,RGB,99494
3044536048_e615466e7f.jpg,500,276,1.812,RGB,85304
3044745642_1d0784ff29.jpg,500,375,1.333,RGB,137539
3044746136_8b89da5f40.jpg,500,375,1.333,RGB,144683
3045613316_4e88862836.jpg,500,375,1.333,RGB,208192
3046190891_05c6ecd9b6.jpg,500,333,1.502,RGB,111531
3046259614_614394e024.jpg,500,333,1.502,RGB,131165
3046286572_d2050ab0d9.jpg,500,334,1.497,RGB,139145
3046429283_08de594901.jpg,182,500,0.364,RGB,71441
3046430047_d7b10123d0.jpg,500,400,1.25,RGB,126065
3046431231_dc48851062.jpg,500,404,1.238,RGB,174416
3046916429_8e2570b613.jpg,500,375,1.333,RGB,142749
3046949818_245b05f507.jpg,500,333,1.502,RGB,157800
3047144646_2252ff8e04.jpg,500,330,1.515,RGB,144197
3047264032_14393ecea8.jpg,500,400,1.25,RGB,111037
3047264346_e24601bfbf.jpg,400,500,0.8,RGB,121541
3047749814_621ed0786b.jpg,500,375,1.333,RGB,165764
3047751696_78c2efe5e6.jpg,500,375,1.333,RGB,126881
3048211972_db71d104c2.jpg,500,333,1.502,RGB,104808
3048380686_732db55281.jpg,500,369,1.355,RGB,150653
3048461682_e89f81b1c7.jpg,400,500,0.8,RGB,190405
3048597471_5697538daf.jpg,500,333,1.502,RGB,93768
3048821353_83d4c0cbb9.jpg,500,349,1.433,RGB,221834
3049649128_d83d847168.jpg,375,500,0.75,RGB,183253
3049770416_0fb1954315.jpg,500,335,1.493,RGB,113204
3050114829_18bc5a6d7c.jpg,500,151,3.311,RGB,34892
3050264832_4215f2b398.jpg,465,500,0.93,RGB,180894
3050606344_af711c726c.jpg,375,500,0.75,RGB,206865
3050650135_23f9d9d2f8.jpg,500,385,1.299,RGB,191883
3050976633_9c25cf6fa0.jpg,500,359,1.393,RGB,163132
3051125715_db76cebd1e.jpg,500,333,1.502,RGB,129349
3051341320_1d0166e775.jpg,500,400,1.25,RGB,114645
3051384385_c5c850c1f8.jpg,500,375,1.333,RGB,121945
3051754615_3d6494c2ae.jpg,500,333,1.502,RGB,179298
305199420_89f6ddd778.jpg,500,335,1.493,RGB,129490
3051998298_38da5746fa.jpg,500,375,1.333,RGB,126944
3052038928_9f53aa2084.jpg,500,333,1.502,RGB,89674
3052104757_d1cf646935.jpg,500,334,1.497,RGB,186879
3052196390_c59dd24ca8.jpg,375,500,0.75,RGB,189130
3053415073_5b667230ed.jpg,500,342,1.462,RGB,134785
3053743109_a2d780c0d2.jpg,334,500,0.668,RGB,221399
3053785363_50392f2c53.jpg,500,218,2.294,RGB,107731
3053813297_7ce5f87710.jpg,500,375,1.333,RGB,209093
3053916979_848d32261b.jpg,500,333,1.502,RGB,94197
3054200086_657d4398e8.jpg,500,371,1.348,RGB,199459
3054989420_3e755ca352.jpg,500,375,1.333,RGB,180757
3054997030_797096dd12.jpg,333,500,0.666,RGB,172097
3055716848_b253324afc.jpg,500,333,1.502,RGB,162032
3056530884_27766059bc.jpg,500,333,1.502,RGB,145854
3056569684_c264c88d00.jpg,500,375,1.333,RGB,109987
3057497487_57ecc60ff1.jpg,358,500,0.716,RGB,199561
305749904_54a612fd1a.jpg,333,500,0.666,RGB,113505
3057618932_3b80ae85de.jpg,500,333,1.502,RGB,124982
3057770908_3fd97f79f9.jpg,245,500,0.49,RGB,132172
3057862887_135c61816a.jpg,500,375,1.333,RGB,185617
3058439373_9276a4702a.jpg,500,357,1.401,RGB,149842
3058627443_1d57ff0a2c.jpg,500,334,1.497,RGB,186336
3060519665_4d6b9a51b2.jpg,500,333,1.502,RGB,138166
3060594966_030658d318.jpg,333,500,0.666,RGB,122385
3060969260_08f43e4f4f.jpg,319,480,0.665,RGB,75396
3061481868_d1e00b1f2e.jpg,500,333,1.502,RGB,90433
3062173277_bfb5ef4c45.jpg,500,333,1.502,RGB,188802
3062273350_fd66106f21.jpg,500,303,1.65,RGB,91381
306315650_e064f5c677.jpg,500,375,1.333,RGB,132229
306318683_5f1f875191.jpg,500,375,1.333,RGB,94285
3063544435_10516c6937.jpg,500,333,1.502,RGB,137979
3064097919_e536ab9693.jpg,500,333,1.502,RGB,47331
3064383768_f6838f57da.jpg,500,333,1.502,RGB,135209
3064716525_b8418d4946.jpg,500,399,1.253,RGB,111475
3065468339_4955e90fd3.jpg,434,500,0.868,RGB,210013
3065560742_f6e266ccd9.jpg,500,385,1.299,RGB,111222
3066338314_2c3fb731d1.jpg,362,500,0.724,RGB,120609
3066429707_842e50b8f7.jpg,500,400,1.25,RGB,120886
3066491113_86569e15be.jpg,500,333,1.502,RGB,180682
3067500667_0fce8f28d4.jpg,500,333,1.502,RGB,127049
3067885047_f69d90c35b.jpg,500,334,1.497,RGB,185813
3067971348_69af5bb309.jpg,500,332,1.506,RGB,87750
3068407619_5207b26986.jpg,500,334,1.497,RGB,116939
3068735836_872fba3068.jpg,500,327,1.529,RGB,121927
3068945309_ff0973e859.jpg,500,347,1.441,RGB,167747
3068994801_b2bc079e67.jpg,500,333,1.502,RGB,52780
3069037969_bb7319e0dc.jpg,500,333,1.502,RGB,163012
3069216757_c419b3898e.jpg,500,410,1.22,RGB,115496
3069282021_e05e1829f3.jpg,500,333,1.502,RGB,99102
3069786374_804e1123ac.jpg,361,500,0.722,RGB,142770
3069937639_364fc11e99.jpg,500,375,1.333,RGB,205197
3070011270_390e597783.jpg,500,334,1.497,RGB,58087
3070031806_3d587c2a66.jpg,334,500,0.668,RGB,88622
3070130228_67dcfee9ae.jpg,400,500,0.8,RGB,146889
3070274658_fc39fd4f84.jpg,500,333,1.502,RGB,155199
3070485870_eab1a75c6f.jpg,500,375,1.333,RGB,102376
3070713991_8696796937.jpg,500,333,1.502,RGB,217866
3071676551_a65741e372.jpg,500,333,1.502,RGB,148291
3072114570_e1c0127529.jpg,500,333,1.502,RGB,117630
3072172967_630e9c69d0.jpg,500,373,1.34,RGB,233547
3072611047_109bf8b7c3.jpg,500,335,1.493,RGB,162535
3072730593_b7322d2e05.jpg,500,375,1.333,RGB,136591
3072782873_3278f3b3a7.jpg,357,500,0.714,RGB,157048
307301755_48919ef1b2.jpg,500,349,1.433,RGB,165242
307321761_606fc91673.jpg,500,300,1.667,RGB,162451
307327914_f98f576adb.jpg,500,375,1.333,RGB,77043
3073535022_4af81f360c.jpg,500,400,1.25,RGB,129951
3073579130_7c95d16a7f.jpg,375,500,0.75,RGB,169235
3074265400_bf9e10621e.jpg,500,408,1.225,RGB,166110
3074617663_2f2634081d.jpg,500,375,1.333,RGB,171979
3074842262_62b1b2168c.jpg,500,440,1.136,RGB,245983
3075068274_2a28a5263b.jpg,498,500,0.996,RGB,229195
3076052114_233f42ae5b.jpg,500,333,1.502,RGB,150562
3076928208_5763e9eb8c.jpg,500,375,1.333,RGB,142406
3077166963_fe172c709d.jpg,500,333,1.502,RGB,133090
3077781040_bc27778609.jpg,500,334,1.497,RGB,99879
3078229723_2aa52600de.jpg,500,335,1.493,RGB,146036
3078844565_16e9cdcea2.jpg,332,500,0.664,RGB,139679
3079073247_97e88e2eb7.jpg,500,332,1.506,RGB,101640
3079341641_f65f6b0f8b.jpg,333,500,0.666,RGB,97009
3079786914_fe598b0e54.jpg,500,375,1.333,RGB,120545
3079787482_0757e9d167.jpg,500,375,1.333,RGB,102373
3079917032_3cfacb2fd7.jpg,500,371,1.348,RGB,112285
307994435_592f933a6d.jpg,347,500,0.694,RGB,141205
3080056515_3013830309.jpg,500,333,1.502,RGB,162901
308014594_f1d5e75507.jpg,500,333,1.502,RGB,184056
3080891382_edf83dde18.jpg,500,333,1.502,RGB,151258
3081182021_22cfa18dd4.jpg,302,500,0.604,RGB,114306
3081330705_7a1732e12c.jpg,500,330,1.515,RGB,155010
3081363964_d404eccae8.jpg,500,315,1.587,RGB,136014
3081734118_6f2090215c.jpg,500,413,1.211,RGB,192681
3082196097_2d15455b00.jpg,500,375,1.333,RGB,91802
3082474922_9c3533eaf6.jpg,500,375,1.333,RGB,137930
3082934678_58534e9d2c.jpg,500,375,1.333,RGB,149184
3083016677_5782bc337c.jpg,500,452,1.106,RGB,172741
308307853_5a51fbdecc.jpg,500,332,1.506,RGB,53196
3084001782_41a848df4e.jpg,500,375,1.333,RGB,132330
3084010872_cbc3ea8239.jpg,375,500,0.75,RGB,112705
3084011028_d1e2c40d7d.jpg,500,375,1.333,RGB,101379
3084011664_76d37c6559.jpg,500,374,1.337,RGB,130607
3084018061_df66d98325.jpg,361,500,0.722,RGB,100010
3084034954_fe5737197d.jpg,340,500,0.68,RGB,210069
3084149186_4bc08b0752.jpg,500,332,1.506,RGB,149507
3084380974_268a0f9236.jpg,500,333,1.502,RGB,154522
3084711346_fda0f5a3e6.jpg,500,333,1.502,RGB,105811
3084731832_8e518e320d.jpg,374,500,0.748,RGB,170932
308487515_7852928f90.jpg,500,386,1.295,RGB,95589
3085226474_62aba51179.jpg,500,333,1.502,RGB,85430
3085357792_efcf297c71.jpg,500,375,1.333,RGB,182824
3085667767_66041b202e.jpg,500,333,1.502,RGB,127554
3085667865_fa001816be.jpg,500,333,1.502,RGB,138666
3085973779_29f44fbdaa.jpg,282,500,0.564,RGB,107982
3086507638_d8a2cd0ac3.jpg,500,375,1.333,RGB,135651
3086523890_fd9394af8b.jpg,500,375,1.333,RGB,135355
3086526292_f799d237c7.jpg,500,334,1.497,RGB,183075
3086790344_9487c58624.jpg,500,374,1.337,RGB,177015
3086810882_94036f4475.jpg,500,500,1.0,RGB,193856
3087095548_6df7c2a8ed.jpg,500,384,1.302,RGB,140595
3087485737_cb09bc80b6.jpg,500,375,1.333,RGB,111854
3088074124_481139dc92.jpg,333,500,0.666,RGB,136456
3088322308_b0c940b3a3.jpg,500,375,1.333,RGB,75489
3088399255_1bd9a6aa04.jpg,500,333,1.502,RGB,152883
3088572348_264c47f78c.jpg,500,333,1.502,RGB,141503
3088677667_4a8befb70e.jpg,500,436,1.147,RGB,138143
3088922727_4bdf2ccc94.jpg,500,401,1.247,RGB,185063
3089107423_81a24eaf18.jpg,500,375,1.333,RGB,154503
308956341_642589e9cc.jpg,500,333,1.502,RGB,166507
3089742441_d42531c14f.jpg,375,500,0.75,RGB,187034
3089842255_359ccf5c40.jpg,500,399,1.253,RGB,206999
3090386315_87ed417814.jpg,500,333,1.502,RGB,115896
3090398639_68c0dfa9a5.jpg,320,480,0.667,RGB,189199
309049466_1d7e7d5fc2.jpg,445,500,0.89,RGB,173134
3090593241_93a975fe2b.jpg,500,375,1.333,RGB,184495
3090600019_8808fe7a9d.jpg,447,500,0.894,RGB,150783
3090957866_f1b2b7f214.jpg,316,500,0.632,RGB,109138
3091177347_58c85c1c3b.jpg,500,375,1.333,RGB,161038
3091338773_9cf10467b4.jpg,500,333,1.502,RGB,188257
3091382602_60b9b53ed1.jpg,414,500,0.828,RGB,145065
3091580843_178042c50b.jpg,500,375,1.333,RGB,213672
3091594712_2166604334.jpg,333,500,0.666,RGB,114929
3091912922_0d6ebc8f6a.jpg,500,333,1.502,RGB,116049
3091916691_b1c96669c6.jpg,333,500,0.666,RGB,117152
3091921457_83eee69591.jpg,400,251,1.594,RGB,83042
3091962081_194f2f3bd4.jpg,375,500,0.75,RGB,169379
3092200805_dd1f83ddbe.jpg,500,319,1.567,RGB,134660
3092370204_029b6bc10a.jpg,334,500,0.668,RGB,105512
309238565_2d5d8dc8bf.jpg,396,500,0.792,RGB,190716
3092756650_557c5f2d03.jpg,400,264,1.515,RGB,66200
3093970461_825b0cac2f.jpg,500,320,1.562,RGB,81573
3093971101_543237971d.jpg,500,313,1.597,RGB,137618
3094064787_aed1666fc9.jpg,500,375,1.333,RGB,123723
3094278545_febac56382.jpg,500,333,1.502,RGB,69647
309430053_cc58bcc36a.jpg,375,500,0.75,RGB,131472
3094317837_b31cbf969e.jpg,500,332,1.506,RGB,84360
3094568845_d0b56c5651.jpg,500,333,1.502,RGB,136134
3095137758_bdd1e613dd.jpg,500,333,1.502,RGB,152789
3095225232_2e6e6dc92e.jpg,358,500,0.716,RGB,125615
3096163135_584901a5ae.jpg,500,375,1.333,RGB,114030
309687244_4bdf3b591f.jpg,333,500,0.666,RGB,152264
3096918227_f9d26a7db2.jpg,334,500,0.668,RGB,82827
3097171315_0ba7d283b1.jpg,500,375,1.333,RGB,155409
3097196395_ec06075389.jpg,500,333,1.502,RGB,150095
309771854_952aabe3cc.jpg,500,333,1.502,RGB,97843
3097776588_312932e438.jpg,374,500,0.748,RGB,76296
3098336319_a7e5b061d0.jpg,335,480,0.698,RGB,86131
3098707588_5096d20397.jpg,382,500,0.764,RGB,94179
3098714492_19939e3b19.jpg,500,376,1.33,RGB,116369
3098824948_23c31df031.jpg,333,500,0.666,RGB,89218
3099091086_f75f0ce09d.jpg,500,333,1.502,RGB,171656
3099264059_21653e2536.jpg,500,331,1.511,RGB,77531
3099504809_565e17e49d.jpg,500,333,1.502,RGB,119229
3099694681_19a72c8bdc.jpg,500,375,1.333,RGB,135653
3099923914_fd450f6d51.jpg,357,500,0.714,RGB,168380
3099965396_2a0018cb9e.jpg,357,500,0.714,RGB,128553
3100251515_c68027cc22.jpg,500,332,1.506,RGB,167792
3100442775_6e2659b973.jpg,333,500,0.666,RGB,134423
3101378069_f8caa14c0a.jpg,500,274,1.825,RGB,175090
3101796900_59c15e0edc.jpg,500,313,1.597,RGB,98507
310213587_778fe8fb5b.jpg,500,341,1.466,RGB,159965
3102204862_f1d220230b.jpg,333,500,0.666,RGB,88662
3102363657_dc95fe6850.jpg,333,500,0.666,RGB,131412
310260324_7f941814bc.jpg,500,375,1.333,RGB,133225
3103185190_eb8729c166.jpg,335,500,0.67,RGB,136129
3103231330_db98b14501.jpg,334,500,0.668,RGB,136655
3103264875_2a8d534abc.jpg,360,269,1.338,RGB,76244
3103340819_46de7954a9.jpg,491,500,0.982,RGB,136444
3103587323_7f093d5b90.jpg,500,375,1.333,RGB,189578
3104182973_5bb1c31275.jpg,375,500,0.75,RGB,178511
3104400277_1524e4f758.jpg,500,328,1.524,RGB,138435
3104690333_4314d979de.jpg,375,500,0.75,RGB,133575
3104909823_0f41dd8be6.jpg,500,334,1.497,RGB,78022
3105315670_5f86f73753.jpg,500,333,1.502,RGB,165173
3105623068_392b767a7b.jpg,500,335,1.493,RGB,157859
3105691757_817083b0a6.jpg,341,500,0.682,RGB,143371
3105929913_94a6882e25.jpg,500,333,1.502,RGB,96673
3106026005_473a7b1c8c.jpg,500,321,1.558,RGB,106423
3106223494_52d4d2d75d.jpg,365,500,0.73,RGB,150286
3106340185_80d0cb770a.jpg,500,356,1.404,RGB,114857
3106562372_e349a27764.jpg,334,500,0.668,RGB,93326
3106782647_b078830a9e.jpg,333,500,0.666,RGB,71726
3106787167_e5f2312622.jpg,500,378,1.323,RGB,92608
3106791484_13e18c33d8.jpg,333,500,0.666,RGB,109806
3106857210_07a92577fc.jpg,500,325,1.538,RGB,76920
3106883334_419f3fb16f.jpg,333,500,0.666,RGB,116296
3107059919_0594269f72.jpg,375,500,0.75,RGB,144170
310715139_7f05468042.jpg,500,333,1.502,RGB,95533
310728631_155c3bbeea.jpg,406,500,0.812,RGB,228416
3107368071_724613fc4f.jpg,500,318,1.572,RGB,163136
3107463441_7c68606450.jpg,500,375,1.333,RGB,202112
3107513635_fe8a21f148.jpg,500,375,1.333,RGB,92051
3107558821_f3b205d4ed.jpg,500,333,1.502,RGB,119493
3107592525_0bcd00777e.jpg,453,500,0.906,RGB,135566
3107889179_106d223345.jpg,500,406,1.232,RGB,170382
3108197858_441ff38565.jpg,500,375,1.333,RGB,197148
3108378861_d2214d971e.jpg,357,500,0.714,RGB,122602
3108544687_c7115823f5.jpg,500,333,1.502,RGB,154452
3108732084_565b423162.jpg,500,333,1.502,RGB,76486
3109124656_626b596d5e.jpg,500,282,1.773,RGB,104839
3109136206_f7d201b368.jpg,500,488,1.025,RGB,171754
3109268897_d43797fc6a.jpg,500,333,1.502,RGB,121519
3109688427_d2e702456c.jpg,500,333,1.502,RGB,226433
3109704348_c6416244ce.jpg,500,400,1.25,RGB,163062
3109780402_dbae082dc5.jpg,500,375,1.333,RGB,109925
3110018626_307a123b59.jpg,500,333,1.502,RGB,229305
3110174991_a4b05f8a46.jpg,500,333,1.502,RGB,98358
3110614694_fecc23ca65.jpg,500,333,1.502,RGB,95498
3110649716_c17e14670e.jpg,500,354,1.412,RGB,120014
3111208043_dbe8e87fa1.jpg,334,500,0.668,RGB,132143
3111402233_6285bcba7a.jpg,500,333,1.502,RGB,90092
311146855_0b65fdb169.jpg,393,500,0.786,RGB,210684
3111482098_11c0f4f309.jpg,500,332,1.506,RGB,190812
3111502208_71e2a414f5.jpg,500,448,1.116,RGB,204158
3111897772_5211a37a02.jpg,333,500,0.666,RGB,126506
311196733_03966b4836.jpg,500,253,1.976,RGB,76979
3112635165_2d614d7c1a.jpg,500,333,1.502,RGB,192655
311267421_e204e643cf.jpg,500,375,1.333,RGB,209751
3112821789_1f7c3bbb99.jpg,500,375,1.333,RGB,144415
3113322995_13781860f2.jpg,368,500,0.736,RGB,66379
3113682377_14fc7b62b0.jpg,500,400,1.25,RGB,84716
3113769557_9edbb8275c.jpg,389,500,0.778,RGB,186276
3114944484_28b5bb9842.jpg,500,349,1.433,RGB,100021
3115174046_9e96b9ce47.jpg,500,334,1.497,RGB,90212
3115354165_44dbeec6c1.jpg,336,500,0.672,RGB,89817
3115901702_f07aa0ef74.jpg,456,500,0.912,RGB,153511
3116011063_f4071ccce6.jpg,500,333,1.502,RGB,94747
3116039960_54d1d68145.jpg,500,313,1.597,RGB,80375
311619377_2ba3b36675.jpg,461,500,0.922,RGB,160760
3116379964_86986750af.jpg,500,375,1.333,RGB,103300
3116731299_6139b25c18.jpg,400,500,0.8,RGB,181394
3116769029_f5a76f04ba.jpg,500,333,1.502,RGB,142504
3116985493_04b1dc3345.jpg,500,334,1.497,RGB,147975
3117336911_a729f42869.jpg,500,333,1.502,RGB,151413
3117562746_62f57a02b5.jpg,500,469,1.066,RGB,130888
3118425885_f0cc035032.jpg,500,375,1.333,RGB,175678
3118505332_b0792489b5.jpg,500,333,1.502,RGB,96578
3118534315_cc03e5ddab.jpg,500,369,1.355,RGB,164894
3119076670_64b5340530.jpg,333,500,0.666,RGB,52470
3119696225_b289efaec8.jpg,500,332,1.506,RGB,132156
3119875880_22f9129a1c.jpg,334,500,0.668,RGB,136486
3119887391_212f379797.jpg,500,333,1.502,RGB,81621
3119887967_271a097464.jpg,500,330,1.515,RGB,86981
3119903318_d032141839.jpg,500,295,1.695,RGB,91578
3119913014_688d4997d7.jpg,366,500,0.732,RGB,100923
3120189281_1938460e85.jpg,500,375,1.333,RGB,105974
3120266797_47e7d91614.jpg,500,332,1.506,RGB,119703
3120648767_812c72eabe.jpg,500,333,1.502,RGB,124407
3120953244_b00b152246.jpg,500,333,1.502,RGB,128457
3121482932_f77ca12c01.jpg,500,333,1.502,RGB,116759
3121521593_18f0ec14f7.jpg,500,400,1.25,RGB,185741
312156254_ef31dca5ed.jpg,500,375,1.333,RGB,213593
3122497129_d08f5729b8.jpg,500,333,1.502,RGB,108944
3122579598_14841c038a.jpg,500,375,1.333,RGB,203938
3122606953_a979dd3d33.jpg,500,375,1.333,RGB,78316
3122773470_b622205948.jpg,500,333,1.502,RGB,150062
3122888809_9ae9b4b9b2.jpg,500,333,1.502,RGB,193101
3122938209_2b2c6c1fab.jpg,333,500,0.666,RGB,95174
3123351642_3794f2f601.jpg,500,391,1.279,RGB,140936
3123463486_f5b36a3624.jpg,500,333,1.502,RGB,129312
3123526484_02952e40fc.jpg,500,333,1.502,RGB,124783
3123770450_cedc16d162.jpg,500,333,1.502,RGB,84831
312427606_defa0dfaa8.jpg,500,414,1.208,RGB,107469
3124549928_10904a5a83.jpg,500,332,1.506,RGB,85802
3124838157_7ef96745b7.jpg,500,354,1.412,RGB,143420
3124964754_2e8a98fb09.jpg,500,500,1.0,RGB,141206
3125041578_c1f2d73b6d.jpg,333,500,0.666,RGB,82184
3125158798_0743dae56e.jpg,333,500,0.666,RGB,117709
3125309108_1011486589.jpg,362,500,0.724,RGB,80828
3125628091_25a31709df.jpg,332,500,0.664,RGB,128317
3126225245_96cd2c053f.jpg,500,333,1.502,RGB,99753
3126681108_f88128699c.jpg,500,333,1.502,RGB,115946
3126724531_f483e1b92a.jpg,485,500,0.97,RGB,155945
3126752627_dc2d6674da.jpg,400,500,0.8,RGB,140243
3126773489_7ae425af17.jpg,400,500,0.8,RGB,164705
3126795109_73920ed5dc.jpg,400,500,0.8,RGB,134636
3126981064_1e803c3d7f.jpg,500,375,1.333,RGB,136140
3127142756_bf0bfcb571.jpg,500,324,1.543,RGB,140822
3127614086_9f1d3cf73d.jpg,400,500,0.8,RGB,169322
3127629248_a955b5763b.jpg,400,500,0.8,RGB,175552
3127888173_9a9a8ac3bd.jpg,500,380,1.316,RGB,185946
3128164023_ebe8da4c32.jpg,500,335,1.493,RGB,83135
3128514681_a51b415c31.jpg,500,375,1.333,RGB,200588
3128856481_86e5df4160.jpg,500,386,1.295,RGB,122532
3130064588_6d1d3fa2dd.jpg,500,335,1.493,RGB,125785
3130093622_362f32f2bb.jpg,500,333,1.502,RGB,67292
313051099_1bb87d6c56.jpg,500,375,1.333,RGB,180989
3130970054_04a3865c43.jpg,499,374,1.334,RGB,127800
3131107810_7e9b96cddc.jpg,500,315,1.587,RGB,158193
3131160589_dc73c209b7.jpg,333,500,0.666,RGB,131285
3131632154_098f86f4cb.jpg,500,333,1.502,RGB,73839
3131990048_369b081021.jpg,333,500,0.666,RGB,195205
3132006797_04822b5866.jpg,500,375,1.333,RGB,172343
3132619510_7dfc947d25.jpg,500,375,1.333,RGB,137904
3132760860_3e743a935d.jpg,500,333,1.502,RGB,107759
3132832452_c354c6396c.jpg,500,375,1.333,RGB,174523
3132903412_b4780d0ccf.jpg,500,326,1.534,RGB,141261
3133044777_8cc930a4ec.jpg,500,344,1.453,RGB,186895
313326614_b2adbe59e0.jpg,500,333,1.502,RGB,96354
3133403457_95dfe11da1.jpg,408,500,0.816,RGB,151093
3133825703_359a0c414d.jpg,500,333,1.502,RGB,106781
3134092148_151154139a.jpg,500,375,1.333,RGB,124612
3134341610_3c55e373a7.jpg,500,333,1.502,RGB,141471
3134385454_4f1d55333f.jpg,500,333,1.502,RGB,136122
3134387321_3a253224c1.jpg,500,429,1.166,RGB,131015
3134387513_ceb75bea0a.jpg,400,500,0.8,RGB,102347
3134585858_a8c3493ca5.jpg,400,500,0.8,RGB,147552
3134586018_ae03ba20a0.jpg,500,376,1.33,RGB,136443
3134644844_493eec6cdc.jpg,500,333,1.502,RGB,138544
3135504530_0f4130d8f8.jpg,500,333,1.502,RGB,96313
3135826945_f7c741e5b7.jpg,500,333,1.502,RGB,107661
3136043366_b3f8607a0e.jpg,500,357,1.401,RGB,104180
3136404885_f4d8f1d15a.jpg,500,490,1.02,RGB,185226
3136674757_57406c305c.jpg,500,493,1.014,RGB,191656
3136688093_568b053bdf.jpg,500,333,1.502,RGB,87534
3137061312_eb5fdcf3fd.jpg,500,281,1.779,RGB,89972
3138399980_d6ab8b2272.jpg,333,500,0.666,RGB,111646
3138433655_ea1d59e5b7.jpg,500,333,1.502,RGB,101756
3138504165_c7ae396294.jpg,500,400,1.25,RGB,209416
3138562460_44227a35cf.jpg,333,500,0.666,RGB,112912
3138746531_f6b816c126.jpg,500,333,1.502,RGB,131647
3139118874_599b30b116.jpg,500,498,1.004,RGB,187583
3139160252_75109e9e05.jpg,500,333,1.502,RGB,147150
3139238055_2817a0c7d8.jpg,500,333,1.502,RGB,105470
3139389284_f01bd4c236.jpg,500,334,1.497,RGB,98523
3139393607_f0a54ca46d.jpg,500,264,1.894,RGB,91558
3139837262_fe5ee7ccd9.jpg,334,500,0.668,RGB,123522
3139876823_859c7d7c23.jpg,500,375,1.333,RGB,120428
3139895886_5a6d495b13.jpg,500,333,1.502,RGB,106970
3141293960_74459f0a24.jpg,380,500,0.76,RGB,99454
3141440149_00becbbb93.jpg,500,375,1.333,RGB,162690
3141613533_595723208d.jpg,500,375,1.333,RGB,152259
3142055158_01b9e4caa4.jpg,500,454,1.101,RGB,140643
3143155555_32b6d24f34.jpg,500,375,1.333,RGB,122871
3143159297_6f2f663ea6.jpg,500,375,1.333,RGB,114906
3143574389_8a4048fbe2.jpg,500,375,1.333,RGB,139470
3143765063_a7761b16d3.jpg,500,474,1.055,RGB,134191
3143953179_1c08c023a5.jpg,500,375,1.333,RGB,183086
3143978284_ac086be9a3.jpg,500,375,1.333,RGB,153254
3143980056_7a64a94b58.jpg,500,375,1.333,RGB,134853
3143982558_9e2d44c155.jpg,500,375,1.333,RGB,154246
3143991972_7193381aeb.jpg,500,375,1.333,RGB,166369
3144705706_391d7b77c7.jpg,375,500,0.75,RGB,255896
3145869775_85dfae43bd.jpg,334,500,0.668,RGB,85469
3145967019_1a83ebf712.jpg,500,333,1.502,RGB,130115
3145967309_b33abe4d84.jpg,333,500,0.666,RGB,107163
314603661_51e05e0e24.jpg,500,500,1.0,RGB,114254
3146232740_df3da0163b.jpg,500,333,1.502,RGB,116381
3146355833_1b7fc80210.jpg,375,500,0.75,RGB,178119
3146630574_05d9ebbed1.jpg,333,500,0.666,RGB,82251
314685044_da4390728e.jpg,500,334,1.497,RGB,135293
3146937399_8c046b7b1a.jpg,500,378,1.323,RGB,168030
3147217787_ed21cd4990.jpg,400,500,0.8,RGB,147466
3147758035_e8a70818cb.jpg,500,373,1.34,RGB,159823
3147913471_322ea231d9.jpg,400,500,0.8,RGB,125614
3148193539_de9dd48fc8.jpg,375,500,0.75,RGB,146796
3148286846_40ae914172.jpg,500,375,1.333,RGB,147546
3148571800_c5515e6c3d.jpg,408,400,1.02,RGB,65203
3148647065_2d6cd88cf6.jpg,500,334,1.497,RGB,92171
3148811252_2fa9490a04.jpg,400,500,0.8,RGB,154487
3149038044_c7c94688c6.jpg,500,332,1.506,RGB,163616
314904143_5a216a192b.jpg,375,500,0.75,RGB,166758
314940358_ec1958dc1d.jpg,333,500,0.666,RGB,114049
3149804151_1cc8d10783.jpg,500,335,1.493,RGB,153488
3149919755_f9272b10b3.jpg,500,375,1.333,RGB,112833
315021440_122d56ebd7.jpg,500,333,1.502,RGB,172322
3150252702_828a570d46.jpg,500,333,1.502,RGB,122370
3150315970_8f045c41a4.jpg,333,500,0.666,RGB,116063
3150380412_7021e5444a.jpg,500,333,1.502,RGB,170174
3150440350_b0f2a9e774.jpg,280,263,1.065,RGB,32830
3150659152_2ace03690b.jpg,500,375,1.333,RGB,252289
3150742439_b8a352e1e0.jpg,500,327,1.529,RGB,125236
315125146_d9a8e60061.jpg,333,500,0.666,RGB,86529
3151365121_e2a685a666.jpg,500,375,1.333,RGB,121359
3151492269_28d8edaa68.jpg,500,251,1.992,RGB,85472
3151860914_46e30cd5ea.jpg,500,361,1.385,RGB,164049
3152317129_177b4678b7.jpg,500,341,1.466,RGB,177990
3153067758_53f003b1df.jpg,302,500,0.604,RGB,97591
3153828367_5fc2c37c07.jpg,500,421,1.188,RGB,152115
3154152744_4e93ec8a62.jpg,375,500,0.75,RGB,126022
3154293126_e52bd07524.jpg,500,333,1.502,RGB,132647
315436114_6d386b8c36.jpg,500,375,1.333,RGB,105772
3154528397_89112faf4b.jpg,483,500,0.966,RGB,163332
3154641421_d1b9b8c24c.jpg,333,500,0.666,RGB,141287
3154693053_cfcd05c226.jpg,333,500,0.666,RGB,110555
3154709407_9b0778cbeb.jpg,333,500,0.666,RGB,127342
3154813159_58a195236d.jpg,375,500,0.75,RGB,198783
3154886184_ac842655b6.jpg,334,500,0.668,RGB,88258
3155279929_d1cddbe7cf.jpg,484,500,0.968,RGB,121171
3155361712_2cbf59c78e.jpg,500,492,1.016,RGB,158508
3155365418_43df5486f9.jpg,202,500,0.404,RGB,62098
3155390408_8e1a81efb2.jpg,354,500,0.708,RGB,176872
3155400369_69e3d6d70f.jpg,500,375,1.333,RGB,164266
3155451946_c0862c70cb.jpg,500,333,1.502,RGB,107025
3155501473_510f9c9f6b.jpg,500,375,1.333,RGB,116957
3155657768_b83a7831e5.jpg,355,500,0.71,RGB,144628
3155987659_b9ea318dd3.jpg,500,375,1.333,RGB,178609
3156113206_53c2a7b5d8.jpg,368,500,0.736,RGB,230866
3156406419_38fbd52007.jpg,500,333,1.502,RGB,60398
3156991513_3bf03333d8.jpg,500,335,1.493,RGB,146914
3157039116_d82da4e66b.jpg,333,500,0.666,RGB,139972
3157220149_cc3c8cc84d.jpg,425,500,0.85,RGB,205147
3157622277_9f59b4f62f.jpg,363,500,0.726,RGB,114435
3157744152_31ace8c9ed.jpg,375,500,0.75,RGB,193252
3157847991_463e006a28.jpg,500,383,1.305,RGB,144486
3158327361_6f1a518228.jpg,500,375,1.333,RGB,117508
3158680604_c1f99b3946.jpg,500,375,1.333,RGB,159538
315880837_90db309bab.jpg,500,333,1.502,RGB,97052
3159092624_66af4e207e.jpg,375,500,0.75,RGB,207885
3159424456_f316bdc1d5.jpg,500,375,1.333,RGB,130426
3159447439_c1496cbaea.jpg,500,332,1.506,RGB,148031
3159569570_dff24e7be9.jpg,500,333,1.502,RGB,174120
3159641529_c2c74f3eaf.jpg,333,500,0.666,RGB,91297
3159995270_17334ccb5b.jpg,500,271,1.845,RGB,63623
3160531982_37f5636b8a.jpg,500,375,1.333,RGB,54799
3161044966_27bf6f9dec.jpg,500,334,1.497,RGB,90145
3162045919_c2decbb69b.jpg,500,333,1.502,RGB,103524
3162095736_cc41dd41ff.jpg,500,333,1.502,RGB,210957
3162289423_4ca8915d0c.jpg,500,333,1.502,RGB,94557
3162442331_c9711857c6.jpg,500,333,1.502,RGB,165278
3163068926_d28ed3ef53.jpg,500,371,1.348,RGB,91590
3163198309_bbfe504f0a.jpg,500,334,1.497,RGB,95419
3163273640_8d3ef22eaf.jpg,415,500,0.83,RGB,216239
3163281186_e2f43dfb5f.jpg,500,333,1.502,RGB,156195
3163323414_d1ce127aa6.jpg,500,333,1.502,RGB,143285
3163477256_073605e06e.jpg,333,500,0.666,RGB,135004
3163563871_cef3cf33ea.jpg,386,500,0.772,RGB,77019
3164328039_2c56acf594.jpg,500,400,1.25,RGB,185231
3164347907_2813f8ff0b.jpg,500,332,1.506,RGB,108897
3164415865_612f9fd8bc.jpg,500,334,1.497,RGB,86107
3164423279_9b27cb6a06.jpg,500,334,1.497,RGB,57093
3165123595_8db9f918bf.jpg,500,378,1.323,RGB,122710
3165750962_e2e3843679.jpg,500,474,1.055,RGB,187137
316577571_27a0e0253e.jpg,500,253,1.976,RGB,170159
3165826902_6bf9c4bdb2.jpg,333,500,0.666,RGB,131994
3165936115_cb4017d94e.jpg,500,333,1.502,RGB,141614
3166366760_e43cf66eda.jpg,500,375,1.333,RGB,193229
3166578139_33500f7e8a.jpg,500,333,1.502,RGB,128052
3166969425_b5ace2f9c2.jpg,500,333,1.502,RGB,143045
3167365436_c379bda282.jpg,480,320,1.5,RGB,70732
3167379087_927ff05a35.jpg,500,357,1.401,RGB,106244
3168123064_d1983b8f92.jpg,500,323,1.548,RGB,108174
316833109_6500b526dc.jpg,500,400,1.25,RGB,131857
3168354472_866fe70d36.jpg,500,375,1.333,RGB,173119
3168796547_0c14b368f9.jpg,346,500,0.692,RGB,181758
3168841415_c0705a327a.jpg,334,500,0.668,RGB,90927
3169276423_6918dd4da1.jpg,500,332,1.506,RGB,105839
3169394115_2193158cee.jpg,500,375,1.333,RGB,146091
3169591322_d0b6d0cd04.jpg,333,500,0.666,RGB,93266
3169777863_d745865784.jpg,500,333,1.502,RGB,119739
3170110692_d1e0e66cee.jpg,500,332,1.506,RGB,110371
3170551725_1276644eab.jpg,362,500,0.724,RGB,92083
3170802797_3c851bb475.jpg,333,500,0.666,RGB,115395
3170856184_efabfd0297.jpg,500,333,1.502,RGB,165683
3170897628_3054087f8c.jpg,500,333,1.502,RGB,196682
3171035252_dba286ae5c.jpg,367,500,0.734,RGB,110777
3171066023_ec60ba30f3.jpg,500,334,1.497,RGB,139062
317109978_cb557802e1.jpg,375,500,0.75,RGB,248528
3171188674_717eee0183.jpg,500,400,1.25,RGB,175744
3171250845_5ae0d2a8bc.jpg,333,500,0.666,RGB,86282
3171347658_f0d5469c56.jpg,500,335,1.493,RGB,137419
3171451305_f87b9e09ee.jpg,500,375,1.333,RGB,94238
3171651115_e07b9d08f6.jpg,500,333,1.502,RGB,168611
3172280520_e7655fb596.jpg,500,375,1.333,RGB,96103
3172283002_3c0fc624de.jpg,500,385,1.299,RGB,83049
3172369593_eb4d787ffb.jpg,500,334,1.497,RGB,94179
3172384527_b107385a20.jpg,500,281,1.779,RGB,105129
3173014908_b3e69594b6.jpg,500,335,1.493,RGB,43252
3173157541_70b16b4318.jpg,480,320,1.5,RGB,67105
3173215794_6bdd1f72d4.jpg,500,281,1.779,RGB,95538
3173461705_b5cdeef1eb.jpg,500,333,1.502,RGB,198035
317383917_d8bfa350b6.jpg,500,243,2.058,RGB,84420
3173928684_4ea0ee5114.jpg,500,335,1.493,RGB,161001
3173976185_8a50123050.jpg,500,333,1.502,RGB,89961
3174156702_95a1cda2d9.jpg,500,333,1.502,RGB,230440
3174196837_800689a2f3.jpg,500,333,1.502,RGB,144991
3174228611_6cf9d2266b.jpg,327,500,0.654,RGB,134492
3174417550_d2e6100278.jpg,375,500,0.75,RGB,146908
3174431688_ae84778db0.jpg,500,333,1.502,RGB,71754
3174453534_fcc927c647.jpg,500,499,1.002,RGB,156023
3174713468_e22fa7779e.jpg,478,500,0.956,RGB,184249
3174726084_c108de0a64.jpg,480,320,1.5,RGB,51604
317488612_70ac35493b.jpg,500,333,1.502,RGB,157225
3175434849_859f09fe07.jpg,500,281,1.779,RGB,124315
3175446111_681a89f873.jpg,500,281,1.779,RGB,118685
3175712926_5a470d0886.jpg,500,333,1.502,RGB,95260
3175849727_bf30b892cb.jpg,500,333,1.502,RGB,84837
3176072448_b84c99cf7f.jpg,500,335,1.493,RGB,84987
3176131893_7181c733aa.jpg,500,333,1.502,RGB,211590
3176277818_235486a3cd.jpg,500,281,1.779,RGB,125480
3176278670_195eea071c.jpg,500,281,1.779,RGB,121017
317641829_ab2607a6c0.jpg,500,340,1.471,RGB,140177
3176498130_52ab9460b2.jpg,500,375,1.333,RGB,173093
3176968956_d942a93513.jpg,500,333,1.502,RGB,122049
3177298173_78cea31d64.jpg,367,500,0.734,RGB,96698
3177468217_56a9142e46.jpg,500,335,1.493,RGB,169950
3177799416_5bd0382370.jpg,500,403,1.241,RGB,211696
3178005751_fca19815ac.jpg,375,500,0.75,RGB,194840
3178300150_d4605ff02c.jpg,333,500,0.666,RGB,119304
3178371973_60c6b8f110.jpg,500,333,1.502,RGB,101397
3178489390_13a6ae7524.jpg,500,333,1.502,RGB,145815
3178599352_c57fdebcd2.jpg,375,500,0.75,RGB,151624
3179336562_c3d0c0a3bd.jpg,500,500,1.0,RGB,260011
3179952488_c1c812a03b.jpg,500,332,1.506,RGB,139179
318070878_92ead85868.jpg,486,500,0.972,RGB,232833
3180806542_49b6de312d.jpg,332,500,0.664,RGB,55524
3181322965_ce9da15271.jpg,500,333,1.502,RGB,168769
3181328245_7c04ce1691.jpg,500,375,1.333,RGB,164492
3181409177_edb09c2718.jpg,334,500,0.668,RGB,79548
3181599388_68559cfc17.jpg,500,333,1.502,RGB,113689
3181701312_70a379ab6e.jpg,333,500,0.666,RGB,127092
3182121297_38c99b2769.jpg,333,500,0.666,RGB,86468
3182161610_4d349b257f.jpg,500,375,1.333,RGB,172094
3182258223_5b9c8a8c55.jpg,480,355,1.352,RGB,83568
3182405529_7692256746.jpg,500,333,1.502,RGB,78125
3182558164_488b819f14.jpg,332,500,0.664,RGB,146970
3182570190_48214e54c7.jpg,333,500,0.666,RGB,94827
3182996527_70d9c323d5.jpg,333,500,0.666,RGB,110890
3183060123_ea3af6278b.jpg,500,400,1.25,RGB,193022
3183195185_cd0ff994a1.jpg,480,345,1.391,RGB,132422
3183195653_11b66acb34.jpg,480,320,1.5,RGB,112352
3183519385_311555d5f5.jpg,500,400,1.25,RGB,139798
3183777589_460a4f445b.jpg,500,331,1.511,RGB,152255
3183875944_b2be694e06.jpg,500,375,1.333,RGB,154438
3183883750_b6acc40397.jpg,500,375,1.333,RGB,107314
3184031654_34b5c4ffe1.jpg,480,320,1.5,RGB,54770
3184112120_6ddcd98016.jpg,500,375,1.333,RGB,185865
3184206563_5435f2b494.jpg,334,500,0.668,RGB,157011
3184891327_8785194e3c.jpg,500,332,1.506,RGB,191206
3185371756_ff4e9fa8a6.jpg,332,500,0.664,RGB,117195
3185409663_95f6b958d8.jpg,348,500,0.696,RGB,74752
3185645793_49de805194.jpg,500,375,1.333,RGB,181269
3185662156_c877583c53.jpg,500,282,1.773,RGB,110676
3185695861_86152b2755.jpg,500,375,1.333,RGB,195293
3185787277_b412d7f5b7.jpg,500,334,1.497,RGB,131502
3186073578_6e115f45f5.jpg,500,333,1.502,RGB,110910
3186412658_2ab2ebd397.jpg,500,387,1.292,RGB,115910
3186527735_6e9fe2cf88.jpg,500,500,1.0,RGB,223642
3186556417_b2d6921a20.jpg,500,375,1.333,RGB,146989
318667317_108c402140.jpg,500,421,1.188,RGB,97504
3186863842_5832573c5e.jpg,500,358,1.397,RGB,118432
3187096035_65dc416291.jpg,500,375,1.333,RGB,155220
3187117682_986ffd6b67.jpg,500,429,1.166,RGB,88065
3187364311_4c2a87083b.jpg,500,500,1.0,RGB,149808
3187395715_f2940c2b72.jpg,500,307,1.629,RGB,157142
3187492926_8aa85f80c6.jpg,500,335,1.493,RGB,99978
3187924573_203223e6c0.jpg,500,333,1.502,RGB,149562
3188036349_8e4e2d6ca8.jpg,500,334,1.497,RGB,164376
3188044631_ca3a9cc737.jpg,500,399,1.253,RGB,184261
3188319076_71724fcc07.jpg,500,334,1.497,RGB,159646
3189002057_3ef61b803e.jpg,494,500,0.988,RGB,101167
3189251454_03b76c2e92.jpg,500,333,1.502,RGB,67584
3189293145_35dea42679.jpg,287,500,0.574,RGB,117464
3189307452_aebc12380b.jpg,500,400,1.25,RGB,196645
3189521080_133777bce5.jpg,500,333,1.502,RGB,177663
3189941492_a3f4347b1a.jpg,500,374,1.337,RGB,144183
3189964753_a95536ced9.jpg,500,375,1.333,RGB,150618
3190677999_60bbd330fd.jpg,500,375,1.333,RGB,121908
3191027142_33e86636ca.jpg,500,404,1.238,RGB,184426
3191135894_2b4bdabb6d.jpg,500,166,3.012,RGB,78153
3191805046_77c334b506.jpg,333,500,0.666,RGB,81805
319185571_56162796da.jpg,500,333,1.502,RGB,108321
3191982761_88793192ed.jpg,500,333,1.502,RGB,132820
3192069971_83c5a90b4c.jpg,500,332,1.506,RGB,112120
3192266178_f9bf5d3dba.jpg,500,333,1.502,RGB,140659
3192311620_99bda27fbd.jpg,333,500,0.666,RGB,62863
3193335577_9bdbaf9f70.jpg,375,500,0.75,RGB,138849
3193511842_82549c21fb.jpg,333,500,0.666,RGB,87107
3194134352_bc1b2a25d7.jpg,339,500,0.678,RGB,100114
3195040792_a03954a19f.jpg,500,333,1.502,RGB,137899
3195147187_a073d59fa8.jpg,500,333,1.502,RGB,93642
3195188609_01afbe46e6.jpg,500,201,2.488,RGB,88443
3195701071_81879257f5.jpg,333,500,0.666,RGB,168459
3195969533_98f5de0fab.jpg,500,360,1.389,RGB,127594
3196100539_102fe877b3.jpg,500,388,1.289,RGB,135577
3196995975_3e38eabf01.jpg,500,333,1.502,RGB,131772
3197247245_9c93b60b8a.jpg,500,334,1.497,RGB,164609
3197482764_2f289cb726.jpg,500,388,1.289,RGB,115073
3197791645_601908f26b.jpg,320,240,1.333,RGB,56038
3197891333_b1b0fd1702.jpg,500,357,1.401,RGB,161056
3197917064_e679a44b8e.jpg,500,375,1.333,RGB,98019
3197981073_3156963446.jpg,500,333,1.502,RGB,96791
3198231851_6b1727482b.jpg,500,404,1.238,RGB,169806
3198237818_cb5eb302f0.jpg,500,333,1.502,RGB,82573
3198247669_7493af04a7.jpg,333,500,0.666,RGB,153759
319847643_df7c2a1d25.jpg,500,333,1.502,RGB,105070
319847657_2c40e14113.jpg,333,500,0.666,RGB,72118
319851847_7212423309.jpg,346,500,0.692,RGB,129734
319869052_08b000e4af.jpg,500,333,1.502,RGB,74028
319870744_0e0138d205.jpg,332,500,0.664,RGB,137947
3198962089_e647d1b0cd.jpg,500,334,1.497,RGB,148024
319938879_daf0857f91.jpg,328,500,0.656,RGB,140425
3199460792_deef518c01.jpg,500,329,1.52,RGB,99173
3199645963_a681fe04f8.jpg,500,495,1.01,RGB,189479
3199895624_4f01798c6f.jpg,500,375,1.333,RGB,149297
3200120942_59cfbb3437.jpg,500,375,1.333,RGB,102553
320093980_5388cb3733.jpg,334,500,0.668,RGB,87159
3201427741_3033f5b625.jpg,500,333,1.502,RGB,102715
3201594926_cd2009eb13.jpg,333,500,0.666,RGB,119643
3201666946_04fe837aff.jpg,500,375,1.333,RGB,138881
3202255152_08973fa3d7.jpg,333,500,0.666,RGB,99925
3202360797_2084743e90.jpg,446,500,0.892,RGB,129525
3203453897_6317aac6ff.jpg,334,500,0.668,RGB,104645
3203707977_cc9448fecb.jpg,500,375,1.333,RGB,117342
3203742047_6a55065411.jpg,500,375,1.333,RGB,96932
3203872773_6c30f64be3.jpg,500,352,1.42,RGB,64253
3203878596_cbb307ce3b.jpg,500,309,1.618,RGB,83686
3203908917_53e53c03d1.jpg,500,375,1.333,RGB,112608
3204081508_0e7f408097.jpg,375,500,0.75,RGB,157518
3204354161_caf89ec784.jpg,500,375,1.333,RGB,105664
3204525212_d548c7fca7.jpg,500,482,1.037,RGB,223850
3204686006_88f04547b9.jpg,500,375,1.333,RGB,124381
3204712107_5a06a81002.jpg,500,398,1.256,RGB,210910
3204922011_185e48949a.jpg,500,332,1.506,RGB,100515
3205214191_29b42b9b09.jpg,500,333,1.502,RGB,112790
3205336477_037d4b6bd9.jpg,500,332,1.506,RGB,98829
3205754736_32c29b5208.jpg,399,500,0.798,RGB,170951
3205839744_24504ba179.jpg,500,375,1.333,RGB,129629
3206058778_7053ee6b52.jpg,500,440,1.136,RGB,136013
3206919175_e3a11b6874.jpg,500,375,1.333,RGB,182267
3206999917_e682672cbc.jpg,500,375,1.333,RGB,140328
3207264553_8cd4dcde53.jpg,500,375,1.333,RGB,129684
3207343907_995f7ac1d2.jpg,500,333,1.502,RGB,181802
3207358897_bfa61fa3c6.jpg,500,375,1.333,RGB,178876
3207654194_43d6bebd68.jpg,500,375,1.333,RGB,148562
3207676216_48478bce97.jpg,500,309,1.618,RGB,144274
3207775692_bb897d9afd.jpg,500,333,1.502,RGB,129146
3208032657_27b9d6c4f3.jpg,500,333,1.502,RGB,118894
3208074567_ac44aeb3f3.jpg,333,500,0.666,RGB,142139
3208188198_2b271d2a2e.jpg,500,333,1.502,RGB,98690
3208553539_2bf6c6d162.jpg,500,318,1.572,RGB,191240
3208571574_6dc1a461c5.jpg,500,403,1.241,RGB,144190
3208987435_780ae35ef0.jpg,500,332,1.506,RGB,75516
3208999896_dab42dc40b.jpg,500,362,1.381,RGB,175601
3209350613_eb86579ee8.jpg,347,500,0.694,RGB,108609
3209523192_05a4cef844.jpg,500,357,1.401,RGB,108741
3209564153_077ed4d246.jpg,500,500,1.0,RGB,141075
3209620285_edfc479392.jpg,500,334,1.497,RGB,161056
3209966887_5b744bd050.jpg,354,500,0.708,RGB,146943
3210359094_ee51285301.jpg,333,500,0.666,RGB,109642
3210419174_d083a16f77.jpg,500,375,1.333,RGB,120588
3210457502_c6030ce567.jpg,500,407,1.229,RGB,102041
3210705660_2b14b7fb36.jpg,500,333,1.502,RGB,161824
3211029717_2affe6bbd5.jpg,500,218,2.294,RGB,48565
3211199368_ca78387f72.jpg,500,375,1.333,RGB,160632
3211210739_3dea005fde.jpg,332,500,0.664,RGB,106710
3211289105_e0360a9c7f.jpg,500,401,1.247,RGB,124936
3211316116_a2462e327d.jpg,500,375,1.333,RGB,109481
3211437611_bd4af3730b.jpg,500,405,1.235,RGB,191370
3211453055_05cbfe37cd.jpg,332,500,0.664,RGB,93185
3211556865_d1d9becf69.jpg,500,332,1.506,RGB,105899
3211577298_14296db6fd.jpg,500,332,1.506,RGB,111093
3211581957_df2f7e2236.jpg,500,333,1.502,RGB,104643
3212085754_35fdc9ccaa.jpg,405,500,0.81,RGB,148193
321229104_3cbaf0f51c.jpg,500,356,1.404,RGB,123939
3212456649_40a3052682.jpg,500,375,1.333,RGB,170576
3212465975_b657f40eed.jpg,333,500,0.666,RGB,93311
3212625256_685bc4de99.jpg,500,333,1.502,RGB,137007
3213395965_2a823c6865.jpg,500,332,1.506,RGB,103482
3213622536_31da7f6682.jpg,500,333,1.502,RGB,108642
3213992947_3f3f967a9f.jpg,500,375,1.333,RGB,93316
3214100656_80cda1b86b.jpg,500,333,1.502,RGB,199661
3214151585_f2d0b00b41.jpg,500,375,1.333,RGB,129588
3214237686_6566b8b52f.jpg,500,333,1.502,RGB,77186
3214381315_b54f5c9be4.jpg,359,239,1.502,RGB,52707
3214573346_d3a57f0328.jpg,479,500,0.958,RGB,95516
3214579977_fa9fb006a6.jpg,333,500,0.666,RGB,84413
3214885227_2be09e7cfb.jpg,500,291,1.718,RGB,144712
3215081286_d55541aa6b.jpg,500,375,1.333,RGB,135624
3215108916_0473007b47.jpg,500,500,1.0,RGB,167222
3215117062_6e07a86352.jpg,500,375,1.333,RGB,131682
3215238223_29de2b35cb.jpg,333,500,0.666,RGB,118466
3215315009_47577bf8f7.jpg,332,500,0.664,RGB,69802
3215695965_69fbeba3d5.jpg,500,375,1.333,RGB,195566
3215847501_c723905ba4.jpg,500,375,1.333,RGB,74096
3215870337_c92a1a1b2f.jpg,500,375,1.333,RGB,147400
3215896272_e9b4b547a9.jpg,500,335,1.493,RGB,115232
3216085740_699c2ce1ae.jpg,500,333,1.502,RGB,152750
3216762979_813c45a8ec.jpg,500,375,1.333,RGB,122188
3216829599_366a43f05e.jpg,500,333,1.502,RGB,92535
3216901052_269ace7b3c.jpg,500,409,1.222,RGB,135523
3216926094_bc975e84b9.jpg,314,500,0.628,RGB,89537
3217056901_fe2c70377d.jpg,374,500,0.748,RGB,180446
3217187564_0ffd89dec1.jpg,500,333,1.502,RGB,118180
3217240672_b99a682026.jpg,500,333,1.502,RGB,214619
3217266166_4e0091860b.jpg,500,375,1.333,RGB,141278
3217291172_10ef70af88.jpg,500,334,1.497,RGB,111084
3217620013_8b17873273.jpg,400,500,0.8,RGB,153805
3217893350_57be430d06.jpg,500,333,1.502,RGB,135623
3217909454_7baa0edbb2.jpg,334,500,0.668,RGB,102368
3217910740_d1d61c08ab.jpg,327,500,0.654,RGB,111779
3218480482_66af7587c8.jpg,400,500,0.8,RGB,175595
3218481970_1fa627b3da.jpg,400,500,0.8,RGB,130804
3218861747_5c5c547b66.jpg,500,375,1.333,RGB,126170
3218889785_86cb64014f.jpg,500,334,1.497,RGB,81335
3219065971_702c4e8c34.jpg,375,500,0.75,RGB,150816
3219122000_bd6b4ae5ff.jpg,500,333,1.502,RGB,73903
3219210794_4324df188b.jpg,500,500,1.0,RGB,128017
3220009216_10f088185e.jpg,500,375,1.333,RGB,201491
3220126881_b0a4f7cccb.jpg,500,338,1.479,RGB,79031
3220140234_e072856e6c.jpg,387,500,0.774,RGB,142585
3220151692_d398ef9779.jpg,429,500,0.858,RGB,195231
3220161734_77f42734b9.jpg,333,500,0.666,RGB,96470
3220200084_3ea129336e.jpg,500,333,1.502,RGB,89695
322050103_145f7233c6.jpg,500,307,1.629,RGB,103820
3220650628_4ed964e5b4.jpg,500,343,1.458,RGB,117255
322103537_184367bf88.jpg,375,500,0.75,RGB,140186
3221036999_3f7b152d8a.jpg,333,500,0.666,RGB,87181
3221128704_d1205db79b.jpg,500,343,1.458,RGB,109778
3221815947_76c95b50b7.jpg,500,336,1.488,RGB,123066
3222041930_f642f49d28.jpg,500,335,1.493,RGB,107023
3222055946_45f7293bb2.jpg,332,500,0.664,RGB,105768
3222250187_ef610f267e.jpg,332,500,0.664,RGB,107980
3222496967_45d468ee66.jpg,333,500,0.666,RGB,115879
3222702477_34d2d24f1f.jpg,500,436,1.147,RGB,202788
3222749441_3bdfe088e3.jpg,500,375,1.333,RGB,101216
3222842866_cb85243ce4.jpg,500,334,1.497,RGB,98949
3223055565_68973f5d20.jpg,426,500,0.852,RGB,151415
3223224391_be50bf4f43.jpg,306,500,0.612,RGB,91919
3223302125_f8154417f4.jpg,500,333,1.502,RGB,115692
3223606402_bb2aa6db95.jpg,500,333,1.502,RGB,83394
3223709894_97824ba76f.jpg,500,333,1.502,RGB,177805
3223809913_ae15d14d9a.jpg,333,500,0.666,RGB,134284
3223973114_6c15538ce9.jpg,492,500,0.984,RGB,139033
3224227640_31865b3651.jpg,500,311,1.608,RGB,128534
3224560800_8fefd52510.jpg,500,333,1.502,RGB,71168
3224578187_749882c17f.jpg,500,334,1.497,RGB,148292
3224904543_679fe05c41.jpg,500,397,1.259,RGB,173273
3225025519_c089c14559.jpg,333,500,0.666,RGB,125119
3225037367_a71fa86319.jpg,500,323,1.548,RGB,151388
3225058391_a12d38d911.jpg,500,333,1.502,RGB,132616
3225226381_9fe306fb9e.jpg,500,230,2.174,RGB,117578
3225296260_2ee72b4917.jpg,500,333,1.502,RGB,81836
3225310099_d8e419ba56.jpg,480,259,1.853,RGB,32313
3225478803_f7a9a41a1d.jpg,500,333,1.502,RGB,113595
3225880532_c8d5d1d798.jpg,333,500,0.666,RGB,108813
3225998968_ef786d86e0.jpg,500,375,1.333,RGB,139018
3226254560_2f8ac147ea.jpg,500,333,1.502,RGB,77005
3226541300_6c81711e8e.jpg,332,500,0.664,RGB,59649
3226796100_08c49cfa5c.jpg,375,500,0.75,RGB,133323
3227111573_c82f7d68b1.jpg,500,281,1.779,RGB,128917
3227140905_1d7e30e4c4.jpg,500,308,1.623,RGB,119028
3227148358_f152303584.jpg,500,381,1.312,RGB,112915
3227423095_5049951eab.jpg,500,374,1.337,RGB,118331
3227499174_07feb26337.jpg,404,500,0.808,RGB,188703
3227594168_3351722aae.jpg,500,333,1.502,RGB,199525
322791392_aa3b142f43.jpg,500,359,1.393,RGB,146133
3228069008_edb2961fc4.jpg,500,375,1.333,RGB,155535
3228517564_74b00a923b.jpg,333,500,0.666,RGB,158166
3228793611_8f260ea500.jpg,333,500,0.666,RGB,125047
3228960484_9aab98b91a.jpg,500,500,1.0,RGB,246505
3229282764_a4a515f4e2.jpg,500,328,1.524,RGB,87612
3229442620_fd47d01b59.jpg,500,228,2.193,RGB,58992
3229519418_040f05ced1.jpg,500,333,1.502,RGB,109281
3229730008_63f8ca2de2.jpg,333,500,0.666,RGB,180354
3229821595_77ace81c6b.jpg,500,176,2.841,RGB,47451
3229898555_16877f5180.jpg,410,500,0.82,RGB,111193
3229913073_e7857a5966.jpg,500,375,1.333,RGB,186602
3230101918_7d81cb0fc8.jpg,500,335,1.493,RGB,140875
3230132205_dccfafa5ee.jpg,375,500,0.75,RGB,112055
3231237864_8cb1c6d863.jpg,488,500,0.976,RGB,167617
3231575742_31732664cf.jpg,500,333,1.502,RGB,150717
3231596071_f0c522a639.jpg,500,333,1.502,RGB,96961
3231751379_10ebf7150c.jpg,500,334,1.497,RGB,142756
3231880001_193a579b97.jpg,500,375,1.333,RGB,113638
3232030272_b2480a5fe7.jpg,500,375,1.333,RGB,101749
3232252882_05db7c2216.jpg,500,332,1.506,RGB,172325
3232470286_903a61ea16.jpg,500,337,1.484,RGB,153821
3234115903_f4dfc8fc75.jpg,500,333,1.502,RGB,120381
3234375022_1464ea7f8a.jpg,332,500,0.664,RGB,115689
3234401637_84e0d14414.jpg,500,400,1.25,RGB,138960
3234719720_5bb2fc5ffa.jpg,312,500,0.624,RGB,85516
3234890865_bb3c316968.jpg,500,357,1.401,RGB,81738
3235076435_1eaa40bd0a.jpg,500,375,1.333,RGB,142746
3235542079_2fcf4951a1.jpg,333,500,0.666,RGB,143297
3235746553_a40416c00e.jpg,500,410,1.22,RGB,90219
3236447445_eecafdf4f0.jpg,333,500,0.666,RGB,90084
323657582_b6b6d8f7bd.jpg,500,333,1.502,RGB,135931
3236677456_75821e3583.jpg,500,334,1.497,RGB,91779
3237760601_5334f3f3b5.jpg,500,292,1.712,RGB,75036
3238654429_d899e34287.jpg,500,333,1.502,RGB,78796
3238951136_2a99f1a1a8.jpg,500,375,1.333,RGB,230115
3239021459_a6b71bb400.jpg,500,352,1.42,RGB,97439
3239480519_22540b5016.jpg,333,500,0.666,RGB,123120
3239866450_3f8cfb0c83.jpg,333,500,0.666,RGB,89602
3240014971_ee2ea8406f.jpg,500,375,1.333,RGB,140875
3240048764_acce8af2a5.jpg,500,375,1.333,RGB,154116
3240090389_97a8c5d386.jpg,500,339,1.475,RGB,93824
3240094420_a9eea11d39.jpg,500,333,1.502,RGB,118014
3240351042_5d29c94b0e.jpg,455,500,0.91,RGB,129827
3240558825_cd859d6230.jpg,500,333,1.502,RGB,168947
3241487502_f4f0cc4a8a.jpg,500,335,1.493,RGB,164203
3241726740_6d256d61ec.jpg,500,375,1.333,RGB,100028
3241892328_4ebf8b21ce.jpg,500,333,1.502,RGB,110914
3241965735_8742782a70.jpg,333,500,0.666,RGB,117261
3242007318_01e82171aa.jpg,407,500,0.814,RGB,157879
324208502_674488bcea.jpg,500,334,1.497,RGB,142252
3242088278_43eea5d17e.jpg,500,301,1.661,RGB,149657
3242263536_a436f19257.jpg,333,500,0.666,RGB,56868
3242354561_54e5a34925.jpg,500,333,1.502,RGB,93501
3242718240_3358f2d6e6.jpg,500,356,1.404,RGB,179345
3242808166_8638150274.jpg,500,333,1.502,RGB,148900
3242919570_39a05aa2ee.jpg,500,400,1.25,RGB,123431
3243020805_2bafc36c45.jpg,500,375,1.333,RGB,152577
3243094580_ccd01679f5.jpg,500,333,1.502,RGB,52143
3243233886_235a80e8c7.jpg,333,500,0.666,RGB,163805
324355356_859988a710.jpg,500,383,1.305,RGB,122291
3243588540_b418ac7eda.jpg,500,407,1.229,RGB,150169
3243591844_791cfa62eb.jpg,500,393,1.272,RGB,148201
3244171699_ace4b5d999.jpg,500,357,1.401,RGB,152650
3244470342_c08f6bb17e.jpg,335,500,0.67,RGB,196982
3244586044_205d5ae2ba.jpg,500,333,1.502,RGB,110108
3244734844_c318c29c23.jpg,500,335,1.493,RGB,99277
3244747165_17028936e0.jpg,500,334,1.497,RGB,127296
3244910944_612b8ce98f.jpg,500,312,1.603,RGB,96900
3245070961_8977fdd548.jpg,500,400,1.25,RGB,99192
3245250964_9d3e37111e.jpg,292,500,0.584,RGB,124924
3245266444_2e798096e6.jpg,500,332,1.506,RGB,117282
3245460937_2710a82709.jpg,306,500,0.612,RGB,104691
3245504245_27931f5ec1.jpg,341,500,0.682,RGB,127902
3245912109_fdeef6b456.jpg,500,334,1.497,RGB,137585
3245939062_8ffe1d2be5.jpg,500,333,1.502,RGB,132388
3246190363_68d903bfcb.jpg,500,332,1.506,RGB,125741
3246773992_89bf86937b.jpg,380,500,0.76,RGB,164079
3246804978_ea2c9e56f2.jpg,500,202,2.475,RGB,105131
3246991821_750a3097e2.jpg,500,333,1.502,RGB,132235
3247052319_da8aba1983.jpg,500,352,1.42,RGB,160949
3247168324_c45eaf734d.jpg,500,375,1.333,RGB,166019
3247341210_5d1e50df23.jpg,500,375,1.333,RGB,140195
3247423890_163f00a2cb.jpg,500,464,1.078,RGB,79595
3247500085_c4f641aa84.jpg,375,500,0.75,RGB,137730
3247598959_5b2348444c.jpg,500,334,1.497,RGB,132985
3247693965_845b3b4349.jpg,500,387,1.292,RGB,87758
3248220732_0f173fc197.jpg,500,335,1.493,RGB,116126
3248352729_ab264b2222.jpg,385,500,0.77,RGB,124183
3248408149_41a8dd90d3.jpg,500,334,1.497,RGB,156361
3248752274_96740ed073.jpg,500,337,1.484,RGB,82219
3249014584_21dd9ddd9d.jpg,500,331,1.511,RGB,147481
3249062399_0dafe5e4f5.jpg,439,500,0.878,RGB,154656
3249125548_700d874380.jpg,500,332,1.506,RGB,142629
3249278583_95cd8206da.jpg,500,333,1.502,RGB,47934
3249597269_935e0a375a.jpg,500,267,1.873,RGB,77216
3249738122_decde6c117.jpg,403,500,0.806,RGB,205166
3249865395_dceaa59f54.jpg,500,327,1.529,RGB,129406
3249891130_b241591e89.jpg,333,500,0.666,RGB,106511
3249891874_6a090ef097.jpg,500,491,1.018,RGB,128716
325005410_e1ff5041b5.jpg,333,500,0.666,RGB,105339
3250076419_eb3de15063.jpg,500,333,1.502,RGB,129799
3250589803_3f440ba781.jpg,333,500,0.666,RGB,106359
3250593457_9049a73b61.jpg,337,500,0.674,RGB,124330
3250695024_93e8ab7305.jpg,500,358,1.397,RGB,114294
3251088971_f4471048e3.jpg,500,500,1.0,RGB,212070
3251234434_d01e25a50a.jpg,500,411,1.217,RGB,146852
3251460982_4578a568bb.jpg,500,333,1.502,RGB,124934
3251646144_d9f4ccca3f.jpg,500,422,1.185,RGB,296731
3251648670_9339943ba2.jpg,336,500,0.672,RGB,231183
3251906388_c09d44340e.jpg,500,386,1.295,RGB,108878
3251976937_20625dc2b8.jpg,500,333,1.502,RGB,77486
3252457866_b86614064c.jpg,500,285,1.754,RGB,165584
3252588185_3210fe94be.jpg,500,333,1.502,RGB,128440
3252985078_c4ee2aca4e.jpg,500,376,1.33,RGB,197540
3253060519_55d98c208f.jpg,333,500,0.666,RGB,133502
3254640083_eb34b8edfe.jpg,333,500,0.666,RGB,102846
3254645823_a7c072481c.jpg,500,334,1.497,RGB,69694
3254662117_b2e7dede6e.jpg,334,500,0.668,RGB,93787
3254817653_632e840423.jpg,500,384,1.302,RGB,197519
3255017708_2b02bfcdcf.jpg,500,332,1.506,RGB,133183
3255482333_5bcee79f7e.jpg,500,334,1.497,RGB,97336
3255620561_7644747791.jpg,500,334,1.497,RGB,145259
3255732353_fbc487aefc.jpg,500,333,1.502,RGB,186150
3255737244_1f8948fc07.jpg,324,500,0.648,RGB,135293
325576658_59f68bdbd6.jpg,500,346,1.445,RGB,120805
3256043809_47258e0b3e.jpg,500,334,1.497,RGB,95263
3256272547_5ae6c66293.jpg,500,375,1.333,RGB,109857
3256274183_4eab3b2322.jpg,500,375,1.333,RGB,170939
3256275785_9c3af57576.jpg,500,376,1.33,RGB,70859
3256456935_664a7a5bba.jpg,500,449,1.114,RGB,125081
3256603992_67312b5a36.jpg,500,375,1.333,RGB,272004
3257103624_e76f25ff9e.jpg,500,375,1.333,RGB,145169
3257107194_f235c8f7ab.jpg,500,376,1.33,RGB,150446
3257182199_5fda78d870.jpg,500,287,1.742,RGB,91556
3257207516_9d2bc0ea04.jpg,500,375,1.333,RGB,139746
3257277774_aba333a94c.jpg,500,268,1.866,RGB,100559
3258391809_38fc6211f7.jpg,500,333,1.502,RGB,115016
3258394043_a0b6a94dce.jpg,500,359,1.393,RGB,157005
3258395783_2de3a4ba27.jpg,500,333,1.502,RGB,97417
3258396041_69717247f7.jpg,500,333,1.502,RGB,93708
3258397351_1a70f1993d.jpg,500,333,1.502,RGB,131774
3258472448_75cfab5e6f.jpg,334,500,0.668,RGB,131397
3258874419_23fec1bdc1.jpg,500,333,1.502,RGB,103518
3259002340_707ce96858.jpg,267,500,0.534,RGB,122037
3259110412_9908c45144.jpg,500,300,1.667,RGB,123374
3259119085_21613b69df.jpg,450,300,1.5,RGB,64326
3259160693_067ec7ebc3.jpg,500,333,1.502,RGB,115203
3259222690_69737f2a6e.jpg,500,357,1.401,RGB,112101
3259222980_04fb62df97.jpg,500,333,1.502,RGB,136367
3259225196_750c4ce0f9.jpg,500,333,1.502,RGB,92085
3259228898_cefd04580b.jpg,500,333,1.502,RGB,125579
3259229498_2b5708c0c6.jpg,500,333,1.502,RGB,131009
3259231890_16fe167b31.jpg,500,333,1.502,RGB,99025
3259579174_30a8a27058.jpg,334,500,0.668,RGB,141198
3259666643_ae49524c81.jpg,373,500,0.746,RGB,124813
3259694057_fae7484b0a.jpg,334,500,0.668,RGB,132944
3259757648_71edb4347b.jpg,500,375,1.333,RGB,130868
3259883609_6a1b46919e.jpg,500,323,1.548,RGB,155606
3259991972_fce3ab18b2.jpg,500,333,1.502,RGB,131399
3259992164_94600858b3.jpg,500,351,1.425,RGB,115120
3259992638_0612a40288.jpg,500,333,1.502,RGB,121433
3259992722_4c5e895734.jpg,500,333,1.502,RGB,97449
3260088697_af9b6d2393.jpg,500,375,1.333,RGB,165287
3260191163_6c1551eee8.jpg,500,259,1.931,RGB,112935
3260214530_7179346407.jpg,500,378,1.323,RGB,181562
326028454_fb396167e6.jpg,375,500,0.75,RGB,119266
3260768565_2b725be090.jpg,500,332,1.506,RGB,70113
3260975858_75d0612a69.jpg,500,289,1.73,RGB,123960
3261493263_381a4c5cc7.jpg,472,500,0.944,RGB,153000
3261666285_86fceb762d.jpg,333,500,0.666,RGB,96183
3262075846_5695021d84.jpg,500,341,1.466,RGB,177436
3262301835_9f1a49b80a.jpg,500,333,1.502,RGB,141388
3262386960_14f5d857db.jpg,500,335,1.493,RGB,142581
3262475923_f1f77fcd9f.jpg,500,500,1.0,RGB,317482
3262647146_a53770a21d.jpg,333,500,0.666,RGB,134590
3262760716_1e9734f5ba.jpg,500,198,2.525,RGB,52766
3262793378_773b21ec19.jpg,488,500,0.976,RGB,144142
3262849619_0bc4f88ef9.jpg,500,371,1.348,RGB,110228
3263141261_db3a4798b5.jpg,333,500,0.666,RGB,109431
3263215700_e27f81f8b9.jpg,500,333,1.502,RGB,114153
326334188_8850b7bfd4.jpg,500,375,1.333,RGB,143197
3263395801_5e4cee2b9e.jpg,333,500,0.666,RGB,147414
3263497678_8bb688ca01.jpg,500,354,1.412,RGB,137450
3263741906_6e4508d1c8.jpg,500,333,1.502,RGB,104573
3263946591_a1558b77d3.jpg,333,500,0.666,RGB,144120
3264337159_e1680a35ba.jpg,500,500,1.0,RGB,273124
3264350290_f50494e835.jpg,375,500,0.75,RGB,154934
3264397357_72f084cac1.jpg,500,284,1.761,RGB,117406
3264464625_c711cc40c6.jpg,500,333,1.502,RGB,151469
326456451_effadbbe49.jpg,500,405,1.235,RGB,85660
3264650118_be7df266e7.jpg,500,375,1.333,RGB,169490
3264678536_46601d25f0.jpg,500,238,2.101,RGB,110853
3264937930_9623496b64.jpg,332,500,0.664,RGB,157603
3265162450_5b4e3c5f1b.jpg,500,400,1.25,RGB,171187
3265209567_b3b9c8e0fe.jpg,500,333,1.502,RGB,175793
3265527323_6431f00692.jpg,480,334,1.437,RGB,99939
3265578645_4044a7049a.jpg,333,500,0.666,RGB,130009
326585030_e1dcca2562.jpg,500,333,1.502,RGB,143388
3265864834_e0229020dd.jpg,500,332,1.506,RGB,94326
3265964840_5374ed9c53.jpg,332,500,0.664,RGB,136302
3266261886_36e1323d2f.jpg,500,332,1.506,RGB,99032
3266306177_7994dc2865.jpg,500,335,1.493,RGB,107281
3266399073_40820596d5.jpg,500,375,1.333,RGB,131929
3266406566_d64e57e65a.jpg,500,375,1.333,RGB,188421
3267644370_f2728d6c7a.jpg,500,333,1.502,RGB,69712
3268175963_113d90d178.jpg,500,345,1.449,RGB,95317
3268191118_ba25fabab6.jpg,333,500,0.666,RGB,105015
3268407162_6274e0f74f.jpg,500,400,1.25,RGB,111330
3268443910_b36dbc1e5c.jpg,400,500,0.8,RGB,115940
3268908792_c24529fe88.jpg,500,334,1.497,RGB,179686
3269087421_1d489abeae.jpg,500,368,1.359,RGB,131500
3269380710_9161b0bd00.jpg,360,500,0.72,RGB,106906
3269661567_faf190885a.jpg,500,333,1.502,RGB,142800
3269895626_7b253c82ed.jpg,334,500,0.668,RGB,125255
3270047169_2ed289a9af.jpg,500,334,1.497,RGB,157230
3270083123_fcc1208053.jpg,500,301,1.661,RGB,84937
3270273940_61ef506f05.jpg,375,500,0.75,RGB,149376
3270691950_88583c3524.jpg,375,500,0.75,RGB,108292
3271061953_700b96520c.jpg,500,331,1.511,RGB,182076
3271084924_4778d556cc.jpg,500,351,1.425,RGB,140878
3271178748_630d269811.jpg,334,500,0.668,RGB,133573
3271252073_0a1b9525fc.jpg,500,352,1.42,RGB,134694
3271385712_ffd34f2de5.jpg,500,346,1.445,RGB,118204
3271468462_701eb88d3b.jpg,500,400,1.25,RGB,154857
3271495320_bca47795fb.jpg,407,500,0.814,RGB,186272
3272002857_ace031f564.jpg,500,333,1.502,RGB,84524
3272071680_648a99f7d2.jpg,500,385,1.299,RGB,147268
3272541970_ac0f1de274.jpg,311,500,0.622,RGB,127203
3272847211_9e8a4f8308.jpg,327,500,0.654,RGB,123314
3273091032_98f724b36b.jpg,500,375,1.333,RGB,192470
3273163189_dece7babf4.jpg,500,313,1.597,RGB,75951
3273325447_81c94000da.jpg,500,375,1.333,RGB,223788
3273403495_fcd09c453e.jpg,500,333,1.502,RGB,60551
3273489163_8209545810.jpg,332,500,0.664,RGB,142567
3273625566_2454f1556b.jpg,500,333,1.502,RGB,109920
3273969811_42e9fa8f63.jpg,500,352,1.42,RGB,101320
327415627_6313d32a64.jpg,500,398,1.256,RGB,191826
3274375509_4fe91a94c0.jpg,500,333,1.502,RGB,82472
3274691778_94bb57bba3.jpg,500,375,1.333,RGB,142681
3274879561_74997bbfff.jpg,500,333,1.502,RGB,111752
3275065565_9e2a640fbc.jpg,500,375,1.333,RGB,114324
3275527950_41aca690a1.jpg,500,333,1.502,RGB,146817
3275537015_74e04c0f3e.jpg,500,373,1.34,RGB,164461
3275627207_0b41e44597.jpg,317,500,0.634,RGB,102161
3275704430_a75828048f.jpg,500,360,1.389,RGB,63647
3275711232_e261143664.jpg,500,366,1.366,RGB,97499
327621377_0bc3b7fd26.jpg,431,500,0.862,RGB,170665
3276448136_0d9f5069c5.jpg,500,229,2.183,RGB,104369
3276475986_66cd9cc7e4.jpg,500,461,1.085,RGB,157356
3276895962_c053263d01.jpg,500,257,1.946,RGB,125467
3277162496_dff7eeb59e.jpg,375,500,0.75,RGB,228489
3277824093_299cbb3138.jpg,333,500,0.666,RGB,151077
3278189732_f750cb26b7.jpg,500,333,1.502,RGB,112995
3278581900_8ce75a5332.jpg,500,375,1.333,RGB,122932
3278777548_290b881018.jpg,345,500,0.69,RGB,153343
3278811919_d5a3432af6.jpg,375,500,0.75,RGB,142939
3279025792_23bfd21bcc.jpg,361,500,0.722,RGB,98906
3279228339_71deaa3d9b.jpg,500,350,1.429,RGB,120504
3279524184_d5e2ffbaed.jpg,500,279,1.792,RGB,108314
327997381_55f90dc834.jpg,478,500,0.956,RGB,191854
3279988814_d3693dcb6c.jpg,500,375,1.333,RGB,152223
3280052365_c4644bf0a5.jpg,500,334,1.497,RGB,118859
3280173193_98c2d6a223.jpg,500,332,1.506,RGB,113291
3280644151_3d89cb1e0e.jpg,500,333,1.502,RGB,118866
3280672302_2967177653.jpg,375,500,0.75,RGB,159727
3281078518_630a7a7f4f.jpg,480,396,1.212,RGB,94698
3281580623_8c3ba0fdb2.jpg,500,332,1.506,RGB,127774
3281611946_f42deed2e1.jpg,500,375,1.333,RGB,166513
3282121432_648dac8a29.jpg,399,500,0.798,RGB,137532
3282434895_1c1efc1475.jpg,500,333,1.502,RGB,69949
3282634762_2650d0088a.jpg,500,298,1.678,RGB,147544
3282897060_8c584e2ce8.jpg,500,375,1.333,RGB,115360
3282925526_535ff9f2b2.jpg,500,375,1.333,RGB,114431
3283368342_b96d45210e.jpg,500,281,1.779,RGB,167035
3283626303_8e23d4a842.jpg,500,375,1.333,RGB,173969
3283897411_af9d0b497d.jpg,333,500,0.666,RGB,87532
3283913180_7d4e43602d.jpg,500,334,1.497,RGB,153449
3284460070_6805990149.jpg,500,334,1.497,RGB,175953
3284887033_e2e48f1863.jpg,500,333,1.502,RGB,208480
3284899112_f11ab3cfe6.jpg,500,335,1.493,RGB,129461
3284955091_59317073f0.jpg,500,333,1.502,RGB,51306
3285180819_a9712fd2bc.jpg,400,500,0.8,RGB,167817
3285214689_f0219e9671.jpg,333,500,0.666,RGB,106202
3285298241_9b1ed98d19.jpg,333,500,0.666,RGB,96512
3285993030_87b0f1d202.jpg,500,334,1.497,RGB,114618
3286017638_c688c83e3d.jpg,500,333,1.502,RGB,177764
3286045254_696c6b15bd.jpg,400,500,0.8,RGB,130350
3286111436_891ae7dab9.jpg,400,500,0.8,RGB,154262
3286193613_fc046e8016.jpg,355,500,0.71,RGB,124477
3286198467_8880be127e.jpg,500,333,1.502,RGB,135419
3286222970_1fa445e38f.jpg,500,358,1.397,RGB,141875
3286406057_a1668655af.jpg,500,333,1.502,RGB,133546
3286543624_7a327f79ae.jpg,500,335,1.493,RGB,83251
3286620180_4b00e93e8e.jpg,500,333,1.502,RGB,199759
3286761458_34af7e4499.jpg,500,333,1.502,RGB,112847
3286822339_5535af6b93.jpg,500,375,1.333,RGB,151358
3287236038_8998e6b82f.jpg,500,333,1.502,RGB,99536
3287549827_04dec6fb6e.jpg,357,500,0.714,RGB,144590
3287904625_f68ca5cea7.jpg,500,375,1.333,RGB,149165
3287963317_186491ee78.jpg,500,375,1.333,RGB,106075
3287969199_08e775d896.jpg,500,338,1.479,RGB,115355
3288173388_03bc2a844d.jpg,500,333,1.502,RGB,104981
3288174272_2daa06d360.jpg,500,333,1.502,RGB,139572
3288274849_07ff76ee93.jpg,500,333,1.502,RGB,95469
3288839246_fdb00395ae.jpg,399,500,0.798,RGB,176765
328916930_e4d4be1730.jpg,500,332,1.506,RGB,115326
3289433994_4c67aab384.jpg,333,500,0.666,RGB,137718
3289817083_4e78e1c05a.jpg,500,333,1.502,RGB,128183
3289893683_d4cc3ce208.jpg,375,500,0.75,RGB,142094
3290105461_7590f23371.jpg,500,333,1.502,RGB,127354
3290465391_258429e2f9.jpg,333,500,0.666,RGB,57279
3291255271_a185eba408.jpg,355,500,0.71,RGB,188660
3291587911_81fc33300e.jpg,333,500,0.666,RGB,114412
3292016893_24d14c8b4f.jpg,500,333,1.502,RGB,197885
3292277400_f95cdd13d1.jpg,500,375,1.333,RGB,207069
3293018193_e4e0c8db7c.jpg,341,500,0.682,RGB,105399
3293596075_973b0bfd08.jpg,500,375,1.333,RGB,124002
3293642024_e136b74a55.jpg,500,371,1.348,RGB,147511
3293751136_b0ce285dc3.jpg,500,368,1.359,RGB,126860
3293751640_d81a6f3a0c.jpg,350,500,0.7,RGB,114301
3293753378_7a8ddb98b2.jpg,500,333,1.502,RGB,135033
3293945284_6a04e477a9.jpg,500,333,1.502,RGB,108067
3294179574_4f67e67d6f.jpg,500,330,1.515,RGB,158322
3294202771_e8ee78a439.jpg,500,319,1.567,RGB,92128
3294209955_a1f1e2cc19.jpg,500,333,1.502,RGB,119509
3294717824_3bb7b5d1c8.jpg,400,500,0.8,RGB,144350
3294830188_e46bd9b93c.jpg,500,322,1.553,RGB,83064
3294952558_96bb8c8cf3.jpg,324,500,0.648,RGB,179408
3294964868_16f4f9fa9d.jpg,500,333,1.502,RGB,128096
3295024992_887a95c700.jpg,500,333,1.502,RGB,90442
3295391572_cbfde03a10.jpg,500,333,1.502,RGB,100596
3295418287_5d590dac43.jpg,500,333,1.502,RGB,157174
3295452057_0c987f895f.jpg,500,353,1.416,RGB,179108
3295671644_0e10891b6d.jpg,500,448,1.116,RGB,180160
3295680663_af21ea648b.jpg,500,334,1.497,RGB,88651
3296124052_6f1d1c9f8d.jpg,332,500,0.664,RGB,135918
3296150666_aae2f64348.jpg,500,333,1.502,RGB,175306
3296226598_1c892c4351.jpg,500,333,1.502,RGB,95433
3296500180_0d7a6650dc.jpg,500,334,1.497,RGB,160549
3296584432_bef3c965a3.jpg,500,375,1.333,RGB,131583
3296715418_29542dcdc2.jpg,500,396,1.263,RGB,143492
3297272270_285b8878b2.jpg,500,380,1.316,RGB,176215
3297323827_f582356478.jpg,500,500,1.0,RGB,156768
3298175192_bbef524ddc.jpg,334,500,0.668,RGB,90905
3298199743_d8dd8f94a0.jpg,333,500,0.666,RGB,93557
3298233193_d2a550840d.jpg,500,401,1.247,RGB,135219
3299418821_21531b5b3c.jpg,420,500,0.84,RGB,115993
3299820401_c2589186c5.jpg,500,334,1.497,RGB,137064
3300019891_8f404d94a1.jpg,500,374,1.337,RGB,204751
3300679815_2c6c2301cb.jpg,500,357,1.401,RGB,258947
3301021288_95935b7a74.jpg,500,363,1.377,RGB,137487
3301438465_10121a2412.jpg,500,333,1.502,RGB,153302
3301744710_b51280eb56.jpg,333,500,0.666,RGB,125778
3301754574_465af5bf6d.jpg,500,331,1.511,RGB,83069
3301811927_a2797339e5.jpg,500,375,1.333,RGB,134185
3301822808_f2ccff86f4.jpg,500,400,1.25,RGB,237201
3301854980_233cc2f896.jpg,333,500,0.666,RGB,133034
3301859683_2d5e4b40a3.jpg,500,334,1.497,RGB,63225
3301935788_2bb7bbc515.jpg,500,332,1.506,RGB,85959
3302804312_0272091cd5.jpg,500,500,1.0,RGB,161881
330325191_63e11d9c93.jpg,500,175,2.857,RGB,63587
3303648823_53cf750acd.jpg,333,500,0.666,RGB,95024
3303787342_b258b377b6.jpg,500,334,1.497,RGB,142457
3303797949_339bb969ba.jpg,333,500,0.666,RGB,91858
3304030264_da3dd18c7b.jpg,347,500,0.694,RGB,137112
3304484212_b950233c30.jpg,333,500,0.666,RGB,70470
3304511635_113beaf458.jpg,478,500,0.956,RGB,164807
3304556387_203b9d4db0.jpg,333,500,0.666,RGB,243547
3304712466_18cbdb85fe.jpg,500,332,1.506,RGB,159002
3305767464_d64a336f60.jpg,333,500,0.666,RGB,124638
3305895920_100a67d148.jpg,344,500,0.688,RGB,117946
3306212559_731ba9bd05.jpg,500,282,1.773,RGB,75513
3306464579_1b16a0caf2.jpg,500,470,1.064,RGB,125534
3306951622_93b82cac21.jpg,500,328,1.524,RGB,100633
3307077951_dd31f1971c.jpg,500,333,1.502,RGB,152808
3307147971_5b3abf61f9.jpg,500,333,1.502,RGB,174023
3307563498_e2b4f19272.jpg,500,375,1.333,RGB,198621
3307667255_26bede91eb.jpg,500,333,1.502,RGB,153838
3307978046_92fef4dfa9.jpg,348,500,0.696,RGB,145941
3308018795_68a97a425c.jpg,500,333,1.502,RGB,118989
3308171165_20f93d2fba.jpg,500,412,1.214,RGB,131242
3308488725_f91d9aba27.jpg,334,500,0.668,RGB,102769
330849796_c575c3108a.jpg,500,334,1.497,RGB,108110
3308997740_91765ecdcc.jpg,500,358,1.397,RGB,106897
3309042087_ee96d94b8a.jpg,335,500,0.67,RGB,139121
3309082580_7228067ee0.jpg,332,500,0.664,RGB,91964
3309578722_1765d7d1af.jpg,500,336,1.488,RGB,121199
3310067561_b92017acab.jpg,500,375,1.333,RGB,140692
3310551665_15b79ef4ea.jpg,361,500,0.722,RGB,115593
33108590_d685bfe51c.jpg,500,333,1.502,RGB,45427
3312096605_f458757418.jpg,500,342,1.462,RGB,81986
3312779887_7682db7827.jpg,500,314,1.592,RGB,163025
3313232606_4ce7e16b87.jpg,500,332,1.506,RGB,130393
3313620862_0c65c645f5.jpg,361,500,0.722,RGB,203249
3314180199_2121e80368.jpg,333,500,0.666,RGB,136913
3314517351_69d70e62bd.jpg,500,329,1.52,RGB,169512
3314900697_c5c5ae9af6.jpg,333,500,0.666,RGB,163562
3315033940_e91f87b7f2.jpg,500,330,1.515,RGB,162182
3315110972_1090d11728.jpg,500,370,1.351,RGB,103162
3315250232_83e24a2d51.jpg,500,333,1.502,RGB,169519
3315323307_bd148a8964.jpg,375,500,0.75,RGB,179271
3315353266_70f0bbb1c3.jpg,288,500,0.576,RGB,108961
3315616181_15dd137e27.jpg,333,500,0.666,RGB,110761
3315726723_64c9b0a945.jpg,500,394,1.269,RGB,108446
3316046339_8e504be038.jpg,500,500,1.0,RGB,210275
3316725440_9ccd9b5417.jpg,500,333,1.502,RGB,136948
3317073508_7e13565c1b.jpg,500,333,1.502,RGB,156063
3317145805_071b15debb.jpg,500,357,1.401,RGB,152752
3317333893_9d0faa8d30.jpg,500,333,1.502,RGB,127674
3317960829_78bbfafbb6.jpg,375,500,0.75,RGB,169475
3318564834_4ccea90497.jpg,500,333,1.502,RGB,121925
3318995586_c2bc50b92e.jpg,500,375,1.333,RGB,172151
3319020762_d429d56a69.jpg,500,375,1.333,RGB,173351
3319058642_885d756295.jpg,333,500,0.666,RGB,114647
3319177177_130a72b8ae.jpg,500,375,1.333,RGB,165329
3319338707_892ae2a660.jpg,500,333,1.502,RGB,169451
3319388517_5609ae9805.jpg,500,300,1.667,RGB,99044
3319405494_58dee86b21.jpg,500,332,1.506,RGB,88848
3319489465_c65c91e4f2.jpg,500,333,1.502,RGB,130235
3319586526_3994e9cd58.jpg,500,333,1.502,RGB,157734
3319723910_af5b5f1fae.jpg,500,343,1.458,RGB,86261
3319899418_4bcf1b00d8.jpg,333,500,0.666,RGB,80094
3320032226_63390d74a6.jpg,333,500,0.666,RGB,110844
3320154278_c67e01b8d1.jpg,500,333,1.502,RGB,192939
3320209694_db579cb607.jpg,500,333,1.502,RGB,119245
3320356356_1497e53f80.jpg,500,333,1.502,RGB,145184
3320411267_df70b90501.jpg,500,333,1.502,RGB,144265
332045444_583acaefc3.jpg,420,500,0.84,RGB,149253
3320680380_b0d38b3b4a.jpg,333,500,0.666,RGB,120741
3320756943_9d004f9824.jpg,333,500,0.666,RGB,142239
3321063116_4e5deeac83.jpg,500,247,2.024,RGB,70473
3321334180_8f764e0e0f.jpg,500,374,1.337,RGB,121139
3321516504_5ee97771cb.jpg,333,500,0.666,RGB,121222
3321956909_7b5ddf500f.jpg,333,500,0.666,RGB,78357
3322200641_c2e51ff37b.jpg,500,334,1.497,RGB,79537
3322389758_394c990b6a.jpg,500,335,1.493,RGB,186687
3322443827_a04a94bb91.jpg,251,500,0.502,RGB,88634
3323076458_3ce72a1dae.jpg,500,332,1.506,RGB,155962
3323419265_7fefaa9d5d.jpg,500,333,1.502,RGB,71023
3323498985_fd9d2803fd.jpg,400,500,0.8,RGB,115828
3323514651_3efdbd63ed.jpg,443,500,0.886,RGB,146509
3323528927_7b21081271.jpg,333,500,0.666,RGB,104705
3323661814_1e8e1ae88c.jpg,333,500,0.666,RGB,93001
3323952123_deb50b0629.jpg,500,333,1.502,RGB,136784
3323988406_e3c8fce690.jpg,333,500,0.666,RGB,102475
3324056835_84904fe2f8.jpg,500,333,1.502,RGB,96727
3324375078_9441f72898.jpg,500,333,1.502,RGB,74032
3324746155_71e14f60ce.jpg,334,500,0.668,RGB,105787
3325129757_7a1979ac11.jpg,500,336,1.488,RGB,96997
3325157569_8084ab3293.jpg,333,500,0.666,RGB,131644
3325497914_f9014d615b.jpg,500,335,1.493,RGB,127010
3325578605_afa7f662ec.jpg,500,346,1.445,RGB,112809
3325910784_5ecb88310c.jpg,333,500,0.666,RGB,115461
3325974730_3ee192e4ff.jpg,500,336,1.488,RGB,58534
3326024473_4c16e4fbfc.jpg,500,331,1.511,RGB,42710
3326086533_23a0a54a8e.jpg,500,385,1.299,RGB,169752
3326204251_2f9e446a2f.jpg,500,333,1.502,RGB,144089
3326249355_e7a7c71f06.jpg,500,333,1.502,RGB,118357
3326273086_e09e845185.jpg,500,376,1.33,RGB,152532
3326376344_3306bf439e.jpg,500,375,1.333,RGB,142553
3326454455_960e5442e9.jpg,333,500,0.666,RGB,75542
3326588088_172d1b2584.jpg,500,375,1.333,RGB,147651
3327487011_1372c425fb.jpg,500,333,1.502,RGB,147267
3327563443_870a33f748.jpg,500,388,1.289,RGB,122794
3328247381_a9f7fb4898.jpg,500,309,1.618,RGB,97855
3328397409_092de2bd32.jpg,500,333,1.502,RGB,161454
3328495660_ed0e3f29cf.jpg,500,333,1.502,RGB,144628
3328535573_33c3cd5b59.jpg,500,500,1.0,RGB,187087
3328646934_5cca4cebce.jpg,500,500,1.0,RGB,93084
3329169877_175cb16845.jpg,500,333,1.502,RGB,161218
3329254388_27017bab30.jpg,500,358,1.397,RGB,94350
3329289652_e09b80e2f3.jpg,500,333,1.502,RGB,134022
3329777647_5e1fd503ac.jpg,500,375,1.333,RGB,144876
3329793486_afc16663cc.jpg,500,332,1.506,RGB,92040
3329858093_0ec73f2190.jpg,500,301,1.661,RGB,74638
3330007895_78303e8a40.jpg,311,500,0.622,RGB,89650
3330019493_fd36fbc2ea.jpg,332,500,0.664,RGB,159138
3330102093_1d6e35e78d.jpg,332,500,0.664,RGB,62582
333031366_a0828c540d.jpg,500,333,1.502,RGB,97471
3330333217_1a69497a74.jpg,500,357,1.401,RGB,155469
3330654550_3efe9a71af.jpg,500,333,1.502,RGB,125608
3330675488_8692476a4a.jpg,500,375,1.333,RGB,168907
3330680118_4e541889c1.jpg,500,375,1.333,RGB,172740
3330935489_9cb67ca36b.jpg,500,315,1.587,RGB,236001
3331009729_d3b14738e6.jpg,500,440,1.136,RGB,246292
3331102049_bc65cf6198.jpg,500,358,1.397,RGB,92056
3331190056_09f4ca9fd2.jpg,500,335,1.493,RGB,148901
3331525712_af1dcc47f2.jpg,500,333,1.502,RGB,110544
3331797838_b3e33dbe17.jpg,500,219,2.283,RGB,134796
3331900249_5872e90b25.jpg,500,328,1.524,RGB,103992
3332136681_9aecf101fd.jpg,500,375,1.333,RGB,162467
3332202255_a30c522664.jpg,500,375,1.333,RGB,71651
3332248667_617606714b.jpg,500,376,1.33,RGB,153048
3332467180_d72f9b067d.jpg,500,337,1.484,RGB,110178
3333017828_b930b9d41b.jpg,500,400,1.25,RGB,137813
3333039854_461329aac2.jpg,500,375,1.333,RGB,110625
3333675897_0043f992d3.jpg,333,500,0.666,RGB,102244
3333826465_9c84c1b3c6.jpg,500,416,1.202,RGB,198180
3333921867_6cc7d7c73d.jpg,500,332,1.506,RGB,154422
3334057289_68ece38a85.jpg,500,317,1.577,RGB,185889
3334300164_e75e0479ae.jpg,500,333,1.502,RGB,81797
3334537556_a2cf4e9b9a.jpg,500,369,1.355,RGB,130958
3334866049_f5933344aa.jpg,500,375,1.333,RGB,150030
3334953664_a669038795.jpg,457,500,0.914,RGB,146925
3335097235_538f4777c3.jpg,500,333,1.502,RGB,144850
3335370208_460fc19bfa.jpg,500,333,1.502,RGB,155485
3335375223_b4da8df523.jpg,500,375,1.333,RGB,116026
3335501468_628655d608.jpg,500,332,1.506,RGB,62541
3335547029_74d620fa6c.jpg,500,487,1.027,RGB,168911
3335692531_dd4a995f91.jpg,500,333,1.502,RGB,129261
3335773346_ac0d97efeb.jpg,354,500,0.708,RGB,130485
3335885203_a3fe8e541f.jpg,500,333,1.502,RGB,147303
3335997221_254366c400.jpg,500,375,1.333,RGB,60585
3336065481_2c21e622c8.jpg,500,444,1.126,RGB,206004
3336211088_4c294a870b.jpg,500,333,1.502,RGB,184011
3336361161_c06cdd160e.jpg,500,427,1.171,RGB,148991
3336374196_f6eaca542f.jpg,333,500,0.666,RGB,117319
3336682980_1082a66878.jpg,500,333,1.502,RGB,112115
3336759846_5220e27deb.jpg,333,500,0.666,RGB,64605
3336808362_c17837afd8.jpg,333,500,0.666,RGB,60008
3336831820_5c5df4b033.jpg,500,375,1.333,RGB,84557
3337046794_296bd2c7e0.jpg,500,375,1.333,RGB,118867
3337332770_5eda5cceb7.jpg,500,333,1.502,RGB,113052
3337461409_e4e317853d.jpg,500,319,1.567,RGB,113320
3338217927_3c5cf3f7c6.jpg,500,333,1.502,RGB,52143
3338291921_fe7ae0c8f8.jpg,500,333,1.502,RGB,64926
3338474677_7376e426c2.jpg,500,400,1.25,RGB,166621
3338590946_f25b76cbc7.jpg,500,375,1.333,RGB,146380
3339105374_cc41e0b7d7.jpg,500,281,1.779,RGB,116024
3339140382_2e49bc324a.jpg,500,333,1.502,RGB,55223
3339263085_6db9fd0981.jpg,500,375,1.333,RGB,134612
3339319023_5dcc3ef81a.jpg,500,477,1.048,RGB,208444
3339558806_b4afdc8394.jpg,375,500,0.75,RGB,202187
3339586622_a7676b30e1.jpg,500,380,1.316,RGB,79714
333973142_abcd151002.jpg,500,375,1.333,RGB,209366
3339747039_1a8455c210.jpg,500,375,1.333,RGB,170280
3339751521_7a8768be27.jpg,500,281,1.779,RGB,155729
3339768802_8ab768558a.jpg,500,312,1.603,RGB,106400
3339916063_63b960ed46.jpg,333,500,0.666,RGB,154554
3340575518_137ce2695f.jpg,500,241,2.075,RGB,81854
3340857141_85d97a7466.jpg,500,333,1.502,RGB,208093
3341077091_7ca0833373.jpg,332,500,0.664,RGB,97373
3341084434_db5e7d1fdc.jpg,500,333,1.502,RGB,114490
3341477531_4e37450f35.jpg,333,500,0.666,RGB,104713
3341489212_a879e1544a.jpg,332,500,0.664,RGB,157998
3341782693_426bf7139b.jpg,333,500,0.666,RGB,131766
3341961913_9a9b362f15.jpg,500,334,1.497,RGB,162118
3342271377_446ffc34c0.jpg,500,375,1.333,RGB,231850
3342272425_804316cb3d.jpg,345,500,0.69,RGB,149879
3342309960_c694b2cce9.jpg,333,500,0.666,RGB,90081
3342487512_fd33971dea.jpg,500,357,1.401,RGB,96259
3342822192_082f932ef2.jpg,500,334,1.497,RGB,153630
3342855466_44038a8aa3.jpg,500,318,1.572,RGB,109197
3343106500_27176fc544.jpg,400,500,0.8,RGB,173711
3343116398_59a5341f7f.jpg,400,500,0.8,RGB,174645
3343197133_9256848fa9.jpg,500,332,1.506,RGB,75063
3343311201_eeb1a39def.jpg,362,500,0.724,RGB,180649
3343900764_2a4c0405f9.jpg,332,500,0.664,RGB,163034
3344233740_c010378da7.jpg,333,500,0.666,RGB,149173
3344411431_6f4917bb2f.jpg,500,342,1.462,RGB,173657
3344526059_4a097af285.jpg,500,334,1.497,RGB,127036
3344531479_03c69750e9.jpg,400,500,0.8,RGB,99381
3344632789_af90d54746.jpg,333,500,0.666,RGB,146862
3344798356_5cc41f7939.jpg,375,500,0.75,RGB,142862
3344948183_5b89379585.jpg,500,357,1.401,RGB,81915
3345025842_bc2082a509.jpg,347,500,0.694,RGB,197356
3346040664_5b584e6133.jpg,398,500,0.796,RGB,133894
3346289227_198fced308.jpg,500,468,1.068,RGB,207025
3346614841_698f9aa486.jpg,333,500,0.666,RGB,95800
3346711367_5e7b29e20f.jpg,333,500,0.666,RGB,126857
3346918203_986dca6641.jpg,500,333,1.502,RGB,153176
334737767_7f344eee16.jpg,500,333,1.502,RGB,90759
3347500603_13670ee6bf.jpg,500,333,1.502,RGB,119959
3347666612_659e6e2207.jpg,333,500,0.666,RGB,193678
334768700_51c439b9ee.jpg,500,375,1.333,RGB,179921
3347701468_bb0001b035.jpg,500,334,1.497,RGB,133827
3347798761_5c5260b000.jpg,332,500,0.664,RGB,126771
3348191949_b0b925e5f1.jpg,500,360,1.389,RGB,145167
3348208268_6d97d951eb.jpg,332,500,0.664,RGB,117947
3348384389_73b6647017.jpg,500,333,1.502,RGB,98492
3348385580_10b53391f9.jpg,333,500,0.666,RGB,110787
3348785391_c243faf6bb.jpg,500,386,1.295,RGB,183556
3348811097_0e09baa26f.jpg,333,500,0.666,RGB,77415
3349194268_0ee555c9a2.jpg,500,375,1.333,RGB,178912
3349258288_5300c40430.jpg,500,333,1.502,RGB,100191
3349307529_c1a516b9dc.jpg,375,500,0.75,RGB,117767
3349308309_92cff519f3.jpg,500,500,1.0,RGB,246517
3349309109_4024a09a17.jpg,500,375,1.333,RGB,169586
3349451628_4249a21c8f.jpg,500,375,1.333,RGB,146170
3349528565_0bc013b70a.jpg,500,333,1.502,RGB,161770
3349955993_a04aea97d8.jpg,500,333,1.502,RGB,173385
3349968447_b5d4a477b2.jpg,500,375,1.333,RGB,83760
3350260112_fcb47ff6b2.jpg,500,333,1.502,RGB,130819
3350614753_5624e181b3.jpg,500,375,1.333,RGB,93911
3350671534_2a5d45a961.jpg,500,328,1.524,RGB,91954
3350785999_462f333c44.jpg,500,333,1.502,RGB,195031
3350786891_6d39b234e9.jpg,333,500,0.666,RGB,161822
3351111378_b5d80783a1.jpg,500,327,1.529,RGB,136580
3351357065_a6a9b3d485.jpg,500,375,1.333,RGB,120453
3351360323_91bb341350.jpg,500,375,1.333,RGB,148479
3351370405_e417e38f52.jpg,333,500,0.666,RGB,107597
3351418768_596ef7fd6f.jpg,500,333,1.502,RGB,162995
3351493005_6e5030f596.jpg,500,473,1.057,RGB,100297
3351586010_7ffaa90ea8.jpg,375,500,0.75,RGB,93704
3351596152_bf283f03d1.jpg,500,333,1.502,RGB,67619
3351667632_00f586a30c.jpg,500,333,1.502,RGB,132799
3351667846_ac43118ae5.jpg,500,333,1.502,RGB,128364
3351704877_28dea303aa.jpg,500,375,1.333,RGB,128926
3352199368_b35f25793e.jpg,500,375,1.333,RGB,121604
3352531708_a65dd694b1.jpg,500,375,1.333,RGB,132681
3352697012_751b079bbb.jpg,500,356,1.404,RGB,203160
3352791995_8db4979aca.jpg,309,500,0.618,RGB,132223
3352871762_c9e88592d3.jpg,500,333,1.502,RGB,94234
3353036763_4cbeba03b2.jpg,335,500,0.67,RGB,141673
3353278454_2f3a4d0bbc.jpg,332,500,0.664,RGB,147810
3353328134_dd9ed0edab.jpg,360,500,0.72,RGB,151914
3353400143_8b9543f7dc.jpg,500,333,1.502,RGB,90406
3353950389_1153d5e452.jpg,500,375,1.333,RGB,166503
3353962769_ba48691bc6.jpg,333,500,0.666,RGB,134978
3354063643_1d8814eb13.jpg,500,332,1.506,RGB,86339
3354075558_3b67eaa502.jpg,500,375,1.333,RGB,178871
3354200211_35348e47d8.jpg,500,375,1.333,RGB,157398
3354330935_de75be9d2f.jpg,500,331,1.511,RGB,86587
3354414391_a3908bd4ff.jpg,400,500,0.8,RGB,109429
3354474353_daf9e168cf.jpg,500,333,1.502,RGB,110582
3354489242_dd529ffa1f.jpg,500,333,1.502,RGB,141935
3354883962_170d19bfe4.jpg,500,319,1.567,RGB,94324
3355494822_61353a224d.jpg,500,333,1.502,RGB,82686
3355683198_715fb1a2ac.jpg,500,333,1.502,RGB,181075
3355756569_b430a29c2a.jpg,333,500,0.666,RGB,59574
3355827928_c96c0c3e88.jpg,332,500,0.664,RGB,92158
335588286_f67ed8c9f9.jpg,461,500,0.922,RGB,183576
3356284586_21c6f155a5.jpg,375,500,0.75,RGB,61505
3356369156_074750c6cc.jpg,500,333,1.502,RGB,148798
3356494271_6103d0b556.jpg,500,334,1.497,RGB,160918
3356642567_f1d92cb81b.jpg,500,401,1.247,RGB,154141
3356700488_183566145b.jpg,500,395,1.266,RGB,126142
3356748019_2251399314.jpg,500,333,1.502,RGB,125261
3356901257_83811a19eb.jpg,282,500,0.564,RGB,103643
3356938707_d95ba97430.jpg,500,375,1.333,RGB,110483
3357194782_c261bb6cbf.jpg,500,300,1.667,RGB,113401
3357416302_fcfcdd7b86.jpg,500,333,1.502,RGB,97238
3357708906_fb3a54dd78.jpg,500,375,1.333,RGB,146429
3357937209_cf4a9512ac.jpg,480,314,1.529,RGB,81373
3358380484_b99b48f0c9.jpg,500,333,1.502,RGB,159039
3358558292_6ab14193ed.jpg,500,247,2.024,RGB,103189
3358621566_12bac2e9d2.jpg,500,360,1.389,RGB,178731
3358682439_be4b83544c.jpg,500,333,1.502,RGB,166150
3359089834_263e529c71.jpg,500,340,1.471,RGB,130816
3359530430_249f51972c.jpg,500,333,1.502,RGB,105525
3359551687_68f2f0212a.jpg,500,403,1.241,RGB,149169
3359563671_35b67898e7.jpg,500,333,1.502,RGB,85010
3359587274_4a2b140b84.jpg,500,372,1.344,RGB,72101
3359636318_39267812a0.jpg,500,334,1.497,RGB,161809
3360730513_211e1a4db6.jpg,500,465,1.075,RGB,188378
3360823754_90967276ec.jpg,333,500,0.666,RGB,135542
3360876049_9047edeab9.jpg,477,500,0.954,RGB,196821
3360930596_1e75164ce6.jpg,333,500,0.666,RGB,106958
3360994630_d4616c1b14.jpg,500,351,1.425,RGB,99307
3361210233_962d630ec5.jpg,416,500,0.832,RGB,106319
3361411074_83f27d2a1c.jpg,500,332,1.506,RGB,65966
3361882891_6e610ffdbb.jpg,500,335,1.493,RGB,101376
3361990489_92244a58ef.jpg,375,500,0.75,RGB,193560
3362049454_ea0c22e57b.jpg,500,400,1.25,RGB,196423
3362189985_fbae8f860a.jpg,500,437,1.144,RGB,86783
3362592729_893e26b806.jpg,320,500,0.64,RGB,97113
3362805914_72f60ee8cb.jpg,500,375,1.333,RGB,208950
3362871440_6c0f27c480.jpg,500,335,1.493,RGB,130159
3363750526_efcedc47a9.jpg,500,410,1.22,RGB,104811
3363836972_c87b58c948.jpg,333,500,0.666,RGB,98568
3364026240_645d533fda.jpg,500,346,1.445,RGB,108187
3364151356_eecd07a23e.jpg,333,500,0.666,RGB,168559
3364160101_c5e6c52b25.jpg,371,500,0.742,RGB,137061
3364258732_9942c557e5.jpg,500,314,1.592,RGB,147032
336460583_6c8ccb7188.jpg,500,374,1.337,RGB,160620
3364715316_df8c20bac1.jpg,500,500,1.0,RGB,168621
3364796213_b8948913b5.jpg,500,320,1.562,RGB,176091
3364797223_1f0b2f98ed.jpg,500,403,1.241,RGB,190138
3364861247_d590fa170d.jpg,500,343,1.458,RGB,113585
3365198533_539073002b.jpg,500,333,1.502,RGB,152372
3365348059_9773165302.jpg,500,375,1.333,RGB,146183
336551609_1385ab139e.jpg,500,333,1.502,RGB,85528
336551615_a01418bc53.jpg,500,324,1.543,RGB,67025
3365602213_dd3287a633.jpg,333,500,0.666,RGB,108859
3365783912_e12c3510d8.jpg,500,375,1.333,RGB,163431
3366105287_49a4bf71c6.jpg,500,334,1.497,RGB,119003
3366571152_20afb88ac1.jpg,500,500,1.0,RGB,209190
3366904106_e996320d20.jpg,500,359,1.393,RGB,82888
3367034082_31658a89bb.jpg,333,500,0.666,RGB,139285
3367053761_8ec5834bf3.jpg,375,500,0.75,RGB,116506
3367758711_a8c09607ac.jpg,500,345,1.449,RGB,105881
3367851138_757d6bd2ef.jpg,333,500,0.666,RGB,117588
3368207495_1e2dbd6d3f.jpg,500,400,1.25,RGB,105999
3368569524_a9df2fc312.jpg,333,500,0.666,RGB,141357
3368671163_0171259581.jpg,500,334,1.497,RGB,140939
3368819708_0bfa0808f8.jpg,500,333,1.502,RGB,110341
3368865171_597d51cdd5.jpg,446,500,0.892,RGB,175208
3369258147_03db257f0f.jpg,500,460,1.087,RGB,177195
3369354061_2bab79f91f.jpg,335,500,0.67,RGB,144292
3370085095_6abbb67c1d.jpg,500,375,1.333,RGB,130388
3370308329_7f2de5bb58.jpg,500,306,1.634,RGB,119421
3371266735_43150bce52.jpg,500,408,1.225,RGB,168248
3371279606_c0d0cddab2.jpg,500,407,1.229,RGB,127800
3371533654_73a12a35a4.jpg,500,334,1.497,RGB,86618
3371567346_b6522efdb8.jpg,423,500,0.846,RGB,143350
3371567529_606fa3452b.jpg,500,357,1.401,RGB,111769
3371887001_44ab0c2f17.jpg,500,332,1.506,RGB,206765
3372022051_132b8e6233.jpg,333,500,0.666,RGB,82221
3372167201_f7f909d480.jpg,500,360,1.389,RGB,160602
3372214646_cc2ceb182f.jpg,500,333,1.502,RGB,129667
3372215826_b3e6403b2e.jpg,500,334,1.497,RGB,56836
3372251830_baa3665928.jpg,500,364,1.374,RGB,110466
3372340429_91c4f4af30.jpg,500,335,1.493,RGB,108997
3373069977_bc73e9e409.jpg,500,317,1.577,RGB,92014
3373243733_9aba7740ed.jpg,500,333,1.502,RGB,204241
3373481779_511937e09d.jpg,500,362,1.381,RGB,104549
3373544964_c9f1253b7d.jpg,333,500,0.666,RGB,141374
3373870185_f79163fa51.jpg,500,338,1.479,RGB,86859
3373946160_1c82d54442.jpg,500,359,1.393,RGB,138600
3374054694_fa56f29267.jpg,500,332,1.506,RGB,179705
3374223949_90776ba934.jpg,375,500,0.75,RGB,112304
3374384485_751f719be4.jpg,334,500,0.668,RGB,212744
3374722123_6fe6fef449.jpg,375,500,0.75,RGB,170487
3374759363_d6f7a0df41.jpg,375,500,0.75,RGB,122862
3375014075_157388f8a9.jpg,462,500,0.924,RGB,203621
3375070563_3c290a7991.jpg,500,338,1.479,RGB,86478
3375134059_7e9eb2ef01.jpg,333,500,0.666,RGB,115472
3375534917_62350bd06b.jpg,500,334,1.497,RGB,93132
3375549004_beee810e60.jpg,375,500,0.75,RGB,134697
3375843443_8d9b242aa5.jpg,500,332,1.506,RGB,123166
3375920709_ef7370fa09.jpg,500,335,1.493,RGB,65546
3375991133_87d7c40925.jpg,500,333,1.502,RGB,147318
3376014640_ff5b00769f.jpg,500,333,1.502,RGB,87478
3376435746_1593d9b243.jpg,500,333,1.502,RGB,88123
3376439178_159e4126de.jpg,333,500,0.666,RGB,83029
337647771_3b819feaba.jpg,400,500,0.8,RGB,189724
3376809186_4e26d880b7.jpg,500,333,1.502,RGB,183424
3376898612_41c91de476.jpg,500,333,1.502,RGB,137356
3376942201_2c45d99237.jpg,500,333,1.502,RGB,117061
3376972502_35e3e119cd.jpg,500,333,1.502,RGB,127539
3377117696_af91f13058.jpg,500,333,1.502,RGB,95417
3377344932_6dfce93248.jpg,375,500,0.75,RGB,116673
3377570617_d2f2225a74.jpg,500,357,1.401,RGB,200245
337793983_ac5b2e848e.jpg,500,412,1.214,RGB,182907
3378553508_e37e281d25.jpg,500,297,1.684,RGB,119498
3379839396_0cd84b55f1.jpg,500,333,1.502,RGB,106322
3380072636_4cd59385fd.jpg,359,500,0.718,RGB,129171
3380364224_2626d9d354.jpg,500,282,1.773,RGB,103261
3380407617_07b53cbcce.jpg,500,333,1.502,RGB,89187
3380519003_9f91d5a7fb.jpg,500,400,1.25,RGB,161942
3380643902_7e0670f80f.jpg,500,239,2.092,RGB,62537
3381038951_225bb163af.jpg,500,375,1.333,RGB,119126
3381161854_af8b05243c.jpg,336,500,0.672,RGB,143515
3381392182_db2c42430e.jpg,382,500,0.764,RGB,232139
3381584882_341ee3092f.jpg,500,335,1.493,RGB,77677
3381788544_2c50e139dd.jpg,500,349,1.433,RGB,84360
3382105769_b1a4e4c60d.jpg,500,333,1.502,RGB,187365
3382303178_69b6d1bdd2.jpg,500,333,1.502,RGB,114789
3382679230_baef3d1eaa.jpg,500,375,1.333,RGB,125810
3383037991_8f07784b81.jpg,500,375,1.333,RGB,128770
3383388869_a14552e551.jpg,500,333,1.502,RGB,102661
3383491811_fd9d3a891d.jpg,500,333,1.502,RGB,100043
3383545083_1d7c95b003.jpg,500,281,1.779,RGB,142808
3384314832_dffc944152.jpg,500,392,1.276,RGB,167903
3384528359_e920154177.jpg,500,387,1.292,RGB,98137
3384742888_85230c34d5.jpg,483,500,0.966,RGB,192109
3385246141_a263d1053e.jpg,500,333,1.502,RGB,80426
3385593926_d3e9c21170.jpg,500,335,1.493,RGB,125514
3385956569_a849218e34.jpg,500,347,1.441,RGB,106025
3386060324_b98fdfa449.jpg,333,500,0.666,RGB,128195
3386375153_20c56d0aae.jpg,500,333,1.502,RGB,126186
3386893620_5f0bb4e794.jpg,484,500,0.968,RGB,221595
3386953179_84c2d7922f.jpg,500,375,1.333,RGB,114931
3387542157_81bfd00072.jpg,500,365,1.37,RGB,91938
3387630781_f421a94d9d.jpg,500,375,1.333,RGB,121742
3387661249_33e5ba0bc5.jpg,500,335,1.493,RGB,161975
3388094307_5a83be64a5.jpg,400,500,0.8,RGB,111792
3388330419_85d72f7cda.jpg,345,500,0.69,RGB,117405
3388836914_c267cf3a59.jpg,400,500,0.8,RGB,96702
3389321512_b11f499dab.jpg,375,500,0.75,RGB,137800
3389448506_7025e7cc12.jpg,500,359,1.393,RGB,157339
3391209042_d2de8a8978.jpg,500,333,1.502,RGB,89332
3391924827_53b31542ce.jpg,332,500,0.664,RGB,86500
3392019836_c7aeebca1c.jpg,500,366,1.366,RGB,123964
3392293702_ccb0599857.jpg,363,500,0.726,RGB,117125
3392851587_a638ff25e2.jpg,500,333,1.502,RGB,115586
3393035454_2d2370ffd4.jpg,355,500,0.71,RGB,190413
3393152604_27bd1037f2.jpg,500,333,1.502,RGB,161450
3393343330_b13df4d8ec.jpg,500,354,1.412,RGB,153141
3393394134_0caac47e1c.jpg,500,333,1.502,RGB,158017
3393446245_37dd3f3b59.jpg,498,500,0.996,RGB,281276
339350939_6643bfb270.jpg,500,358,1.397,RGB,93666
3393926562_66cc01b001.jpg,372,500,0.744,RGB,132582
3394070357_cb2a3243fc.jpg,500,400,1.25,RGB,133152
3394586927_eae7732b64.jpg,359,500,0.718,RGB,157431
3394654132_9a8659605c.jpg,500,333,1.502,RGB,119964
3394750987_a32ecc477e.jpg,408,500,0.816,RGB,102797
3395173129_f0ac0a1ed4.jpg,500,333,1.502,RGB,130749
3396036947_0af6c3aab7.jpg,332,500,0.664,RGB,105987
3396043950_12783c5147.jpg,500,375,1.333,RGB,127109
3396153660_f729d9f9b9.jpg,333,500,0.666,RGB,127487
3396157719_6807d52a81.jpg,500,333,1.502,RGB,134195
3396251819_1efa69310f.jpg,333,500,0.666,RGB,102026
3396275223_ee080df8b5.jpg,500,309,1.618,RGB,115277
339658315_fbb178c252.jpg,312,500,0.624,RGB,129556
3396817186_b299ee0531.jpg,500,334,1.497,RGB,215253
3397220683_4aca010f86.jpg,500,358,1.397,RGB,98324
3397228832_8ce5b1c26f.jpg,500,333,1.502,RGB,105968
3397259310_1ed1a346b5.jpg,500,332,1.506,RGB,159456
3397310901_cbef5c06ef.jpg,500,333,1.502,RGB,74138
3397633339_d1ae6d9a0e.jpg,500,333,1.502,RGB,132979
3397803103_8a46d716f4.jpg,341,500,0.682,RGB,91644
339822505_be3ccbb71f.jpg,500,342,1.462,RGB,188875
3398276602_c7d106c34f.jpg,500,395,1.266,RGB,119940
3398745929_8cd3bbb8a8.jpg,500,333,1.502,RGB,128079
3398746625_5199beea71.jpg,500,333,1.502,RGB,73240
3398788809_25c71ba018.jpg,500,333,1.502,RGB,125212
3399028417_50a621274c.jpg,500,375,1.333,RGB,158964
3399284917_721aefe2a7.jpg,500,334,1.497,RGB,107933
3399312265_9c74378692.jpg,500,333,1.502,RGB,99627
3399616238_77acf4ee12.jpg,400,500,0.8,RGB,108866
3399618896_9ef60cd32c.jpg,500,383,1.305,RGB,128988
3399798295_a452963365.jpg,330,500,0.66,RGB,118361
3399843227_3b9d2a8dbf.jpg,330,500,0.66,RGB,132474
3399906919_bc8562b257.jpg,302,500,0.604,RGB,78164
3399944164_ec24123945.jpg,500,333,1.502,RGB,83863
3400041870_4e7732b40f.jpg,500,334,1.497,RGB,130547
3400082864_9c737c1450.jpg,500,400,1.25,RGB,123052
3400135828_0ac128b6eb.jpg,500,357,1.401,RGB,68976
3400186336_37043a2f5b.jpg,500,375,1.333,RGB,162177
3400385314_a5bc062e97.jpg,330,500,0.66,RGB,119995
3401039304_424ffc7dbf.jpg,500,334,1.497,RGB,146509
3401333624_4b6af8c1d7.jpg,500,335,1.493,RGB,124081
3401437960_7da856e004.jpg,500,333,1.502,RGB,129746
3401548798_3a93f2caa5.jpg,500,364,1.374,RGB,58869
3401647850_685c03ffff.jpg,500,330,1.515,RGB,161199
3401902253_cd27e6d0fe.jpg,500,333,1.502,RGB,101200
3402081035_a54cfab1d9.jpg,500,402,1.244,RGB,125877
3402638444_dab914a3de.jpg,500,396,1.263,RGB,146533
3403263046_3cc701a07a.jpg,333,500,0.666,RGB,91989
3403370354_5d266873b4.jpg,500,334,1.497,RGB,142475
3403797144_53e49412ec.jpg,500,357,1.401,RGB,138352
3404012438_9baf8dcbaf.jpg,500,333,1.502,RGB,176394
340425915_490293058f.jpg,500,375,1.333,RGB,105957
3404408360_430f73b034.jpg,500,333,1.502,RGB,170849
3404552106_f516df0f5b.jpg,500,375,1.333,RGB,180697
3404870997_7b0cd755de.jpg,500,354,1.412,RGB,138963
3404906655_bc51c69c1e.jpg,500,333,1.502,RGB,71492
3404978479_8a81843e17.jpg,450,337,1.335,RGB,77025
3405011838_f81117c99f.jpg,500,300,1.667,RGB,147045
3405100926_e96308ce89.jpg,500,342,1.462,RGB,151404
3405113041_4b72c24801.jpg,500,406,1.232,RGB,109504
3405720825_b6991005eb.jpg,397,500,0.794,RGB,139370
3405759441_fb31c80240.jpg,369,500,0.738,RGB,198010
3405942945_f4af2934a6.jpg,500,333,1.502,RGB,98485
3406116788_c8f62e32d1.jpg,375,500,0.75,RGB,122287
3406409018_03de95181e.jpg,500,352,1.42,RGB,153687
340667199_ecae5f6029.jpg,492,500,0.984,RGB,158114
3406802138_ef77bbddd0.jpg,500,331,1.511,RGB,134210
3406930103_4db7b4dde0.jpg,500,343,1.458,RGB,102216
3407317539_68765a3375.jpg,352,500,0.704,RGB,176031
3407357681_5aeaab5b59.jpg,500,289,1.73,RGB,112978
3407584080_c6abf71ae3.jpg,333,500,0.666,RGB,72772
3408130183_f038bdaa4f.jpg,500,333,1.502,RGB,171000
3408274796_0dc62225e9.jpg,500,333,1.502,RGB,175611
3409326324_a704565e8f.jpg,500,333,1.502,RGB,68134
3409506817_775e38d219.jpg,500,332,1.506,RGB,138824
3409740108_1505489537.jpg,500,357,1.401,RGB,149662
3409947123_a8d07edecf.jpg,476,500,0.952,RGB,200763
3410215754_5d5caeffaf.jpg,500,375,1.333,RGB,147960
3410899419_4f8dca6f3f.jpg,500,375,1.333,RGB,166235
3410902181_b2a3c6eec9.jpg,359,500,0.718,RGB,102308
3411022255_210eefc375.jpg,355,500,0.71,RGB,97013
3411393875_a9ff73c67a.jpg,413,500,0.826,RGB,125381
3411579899_0f8ed09142.jpg,500,334,1.497,RGB,177627
3411595210_8e0893b266.jpg,500,351,1.425,RGB,183435
3412036192_d8cd12ed3f.jpg,500,375,1.333,RGB,137032
3412249548_00820fc4ca.jpg,326,500,0.652,RGB,93083
3412450683_7da035f2de.jpg,500,398,1.256,RGB,117261
3412822878_5d961492e5.jpg,500,334,1.497,RGB,161481
3413019648_e787f0cb88.jpg,500,335,1.493,RGB,157977
3413571342_b9855795e2.jpg,500,375,1.333,RGB,121185
3413669228_ec64efeb34.jpg,331,500,0.662,RGB,132596
3413806271_17b7e102aa.jpg,500,375,1.333,RGB,81908
3413973568_6630e5cdac.jpg,500,318,1.572,RGB,101306
341430859_4519802e8f.jpg,500,375,1.333,RGB,114525
3414734842_beb543f400.jpg,500,381,1.312,RGB,174588
3415003392_139c0f3586.jpg,332,500,0.664,RGB,151220
3415113018_7b95ddcd11.jpg,500,332,1.506,RGB,151404
3415165462_e1cb536d08.jpg,500,349,1.433,RGB,137033
3415178926_909db9400b.jpg,500,332,1.506,RGB,102536
3415228562_4efa9c9b70.jpg,351,500,0.702,RGB,141257
3415287719_3c776f370e.jpg,500,334,1.497,RGB,143037
3415311628_c220a65762.jpg,500,333,1.502,RGB,194691
3415578043_03d33e6efd.jpg,500,333,1.502,RGB,198202
3415589320_71a5bf64cf.jpg,500,375,1.333,RGB,220514
3415646718_f9f4e23a66.jpg,500,388,1.289,RGB,247337
3415809168_af9dabdba5.jpg,500,333,1.502,RGB,126124
3416013671_98b5c75046.jpg,500,356,1.404,RGB,149585
3416091866_a96003d652.jpg,500,307,1.629,RGB,112012
3416246113_1745559b6b.jpg,400,500,0.8,RGB,124254
3416339125_0860d3d1eb.jpg,500,294,1.701,RGB,117528
3416460533_d5819fbf69.jpg,500,333,1.502,RGB,138458
341665272_80d4d61376.jpg,466,500,0.932,RGB,141682
3417037373_67f7db2dd2.jpg,500,375,1.333,RGB,200894
3417102649_5c0b2f4b4d.jpg,365,500,0.73,RGB,149558
3417143124_6feb8290cc.jpg,379,500,0.758,RGB,169880
3417231408_6ce951c011.jpg,334,500,0.668,RGB,135282
3417662443_2eaea88977.jpg,375,500,0.75,RGB,209291
3417672954_46b75dea8d.jpg,333,500,0.666,RGB,89030
3417788829_cfdbc34d2c.jpg,500,375,1.333,RGB,149469
3418504074_083f0bb68d.jpg,500,324,1.543,RGB,114875
3419197575_aa5b84a9f0.jpg,358,500,0.716,RGB,136195
3419238351_ac18b440c0.jpg,500,375,1.333,RGB,168786
3419634480_c390f62a6e.jpg,401,500,0.802,RGB,149585
3419916411_72934edcdb.jpg,500,470,1.064,RGB,233912
3420064875_0349a75d69.jpg,500,281,1.779,RGB,90413
3420260768_26a600b844.jpg,400,500,0.8,RGB,101880
3420278866_1d17c12713.jpg,400,500,0.8,RGB,117140
3420284416_a90af1fb7a.jpg,500,400,1.25,RGB,90277
3420323191_d66e003264.jpg,500,418,1.196,RGB,104809
3420338549_bd78d35243.jpg,500,333,1.502,RGB,127166
3420469425_2980b4cd30.jpg,500,333,1.502,RGB,140703
3421104520_6a71185b3c.jpg,500,332,1.506,RGB,129363
3421129418_088af794f7.jpg,500,305,1.639,RGB,70290
3421131122_2e4bde661e.jpg,500,362,1.381,RGB,128752
3421177332_a05741cfa4.jpg,500,334,1.497,RGB,88634
3421480658_b3518b6819.jpg,500,334,1.497,RGB,118661
3421547427_53411b6278.jpg,400,500,0.8,RGB,119097
3421706363_a3e22a4908.jpg,500,333,1.502,RGB,205015
3421789737_f625dd17ed.jpg,500,334,1.497,RGB,123739
3421928157_69a325366f.jpg,500,332,1.506,RGB,146247
3422146099_35ffc8680e.jpg,500,375,1.333,RGB,101657
3422219732_3d0be52cc3.jpg,500,333,1.502,RGB,94498
3422394336_e465f60b7c.jpg,500,334,1.497,RGB,233200
3422458549_f3f3878dbf.jpg,500,400,1.25,RGB,126566
3422979565_e08cd77bfe.jpg,500,375,1.333,RGB,132282
3423225860_16e26eef74.jpg,400,500,0.8,RGB,125604
3423249426_02bedf9260.jpg,500,345,1.449,RGB,157863
3423509305_e399d005db.jpg,456,500,0.912,RGB,140273
3423802527_94bd2b23b0.jpg,500,333,1.502,RGB,168045
3424424006_98f9d1921c.jpg,333,500,0.666,RGB,111247
3424605029_53078d3505.jpg,500,375,1.333,RGB,153199
3424851862_0f51c42922.jpg,334,500,0.668,RGB,183072
3424927725_c4d1fcfac3.jpg,333,500,0.666,RGB,154742
3424934891_69f18da66e.jpg,375,500,0.75,RGB,152863
3425061393_d093edb8da.jpg,400,500,0.8,RGB,129647
3425069551_aba046a1b6.jpg,400,500,0.8,RGB,129705
3425071001_e7c9809ef2.jpg,419,500,0.838,RGB,169792
3425127583_611200619a.jpg,500,400,1.25,RGB,105986
3425414048_fa14d33067.jpg,500,375,1.333,RGB,150477
3425573919_409d9e15b2.jpg,500,333,1.502,RGB,232179
3425662680_41c7c50e8d.jpg,500,375,1.333,RGB,75726
3425685827_03683e8e5a.jpg,500,332,1.506,RGB,194548
3425756814_13909354d4.jpg,400,500,0.8,RGB,125945
3425835357_204e620a66.jpg,333,500,0.666,RGB,101582
3425846980_912943b4f9.jpg,400,500,0.8,RGB,117706
3425851292_de92a072ee.jpg,500,400,1.25,RGB,142665
3425853460_bfcd0b41f6.jpg,400,500,0.8,RGB,110026
3425887426_bf60b8afa3.jpg,400,500,0.8,RGB,112618
3425918361_3b890d9575.jpg,500,335,1.493,RGB,95116
3426144752_28d63615ca.jpg,333,500,0.666,RGB,97582
3426724811_137855b4f7.jpg,390,500,0.78,RGB,143077
3426789838_8771f0ed56.jpg,500,332,1.506,RGB,132378
3426933951_2302a941d8.jpg,500,299,1.672,RGB,162759
3426962078_13e87e10de.jpg,500,319,1.567,RGB,122314
3426964258_67a0cee201.jpg,500,333,1.502,RGB,136545
3426966595_c8c4e1e872.jpg,500,304,1.645,RGB,165637
3427023324_f1f6504bf4.jpg,332,500,0.664,RGB,163956
3427118504_93126c83e0.jpg,500,333,1.502,RGB,96674
3427233064_6af01bfc5c.jpg,500,334,1.497,RGB,156899
3427301653_4ff0d6fd93.jpg,357,500,0.714,RGB,142433
3427402225_234d712eeb.jpg,500,333,1.502,RGB,102054
3427540832_c882fded1d.jpg,500,500,1.0,RGB,136804
3427614912_b147d083b2.jpg,396,500,0.792,RGB,153658
3427852996_d383abd819.jpg,375,500,0.75,RGB,173624
3428038648_993a453f9e.jpg,500,375,1.333,RGB,233969
3428386573_670f5362f0.jpg,500,333,1.502,RGB,82102
342872408_04a2832a1b.jpg,500,335,1.493,RGB,132225
3429142249_d09a32e291.jpg,500,375,1.333,RGB,126454
3429194423_98e911a101.jpg,500,423,1.182,RGB,104642
3429351222_17ae744daf.jpg,500,375,1.333,RGB,110705
3429351964_531de1bf16.jpg,375,500,0.75,RGB,154712
3429391520_930b153f94.jpg,332,500,0.664,RGB,108802
3429465163_fb8ac7ce7f.jpg,343,500,0.686,RGB,184308
3429581486_4556471d1a.jpg,500,333,1.502,RGB,163834
3429641260_2f035c1813.jpg,500,333,1.502,RGB,204506
3429956016_3c7e3096c2.jpg,375,500,0.75,RGB,124815
3430100177_5864bf1e73.jpg,500,500,1.0,RGB,213201
3430287726_94a1825bbf.jpg,500,334,1.497,RGB,108639
3430526230_234b3550f6.jpg,500,375,1.333,RGB,171489
3430607596_7e4f74e3ff.jpg,500,333,1.502,RGB,165919
343073813_df822aceac.jpg,500,393,1.272,RGB,134014
3430779304_43a2146f4b.jpg,500,386,1.295,RGB,81593
3430782104_34da558eba.jpg,284,500,0.568,RGB,88918
3431101934_99a6c55914.jpg,333,500,0.666,RGB,151459
3431121650_056db85987.jpg,500,375,1.333,RGB,215464
3431194126_ca78f5fde6.jpg,333,500,0.666,RGB,167161
3431261634_c73360406a.jpg,500,400,1.25,RGB,178605
3431487300_0123195f9b.jpg,500,423,1.182,RGB,132384
3431671749_e8e3a449ac.jpg,500,333,1.502,RGB,97823
3431860810_44277cd360.jpg,500,381,1.312,RGB,158570
343218198_1ca90e0734.jpg,300,346,0.867,RGB,93441
3432495898_a5859f06b6.jpg,500,333,1.502,RGB,130369
3432550415_e7b77232de.jpg,500,355,1.408,RGB,109891
3432586199_e50b0d6cb7.jpg,431,500,0.862,RGB,101703
3432634159_1eb9a73306.jpg,500,387,1.292,RGB,136636
3432637363_3ba357e2da.jpg,500,436,1.147,RGB,170504
3432656291_a6c7981f6e.jpg,500,433,1.155,RGB,152209
3432730942_4dc4685277.jpg,500,333,1.502,RGB,139904
3433259846_800a6079f0.jpg,500,443,1.129,RGB,131129
3433470650_a8b1c27173.jpg,500,482,1.037,RGB,200241
3433567526_00b5a70319.jpg,500,356,1.404,RGB,180594
3433982387_3fa993cf5a.jpg,500,370,1.351,RGB,150447
3434452829_62cee280bc.jpg,500,500,1.0,RGB,172084
3434526008_02359881a0.jpg,500,334,1.497,RGB,94939
3435015880_eda46ff50f.jpg,500,375,1.333,RGB,141272
3435035138_af32890a4c.jpg,500,332,1.506,RGB,140893
3435233065_3411f2d29d.jpg,333,500,0.666,RGB,186649
3435648640_b2f68efb78.jpg,500,332,1.506,RGB,139427
3435653630_3b6cca2c40.jpg,333,500,0.666,RGB,170047
3436063693_15c8d377a2.jpg,335,500,0.67,RGB,221312
3436074878_21515a6706.jpg,500,333,1.502,RGB,107868
3436259762_43709321ff.jpg,500,466,1.073,RGB,113715
3436313241_6c73153fb6.jpg,333,500,0.666,RGB,148783
3436395540_63bc8f2fe0.jpg,500,333,1.502,RGB,146756
3436418401_b00ceb27c0.jpg,500,333,1.502,RGB,95465
343662720_39e4067cd1.jpg,500,345,1.449,RGB,175582
3437034427_6df5e9fbf9.jpg,500,333,1.502,RGB,99003
3437107047_715c60e9c8.jpg,500,383,1.305,RGB,125252
3437147889_4cf26dd525.jpg,500,333,1.502,RGB,109146
3437273677_47d4462974.jpg,500,375,1.333,RGB,98752
3437315443_ba2263f92e.jpg,333,500,0.666,RGB,95369
3437654963_c4fdc17e8b.jpg,500,333,1.502,RGB,212488
3437693401_202afef348.jpg,500,333,1.502,RGB,122837
3437781040_82b06facb3.jpg,500,353,1.416,RGB,130733
3438858409_136345fa07.jpg,500,474,1.055,RGB,159734
3438981089_2ef1a6353c.jpg,500,332,1.506,RGB,77393
3439128755_84409b8823.jpg,500,317,1.577,RGB,136454
3439243433_d5f3508612.jpg,500,333,1.502,RGB,103574
3439331800_e71e1d808f.jpg,500,282,1.773,RGB,107402
3439382048_d2e23b2b4c.jpg,334,500,0.668,RGB,145379
3439414478_8038ba9409.jpg,357,500,0.714,RGB,127079
3439560988_f001f96fc9.jpg,400,500,0.8,RGB,153047
3439982121_0afc6d5973.jpg,480,362,1.326,RGB,67051
3440104178_6871a24e13.jpg,500,500,1.0,RGB,150278
3440160917_4524cfd9f6.jpg,500,375,1.333,RGB,195191
3440724965_03d6ca5399.jpg,500,333,1.502,RGB,59316
344078103_4b23931ce5.jpg,500,333,1.502,RGB,150961
3440952969_608eb5e42b.jpg,333,500,0.666,RGB,155275
3441104823_33cdae5a56.jpg,500,375,1.333,RGB,169332
3441145615_b4fcd9eea0.jpg,500,334,1.497,RGB,108077
3441399292_60c83bd5db.jpg,500,336,1.488,RGB,120611
3441511444_b031585b45.jpg,500,334,1.497,RGB,132367
3441531010_8eebbb507e.jpg,500,398,1.256,RGB,157635
3441701164_6dbbdf1bce.jpg,333,500,0.666,RGB,130768
3442138291_3e75f4bdb8.jpg,330,500,0.66,RGB,122384
3442242092_e579538d82.jpg,449,500,0.898,RGB,147220
3442272060_f9155194c2.jpg,500,375,1.333,RGB,198451
3442540072_b22ca2410f.jpg,500,375,1.333,RGB,111926
3442622076_c3abe955e5.jpg,500,333,1.502,RGB,123105
3442844140_15aa45e9b8.jpg,500,334,1.497,RGB,91858
3442978981_53bf1f45f3.jpg,500,335,1.493,RGB,106325
3443030942_f409586258.jpg,500,300,1.667,RGB,140180
3443161359_65544fd732.jpg,500,375,1.333,RGB,94662
3443326696_fe0549c5be.jpg,500,345,1.449,RGB,108557
3443351431_7b4061df5c.jpg,500,333,1.502,RGB,85901
3443460885_46115463b4.jpg,500,354,1.412,RGB,179640
3443703471_14845d8850.jpg,500,357,1.401,RGB,183394
3443853670_6c79fcfcb2.jpg,500,359,1.393,RGB,98839
3444684583_6656e38088.jpg,334,500,0.668,RGB,58241
3444974984_963fb441a0.jpg,500,458,1.092,RGB,126782
3444982197_0ff15cc50b.jpg,500,333,1.502,RGB,100571
3445296377_1e5082b44b.jpg,500,374,1.337,RGB,213045
3445428367_25bafffe75.jpg,500,333,1.502,RGB,86570
3445544288_68fdb25969.jpg,500,300,1.667,RGB,134050
3446191973_1db572ed8a.jpg,500,333,1.502,RGB,204687
3446347599_0ecc49a9d5.jpg,500,281,1.779,RGB,88710
3446586125_cafa0bfd67.jpg,333,500,0.666,RGB,111626
3446762868_06e9d9d899.jpg,500,375,1.333,RGB,85873
3447007090_08d997833a.jpg,500,333,1.502,RGB,174130
3447155358_5b5b59b15e.jpg,333,500,0.666,RGB,166112
3447876218_4ccf42d7a0.jpg,500,300,1.667,RGB,105625
344841963_8b0fa9784c.jpg,500,339,1.475,RGB,127494
3448490813_f9623e864d.jpg,333,500,0.666,RGB,145527
3448855727_f16dea7b03.jpg,375,500,0.75,RGB,131256
3449114979_6cdc3e8da8.jpg,328,500,0.656,RGB,109599
3449170348_34dac4a380.jpg,347,500,0.694,RGB,113785
3449718979_e987c64e2d.jpg,375,500,0.75,RGB,258036
3449846784_278bc1ba92.jpg,281,500,0.562,RGB,124503
3450776690_38605c667d.jpg,375,500,0.75,RGB,90329
3450874870_c4dcf58fb3.jpg,500,300,1.667,RGB,69480
3451085951_e66f7f5d5c.jpg,500,344,1.453,RGB,132227
3451344589_6787bd06ef.jpg,297,500,0.594,RGB,122524
3451345621_fe470d4cf8.jpg,328,500,0.656,RGB,143173
3451523035_b61d79f6a8.jpg,500,332,1.506,RGB,105121
3451984463_37ac1ff7a8.jpg,500,333,1.502,RGB,121566
3452127051_fa54a902b3.jpg,500,400,1.25,RGB,187404
3452341579_0147d2199b.jpg,500,334,1.497,RGB,139604
3452411712_5b42d2a1b5.jpg,375,500,0.75,RGB,187650
345284642_77dded0907.jpg,500,331,1.511,RGB,168071
3452982513_36f2bc81fa.jpg,500,300,1.667,RGB,103059
3453019315_cfd5c10dae.jpg,376,500,0.752,RGB,240187
3453259666_9ecaa8bb4b.jpg,334,500,0.668,RGB,138538
3453284877_8866189055.jpg,500,333,1.502,RGB,98226
3453313865_1ebff5393c.jpg,500,333,1.502,RGB,174555
3453544202_3855ab34b6.jpg,500,300,1.667,RGB,115014
3454149297_01454a2554.jpg,500,333,1.502,RGB,102357
3454199170_ae26917dcd.jpg,445,500,0.89,RGB,178600
3454315016_f1e30d4676.jpg,500,381,1.312,RGB,129825
3454355269_6185e29f95.jpg,500,361,1.385,RGB,151581
3454621502_73af6742fb.jpg,375,500,0.75,RGB,121452
3454754632_977c1523be.jpg,400,500,0.8,RGB,151806
3454988449_1de1ef4f20.jpg,500,438,1.142,RGB,219355
3455405300_aa3069ecaa.jpg,333,500,0.666,RGB,124003
3455419642_894d03f153.jpg,334,500,0.668,RGB,152712
3455757720_7aeba57056.jpg,500,273,1.832,RGB,127699
3455898176_f0e003ce58.jpg,500,372,1.344,RGB,126729
3455920874_6fbec43194.jpg,500,392,1.276,RGB,130137
3456251289_c4ae31d817.jpg,500,392,1.276,RGB,170429
3456362961_d8f7e347a8.jpg,333,500,0.666,RGB,141918
3456579559_b5c8927938.jpg,333,500,0.666,RGB,89089
345684566_235e8dfcc1.jpg,500,400,1.25,RGB,167379
3456862740_7550bcddc2.jpg,500,333,1.502,RGB,145286
3457045393_2bbbb4e941.jpg,500,397,1.259,RGB,179646
3457210101_3533edebc8.jpg,500,400,1.25,RGB,134045
3457315666_b943111dec.jpg,318,255,1.247,RGB,45646
3457364788_3514a52091.jpg,333,500,0.666,RGB,110823
3457455611_94ee93929f.jpg,500,479,1.044,RGB,122220
3457460673_800d7f7dd9.jpg,333,500,0.666,RGB,116486
3457572788_e1fe4f6480.jpg,500,333,1.502,RGB,108682
3457604528_302396c08c.jpg,334,500,0.668,RGB,148569
3457784061_8f77f43a9c.jpg,500,334,1.497,RGB,139352
3457856049_2de173e818.jpg,500,375,1.333,RGB,156683
345785626_9fa59f38ce.jpg,375,500,0.75,RGB,117221
3458211052_bb73084398.jpg,500,375,1.333,RGB,90309
3458215674_2aa5e64643.jpg,500,375,1.333,RGB,109516
3458379941_657182bb09.jpg,500,500,1.0,RGB,170357
3458434150_2b0d619244.jpg,500,333,1.502,RGB,169923
3458559770_12cf9f134e.jpg,500,333,1.502,RGB,142990
3458577912_67db47209d.jpg,500,375,1.333,RGB,110057
3458625738_297857369c.jpg,500,333,1.502,RGB,127163
3459156091_c1879ebe28.jpg,500,333,1.502,RGB,151110
3459362347_c412ef9901.jpg,500,333,1.502,RGB,92487
3459419203_cd7c68ce4d.jpg,500,401,1.247,RGB,175355
3459492423_c881f12c9f.jpg,500,334,1.497,RGB,154850
3459570613_3932816d3f.jpg,375,500,0.75,RGB,186144
3459858555_c3f0087a72.jpg,500,334,1.497,RGB,104296
3459871361_92d1ecda36.jpg,332,500,0.664,RGB,206374
3460458114_35037d4d4c.jpg,500,332,1.506,RGB,132092
3460551728_63255cec18.jpg,500,375,1.333,RGB,150466
3461041826_0e24cdf597.jpg,500,333,1.502,RGB,188230
3461049169_e068ae4f25.jpg,500,333,1.502,RGB,102917
3461106572_920c8c0112.jpg,500,375,1.333,RGB,136387
3461110860_37ef15af8e.jpg,500,333,1.502,RGB,96076
3461114418_c27b4043a2.jpg,335,500,0.67,RGB,190294
3461437556_cc5e97f3ac.jpg,500,333,1.502,RGB,73678
3461583471_2b8b6b4d73.jpg,336,500,0.672,RGB,73301
3461677493_5bfb73038e.jpg,333,500,0.666,RGB,127610
3462165890_c13ce13eff.jpg,500,375,1.333,RGB,198735
3462396164_ba9849c14b.jpg,500,375,1.333,RGB,195601
3462454965_a481809cea.jpg,500,329,1.52,RGB,169505
3462512074_2b4db1ffd6.jpg,333,500,0.666,RGB,98919
346253487_687150ab04.jpg,375,500,0.75,RGB,116477
3463034205_e541313038.jpg,334,500,0.668,RGB,142193
3463268965_f22884fc69.jpg,500,375,1.333,RGB,102892
3463523977_f2ed231585.jpg,453,500,0.906,RGB,171604
3463922449_f6040a2931.jpg,500,333,1.502,RGB,116134
3464708890_3cab754998.jpg,333,500,0.666,RGB,113073
3464871350_3f2d624a9c.jpg,500,333,1.502,RGB,141777
3465000218_c94e54e208.jpg,500,334,1.497,RGB,107251
3465396606_5ba1574128.jpg,500,387,1.292,RGB,146144
3465473743_7da0c5d973.jpg,333,500,0.666,RGB,140884
3465606652_f380a38050.jpg,500,333,1.502,RGB,209508
3465791729_5bf9bd8635.jpg,500,332,1.506,RGB,149838
3466353172_deb128bbb0.jpg,500,332,1.506,RGB,72284
3466891862_9afde75568.jpg,500,333,1.502,RGB,105560
3467073304_aefe553c4d.jpg,500,333,1.502,RGB,126921
3467219837_7d62213dec.jpg,500,333,1.502,RGB,116895
3467282545_273a97b628.jpg,500,333,1.502,RGB,118097
3467510271_0f57e52768.jpg,500,334,1.497,RGB,94547
3467843559_a457ce37b6.jpg,500,332,1.506,RGB,158555
3467941308_ae6989e29c.jpg,500,357,1.401,RGB,158844
3468023754_8a07d4c56e.jpg,457,500,0.914,RGB,157594
3468130925_2b1489d19a.jpg,453,500,0.906,RGB,144292
3468275336_61936db92d.jpg,500,333,1.502,RGB,76352
3468346269_9d162aacfe.jpg,500,332,1.506,RGB,147185
3468694409_a51571d621.jpg,500,368,1.359,RGB,193416
3469585782_e708496552.jpg,500,333,1.502,RGB,159615
3469711377_bc29d48737.jpg,500,333,1.502,RGB,138631
3470008804_0ca36a7a09.jpg,500,316,1.582,RGB,113410
3470129475_9e58b6742c.jpg,500,419,1.193,RGB,183095
3470303255_fbb41b8dd0.jpg,500,334,1.497,RGB,91593
3470951932_27ed74eb0b.jpg,500,333,1.502,RGB,113197
3471066276_fb1e82e905.jpg,500,311,1.608,RGB,168555
3471117376_40585c3fd1.jpg,500,334,1.497,RGB,148723
3471463779_64084b686c.jpg,476,500,0.952,RGB,149995
3471571540_b4ab77f20d.jpg,500,333,1.502,RGB,127769
3471841031_a949645ba8.jpg,500,359,1.393,RGB,210352
347186933_880caaf53b.jpg,500,373,1.34,RGB,200314
3472066410_065b4f99d3.jpg,334,500,0.668,RGB,125712
3472270112_0a7cb7b27c.jpg,426,500,0.852,RGB,135729
3472364264_dbde5a8d0a.jpg,500,375,1.333,RGB,133118
3472449219_eb927f05b8.jpg,333,500,0.666,RGB,171123
3472485022_5d03e9852d.jpg,500,400,1.25,RGB,146409
3472540184_b0420b921a.jpg,500,423,1.182,RGB,142606
3472703856_568d9778b5.jpg,500,372,1.344,RGB,150805
3473264983_67917a931f.jpg,500,333,1.502,RGB,151323
3473320907_3884a7203b.jpg,500,354,1.412,RGB,134254
3473534758_1ae3847781.jpg,500,332,1.506,RGB,107406
3474176841_cde2bee67c.jpg,330,500,0.66,RGB,148400
3474265683_43b1033d94.jpg,500,403,1.241,RGB,149841
3474330484_a01d8af624.jpg,500,375,1.333,RGB,102847
3474406285_01f3d24b71.jpg,500,333,1.502,RGB,130972
3474912569_7165dc1d06.jpg,375,500,0.75,RGB,140637
3474958471_9106beb07f.jpg,332,500,0.664,RGB,103448
3474985008_0a827cd340.jpg,333,500,0.666,RGB,154686
3474985112_24ef46e82d.jpg,333,500,0.666,RGB,158198
3474985382_26e1560338.jpg,500,333,1.502,RGB,159471
3474999131_788cbf253f.jpg,500,333,1.502,RGB,149417
3475005101_6f6e437459.jpg,497,500,0.994,RGB,235223
3475092236_cf45d383c7.jpg,500,372,1.344,RGB,147017
3475111806_f0d2927707.jpg,500,387,1.292,RGB,176951
347543966_b2053ae78c.jpg,375,500,0.75,RGB,224559
3475552729_a3abd81ee6.jpg,500,334,1.497,RGB,85261
3475581086_a533567561.jpg,500,332,1.506,RGB,99762
3476237185_9389c536a3.jpg,500,333,1.502,RGB,160186
3476381830_3751dd9339.jpg,500,275,1.818,RGB,100521
3476451861_5b9c9ce191.jpg,500,334,1.497,RGB,148731
3476709230_6439305bf2.jpg,334,500,0.668,RGB,161292
3477315700_52a4d740a5.jpg,334,500,0.668,RGB,106175
3477369101_8e0c61d8f4.jpg,500,375,1.333,RGB,216850
3477672764_7f07657a26.jpg,500,332,1.506,RGB,147567
3477681171_b1bb8b211d.jpg,334,500,0.668,RGB,82317
3477683327_d9e6a2a64f.jpg,333,500,0.666,RGB,132080
3477712686_8428614c75.jpg,500,332,1.506,RGB,117200
3477715432_79d82487bb.jpg,500,375,1.333,RGB,131930
3477778668_81ff0a68e0.jpg,500,356,1.404,RGB,177299
3477977145_4df89d69a1.jpg,500,333,1.502,RGB,145566
3478084305_9e1219c3b6.jpg,375,500,0.75,RGB,194686
3478176372_7c510a0cef.jpg,500,481,1.04,RGB,175374
3478591390_b526580644.jpg,500,333,1.502,RGB,87405
3478877323_0a507a601b.jpg,500,333,1.502,RGB,168094
3479050296_65bcea69a0.jpg,500,359,1.393,RGB,174264
3479245321_6a5bc470f8.jpg,500,375,1.333,RGB,201394
3479423813_517e93a43a.jpg,334,500,0.668,RGB,106528
3480051754_18e5802558.jpg,500,375,1.333,RGB,187939
3480052428_c034b98a08.jpg,500,375,1.333,RGB,158264
3480126681_52cea26bda.jpg,500,417,1.199,RGB,191905
3480379024_545e8ec818.jpg,500,334,1.497,RGB,109136
3481859121_3d3e566ec0.jpg,500,303,1.65,RGB,126400
3481884992_45770ec698.jpg,500,331,1.511,RGB,141109
3482062809_3b694322c4.jpg,500,333,1.502,RGB,131672
3482237861_605b4f0fd9.jpg,332,500,0.664,RGB,155743
3482314155_bd1e668b4e.jpg,500,375,1.333,RGB,182101
3482474257_a88bfe5c57.jpg,500,334,1.497,RGB,81780
3482668767_66004ce736.jpg,500,334,1.497,RGB,106126
3482787182_a5c6d4b386.jpg,500,333,1.502,RGB,166847
3482859574_3908de3427.jpg,500,384,1.302,RGB,202107
3482879314_d3387e95b1.jpg,333,500,0.666,RGB,116900
3482974845_db4f16befa.jpg,500,344,1.453,RGB,57875
3483140026_e14f64fdf5.jpg,333,500,0.666,RGB,99693
348380010_33bb0599ef.jpg,500,375,1.333,RGB,224536
3484019369_354e0b88c0.jpg,500,333,1.502,RGB,112035
3484070900_3e76d7fd30.jpg,500,332,1.506,RGB,85304
3484365373_98d5304935.jpg,500,364,1.374,RGB,96839
3484576025_a8c50942aa.jpg,500,357,1.401,RGB,137510
3484625231_5b1a1a07b8.jpg,333,500,0.666,RGB,134666
3484649669_7bfe62080b.jpg,500,500,1.0,RGB,193167
3484820303_7be0e914b4.jpg,500,433,1.155,RGB,194325
3484832904_08619300d9.jpg,333,500,0.666,RGB,190041
3484841598_e26ee96aab.jpg,500,333,1.502,RGB,187750
3484842724_ef1124c87a.jpg,500,333,1.502,RGB,190594
3484906808_ee20714408.jpg,500,421,1.188,RGB,134392
3485425825_c2f3446e73.jpg,475,500,0.95,RGB,190700
3485486737_953f9d3be2.jpg,500,354,1.412,RGB,79310
3485599424_94de8ede51.jpg,375,500,0.75,RGB,150580
3485657956_7481582565.jpg,500,375,1.333,RGB,154490
3485816074_363cab4bff.jpg,500,333,1.502,RGB,145164
3486135177_772628d034.jpg,422,500,0.844,RGB,139532
3486154327_8be7c78569.jpg,381,500,0.762,RGB,152318
3486324591_9f5eeb24b9.jpg,333,500,0.666,RGB,147930
3486340101_ff01d8f3f9.jpg,500,333,1.502,RGB,139093
3486538055_bcf4d3dfda.jpg,500,445,1.124,RGB,212469
3486831913_2b9390ebbc.jpg,500,333,1.502,RGB,141393
3487015378_2e90a79f4b.jpg,381,500,0.762,RGB,154528
3487131146_9d3aca387a.jpg,500,332,1.506,RGB,116343
3487261028_30791528ec.jpg,500,357,1.401,RGB,202069
3487378989_c051d2715b.jpg,358,500,0.716,RGB,184030
3487419819_e3f89444ce.jpg,500,333,1.502,RGB,112123
3487820317_3728e7569e.jpg,307,500,0.614,RGB,138979
3487979741_5f244c0c4b.jpg,333,500,0.666,RGB,182356
3488087117_2719647989.jpg,500,303,1.65,RGB,103735
3488512097_e500cb499f.jpg,333,500,0.666,RGB,100833
3488837187_0c7264a16c.jpg,334,500,0.668,RGB,65272
3489774350_a94e6c7bfc.jpg,375,500,0.75,RGB,114671
3490044563_8eb551ef59.jpg,500,375,1.333,RGB,126452
3490186050_4cb4193d4d.jpg,500,333,1.502,RGB,118291
3490517179_76dbd690de.jpg,348,500,0.696,RGB,150353
3490528249_6aae9b867b.jpg,500,333,1.502,RGB,87796
3490597800_8f94f7d353.jpg,500,333,1.502,RGB,107528
3490736665_38710f4b91.jpg,500,316,1.582,RGB,136493
3490867290_13bcd3a7f0.jpg,500,335,1.493,RGB,158098
3490874218_babb404b39.jpg,500,333,1.502,RGB,95579
3491013009_572cf2c18a.jpg,334,500,0.668,RGB,100417
3491607076_922ec561d9.jpg,333,500,0.666,RGB,168288
3492180255_0bd48a18f8.jpg,334,500,0.668,RGB,148630
3492383096_5bbc08f0da.jpg,500,356,1.404,RGB,121631
3492734013_e6b177ed99.jpg,500,332,1.506,RGB,156971
3493000349_81c540e828.jpg,500,259,1.931,RGB,125501
3493255026_5fdaa52cbe.jpg,333,500,0.666,RGB,148785
3493479159_609ebe1b35.jpg,333,500,0.666,RGB,128258
3493844822_c315a11275.jpg,500,333,1.502,RGB,117872
3494105596_f05cb0d56f.jpg,375,500,0.75,RGB,178156
3494345896_dd6b32cfa3.jpg,357,500,0.714,RGB,143130
3494394662_3edfd4a34c.jpg,500,332,1.506,RGB,106262
3494723363_eaa6bc563b.jpg,500,333,1.502,RGB,100531
3495349745_1b29a63571.jpg,317,500,0.634,RGB,184049
3495453699_1c9faedf3c.jpg,333,500,0.666,RGB,129145
3495490064_8db40a83af.jpg,500,474,1.055,RGB,202760
3496028495_431cfdc042.jpg,500,304,1.645,RGB,124650
3496983524_b21ecdb0c7.jpg,500,334,1.497,RGB,106120
3497069793_2d4baf5b4b.jpg,329,500,0.658,RGB,114819
3497106366_d1a256e723.jpg,500,375,1.333,RGB,132224
3497224764_6e17544e0d.jpg,500,334,1.497,RGB,107426
3497234632_6ec740fc1e.jpg,500,334,1.497,RGB,138197
3497236690_a48bf7ac42.jpg,334,500,0.668,RGB,105627
3497237366_366997495d.jpg,334,500,0.668,RGB,103551
3497238310_2abde3965d.jpg,325,500,0.65,RGB,126982
3497255828_f27e009aac.jpg,334,500,0.668,RGB,160924
3497485793_e36c1d2779.jpg,500,375,1.333,RGB,102408
3497502407_ec566442c9.jpg,375,500,0.75,RGB,206984
3498240367_cbd8c6efbf.jpg,333,500,0.666,RGB,153411
3498327617_d2e3db3ee3.jpg,500,333,1.502,RGB,145267
3498354674_b636c7992f.jpg,500,333,1.502,RGB,136125
3498417123_3eae6bbde6.jpg,500,425,1.176,RGB,165262
3498423815_5b8fc097f4.jpg,334,500,0.668,RGB,181479
3498482871_4e02f31c35.jpg,358,500,0.716,RGB,181583
349889354_4b2889a9bd.jpg,500,333,1.502,RGB,89397
3498997518_c2b16f0a0e.jpg,479,500,0.958,RGB,181229
3499720588_c32590108e.jpg,399,500,0.798,RGB,156667
3500115252_9404c066a8.jpg,480,350,1.371,RGB,37317
3500136982_bf7a85531e.jpg,500,333,1.502,RGB,166041
3500139659_b2a60b0141.jpg,500,333,1.502,RGB,137024
3500342526_393c739e2f.jpg,500,369,1.355,RGB,159612
3500399969_f54ce5848f.jpg,500,334,1.497,RGB,146251
3500505549_d848209837.jpg,500,333,1.502,RGB,166559
3500829879_a643818d84.jpg,500,333,1.502,RGB,170199
3501083764_cf592292a6.jpg,500,334,1.497,RGB,155724
3501206996_477be0f318.jpg,500,334,1.497,RGB,192660
3501313414_ae865b6fdf.jpg,346,500,0.692,RGB,140335
3501386648_e11e3f3152.jpg,500,355,1.408,RGB,151201
350176185_b8c5591e36.jpg,375,500,0.75,RGB,144389
3501781809_88429e3b83.jpg,500,333,1.502,RGB,111345
3501936223_6122a13d27.jpg,500,284,1.761,RGB,69818
3502343542_f9b46688e5.jpg,500,331,1.511,RGB,175518
3502459991_fdec2da131.jpg,333,500,0.666,RGB,86429
3502563726_30d1ce29c8.jpg,500,333,1.502,RGB,105058
3502897880_8392d0e4de.jpg,500,333,1.502,RGB,141684
3502993968_4ee36afb0e.jpg,500,332,1.506,RGB,95746
3503011427_a4ee547c77.jpg,500,375,1.333,RGB,192921
3503471307_464a8f588c.jpg,500,334,1.497,RGB,130681
3503544012_1771be9d3a.jpg,500,430,1.163,RGB,162870
3503623999_bbd5dcfb18.jpg,500,471,1.062,RGB,193635
3503624011_733d745d5a.jpg,500,375,1.333,RGB,141754
3503689049_63212220be.jpg,405,500,0.81,RGB,84878
3504158556_1d410c8ff7.jpg,500,334,1.497,RGB,208917
3504275465_604ce2ef34.jpg,351,500,0.702,RGB,174054
350443876_c9769f5734.jpg,375,500,0.75,RGB,125494
3504479370_ff2d89a043.jpg,500,375,1.333,RGB,176861
3504881781_6a842e043b.jpg,500,286,1.748,RGB,108464
3504940491_94c43792ed.jpg,499,500,0.998,RGB,173007
350529848_9569a3bcbc.jpg,500,333,1.502,RGB,112436
3505657604_8899161734.jpg,281,500,0.562,RGB,99168
350588129_6aef7b7fe2.jpg,381,500,0.762,RGB,133223
3506096155_13632955e8.jpg,500,375,1.333,RGB,168743
3506216254_04d119cac7.jpg,500,333,1.502,RGB,92524
3506468593_7e41a6d9f1.jpg,500,375,1.333,RGB,154404
3506560025_8d0f4f9ac4.jpg,375,500,0.75,RGB,122607
3506607642_40037b3fbf.jpg,500,322,1.553,RGB,139187
3506869953_802f463178.jpg,335,500,0.67,RGB,57271
3507076266_8b17993fbb.jpg,333,500,0.666,RGB,178330
3507670136_2e5f94accf.jpg,333,500,0.666,RGB,156058
3508051251_82422717b3.jpg,500,400,1.25,RGB,183040
3508522093_51f6d77f45.jpg,500,333,1.502,RGB,161554
3508637029_89f3bdd3a2.jpg,465,500,0.93,RGB,121073
3508882611_3947c0dbf5.jpg,500,334,1.497,RGB,171200
3509575615_653cbf01fc.jpg,500,389,1.285,RGB,187789
3509611207_7645b1d28d.jpg,500,338,1.479,RGB,188717
3510218982_318f738b76.jpg,500,332,1.506,RGB,101592
3510219078_670b6b3157.jpg,500,333,1.502,RGB,114270
3510695264_ef460fa6cc.jpg,500,381,1.312,RGB,116509
3511062827_cd87871c67.jpg,500,333,1.502,RGB,97452
3511890331_6163612bb9.jpg,500,333,1.502,RGB,180917
3512033659_7e8a0c2ffa.jpg,500,333,1.502,RGB,148990
3512033861_a357bb58b6.jpg,500,333,1.502,RGB,154504
3512127856_18a4c7aace.jpg,500,290,1.724,RGB,78513
3512791890_eb065b460a.jpg,333,500,0.666,RGB,112382
3513265399_a32e8cfd18.jpg,500,357,1.401,RGB,175399
3513362553_5fc5779e20.jpg,500,333,1.502,RGB,196187
3514019869_7de4ece2a5.jpg,500,333,1.502,RGB,143811
3514179514_cbc3371b92.jpg,500,333,1.502,RGB,206261
3514184232_b336414040.jpg,500,333,1.502,RGB,175742
3514188115_f51932ae5d.jpg,500,357,1.401,RGB,204736
3514194772_43ba471982.jpg,500,333,1.502,RGB,149762
3514278386_de2343577e.jpg,500,333,1.502,RGB,185670
3514297698_0512623955.jpg,500,332,1.506,RGB,135244
3515358125_9e1d796244.jpg,500,333,1.502,RGB,120547
3515451715_ac5ac04efa.jpg,500,500,1.0,RGB,301763
3515665835_22e6fb1193.jpg,500,307,1.629,RGB,128464
3515904775_f8acc5909e.jpg,500,333,1.502,RGB,166913
3516267455_ca17cc1323.jpg,500,287,1.742,RGB,90145
3516285214_59823b341e.jpg,500,274,1.825,RGB,101639
3516299821_8f0375d221.jpg,500,333,1.502,RGB,180186
3516312179_f520469038.jpg,500,333,1.502,RGB,179120
3516521516_9950340b96.jpg,500,500,1.0,RGB,235203
3516653997_98ec551a67.jpg,500,333,1.502,RGB,100436
3516825206_5750824874.jpg,500,333,1.502,RGB,151048
3516935867_78cf63c69c.jpg,500,333,1.502,RGB,120050
3516960094_87fb4889de.jpg,202,500,0.404,RGB,106825
3517023411_a8fbd15230.jpg,333,500,0.666,RGB,175678
3517040752_debec03376.jpg,500,333,1.502,RGB,193772
3517056462_483ee5a914.jpg,500,333,1.502,RGB,190781
3517124784_4b4eb62a7a.jpg,500,333,1.502,RGB,179715
3517127930_5dbddb45f6.jpg,500,333,1.502,RGB,186178
3517362674_0f5296de19.jpg,500,500,1.0,RGB,91371
3517466790_17c7753a1a.jpg,500,333,1.502,RGB,121838
3518118675_5053b3f738.jpg,333,500,0.666,RGB,127725
3518126579_e70e0cbb2b.jpg,333,500,0.666,RGB,124063
3518334317_bc40bae18d.jpg,320,480,0.667,RGB,96507
3518443604_6da641f07d.jpg,500,333,1.502,RGB,133838
3518608016_46453d8b18.jpg,375,500,0.75,RGB,189016
3518675890_2f65e23ff9.jpg,500,334,1.497,RGB,139910
3518687038_964c523958.jpg,500,468,1.068,RGB,154163
3518755601_cebf11e515.jpg,500,309,1.618,RGB,86929
351876121_c7c0221928.jpg,500,375,1.333,RGB,135908
3519155763_045a6a55e2.jpg,500,283,1.767,RGB,168579
3519815055_304dc8e8d6.jpg,373,500,0.746,RGB,208709
3519942322_b37d088aae.jpg,500,281,1.779,RGB,118443
3520079657_b828d96d50.jpg,500,285,1.754,RGB,140545
3520199925_ca18d0f41e.jpg,500,329,1.52,RGB,149462
3520321387_710ab74cda.jpg,500,334,1.497,RGB,144201
3520617304_e53d37f0af.jpg,500,331,1.511,RGB,130322
3520869880_2e8b7d7842.jpg,333,500,0.666,RGB,150677
3520922312_e58a6cfd9c.jpg,333,500,0.666,RGB,125222
3520936130_9e90872560.jpg,500,333,1.502,RGB,115306
3521201948_9049197f20.jpg,500,253,1.976,RGB,104219
3521374954_37371b49a4.jpg,375,500,0.75,RGB,150539
3522000960_47415c3890.jpg,500,375,1.333,RGB,157709
3522025527_c10e6ebd26.jpg,500,371,1.348,RGB,120945
3522076584_7c603d2ac5.jpg,333,500,0.666,RGB,85786
3522349685_f046f0e250.jpg,500,334,1.497,RGB,96339
3522749949_fb615cee47.jpg,366,500,0.732,RGB,149367
3522989916_f20319cc59.jpg,500,344,1.453,RGB,172404
3523471597_87e0bf3b21.jpg,500,333,1.502,RGB,144750
3523474077_16e14bc54c.jpg,500,333,1.502,RGB,115502
3523559027_a65619a34b.jpg,500,375,1.333,RGB,151286
3523819210_99782628fc.jpg,500,370,1.351,RGB,152446
352382023_7605223d1c.jpg,500,375,1.333,RGB,125698
3523874798_9ba2fa46e3.jpg,332,500,0.664,RGB,91181
3523920786_0eb63993fd.jpg,500,309,1.618,RGB,136314
3523950181_414978964e.jpg,500,355,1.408,RGB,144140
3523972229_d44e9ff6d7.jpg,333,500,0.666,RGB,145636
3524436870_7670df68e8.jpg,500,361,1.385,RGB,200465
3524519277_bd0c3e7382.jpg,375,500,0.75,RGB,133506
3524612244_64f00afec5.jpg,500,333,1.502,RGB,147953
3524914023_4e96edb09f.jpg,500,335,1.493,RGB,159316
3524975665_7bec41578b.jpg,333,500,0.666,RGB,136247
3525403875_7f95e0cbfe.jpg,500,375,1.333,RGB,163938
3525417522_7beb617f8b.jpg,500,345,1.449,RGB,135831
3525453732_f74a38f111.jpg,500,489,1.022,RGB,141239
3525841965_7814484515.jpg,500,398,1.256,RGB,115355
3526018344_450c517a72.jpg,500,334,1.497,RGB,128750
3526150930_580908dab6.jpg,500,354,1.412,RGB,208414
3526431764_056d2c61dc.jpg,500,333,1.502,RGB,152197
3526805681_38461c0d5d.jpg,353,500,0.706,RGB,214488
3526897578_3cf77da99b.jpg,500,333,1.502,RGB,107227
3527184455_1a9c074ff2.jpg,500,334,1.497,RGB,177896
3527261343_efa07ea596.jpg,415,500,0.83,RGB,143217
3527524436_a54aca78a9.jpg,341,500,0.682,RGB,108400
3527590601_38d56abc29.jpg,500,332,1.506,RGB,84132
3527682660_c5e9fa644a.jpg,500,333,1.502,RGB,150349
3527715826_ea5b4e8de4.jpg,500,333,1.502,RGB,130686
3527926597_45af299eee.jpg,500,332,1.506,RGB,103558
3528105511_12ff45dc9c.jpg,500,333,1.502,RGB,59339
3528251308_481a28283a.jpg,500,333,1.502,RGB,76594
3528902357_be2357a906.jpg,218,500,0.436,RGB,92539
3528966521_2e871ff6a1.jpg,500,375,1.333,RGB,113846
3529211822_1dabdb3a9c.jpg,500,333,1.502,RGB,137416
3529314899_b4e533bb76.jpg,500,333,1.502,RGB,138995
3529721084_4b405baf54.jpg,500,338,1.479,RGB,192689
352981175_16ff5c07e4.jpg,500,375,1.333,RGB,117588
3530087422_7eb2b2c289.jpg,500,398,1.256,RGB,140127
3530342993_a4a1f0e516.jpg,500,334,1.497,RGB,197767
3530502404_f8c3a3f61c.jpg,500,406,1.232,RGB,232552
3530504007_3272c57e21.jpg,500,333,1.502,RGB,118393
3530687486_6e6be53602.jpg,500,335,1.493,RGB,121440
3530843182_35af2c821c.jpg,500,282,1.773,RGB,127259
353180303_6a24179c50.jpg,500,341,1.466,RGB,136147
3531811969_49af4c22f0.jpg,366,500,0.732,RGB,138200
3532028205_9ddd7599f8.jpg,500,333,1.502,RGB,111240
3532098999_4e07a0a17e.jpg,500,333,1.502,RGB,102758
3532192208_64b069d05d.jpg,500,333,1.502,RGB,97065
3532194771_07faf20d76.jpg,500,333,1.502,RGB,71743
3532200762_b28c39d311.jpg,500,351,1.425,RGB,190687
3532205154_5674b628ea.jpg,500,333,1.502,RGB,108856
3532412342_e0a004b404.jpg,500,333,1.502,RGB,106495
3532539748_795d16ef07.jpg,500,333,1.502,RGB,143557
3532587748_7e64bb223a.jpg,333,500,0.666,RGB,135068
3532593368_be10432e92.jpg,500,332,1.506,RGB,119950
3532761259_14026c1e96.jpg,500,396,1.263,RGB,131086
3532782283_341f0381a3.jpg,500,313,1.597,RGB,116757
3533145793_5d69f72e41.jpg,500,375,1.333,RGB,216782
3533394378_1513ec90db.jpg,500,420,1.19,RGB,103902
3533451027_b078e4631b.jpg,500,353,1.416,RGB,89507
3533470072_87a5b595ba.jpg,500,432,1.157,RGB,146517
3533484468_0787830d49.jpg,332,500,0.664,RGB,117219
3533660418_f3a73a257c.jpg,500,333,1.502,RGB,98059
3533775651_9d7e93dacf.jpg,500,375,1.333,RGB,224615
3533922605_a2b1e276f6.jpg,500,333,1.502,RGB,188507
3534046564_4f8546e364.jpg,500,287,1.742,RGB,160295
3534183988_3763593dfb.jpg,500,375,1.333,RGB,105137
3534512991_f9fd66f165.jpg,500,334,1.497,RGB,109830
3534548254_7bee952a0e.jpg,332,500,0.664,RGB,107389
3534668485_6887629ff0.jpg,500,333,1.502,RGB,114883
3534824784_7133119316.jpg,500,333,1.502,RGB,114056
3534952095_975cca0056.jpg,500,334,1.497,RGB,102715
3535056297_e16f014cb7.jpg,500,325,1.538,RGB,131917
3535084928_858544f49a.jpg,333,500,0.666,RGB,103021
3535284878_f90f10236e.jpg,500,333,1.502,RGB,112788
3535304540_0247e8cf8c.jpg,500,375,1.333,RGB,49291
3535372414_4c51c86fc4.jpg,500,461,1.085,RGB,341917
3535664885_c848c0faee.jpg,500,361,1.385,RGB,149392
3535768334_a3924bcccd.jpg,332,500,0.664,RGB,105030
3535879138_9281dc83d5.jpg,375,500,0.75,RGB,204219
3536561454_e75993d903.jpg,333,500,0.666,RGB,139641
3537201804_ce07aff237.jpg,500,306,1.634,RGB,125053
3537218226_478d2e4f26.jpg,375,500,0.75,RGB,160812
3537400880_8f410d747d.jpg,375,500,0.75,RGB,187038
3537452619_3bd79f24e0.jpg,500,282,1.773,RGB,120578
3537474810_cf676b3259.jpg,500,333,1.502,RGB,110284
3537520829_aab733e16c.jpg,500,332,1.506,RGB,79490
3537806062_c50d814aba.jpg,500,333,1.502,RGB,150582
3537920947_6c5a956f47.jpg,333,500,0.666,RGB,86781
3538021517_b930dc76fc.jpg,333,500,0.666,RGB,149319
3538213870_9856a76b2a.jpg,332,500,0.664,RGB,114202
3538527033_df13112d51.jpg,468,500,0.936,RGB,214106
3538686658_30afc75f02.jpg,500,333,1.502,RGB,148121
3539767254_c598b8e6c7.jpg,500,332,1.506,RGB,120405
3539817989_5353062a39.jpg,500,375,1.333,RGB,134316
3539840291_1c3eed701d.jpg,500,393,1.272,RGB,138668
3540155303_08225a4567.jpg,333,500,0.666,RGB,117350
3540241710_a4f49cde52.jpg,333,500,0.666,RGB,100362
3540416139_c884f38351.jpg,500,357,1.401,RGB,176430
3540416981_4e74f08cbb.jpg,357,500,0.714,RGB,134998
3540515072_8c951b738b.jpg,500,334,1.497,RGB,122777
3540598210_972f0ff573.jpg,375,500,0.75,RGB,93284
3541141771_67d305c873.jpg,333,500,0.666,RGB,135436
3541162969_68fa4a60df.jpg,500,375,1.333,RGB,164093
3541474181_489f19fae7.jpg,332,500,0.664,RGB,78975
3541483943_9776baee7c.jpg,500,375,1.333,RGB,95946
3541491057_61a49588d9.jpg,500,333,1.502,RGB,129536
3541915243_956c1aa8ef.jpg,363,500,0.726,RGB,102269
3541962817_78bcd3835b.jpg,462,500,0.924,RGB,254660
3542341321_faa2d2d48a.jpg,500,375,1.333,RGB,183027
3542418447_7c337360d6.jpg,381,500,0.762,RGB,169148
3542425197_2ef81c6051.jpg,333,500,0.666,RGB,61783
3542484764_77d8920ec9.jpg,443,500,0.886,RGB,169923
3542771548_fcb8fa0cba.jpg,475,500,0.95,RGB,280080
3543294190_0037c59607.jpg,333,500,0.666,RGB,106051
3543378438_47e2712486.jpg,500,375,1.333,RGB,168279
3543600125_223747ef4c.jpg,500,375,1.333,RGB,141117
3544233095_4bca71df1d.jpg,500,375,1.333,RGB,119662
3544312930_3a0b8d70c1.jpg,333,500,0.666,RGB,86464
3544483327_830349e7bc.jpg,500,377,1.326,RGB,144646
3544573946_e03aebbfde.jpg,500,332,1.506,RGB,122599
3544669026_1b5c0e6316.jpg,333,500,0.666,RGB,128088
3544673666_ffc7483c96.jpg,447,500,0.894,RGB,145314
3544793763_b38546a5e8.jpg,500,409,1.222,RGB,140744
3544803461_a418ca611e.jpg,500,333,1.502,RGB,98021
3545427060_c16a8b7dfd.jpg,500,332,1.506,RGB,156447
3545586120_283d728a97.jpg,500,333,1.502,RGB,86466
3545652636_0746537307.jpg,333,500,0.666,RGB,131424
3545779287_8f52e06909.jpg,500,333,1.502,RGB,157919
3545793128_af3af544dc.jpg,463,500,0.926,RGB,209761
3546027589_253553252a.jpg,500,344,1.453,RGB,132254
354642192_3b7666a2dd.jpg,375,500,0.75,RGB,209895
3546474710_903c3c9fd3.jpg,500,354,1.412,RGB,150627
3546720729_38fff1bbd9.jpg,479,500,0.958,RGB,153142
3546891929_f31a99cd0d.jpg,500,400,1.25,RGB,189641
3547000169_40191e02ca.jpg,500,324,1.543,RGB,85939
3547313700_39368b9a2f.jpg,500,333,1.502,RGB,112786
3547368652_0d85c665d3.jpg,500,375,1.333,RGB,223653
3547499166_67fb4af4ea.jpg,399,500,0.798,RGB,130098
3547524138_4157f660b0.jpg,500,438,1.142,RGB,215450
3547600292_6f8aac7f2e.jpg,460,347,1.326,RGB,115771
3547647914_4dd56a8c1b.jpg,500,350,1.429,RGB,152941
3547704737_57d42d5d9d.jpg,427,500,0.854,RGB,114298
3548191125_514f47e493.jpg,333,500,0.666,RGB,145779
3549006919_3604bc813e.jpg,375,500,0.75,RGB,132021
3549011001_26cace3646.jpg,500,332,1.506,RGB,150423
3549140234_e99b07c739.jpg,336,500,0.672,RGB,80794
3549277110_24d4064ccd.jpg,500,397,1.259,RGB,135149
3549408779_4d453db080.jpg,500,333,1.502,RGB,163421
3549464203_8ab9c6160b.jpg,500,412,1.214,RGB,185843
3549583146_3e8bb2f7e9.jpg,500,334,1.497,RGB,121302
3549614763_42f34f3d1e.jpg,500,359,1.393,RGB,117336
3549673305_4dfd44e04a.jpg,500,356,1.404,RGB,139095
354999632_915ea81e53.jpg,500,334,1.497,RGB,111272
3549997413_01388dece0.jpg,500,375,1.333,RGB,116727
3550253365_27d4c303cf.jpg,500,375,1.333,RGB,133562
3550255426_4ab03c0d6e.jpg,330,500,0.66,RGB,150108
3550276904_19de3561c5.jpg,500,437,1.144,RGB,149897
3550459890_161f436c8d.jpg,332,500,0.664,RGB,182248
35506150_cbdb630f4f.jpg,500,339,1.475,RGB,60470
3550763985_800cfee7e4.jpg,336,500,0.672,RGB,79671
3551003620_0b02d76f65.jpg,500,388,1.289,RGB,82009
3551170666_01df31412d.jpg,480,360,1.333,RGB,66664
3551281733_b43bf6f870.jpg,380,500,0.76,RGB,72819
3551447084_becc6a4666.jpg,333,500,0.666,RGB,104216
3551787566_b5ebbe2440.jpg,500,333,1.502,RGB,149060
3552206648_123bf4ac82.jpg,500,343,1.458,RGB,122169
3552435734_04da83b905.jpg,500,334,1.497,RGB,110538
3552796830_2dd2aa9c2c.jpg,500,306,1.634,RGB,91662
3553056438_4e611a7a2a.jpg,246,400,0.615,RGB,66612
3553225222_f5ebe44af1.jpg,333,500,0.666,RGB,100208
3553374585_25b1bd6970.jpg,500,333,1.502,RGB,156643
3553476195_fb3747d7c1.jpg,500,250,2.0,RGB,79440
3554210976_fbd0ef33a3.jpg,500,333,1.502,RGB,181856
3554634863_5f6f616639.jpg,500,343,1.458,RGB,179198
3555231025_73fa54fa29.jpg,332,500,0.664,RGB,164236
3555573680_41c1540a86.jpg,446,500,0.892,RGB,138086
3555729342_cc7a3b67fd.jpg,500,333,1.502,RGB,86941
3556037801_3992ce6826.jpg,500,375,1.333,RGB,230047
3556390715_65c6d1e88b.jpg,500,335,1.493,RGB,84636
3556485995_9cd40269e9.jpg,500,353,1.416,RGB,95217
3556571710_19cee6f5bd.jpg,500,334,1.497,RGB,198780
3556598205_86c180769d.jpg,500,333,1.502,RGB,132902
3556792157_d09d42bef7.jpg,500,371,1.348,RGB,125145
3557148230_7fc843e5de.jpg,375,500,0.75,RGB,191811
3557295488_600d387347.jpg,500,353,1.416,RGB,128086
3557316485_574a5f7a89.jpg,334,500,0.668,RGB,117141
3557324238_6ba58831d9.jpg,500,372,1.344,RGB,145188
3558251719_3af5ae2d02.jpg,333,500,0.666,RGB,173976
3558370311_5734a15890.jpg,334,500,0.668,RGB,91929
3558438174_d8f41438a4.jpg,375,500,0.75,RGB,170822
3558683579_8fb36b55a6.jpg,500,335,1.493,RGB,94361
3558796959_fc4450be56.jpg,500,333,1.502,RGB,125834
3559374748_f18c7caa55.jpg,500,323,1.548,RGB,128867
3559425864_0462d7613f.jpg,500,332,1.506,RGB,125785
3559429170_3183c404b9.jpg,332,500,0.664,RGB,79497
3559781965_d4ec00e506.jpg,500,354,1.412,RGB,186886
3559993787_c49644dcc5.jpg,332,500,0.664,RGB,150465
3560081723_62da0035bd.jpg,333,500,0.666,RGB,100845
3560125106_691c292893.jpg,500,367,1.362,RGB,191006
3560726559_4c4bed9f2d.jpg,500,333,1.502,RGB,142254
3560771491_2a18b6241e.jpg,500,350,1.429,RGB,196163
3560891822_7d4c1e3580.jpg,334,500,0.668,RGB,114119
3560977956_e08d2cd531.jpg,500,375,1.333,RGB,175739
3561130207_d1ed166daa.jpg,500,276,1.812,RGB,128501
3561314880_ea9a7e245f.jpg,369,500,0.738,RGB,157218
3561433412_3985208d53.jpg,500,367,1.362,RGB,146234
356143774_ef3e93eede.jpg,500,324,1.543,RGB,107477
3561537309_e271d57492.jpg,500,375,1.333,RGB,173209
3561543598_3c1b572f9b.jpg,500,333,1.502,RGB,135354
3561639055_5ac66ae92f.jpg,333,500,0.666,RGB,192524
3561734666_344f260cce.jpg,333,500,0.666,RGB,158482
3562001359_65c63aeda3.jpg,500,334,1.497,RGB,131909
3562050678_4196a7fff3.jpg,500,384,1.302,RGB,158825
3562169000_6aa7f1043d.jpg,500,330,1.515,RGB,115164
3562282690_cd2a95fe9e.jpg,500,500,1.0,RGB,105931
3562302012_0cbcd01ff9.jpg,500,333,1.502,RGB,130591
3562470436_6e193643ce.jpg,500,359,1.393,RGB,96928
3562816250_6e14d436b1.jpg,500,334,1.497,RGB,104064
3562903245_85071bb5f9.jpg,500,416,1.202,RGB,158561
3563059800_c073081ce3.jpg,333,500,0.666,RGB,120705
3563461991_de05537878.jpg,500,375,1.333,RGB,124682
3563668905_689ed479c5.jpg,500,367,1.362,RGB,147872
3563673070_71fa0903ed.jpg,500,375,1.333,RGB,180919
3563871276_c8b2a00df5.jpg,500,333,1.502,RGB,160837
3563924606_5914392cd8.jpg,500,331,1.511,RGB,152702
3564007203_df2b8010f1.jpg,382,500,0.764,RGB,170822
3564148252_aa4cb36a32.jpg,500,333,1.502,RGB,91467
3564157681_03a13b7112.jpg,500,371,1.348,RGB,143387
3564312955_716e86c48b.jpg,500,298,1.678,RGB,103704
3564385317_1bf5094068.jpg,333,500,0.666,RGB,99794
3564436847_57825db87d.jpg,500,335,1.493,RGB,116883
3564543247_05cdbc31cf.jpg,500,491,1.018,RGB,206785
3564738125_10400f69c0.jpg,380,500,0.76,RGB,110742
3564742915_5f940b95b4.jpg,375,500,0.75,RGB,177118
3564907603_14ccc655f1.jpg,500,333,1.502,RGB,133722
3565021218_d2bc1aa644.jpg,429,500,0.858,RGB,101546
3565598162_56044bc2f7.jpg,500,332,1.506,RGB,151498
3565654691_22b97d3994.jpg,375,500,0.75,RGB,98290
3565655045_8eb00b7423.jpg,375,500,0.75,RGB,139160
3565749152_7924d15b04.jpg,500,400,1.25,RGB,163457
3566111626_9a35a7b2c0.jpg,333,500,0.666,RGB,95034
3566225740_375fc15dde.jpg,500,334,1.497,RGB,119841
3567061016_62768dcce1.jpg,500,492,1.016,RGB,122861
3567214106_6ece483f8b.jpg,500,358,1.397,RGB,206112
3567604049_da9e1be4ba.jpg,333,500,0.666,RGB,104574
3568065409_1c381aa854.jpg,333,500,0.666,RGB,122441
3568197730_a071d7595b.jpg,400,500,0.8,RGB,226540
3568219100_dfbffddccd.jpg,500,333,1.502,RGB,141763
3568225554_73cdb19576.jpg,333,500,0.666,RGB,147038
3568505408_4e30def669.jpg,500,400,1.25,RGB,156827
3568605391_54ec367d88.jpg,500,363,1.377,RGB,147749
3569126684_a68b29a57f.jpg,333,500,0.666,RGB,186684
3569284680_44fef444ef.jpg,500,334,1.497,RGB,68967
356929855_6bbf33d933.jpg,500,333,1.502,RGB,89019
3569329986_1f468729b2.jpg,332,500,0.664,RGB,143228
3569406219_f37ebf7b92.jpg,500,333,1.502,RGB,110980
3569420080_72fbe84751.jpg,306,500,0.612,RGB,141177
3569667295_6e51db08ef.jpg,500,400,1.25,RGB,154436
3569755200_cef7ee2233.jpg,333,500,0.666,RGB,120314
3569979711_6507841268.jpg,500,375,1.333,RGB,82447
3570800810_978c993133.jpg,500,332,1.506,RGB,148476
3571039224_b34fa2f94c.jpg,500,333,1.502,RGB,116730
3571147934_d1c8af1d6e.jpg,500,381,1.312,RGB,153321
3571193625_835da90c5e.jpg,500,333,1.502,RGB,96422
3571675421_7e07ac07c5.jpg,500,375,1.333,RGB,128770
357191373_a1cb5696e8.jpg,500,253,1.976,RGB,151686
3572144280_ea42bbd927.jpg,334,500,0.668,RGB,184573
3572267708_9d8a81d4a4.jpg,500,396,1.263,RGB,114043
3572346664_e1e6c77f11.jpg,500,332,1.506,RGB,57700
3572942419_16ebdc3d46.jpg,500,332,1.506,RGB,133025
3573202338_f43dd22d28.jpg,500,333,1.502,RGB,120920
3573436368_78f0ccdf01.jpg,500,317,1.577,RGB,103361
3574244361_715ac347cd.jpg,500,334,1.497,RGB,86788
3574627719_790325430e.jpg,375,500,0.75,RGB,108349
3574930742_9081bd2426.jpg,500,333,1.502,RGB,128091
3576060775_d9121519cc.jpg,500,375,1.333,RGB,221763
3576250302_14779632bd.jpg,500,333,1.502,RGB,132678
3576259024_9c05b163aa.jpg,333,500,0.666,RGB,116773
3576312396_799c873f3e.jpg,500,334,1.497,RGB,119671
3576536763_3c8c4f232e.jpg,500,390,1.282,RGB,107234
3576741633_671340544c.jpg,333,500,0.666,RGB,135323
3576840040_9356b5b10a.jpg,500,333,1.502,RGB,147360
3577235421_69e4efb8d1.jpg,500,333,1.502,RGB,160734
357725852_6f55cb9abc.jpg,500,375,1.333,RGB,164118
3577309234_c952c2af86.jpg,500,363,1.377,RGB,127578
3578068665_87bdacef6a.jpg,500,333,1.502,RGB,137406
3578372039_57473f473c.jpg,500,400,1.25,RGB,201405
3578477508_b7d839da16.jpg,500,333,1.502,RGB,97278
3578841731_f775cab089.jpg,500,332,1.506,RGB,115274
3578914491_36019ba703.jpg,500,375,1.333,RGB,172393
3578981202_efef47e264.jpg,387,500,0.774,RGB,158152
3579686259_b1fe6aefc9.jpg,500,375,1.333,RGB,207098
3579842996_3a62ec1bc7.jpg,400,500,0.8,RGB,208804
3580082200_ea10bf2f68.jpg,333,500,0.666,RGB,125621
3580375310_46ec3e476c.jpg,500,343,1.458,RGB,107479
3580741947_cc64a83648.jpg,500,375,1.333,RGB,109532
358114269_96fdb5f7c3.jpg,500,332,1.506,RGB,86885
3581451227_618854cea4.jpg,500,332,1.506,RGB,163567
3581538034_783b7d0d09.jpg,333,500,0.666,RGB,97820
3581818450_546c89ca38.jpg,500,306,1.634,RGB,169106
3582048078_7bac2d8473.jpg,500,333,1.502,RGB,139149
3582066525_e9d6377f56.jpg,500,375,1.333,RGB,114531
3582465732_78f77f34ae.jpg,500,333,1.502,RGB,109201
3582685410_05315a15b8.jpg,400,500,0.8,RGB,129693
3582689770_e57ab56671.jpg,500,329,1.52,RGB,57264
3582742297_1daa29968e.jpg,500,310,1.613,RGB,140603
3582814058_564776f26c.jpg,500,408,1.225,RGB,160234
3582914739_bef2828a06.jpg,500,334,1.497,RGB,110897
3582914905_f58db879ae.jpg,500,335,1.493,RGB,186568
3582920844_2742804f3d.jpg,332,500,0.664,RGB,103038
3583065748_7d149a865c.jpg,500,357,1.401,RGB,147828
3583293892_c96af8cd98.jpg,500,332,1.506,RGB,123623
3583321426_f373c52161.jpg,500,375,1.333,RGB,167083
3583516290_1c87a13770.jpg,500,332,1.506,RGB,202292
3583704941_611353857e.jpg,333,500,0.666,RGB,136172
3583903436_028b06c489.jpg,500,333,1.502,RGB,160245
3584196366_a4b43d6644.jpg,500,333,1.502,RGB,118716
3584406900_039f30b34c.jpg,500,333,1.502,RGB,139442
3584534971_b44f82c4b9.jpg,500,333,1.502,RGB,114379
3584561689_b6eb24dd70.jpg,332,500,0.664,RGB,96669
3584603849_6cfd9af7dd.jpg,500,333,1.502,RGB,50094
3584829998_25e59fdef3.jpg,500,343,1.458,RGB,126791
3584930205_a3f58a4b7c.jpg,500,333,1.502,RGB,88371
3585117340_73e96b6173.jpg,480,357,1.345,RGB,62347
3585123310_9a8e94bd2b.jpg,480,396,1.212,RGB,99390
3585487286_ef9a8d4c56.jpg,500,312,1.603,RGB,70332
3585488964_1467945775.jpg,500,400,1.25,RGB,92472
3585495069_33cba06d0a.jpg,500,300,1.667,RGB,79528
3585598356_8ce815bbb9.jpg,500,500,1.0,RGB,235765
358559906_d5f3f584f4.jpg,333,500,0.666,RGB,149010
358607894_5abb1250d3.jpg,474,500,0.948,RGB,157732
3586239953_da4fb3f775.jpg,500,375,1.333,RGB,181247
3587009091_37188fd07e.jpg,375,500,0.75,RGB,106972
3587077732_0933f1677b.jpg,214,500,0.428,RGB,94633
3587092143_c63030ed6d.jpg,500,332,1.506,RGB,159620
3587449716_3bf1552c36.jpg,500,333,1.502,RGB,207569
3587596696_9c5964c94d.jpg,500,375,1.333,RGB,126359
3587781729_bd21ce7b11.jpg,334,500,0.668,RGB,189196
3587941206_36769c3f1d.jpg,400,500,0.8,RGB,200488
3588417747_b152a51c52.jpg,500,322,1.553,RGB,96539
358875403_f357f03713.jpg,500,333,1.502,RGB,89416
3589052481_059e5e2c37.jpg,500,333,1.502,RGB,98336
3589156060_3ed8d6bbc3.jpg,500,338,1.479,RGB,171036
3589267801_5a222e3a60.jpg,500,333,1.502,RGB,176650
3589367895_5d3729e3ea.jpg,333,500,0.666,RGB,170936
3589368949_0866846949.jpg,333,500,0.666,RGB,158686
3589895574_ee08207d26.jpg,333,500,0.666,RGB,143665
3590294974_4ef98f013e.jpg,500,261,1.916,RGB,110080
3590557969_d0270d518b.jpg,292,500,0.584,RGB,128986
3590593467_be497a6139.jpg,500,240,2.083,RGB,49093
3590647207_2d4ec3f52c.jpg,500,333,1.502,RGB,166261
3590653633_495de5f288.jpg,500,333,1.502,RGB,142425
3590654365_fd4819f48b.jpg,500,333,1.502,RGB,135920
3590739067_58baffb3a7.jpg,500,313,1.597,RGB,194948
3590753142_61993d39df.jpg,474,500,0.948,RGB,164399
359082432_c1fd5aa2d6.jpg,375,500,0.75,RGB,151554
3591094476_b61acd63d6.jpg,332,500,0.664,RGB,115568
3591170729_406fdb74e5.jpg,500,335,1.493,RGB,65419
3591457224_88281dd04f.jpg,500,333,1.502,RGB,113920
3591458156_f1a9a33918.jpg,500,333,1.502,RGB,132833
3591461782_687e320042.jpg,500,333,1.502,RGB,148815
3591462960_86045906bd.jpg,500,333,1.502,RGB,154212
359173181_a75c950aeb.jpg,327,500,0.654,RGB,163434
3592968286_b63c81bcd2.jpg,500,375,1.333,RGB,169131
3592992234_6d3fe58a70.jpg,500,375,1.333,RGB,108339
3593220756_5c416c3ceb.jpg,500,410,1.22,RGB,196773
3593222804_c187808ac3.jpg,500,345,1.449,RGB,214840
3593392955_a4125087f6.jpg,500,375,1.333,RGB,189924
3593538248_dffa1a5ed4.jpg,500,333,1.502,RGB,172463
3593556797_46b49a02a8.jpg,375,500,0.75,RGB,98393
3594029059_cee1f4c59a.jpg,500,331,1.511,RGB,86940
3594566537_55bd712fdb.jpg,500,355,1.408,RGB,106542
3594822096_e1144b85d6.jpg,500,332,1.506,RGB,150313
3595080592_5fd55570e5.jpg,500,436,1.147,RGB,165121
3595216998_0a19efebd0.jpg,400,500,0.8,RGB,105784
3595398879_13e33b8916.jpg,346,500,0.692,RGB,125378
3595408539_a7d8aabc24.jpg,500,375,1.333,RGB,114005
3595412126_4020d4643b.jpg,500,344,1.453,RGB,104757
3595643050_d312e4b652.jpg,500,333,1.502,RGB,138551
3595992258_6f192e6ae7.jpg,406,500,0.812,RGB,217422
3596131692_91b8a05606.jpg,332,500,0.664,RGB,148257
3596428453_8cfdec4869.jpg,500,333,1.502,RGB,106682
3596459539_a47aa80612.jpg,500,400,1.25,RGB,113377
3596959859_a7cb1e194b.jpg,500,333,1.502,RGB,143765
3597146852_3d000a5d5f.jpg,500,333,1.502,RGB,188116
3597210806_95b07bb968.jpg,375,500,0.75,RGB,148850
3597326009_3678a98a43.jpg,500,333,1.502,RGB,154699
3597354819_0069aaf16e.jpg,500,375,1.333,RGB,149119
3597715122_45878432ec.jpg,500,350,1.429,RGB,154511
3597921737_3fd1d0665b.jpg,495,500,0.99,RGB,180591
3597924257_d0da3c5fe6.jpg,417,500,0.834,RGB,180291
359837950_9e22ffe6c2.jpg,456,500,0.912,RGB,186376
3598447435_f66cd10bd6.jpg,500,334,1.497,RGB,152008
3599124739_b7e60cf477.jpg,500,375,1.333,RGB,123396
3599392711_8264881de2.jpg,375,500,0.75,RGB,172389
3599442049_e448c7c9b2.jpg,500,338,1.479,RGB,107410
3599568766_9e96def0ef.jpg,500,367,1.362,RGB,100051
3600221224_945df01247.jpg,500,285,1.754,RGB,136615
3600403707_527aa0596e.jpg,500,305,1.639,RGB,210756
3600909823_ce72c26e66.jpg,335,500,0.67,RGB,68426
3601491447_a338875b51.jpg,500,374,1.337,RGB,175780
3601508034_5a3bfc905e.jpg,500,353,1.416,RGB,131541
3601533527_6c2439113c.jpg,255,500,0.51,RGB,61617
3601569729_bf4bf82768.jpg,500,334,1.497,RGB,152154
3601803640_5f3cb05acf.jpg,375,500,0.75,RGB,102892
3601843201_4809e66909.jpg,500,333,1.502,RGB,110183
3601978895_9fec23ce0c.jpg,374,500,0.748,RGB,175382
3602676311_824b2c04ba.jpg,500,325,1.538,RGB,105177
3602838407_bf13e49243.jpg,333,500,0.666,RGB,117714
3603064161_a8f3b6455d.jpg,400,500,0.8,RGB,86681
3603116579_4a28a932e2.jpg,473,500,0.946,RGB,132097
3603301825_5817727be2.jpg,500,316,1.582,RGB,165560
3603870481_1ebc696d91.jpg,333,500,0.666,RGB,118154
3604314527_5077cd9d43.jpg,500,358,1.397,RGB,137431
3604383863_5e387cb8e6.jpg,500,334,1.497,RGB,115105
3604384157_99241be16e.jpg,500,334,1.497,RGB,122754
3604384383_db6805d1b9.jpg,500,334,1.497,RGB,115099
3604391853_b4809fcb8c.jpg,500,334,1.497,RGB,180069
3604496023_c1f546423e.jpg,500,304,1.645,RGB,182753
3604928725_58147c87cd.jpg,500,333,1.502,RGB,120081
3605061440_1d08c80a57.jpg,500,479,1.044,RGB,260704
3605100550_01214a1224.jpg,500,321,1.558,RGB,162993
3605676864_0fb491267e.jpg,500,333,1.502,RGB,112961
3606084228_6286a52875.jpg,354,500,0.708,RGB,185525
3606093421_eddd46c2c7.jpg,500,333,1.502,RGB,50801
3606355203_1260f43ec0.jpg,500,333,1.502,RGB,119098
3606846822_28c40b933a.jpg,335,500,0.67,RGB,94051
3606909929_90a1a072b7.jpg,500,294,1.701,RGB,108566
3606942887_1159d92548.jpg,500,336,1.488,RGB,131339
360723732_23199af4bf.jpg,500,460,1.087,RGB,111220
3607405494_0df89110a6.jpg,500,333,1.502,RGB,160165
3607489370_92683861f7.jpg,500,376,1.33,RGB,148176
3607969989_68cc411493.jpg,500,375,1.333,RGB,163255
3608400551_d6f7965308.jpg,375,500,0.75,RGB,193239
3608567609_aae96d4a5e.jpg,500,388,1.289,RGB,206582
3608663656_9192a21eeb.jpg,333,500,0.666,RGB,149384
3608752424_01a1cfd8a6.jpg,500,340,1.471,RGB,167886
3608849440_e7d2bed29f.jpg,500,375,1.333,RGB,173838
3609026563_9c66f2dc41.jpg,441,480,0.919,RGB,85766
3609027309_af75f773d9.jpg,332,500,0.664,RGB,123782
3609032038_005c789f64.jpg,332,500,0.664,RGB,177692
3609645320_815c294b65.jpg,500,331,1.511,RGB,176995
3609952704_3719ab0524.jpg,500,281,1.779,RGB,162798
3609999845_faf5d2fe74.jpg,500,333,1.502,RGB,225015
3610189629_f46de92ab3.jpg,500,224,2.232,RGB,117887
3610683688_bbe6d725ed.jpg,500,375,1.333,RGB,138816
3610687607_895fdc94bd.jpg,500,332,1.506,RGB,78101
3610836023_3a972b10b0.jpg,500,334,1.497,RGB,139803
361092202_3d70144ebd.jpg,500,330,1.515,RGB,71529
3611603026_9112b0c53f.jpg,333,500,0.666,RGB,80463
3611672054_45edd3e08f.jpg,332,500,0.664,RGB,80739
361183669_52be9662b9.jpg,500,375,1.333,RGB,125868
3612249030_e2829ffa31.jpg,500,281,1.779,RGB,64903
3612484827_0e479f9ee8.jpg,500,333,1.502,RGB,108096
3612485097_b706d950ed.jpg,500,333,1.502,RGB,120229
3612485611_12dd7742f7.jpg,500,333,1.502,RGB,122885
3612538549_2828b45867.jpg,334,500,0.668,RGB,83785
3612825666_54f5a2bc06.jpg,333,500,0.666,RGB,126013
3613005134_bb7f304da1.jpg,415,500,0.83,RGB,157211
3613027188_1645ca1976.jpg,500,375,1.333,RGB,156547
3613030730_0b28b079ba.jpg,500,354,1.412,RGB,114075
3613175012_bcd063e7c9.jpg,500,351,1.425,RGB,154472
3613242966_a1c63a0174.jpg,500,375,1.333,RGB,136223
3613264553_97b687f172.jpg,500,313,1.597,RGB,68428
3613323772_d15cef66d1.jpg,334,500,0.668,RGB,147509
3613375729_d0b3c41556.jpg,500,333,1.502,RGB,127498
3613424631_3ae537624f.jpg,500,326,1.534,RGB,179589
3613585080_36629d8157.jpg,500,333,1.502,RGB,111936
3613667665_1881c689ea.jpg,500,333,1.502,RGB,109181
3613705104_46d854134e.jpg,333,500,0.666,RGB,179967
3613800013_5a54968ab0.jpg,329,500,0.658,RGB,93964
3613955682_3860e116cf.jpg,500,334,1.497,RGB,231519
3614542901_29877fc342.jpg,500,466,1.073,RGB,176264
3614582606_16bd88dab2.jpg,500,334,1.497,RGB,111831
3614595423_f9e0ab4fb0.jpg,375,500,0.75,RGB,160670
3614881872_ccf9739b0e.jpg,333,500,0.666,RGB,124488
3615239961_62b4dbc174.jpg,500,500,1.0,RGB,133879
3615730936_23457575e9.jpg,500,496,1.008,RGB,235225
3616525288_9c19223de6.jpg,500,333,1.502,RGB,114055
3616638478_641d02183d.jpg,375,500,0.75,RGB,118325
3616771728_2c16bf8d85.jpg,500,333,1.502,RGB,112069
3616808182_fb4eaec778.jpg,500,333,1.502,RGB,159331
3616846215_d61881b60f.jpg,500,334,1.497,RGB,159323
3618115051_41b5a7706c.jpg,470,500,0.94,RGB,274674
3618504267_d7eaa495d0.jpg,500,333,1.502,RGB,157467
3618525295_d32d634b2e.jpg,500,374,1.337,RGB,175714
3618908551_7fd2de5710.jpg,500,334,1.497,RGB,111645
3618932839_acd7d2c2ea.jpg,500,333,1.502,RGB,120677
3619232550_0b1e1fd4e4.jpg,500,333,1.502,RGB,185643
3619381206_5bc8b406f9.jpg,333,500,0.666,RGB,106947
3619416477_9d18580a14.jpg,351,500,0.702,RGB,122965
3619630328_2d0865b6f4.jpg,500,333,1.502,RGB,150847
3619806638_7480883039.jpg,500,335,1.493,RGB,125635
3620343911_64a862904e.jpg,332,500,0.664,RGB,114862
3620492762_7f6a9b4746.jpg,500,333,1.502,RGB,141826
3621177753_1718c30ea0.jpg,500,500,1.0,RGB,117989
3621329299_6fb3f2935c.jpg,500,332,1.506,RGB,150817
3621623690_0095e330bc.jpg,500,365,1.37,RGB,239268
3621647714_fc67ab2617.jpg,500,375,1.333,RGB,158805
3621649810_cca783b777.jpg,500,333,1.502,RGB,95481
3621652774_fd9634bd5b.jpg,500,399,1.253,RGB,106320
3621717946_d96f8a6012.jpg,500,375,1.333,RGB,153141
3621741935_54d243f25f.jpg,333,500,0.666,RGB,140199
3622216490_1314a58b66.jpg,500,500,1.0,RGB,157691
3622929632_26fb800000.jpg,500,400,1.25,RGB,190029
362316425_bda238b4de.jpg,348,500,0.696,RGB,132841
3623302162_099f983d58.jpg,500,413,1.211,RGB,200672
3623331945_df0f51d7dd.jpg,500,400,1.25,RGB,113488
3623650392_7b75d4de21.jpg,500,333,1.502,RGB,142907
3624076529_9793655a21.jpg,500,346,1.445,RGB,167477
3624327440_bef4f33f32.jpg,500,332,1.506,RGB,82808
3624676866_8f6d0efcc9.jpg,500,338,1.479,RGB,193049
3625049113_554d82c2a1.jpg,333,500,0.666,RGB,114638
3625519177_4c2bb9e7f0.jpg,500,292,1.712,RGB,150294
3625957413_e475943aa3.jpg,500,331,1.511,RGB,147854
3626475209_f71cdd06bd.jpg,500,333,1.502,RGB,140146
3626642428_3396568c3c.jpg,500,375,1.333,RGB,158359
3626689571_5817f99c0e.jpg,500,333,1.502,RGB,109055
3626964430_cb5c7e5acc.jpg,500,375,1.333,RGB,182533
3626998066_3ae11ee278.jpg,500,333,1.502,RGB,143616
3627011534_485f667b10.jpg,454,500,0.908,RGB,135948
3627076769_3b71e73018.jpg,500,325,1.538,RGB,105004
3627216820_4952bacbcb.jpg,500,333,1.502,RGB,142820
3627290893_561e176e80.jpg,500,334,1.497,RGB,119905
3627676364_1dc9294ec5.jpg,500,299,1.672,RGB,130598
3627679667_0e3de9fc90.jpg,500,331,1.511,RGB,82777
3628017876_4ac27e687b.jpg,400,500,0.8,RGB,131925
3628043835_9d9bd595a7.jpg,500,334,1.497,RGB,97687
3628059004_5c3529b120.jpg,334,500,0.668,RGB,146833
3628103548_2708abcda2.jpg,500,334,1.497,RGB,174289
3628698119_5566769777.jpg,500,332,1.506,RGB,194985
3628994466_a12065d29b.jpg,500,334,1.497,RGB,128372
3629492654_619d7b67ee.jpg,464,500,0.928,RGB,109310
3629664676_36bcefe6b7.jpg,449,500,0.898,RGB,232389
3630102841_b4c3e00b2c.jpg,500,289,1.73,RGB,68028
3630332976_fdba22c50b.jpg,500,333,1.502,RGB,120214
3630641436_8f9ac5b9b2.jpg,500,333,1.502,RGB,109802
3630991662_990f397f7c.jpg,500,333,1.502,RGB,64187
3631023049_8a85bab19f.jpg,500,334,1.497,RGB,143364
3631136463_53ff624b82.jpg,500,333,1.502,RGB,207872
3631344685_ed0f3e091b.jpg,333,500,0.666,RGB,117615
3631474374_e40764d153.jpg,500,334,1.497,RGB,131424
3631671718_d712821757.jpg,349,500,0.698,RGB,160258
3631810528_7233c0f421.jpg,500,332,1.506,RGB,98476
3631986552_944ea208fc.jpg,500,333,1.502,RGB,117835
3632047678_f202609e50.jpg,500,416,1.202,RGB,135756
3632197966_0c5061025f.jpg,500,361,1.385,RGB,170526
3632225464_612d7b4c0f.jpg,333,500,0.666,RGB,81722
3632258003_6a0a69bf3a.jpg,500,332,1.506,RGB,121892
3632572264_577703b384.jpg,500,375,1.333,RGB,160388
3632842482_482f29e712.jpg,500,335,1.493,RGB,182374
3633396324_c4b24b1f51.jpg,500,333,1.502,RGB,94917
3634032601_2236676cdd.jpg,500,460,1.087,RGB,210856
3634281981_d9cf1d1a33.jpg,500,333,1.502,RGB,132770
3634400263_c6fcaa48e1.jpg,334,500,0.668,RGB,116143
3634785801_4b23184a06.jpg,500,322,1.553,RGB,214167
3634828052_3b6aeda7d6.jpg,375,500,0.75,RGB,129129
3635177305_bfbe1fc348.jpg,500,375,1.333,RGB,155040
3635194562_4c1dfa120a.jpg,500,333,1.502,RGB,133404
3635577874_48ebaac734.jpg,333,500,0.666,RGB,142246
3635911776_dbc2763f2c.jpg,500,375,1.333,RGB,143425
3635991166_f95304af0a.jpg,500,375,1.333,RGB,147620
3636055584_65a60426f8.jpg,500,393,1.272,RGB,199029
3636126441_5617c89aaa.jpg,333,500,0.666,RGB,192640
363617160_6cb0c723be.jpg,360,480,0.75,RGB,93162
3636247381_65ccf8f106.jpg,500,354,1.412,RGB,132708
3636418958_f038130bb2.jpg,458,500,0.916,RGB,177160
3636491114_ab34dac833.jpg,375,500,0.75,RGB,180694
3636543173_15f56515e5.jpg,500,333,1.502,RGB,90996
3636632926_09f39f2629.jpg,500,333,1.502,RGB,142905
3636796219_9916c0465a.jpg,500,333,1.502,RGB,102250
3637013_c675de7705.jpg,414,500,0.828,RGB,78525
3637966641_1b108a35ba.jpg,500,401,1.247,RGB,87152
3638178504_be1ff246bd.jpg,500,404,1.238,RGB,208946
3638318149_b60450bfbe.jpg,500,336,1.488,RGB,122739
3638374272_444f5e0457.jpg,500,318,1.572,RGB,118439
3638440337_6d5c19a8f0.jpg,500,333,1.502,RGB,93003
3638459638_ec74e3ff89.jpg,500,287,1.742,RGB,139989
3638577494_fe55f7b4cb.jpg,500,338,1.479,RGB,220043
3638631362_af29bbff01.jpg,500,313,1.597,RGB,117817
3638688673_176f99d7fd.jpg,375,500,0.75,RGB,116587
3638783120_f600ceb19d.jpg,500,332,1.506,RGB,119621
3638783842_af08dbb518.jpg,332,500,0.664,RGB,145492
3638908276_b1751d30ff.jpg,375,500,0.75,RGB,164598
3638992163_a085cc0c24.jpg,500,333,1.502,RGB,187992
3639105305_bd9cb2d1db.jpg,500,375,1.333,RGB,158374
3639363462_bcdb21de29.jpg,500,375,1.333,RGB,119254
3639428663_dae5e8146e.jpg,500,375,1.333,RGB,190251
3639547922_0b00fed5cd.jpg,375,500,0.75,RGB,116506
3639617775_149001232a.jpg,500,329,1.52,RGB,130718
3639684919_cb6fbf5638.jpg,333,500,0.666,RGB,132463
3639704469_fe83e1c9b7.jpg,333,500,0.666,RGB,95805
3639845565_be547c38ba.jpg,500,367,1.362,RGB,215716
3639967449_137f48b43d.jpg,500,333,1.502,RGB,133122
3640020134_367941f5ec.jpg,500,375,1.333,RGB,91492
3640104986_5d8c9a9948.jpg,500,281,1.779,RGB,152273
3640109324_3ce89e4d1a.jpg,500,281,1.779,RGB,121609
3640241166_b1ab7a8e7a.jpg,500,400,1.25,RGB,140586
3640329164_20cb245fd5.jpg,500,332,1.506,RGB,135757
3640348910_fcd627ec66.jpg,500,331,1.511,RGB,169985
3640407952_bb38fb9d55.jpg,338,500,0.676,RGB,177924
3640417354_b0b3e4aec9.jpg,500,485,1.031,RGB,240272
3640422448_a0f42e4559.jpg,496,500,0.992,RGB,240266
3640443200_b8066f37f6.jpg,500,333,1.502,RGB,129954
3640661245_c8c419524d.jpg,500,375,1.333,RGB,134366
3640743904_d14eea0a0b.jpg,500,384,1.302,RGB,158965
3640870001_acbd1d5ceb.jpg,500,375,1.333,RGB,226790
3641022607_e7a5455d6c.jpg,500,333,1.502,RGB,138104
3641456303_c50c33337b.jpg,500,336,1.488,RGB,133774
3641999223_942f8198cc.jpg,500,361,1.385,RGB,140249
364213568_7f83e7d144.jpg,500,334,1.497,RGB,127410
3642220260_3aa8a52670.jpg,333,500,0.666,RGB,164824
36422830_55c844bc2d.jpg,500,375,1.333,RGB,82034
3643074723_94d42b7a0c.jpg,375,500,0.75,RGB,150811
3643087589_627a0a9e01.jpg,500,309,1.618,RGB,180559
3643684044_a131168127.jpg,500,333,1.502,RGB,171629
3643684616_9d2be87a5a.jpg,500,373,1.34,RGB,97666
3643684688_2f7157b23d.jpg,500,333,1.502,RGB,99101
3644142276_caed26029e.jpg,462,500,0.924,RGB,174797
3644941648_012ec87848.jpg,332,500,0.664,RGB,66869
3645080830_1d9ee2f50a.jpg,335,500,0.67,RGB,79883
3646453252_5ebbbaa6cc.jpg,500,334,1.497,RGB,149398
3646820231_2abc736840.jpg,500,253,1.976,RGB,71740
3646927481_5e0af1efab.jpg,500,333,1.502,RGB,147148
3646970605_d25c25340b.jpg,500,334,1.497,RGB,217428
3647170476_0fd71a4c9f.jpg,420,500,0.84,RGB,154915
3647283075_3005333222.jpg,333,500,0.666,RGB,191869
3647446816_bd4383c828.jpg,500,370,1.351,RGB,136661
3647693147_0d0434351b.jpg,333,500,0.666,RGB,126178
3647750811_395fbd397e.jpg,500,248,2.016,RGB,90828
3647826834_dc63e21bd0.jpg,500,333,1.502,RGB,169214
3648081498_76ec091495.jpg,333,500,0.666,RGB,141759
3648097366_706c8a57a1.jpg,500,334,1.497,RGB,154421
3648160673_0c783236a6.jpg,500,333,1.502,RGB,112209
3648988742_888a16f600.jpg,500,332,1.506,RGB,97669
3649224118_abe73c672c.jpg,500,335,1.493,RGB,208729
3649307685_60c1294d2a.jpg,246,500,0.492,RGB,110517
3649382413_58a4b1efe8.jpg,244,500,0.488,RGB,99514
3649384501_f1e06c58c0.jpg,330,500,0.66,RGB,117370
3649387275_75295baa28.jpg,500,375,1.333,RGB,161862
3649802021_8a689bc153.jpg,345,500,0.69,RGB,215591
3649916507_b88a3d2082.jpg,332,500,0.664,RGB,165968
3650111717_346804ec2f.jpg,334,500,0.668,RGB,137103
3650188378_cc8aea89f0.jpg,258,500,0.516,RGB,118307
3650986674_3e101c606b.jpg,500,375,1.333,RGB,180488
3651107058_d84d4c3c25.jpg,500,380,1.316,RGB,193848
365128300_6966058139.jpg,500,317,1.577,RGB,180570
3651476768_2bae721a6b.jpg,500,375,1.333,RGB,143546
3651971126_309e6a5e22.jpg,461,500,0.922,RGB,175320
3652150541_8fb5a3a5d1.jpg,500,333,1.502,RGB,104294
3652572138_34d6b72999.jpg,333,500,0.666,RGB,71745
3652584682_5b5c43e445.jpg,335,500,0.67,RGB,133804
365274901_576b0f8241.jpg,500,396,1.263,RGB,119031
3652764505_87139e71f8.jpg,500,333,1.502,RGB,101473
3652859271_908ae0ae89.jpg,500,387,1.292,RGB,134414
3653462288_bfe2360a64.jpg,333,500,0.666,RGB,124120
3653484549_f316590b0f.jpg,500,375,1.333,RGB,145576
3653764864_225958c9c1.jpg,500,375,1.333,RGB,208948
3653837067_94050699ec.jpg,363,500,0.726,RGB,193334
3654103642_075f8af4f4.jpg,500,195,2.564,RGB,64216
3654338683_13b2f95a9a.jpg,500,333,1.502,RGB,217019
3654869593_c8599a8e20.jpg,500,333,1.502,RGB,154148
3655074079_7df3812bc5.jpg,500,333,1.502,RGB,109606
3655155990_b0e201dd3c.jpg,500,447,1.119,RGB,201218
3655326478_4472c5c630.jpg,500,381,1.312,RGB,159524
3655773435_c234e94820.jpg,334,500,0.668,RGB,144152
365584746_681f33fa46.jpg,296,500,0.592,RGB,127456
3655964639_21e76383d0.jpg,295,500,0.59,RGB,144552
3656030945_fa003bd696.jpg,480,354,1.356,RGB,62329
3656104088_a0d1642fa9.jpg,500,335,1.493,RGB,119654
3656151153_b4ed5d94c4.jpg,500,333,1.502,RGB,210899
3656206975_09e6ce58bd.jpg,500,333,1.502,RGB,145752
3656225270_cdf89e3240.jpg,500,368,1.359,RGB,175756
3656906086_7034f69ab6.jpg,428,378,1.132,RGB,97829
3657016761_d553e514d9.jpg,500,333,1.502,RGB,153903
3657209354_cde9bbd2c5.jpg,500,333,1.502,RGB,80215
3657503733_9888ccf05e.jpg,500,334,1.497,RGB,196592
365759754_6cf7068c9a.jpg,500,464,1.078,RGB,250597
3658016590_f761e72dc3.jpg,345,500,0.69,RGB,184410
3658427967_6e2e57458d.jpg,357,500,0.714,RGB,79976
3658733605_fbcf570843.jpg,333,500,0.666,RGB,155777
3659090958_a56913ca68.jpg,500,335,1.493,RGB,77977
3659686168_49c3abcee1.jpg,338,500,0.676,RGB,158254
3659769138_d907fd9647.jpg,500,500,1.0,RGB,88998
3660361818_e05367693f.jpg,500,289,1.73,RGB,149705
3660826540_481d25fbb0.jpg,500,332,1.506,RGB,153964
3661072592_2e693cd5a0.jpg,337,500,0.674,RGB,154155
3661239105_973f8216c4.jpg,334,500,0.668,RGB,153372
3661659196_6ed90f96c0.jpg,500,375,1.333,RGB,109420
3662406028_29b9e46a6f.jpg,364,500,0.728,RGB,118854
3662871327_b128d25f04.jpg,500,375,1.333,RGB,142739
3662909101_21b9e59a3e.jpg,500,333,1.502,RGB,91180
3662963630_8f097e38d4.jpg,500,333,1.502,RGB,84047
3663307538_468739e4c3.jpg,500,375,1.333,RGB,112342
3663951804_868982f3f9.jpg,500,332,1.506,RGB,113817
3664297064_a4d45cbbbc.jpg,500,433,1.155,RGB,218479
3664928753_7b0437fedf.jpg,332,500,0.664,RGB,128814
3665169936_01ae94c9fd.jpg,331,500,0.662,RGB,88544
3665179773_dd217416fc.jpg,500,332,1.506,RGB,115955
366548880_3d3e914746.jpg,500,375,1.333,RGB,184186
3665549027_d7fb05d157.jpg,500,308,1.623,RGB,120761
3665569615_9a71c4b6e4.jpg,333,500,0.666,RGB,123557
3665987581_5e6b0a65f2.jpg,500,335,1.493,RGB,124185
3665996775_6d7d9a46f1.jpg,333,500,0.666,RGB,145933
3666056567_661e25f54c.jpg,486,500,0.972,RGB,196397
3666169738_a8c74cf745.jpg,500,333,1.502,RGB,85895
3666188047_e81e1d97a7.jpg,500,332,1.506,RGB,112085
3666324102_18ecdf8253.jpg,500,500,1.0,RGB,144340
3666537170_c4ecda4be8.jpg,500,375,1.333,RGB,130870
3666574371_317b008d2a.jpg,334,500,0.668,RGB,170579
366713533_bd6d48cf02.jpg,500,367,1.362,RGB,156546
3667157255_4e66d11dc2.jpg,384,500,0.768,RGB,130117
3667318593_fa1816b346.jpg,500,333,1.502,RGB,244072
3667404919_b273df57e4.jpg,500,333,1.502,RGB,169649
3667492609_97f88b373f.jpg,333,500,0.666,RGB,75874
3667822570_d39850e217.jpg,500,467,1.071,RGB,217691
3667908724_65c7d112f2.jpg,268,500,0.536,RGB,103657
3668259129_e073af1533.jpg,333,500,0.666,RGB,113372
3668518431_43abb169eb.jpg,500,333,1.502,RGB,111849
3668900592_a84b0c07db.jpg,500,333,1.502,RGB,115028
3668984985_b60ceb2ae9.jpg,334,500,0.668,RGB,204446
3669069522_555c97fbfb.jpg,500,406,1.232,RGB,212615
3669564923_8fcb1a6eff.jpg,500,332,1.506,RGB,99459
3670075789_92ea9a183a.jpg,500,375,1.333,RGB,232572
3670907052_c827593564.jpg,500,336,1.488,RGB,241168
3670918456_68631d362a.jpg,333,500,0.666,RGB,68129
3671262694_29fbeb9d95.jpg,500,333,1.502,RGB,161237
3671777903_6fbf643980.jpg,500,334,1.497,RGB,89618
3671851846_60c25269df.jpg,500,333,1.502,RGB,198269
3671933270_d124e9a1a4.jpg,500,335,1.493,RGB,92591
3671935691_57bdd0e778.jpg,500,361,1.385,RGB,141501
3671950830_b570bac1b9.jpg,500,304,1.645,RGB,119940
3672057606_cb6393dbd9.jpg,333,500,0.666,RGB,85186
3672105509_53b13b2ed4.jpg,500,375,1.333,RGB,161513
3672106148_56cfb5fc8d.jpg,500,333,1.502,RGB,121364
3672109677_8caa992671.jpg,500,463,1.08,RGB,234624
3672940355_47f30e2b28.jpg,500,500,1.0,RGB,136929
3672944692_8d24a44fc6.jpg,334,500,0.668,RGB,191852
3673032164_6c6843de87.jpg,500,333,1.502,RGB,113554
3673035152_da7ed916d9.jpg,500,333,1.502,RGB,71089
3673165148_67f217064f.jpg,500,334,1.497,RGB,70823
3673484638_dce87295fe.jpg,333,500,0.666,RGB,126706
3673878924_506c9d767b.jpg,500,345,1.449,RGB,115581
3673970325_4e025069e9.jpg,500,333,1.502,RGB,105526
3674168459_6245f4f658.jpg,500,333,1.502,RGB,82298
3674521435_89ff681074.jpg,500,332,1.506,RGB,79325
3674565156_14d3b41450.jpg,500,309,1.618,RGB,146596
3675685612_3987d91d92.jpg,500,333,1.502,RGB,125166
3675742996_02ccef16a3.jpg,500,332,1.506,RGB,141130
3675825945_96b2916959.jpg,500,312,1.603,RGB,124073
3676432043_0ca418b861.jpg,500,332,1.506,RGB,101104
3676460610_8c52e8a355.jpg,500,375,1.333,RGB,168592
3676561090_9828a9f6d0.jpg,500,333,1.502,RGB,162719
367673290_f8799f3a85.jpg,311,500,0.622,RGB,156823
3676788491_01e9bc5f15.jpg,500,375,1.333,RGB,160387
3677239603_95865a9073.jpg,500,333,1.502,RGB,119879
3677302645_8cd3fac70d.jpg,500,333,1.502,RGB,204053
3677318686_b018862bb7.jpg,500,334,1.497,RGB,183943
3677329561_fa3e1fdcf9.jpg,500,389,1.285,RGB,153234
3677514746_26f5588150.jpg,500,333,1.502,RGB,80415
3677613006_4689cb8e4e.jpg,500,333,1.502,RGB,89144
3677693858_62f2f3163f.jpg,401,500,0.802,RGB,246287
3677734351_63d60844cb.jpg,500,333,1.502,RGB,145720
3677860841_3aa9d8036c.jpg,500,332,1.506,RGB,154364
3677927146_1696f0b075.jpg,500,333,1.502,RGB,150259
3677954655_df4c0845aa.jpg,334,500,0.668,RGB,130601
3677964239_6406ed096f.jpg,500,500,1.0,RGB,266709
3678098428_40c1b74cc2.jpg,500,333,1.502,RGB,128305
3678100844_e3a9802471.jpg,500,333,1.502,RGB,123097
367925122_335ed279a8.jpg,500,453,1.104,RGB,145753
3679341667_936769fd0c.jpg,500,332,1.506,RGB,154020
3679405397_bb130ea3c2.jpg,334,500,0.668,RGB,108047
3679407035_708774de34.jpg,334,500,0.668,RGB,131186
3679502342_7fe6ef8a36.jpg,500,333,1.502,RGB,98530
367964525_b1528ac6e4.jpg,500,333,1.502,RGB,115236
3679707139_1cc1e71237.jpg,333,500,0.666,RGB,155462
3680031186_c3c6698f9d.jpg,377,500,0.754,RGB,137514
3680218298_582e6a2289.jpg,326,500,0.652,RGB,103748
3681056426_fbd6c0c92c.jpg,332,500,0.664,RGB,153452
3681172959_6674c118d2.jpg,333,500,0.666,RGB,143767
3681324243_b69fa90842.jpg,500,359,1.393,RGB,107437
3681414069_71ba164f71.jpg,500,356,1.404,RGB,156806
3681575323_433d007650.jpg,375,500,0.75,RGB,164381
3681651647_08eba60f89.jpg,334,500,0.668,RGB,122273
3682038869_585075b5ff.jpg,500,333,1.502,RGB,150104
368212336_bc19b0bb72.jpg,500,333,1.502,RGB,150643
3682277595_55f8b16975.jpg,500,375,1.333,RGB,215468
3682428916_69ce66d375.jpg,500,334,1.497,RGB,74632
3683185795_704f445bf4.jpg,500,323,1.548,RGB,160488
3683592946_262e9bfbfd.jpg,500,333,1.502,RGB,201097
3683644335_b70bed1d83.jpg,500,192,2.604,RGB,95675
368393384_86defdcde8.jpg,500,333,1.502,RGB,148911
3684518763_f3490b647a.jpg,334,500,0.668,RGB,195570
3684562647_28dc325522.jpg,500,335,1.493,RGB,163555
3684680947_f1c460242f.jpg,500,317,1.577,RGB,121578
3685328542_ab999b83bb.jpg,378,500,0.756,RGB,184754
3685372942_6ae935b34e.jpg,334,500,0.668,RGB,105573
3685373706_37f2ced9ff.jpg,334,500,0.668,RGB,121449
3686078365_9e655e238f.jpg,284,500,0.568,RGB,108773
3686924335_3c51e8834a.jpg,333,500,0.666,RGB,219678
3687062281_e62f70baf3.jpg,500,375,1.333,RGB,125687
3687222696_85bf6f78f7.jpg,324,500,0.648,RGB,146265
3687995245_624b54090d.jpg,334,500,0.668,RGB,120370
3687996279_05b5a2a706.jpg,500,334,1.497,RGB,135329
3687996569_99163a41c3.jpg,500,330,1.515,RGB,170334
3688005475_d200165cf7.jpg,500,375,1.333,RGB,88800
3688797852_89ed3cb056.jpg,500,346,1.445,RGB,162957
3688839836_ba5e4c24fc.jpg,325,500,0.65,RGB,127259
3688858505_e8afd1475d.jpg,372,500,0.744,RGB,196815
3689355450_fd559b816d.jpg,500,375,1.333,RGB,206811
368954110_821ccf005c.jpg,500,355,1.408,RGB,218932
3689727848_b53f931130.jpg,500,333,1.502,RGB,147116
3689975998_72f50b6d91.jpg,353,500,0.706,RGB,190644
3690107455_0fdb4ecee7.jpg,333,500,0.666,RGB,137553
3690159129_93ba49ea18.jpg,333,500,0.666,RGB,90896
3690189273_927d42ff43.jpg,357,500,0.714,RGB,119334
3690348036_a01f243fb0.jpg,332,500,0.664,RGB,235419
3690425778_3b390b3ea5.jpg,333,500,0.666,RGB,97703
3690431163_1d81e19549.jpg,500,333,1.502,RGB,164380
369047365_35476becc9.jpg,500,334,1.497,RGB,196815
3690883532_d883f34617.jpg,500,333,1.502,RGB,133992
3691592651_6e4e7f1da9.jpg,500,375,1.333,RGB,118897
3691622437_f13644273c.jpg,500,375,1.333,RGB,146096
3691670743_0ed111bcf3.jpg,500,304,1.645,RGB,153140
3691729694_2b97f14c1e.jpg,333,500,0.666,RGB,127721
3691800116_6a7b315e46.jpg,500,298,1.678,RGB,138072
369186134_5eef374112.jpg,500,375,1.333,RGB,119638
369244499_752f0c1018.jpg,500,333,1.502,RGB,121810
3692593096_fbaea67476.jpg,500,352,1.42,RGB,89080
3692746368_ab7d97ab31.jpg,500,375,1.333,RGB,109303
3692836015_d11180727b.jpg,500,269,1.859,RGB,137416
3692892751_f6574e2700.jpg,500,333,1.502,RGB,161335
3693297007_94512e861e.jpg,500,374,1.337,RGB,144923
369360998_ba56fb436f.jpg,500,375,1.333,RGB,118773
3693961165_9d6c333d5b.jpg,500,333,1.502,RGB,146966
3694064560_467683205b.jpg,500,412,1.214,RGB,159302
3694071771_ce760db4c7.jpg,334,500,0.668,RGB,119375
3694093650_547259731e.jpg,500,358,1.397,RGB,140354
3694219419_a7a83d4886.jpg,500,375,1.333,RGB,175178
3694555931_7807db2fb4.jpg,442,500,0.884,RGB,166433
3694991841_141804da1f.jpg,500,370,1.351,RGB,256390
3695064885_a6922f06b2.jpg,500,402,1.244,RGB,156106
3695517194_2a6b604cb2.jpg,500,350,1.429,RGB,111877
3695949492_27ca3892fd.jpg,500,375,1.333,RGB,103944
3696246123_99d4d10140.jpg,500,333,1.502,RGB,85649
3696698390_989f1488e7.jpg,500,419,1.193,RGB,300754
3697003897_d8ac13be9a.jpg,500,333,1.502,RGB,103750
3697153626_90fb177731.jpg,500,382,1.309,RGB,190449
3697359692_8a5cdbe4fe.jpg,500,334,1.497,RGB,112219
3697378565_7060d9281a.jpg,500,358,1.397,RGB,175620
3697379772_40d831392b.jpg,375,500,0.75,RGB,117343
3697456750_460aea7252.jpg,500,333,1.502,RGB,89264
3697675767_97796334e4.jpg,500,319,1.567,RGB,181467
369802520_9825f2cd84.jpg,361,500,0.722,RGB,115938
3698607223_22fe09763a.jpg,333,500,0.666,RGB,140876
3698944019_825ef54f2f.jpg,313,500,0.626,RGB,118390
3699318394_6193f2c8e0.jpg,500,333,1.502,RGB,100326
3699522388_2333f01f40.jpg,500,333,1.502,RGB,161871
3699763582_f28c5130dd.jpg,335,500,0.67,RGB,159919
3700004668_99c3e3f55b.jpg,500,333,1.502,RGB,171686
3700322513_50f0d45bfa.jpg,500,332,1.506,RGB,76780
3700346840_bb80d622f7.jpg,500,333,1.502,RGB,171713
3700554247_9824ae6f3a.jpg,500,313,1.597,RGB,166193
3701226275_952547ba0f.jpg,500,375,1.333,RGB,131369
3701249979_8bc757e171.jpg,500,333,1.502,RGB,153859
3701291852_373ea46bb6.jpg,500,332,1.506,RGB,73263
3701509233_a2275a4e57.jpg,500,293,1.706,RGB,100140
3701544312_b2e4e9813d.jpg,334,500,0.668,RGB,162772
3701878677_8f2c26227b.jpg,480,360,1.333,RGB,55259
3702038926_966fdaa311.jpg,500,375,1.333,RGB,187787
3702436188_2c26192fd0.jpg,383,500,0.766,RGB,183885
3702607829_2b8b3e65ab.jpg,500,375,1.333,RGB,168156
3703035378_c6034cac51.jpg,500,350,1.429,RGB,139339
3703107969_175da4b276.jpg,333,500,0.666,RGB,110391
3703413486_3c682732a0.jpg,500,375,1.333,RGB,88525
3703960010_1e4c922a25.jpg,331,500,0.662,RGB,133576
370442541_60d93ecd13.jpg,500,334,1.497,RGB,170232
3704431444_f337ec2b90.jpg,500,333,1.502,RGB,117434
3704698586_a42c25d0c1.jpg,500,336,1.488,RGB,115747
3704995657_e2e114083d.jpg,333,500,0.666,RGB,119041
3705430840_e108de78bf.jpg,332,500,0.664,RGB,106221
3705688385_47651205d3.jpg,500,332,1.506,RGB,180410
3705976184_53ae07e898.jpg,500,375,1.333,RGB,160869
370614351_98b8a166b9.jpg,371,500,0.742,RGB,120258
3706356018_28f62290e8.jpg,400,500,0.8,RGB,187831
3706653103_e777a825e4.jpg,500,332,1.506,RGB,130204
3707077198_efd6aa808d.jpg,500,335,1.493,RGB,124192
370713359_7560808550.jpg,500,333,1.502,RGB,166070
3707283973_5cdaa39340.jpg,500,334,1.497,RGB,185882
3707738261_777075e885.jpg,500,333,1.502,RGB,140865
3707990914_843e8f15f1.jpg,333,500,0.666,RGB,132511
3708172446_4034ddc5f6.jpg,333,500,0.666,RGB,209045
3708177171_529bb4ff1d.jpg,500,379,1.319,RGB,189480
3708244207_0d3a2b2f92.jpg,500,333,1.502,RGB,100686
3708266246_97a033fcc7.jpg,500,333,1.502,RGB,117195
3708743823_3e3e0554d1.jpg,500,336,1.488,RGB,86719
3708748633_e7e3cf4e84.jpg,287,500,0.574,RGB,123912
3708839890_ed448012cf.jpg,500,484,1.033,RGB,281581
3709030554_02301229ea.jpg,500,391,1.279,RGB,149057
3710050559_f6f12760fe.jpg,500,333,1.502,RGB,148782
3710073758_ac2b217f29.jpg,333,500,0.666,RGB,210455
3710176138_fbfe00bd35.jpg,500,334,1.497,RGB,157322
3710353645_8fbfaa4175.jpg,333,500,0.666,RGB,121617
3710468717_c051d96a5f.jpg,500,335,1.493,RGB,107664
3710520638_866d542a80.jpg,500,332,1.506,RGB,157371
3710674892_857b8056f7.jpg,500,333,1.502,RGB,80034
3710971182_cb01c97d15.jpg,500,368,1.359,RGB,161632
3711030008_3872d0b03f.jpg,500,333,1.502,RGB,123845
3711611500_ea47b58b6f.jpg,500,332,1.506,RGB,144548
3711664623_ef87105ea7.jpg,500,333,1.502,RGB,136507
3711826708_bba64fb1e1.jpg,281,500,0.562,RGB,183345
3712008738_1e1fa728da.jpg,500,333,1.502,RGB,146819
3712574653_e009f76d19.jpg,500,375,1.333,RGB,141486
3712742641_641282803e.jpg,500,375,1.333,RGB,154408
3712923460_1b20ebb131.jpg,500,375,1.333,RGB,154151
3713133789_f05e8daffd.jpg,500,400,1.25,RGB,258559
3713177334_32f3245fd8.jpg,500,248,2.016,RGB,112905
3713324467_104d72f7db.jpg,500,405,1.235,RGB,205415
371364900_5167d4dd7f.jpg,375,500,0.75,RGB,140271
3713882697_6dd30c7505.jpg,500,500,1.0,RGB,123379
3713922357_e0a013fb97.jpg,333,500,0.666,RGB,129506
3714551959_66ece78f27.jpg,368,500,0.736,RGB,131177
371522748_dc557bcd6c.jpg,500,375,1.333,RGB,192123
3715469645_6d1dc019b3.jpg,500,475,1.053,RGB,258628
3715559023_70c41b31c7.jpg,500,500,1.0,RGB,212554
3716244806_97d5a1fb61.jpg,500,333,1.502,RGB,185228
3716272233_7845ec5b3e.jpg,500,333,1.502,RGB,92168
3716277216_c04002be81.jpg,500,370,1.351,RGB,217795
3717309680_e5105afa6d.jpg,500,385,1.299,RGB,171026
3717531382_e1e05e22c5.jpg,332,500,0.664,RGB,155063
3717809376_f97611ab84.jpg,500,333,1.502,RGB,185006
3717845800_ab45e255b8.jpg,500,334,1.497,RGB,174000
3718007650_e5930b4509.jpg,500,417,1.199,RGB,163308
3718076407_0b4588d7bc.jpg,333,500,0.666,RGB,182103
3718305988_fe2c91fd44.jpg,370,500,0.74,RGB,241123
3718892835_a3e74a3417.jpg,500,332,1.506,RGB,161829
3718964174_cb2dc1615e.jpg,500,333,1.502,RGB,84793
3719461451_07de35af3a.jpg,500,332,1.506,RGB,108946
3720210639_18bb34e475.jpg,334,500,0.668,RGB,104669
3720366614_dfa8fe1088.jpg,433,500,0.866,RGB,115144
3721082512_8277087f3f.jpg,333,500,0.666,RGB,173743
3721799573_2f470950e0.jpg,500,375,1.333,RGB,119309
3721812313_6000566803.jpg,500,375,1.333,RGB,112134
3721881082_afe9fc734e.jpg,329,500,0.658,RGB,184600
3722507770_0d6cb7420e.jpg,333,500,0.666,RGB,128938
3722572342_6904d11d52.jpg,500,281,1.779,RGB,105299
3723690961_729dd5d617.jpg,375,500,0.75,RGB,146654
3723903586_e98d3d8ec7.jpg,500,333,1.502,RGB,102888
3724113279_99b6e5bf41.jpg,500,332,1.506,RGB,156968
3724150944_fc62e8d5e0.jpg,454,500,0.908,RGB,222129
3724487641_d2096f10e5.jpg,333,500,0.666,RGB,134291
3724581378_41049da264.jpg,500,326,1.534,RGB,93232
3724623861_2bb6c23641.jpg,439,500,0.878,RGB,183203
3724718895_bd03f4a4dc.jpg,500,400,1.25,RGB,197130
3724738804_f00748a137.jpg,384,500,0.768,RGB,153713
3724759125_2dc0e1f4a3.jpg,500,333,1.502,RGB,140115
3725177385_62d5e13634.jpg,500,375,1.333,RGB,157480
3725202807_12fbfdd207.jpg,500,375,1.333,RGB,130323
3725353555_75c346d7ec.jpg,500,400,1.25,RGB,177091
3725814794_30db172f67.jpg,500,333,1.502,RGB,72168
3726019124_f302b3d48a.jpg,500,375,1.333,RGB,149477
3726025663_e7d35d23f6.jpg,500,363,1.377,RGB,168334
3726076549_0efb38854b.jpg,500,334,1.497,RGB,131146
3726120436_740bda8416.jpg,500,375,1.333,RGB,166336
3726130458_07df79e969.jpg,500,333,1.502,RGB,131427
3726168984_1fa2c8965b.jpg,500,333,1.502,RGB,151186
3726170067_094cc1b7e5.jpg,500,375,1.333,RGB,133626
3726590391_bc6e729bb6.jpg,500,333,1.502,RGB,112349
3726629271_7639634703.jpg,500,375,1.333,RGB,161053
3726700898_c50494b8bd.jpg,333,500,0.666,RGB,131909
3726730085_2468ee9220.jpg,332,500,0.664,RGB,45319
3727740053_3baa94ffcb.jpg,500,333,1.502,RGB,81585
3727752439_907795603b.jpg,338,500,0.676,RGB,96864
3728015645_b43a60258b.jpg,500,332,1.506,RGB,111735
3728164558_52729baefa.jpg,500,375,1.333,RGB,121643
3728256505_7f8db8270d.jpg,333,500,0.666,RGB,188376
3728695560_00ec1ca492.jpg,500,333,1.502,RGB,165827
3729405438_6e79077ab2.jpg,334,500,0.668,RGB,114824
3729525173_7f984ed776.jpg,500,334,1.497,RGB,181625
3730011219_588cdc7972.jpg,333,500,0.666,RGB,113453
3730011701_5352e02286.jpg,333,500,0.666,RGB,121641
3730457171_e66dde8c91.jpg,375,500,0.75,RGB,191036
373219198_149af371d9.jpg,500,500,1.0,RGB,209143
3732728142_86364a706e.jpg,336,448,0.75,RGB,86253
3733074526_82aa8d5f8d.jpg,268,500,0.536,RGB,116650
373394550_1b2296b8c4.jpg,338,500,0.676,RGB,116824
3736786640_70df13be2c.jpg,500,375,1.333,RGB,107424
3737492755_bcfb800ed1.jpg,356,500,0.712,RGB,151455
3737539561_d1dc161040.jpg,500,333,1.502,RGB,238595
3737711435_113ccd0a52.jpg,500,333,1.502,RGB,156362
3738685861_8dfff28760.jpg,375,500,0.75,RGB,182126
3738789925_7d17dbdf25.jpg,500,332,1.506,RGB,115491
3739833689_a0038545bd.jpg,331,500,0.662,RGB,163961
374103776_0de490c1b0.jpg,500,375,1.333,RGB,128839
374103842_17873ce505.jpg,376,500,0.752,RGB,123798
374103966_2987706be1.jpg,500,375,1.333,RGB,82612
374104006_7f32c8c5de.jpg,375,500,0.75,RGB,125131
374124237_51f62b6937.jpg,500,375,1.333,RGB,88407
3741462565_cc35966b7a.jpg,500,333,1.502,RGB,83139
374176648_ba4b88c221.jpg,375,500,0.75,RGB,198399
3741827382_71e93298d0.jpg,333,500,0.666,RGB,79117
3744832122_2f4febdff6.jpg,333,500,0.666,RGB,133164
3745451546_fc8ec70cbd.jpg,500,334,1.497,RGB,71106
374567836_3ae12ecffb.jpg,500,351,1.425,RGB,107809
3747543364_bf5b548527.jpg,500,337,1.484,RGB,97883
374828031_9d087da5cf.jpg,333,500,0.666,RGB,184897
3751594676_edfbfa0688.jpg,332,500,0.664,RGB,94468
375171241_0302ad8481.jpg,500,400,1.25,RGB,155527
375384566_254c2362d4.jpg,500,333,1.502,RGB,178658
375392855_54d46ed5c8.jpg,500,335,1.493,RGB,94735
3756150099_50882fc029.jpg,500,344,1.453,RGB,129781
3757598567_739b7da835.jpg,500,335,1.493,RGB,104002
3758175529_81941e7cc9.jpg,500,500,1.0,RGB,313604
3758787457_1a903ee1e9.jpg,500,333,1.502,RGB,141812
3759230208_1c2a492b12.jpg,333,500,0.666,RGB,177751
3759492488_592cd78ed1.jpg,406,500,0.812,RGB,179239
3760400645_3ba51d27f9.jpg,500,333,1.502,RGB,178093
3765374230_cb1bbee0cb.jpg,500,439,1.139,RGB,204574
3767841911_6678052eb6.jpg,500,353,1.416,RGB,152384
377872472_35805fc143.jpg,500,409,1.222,RGB,107315
377872672_d499aae449.jpg,500,446,1.121,RGB,139498
378170167_9b5119d918.jpg,500,375,1.333,RGB,219380
378453580_21d688748e.jpg,500,400,1.25,RGB,251342
379006645_b9a2886b51.jpg,375,500,0.75,RGB,117305
380034515_4fbdfa6b26.jpg,500,500,1.0,RGB,183121
380041023_0dfd712ef1.jpg,500,342,1.462,RGB,189479
380515798_c2abbf46b0.jpg,500,334,1.497,RGB,157733
380527679_574749123d.jpg,500,334,1.497,RGB,138120
380537190_11d6c0a412.jpg,500,333,1.502,RGB,136720
380590140_25b9889772.jpg,500,333,1.502,RGB,188217
381052465_722e00807b.jpg,500,342,1.462,RGB,122347
381239475_044cbffa2b.jpg,500,333,1.502,RGB,110945
381275595_b429fd1639.jpg,500,333,1.502,RGB,126761
381514859_b40418d9c3.jpg,500,333,1.502,RGB,76558
381976882_0063d16d88.jpg,494,500,0.988,RGB,193448
382090166_be2c2c63e1.jpg,500,333,1.502,RGB,178427
382151094_c7376cf22b.jpg,500,333,1.502,RGB,93901
382701159_f98c1988cd.jpg,500,375,1.333,RGB,103144
383223174_7165a54c30.jpg,500,333,1.502,RGB,147804
384465370_9918873f9a.jpg,500,375,1.333,RGB,121992
384465575_31294122c0.jpg,500,375,1.333,RGB,130553
384577800_fc325af410.jpg,500,333,1.502,RGB,96033
385186343_464f5fc186.jpg,332,500,0.664,RGB,90642
385835044_4aa11f6990.jpg,405,500,0.81,RGB,132117
386160015_d4b31df68e.jpg,500,334,1.497,RGB,138023
386470686_1ae9242878.jpg,500,375,1.333,RGB,204407
386655611_1329495f97.jpg,500,375,1.333,RGB,113813
386656845_4e77c3e3da.jpg,500,375,1.333,RGB,88644
387078972_514a38dc33.jpg,500,354,1.412,RGB,123431
387830531_e89c192b92.jpg,500,333,1.502,RGB,155830
387974450_bcd205daac.jpg,500,333,1.502,RGB,152233
388386075_9ac3a89ada.jpg,500,333,1.502,RGB,96712
389643437_9a9830a3ba.jpg,500,375,1.333,RGB,142317
390360326_26f5936189.jpg,400,300,1.333,RGB,32773
390671130_09fdccd52f.jpg,477,500,0.954,RGB,134309
390986651_c801db91a0.jpg,500,326,1.534,RGB,118154
390987167_2d5905b459.jpg,500,326,1.534,RGB,94280
390992102_67fa31b22f.jpg,334,500,0.668,RGB,120441
390992388_d74daee638.jpg,500,326,1.534,RGB,103657
391020801_aaaae1e42b.jpg,500,375,1.333,RGB,100037
391106734_d374bc3080.jpg,354,500,0.708,RGB,120570
391324644_d23fdf06cb.jpg,500,375,1.333,RGB,148397
391579205_c8373b5411.jpg,403,500,0.806,RGB,166608
391723162_3bdeb7ea33.jpg,500,375,1.333,RGB,84064
392467282_00bb22e201.jpg,500,355,1.408,RGB,128366
392976422_c8d0514bc3.jpg,500,448,1.116,RGB,172025
393284934_d38e1cd6fe.jpg,349,260,1.342,RGB,59991
393810324_1c33760a95.jpg,500,375,1.333,RGB,152354
393958545_48c17c66d1.jpg,500,452,1.106,RGB,153434
393987665_91d28f0ed0.jpg,500,438,1.142,RGB,167447
394136487_4fc531b33a.jpg,500,331,1.511,RGB,139143
394161692_2576920777.jpg,500,384,1.302,RGB,196335
394463341_5311c53783.jpg,500,375,1.333,RGB,180384
394563330_68b566368c.jpg,500,380,1.316,RGB,185997
395461421_c586b136de.jpg,448,297,1.508,RGB,74102
396179143_e1511336e1.jpg,500,333,1.502,RGB,91746
396360611_941e5849a3.jpg,500,333,1.502,RGB,159933
396763804_3b7f1e12a8.jpg,500,375,1.333,RGB,115776
397286183_745abbf40d.jpg,500,375,1.333,RGB,77232
397451339_76a84bd310.jpg,500,387,1.292,RGB,196908
397547349_1fd14b95af.jpg,475,500,0.95,RGB,176671
397601572_9587a39291.jpg,500,334,1.497,RGB,126421
397725001_e51f7c391c.jpg,375,500,0.75,RGB,166493
397815951_3b02090324.jpg,500,375,1.333,RGB,169490
397982550_cf9f5cdb74.jpg,341,500,0.682,RGB,119577
398413603_166896900f.jpg,320,500,0.64,RGB,97158
398662202_97e5819b79.jpg,500,366,1.366,RGB,156202
399212516_d68046b277.jpg,500,343,1.458,RGB,136305
399246804_b4b5dc70e1.jpg,332,500,0.664,RGB,84471
399679638_d3036da331.jpg,500,375,1.333,RGB,142000
400562847_e15aba0aac.jpg,500,359,1.393,RGB,182309
400851260_5911898657.jpg,500,375,1.333,RGB,64770
401079494_562454c4d6.jpg,500,333,1.502,RGB,184356
401476986_73918145a3.jpg,500,332,1.506,RGB,95619
403523132_73b9a1a4b3.jpg,500,375,1.333,RGB,247657
403678611_73978faed7.jpg,500,333,1.502,RGB,94764
404216567_75b50b5a36.jpg,500,333,1.502,RGB,139698
404702274_fa8b3fe378.jpg,500,333,1.502,RGB,113601
404850242_3a55a4c874.jpg,500,333,1.502,RGB,109114
404890608_33f138aefa.jpg,500,334,1.497,RGB,167217
405051459_3b3a3ba5b3.jpg,228,500,0.456,RGB,74882
405253184_5f611f3880.jpg,500,375,1.333,RGB,92701
405331006_4e94e07698.jpg,500,380,1.316,RGB,242544
405534893_2d0f3b0147.jpg,326,500,0.652,RGB,126718
405534993_5158644f98.jpg,500,326,1.534,RGB,123790
405537503_f66ecc5073.jpg,326,500,0.652,RGB,127262
405615014_03be7ef618.jpg,493,500,0.986,RGB,153327
405961988_fcfe97f31e.jpg,359,500,0.718,RGB,129942
405970010_8cebaa77d3.jpg,500,375,1.333,RGB,107889
406248253_27b5eba25a.jpg,367,500,0.734,RGB,145639
406642021_9ec852eccf.jpg,500,326,1.534,RGB,124050
406901451_7eafd7568a.jpg,500,237,2.11,RGB,118231
407008823_bdd7fc6ed5.jpg,500,332,1.506,RGB,143375
407569668_19b3f8eaf6.jpg,500,333,1.502,RGB,108132
407678652_1f475acd65.jpg,500,333,1.502,RGB,168267
408233586_f2c1be3ce1.jpg,500,355,1.408,RGB,142590
408573233_1fff966798.jpg,343,500,0.686,RGB,223549
408627152_1feaa4b94e.jpg,500,333,1.502,RGB,152734
408748500_e8dc8c0c4f.jpg,500,333,1.502,RGB,58128
409327234_7b29eecb4e.jpg,500,334,1.497,RGB,140754
410042380_517ccee020.jpg,500,375,1.333,RGB,159512
410413536_11f1127c46.jpg,500,178,2.809,RGB,105880
410422753_de506155fa.jpg,500,396,1.263,RGB,156975
410453140_5401bf659a.jpg,500,333,1.502,RGB,125090
411011549_1298d2b4d2.jpg,500,348,1.437,RGB,173918
411175971_0fffd3b8c6.jpg,500,375,1.333,RGB,121562
411216802_aead9e67e3.jpg,500,413,1.211,RGB,192679
411863595_d77156687e.jpg,500,333,1.502,RGB,190194
412056525_191724b058.jpg,500,375,1.333,RGB,76438
412082368_371df946b3.jpg,500,333,1.502,RGB,159704
412101267_7257e6d8c0.jpg,334,500,0.668,RGB,82816
412203580_2c7278909c.jpg,500,400,1.25,RGB,179404
413231421_43833a11f5.jpg,375,500,0.75,RGB,148293
413737417_b0a8b445e9.jpg,500,333,1.502,RGB,153942
414568315_5adcfc23c0.jpg,333,500,0.666,RGB,85593
414773731_c3f5bf43d5.jpg,500,392,1.276,RGB,191338
415118186_64defc96f3.jpg,500,375,1.333,RGB,183585
415657941_454d370721.jpg,333,500,0.666,RGB,185159
415793623_6c1225ae27.jpg,375,500,0.75,RGB,181388
416106657_cab2a107a5.jpg,500,375,1.333,RGB,155122
416650559_cd08d3cd96.jpg,333,500,0.666,RGB,114195
416788726_5b4eb1466e.jpg,500,399,1.253,RGB,144951
416960865_048fd3f294.jpg,500,335,1.493,RGB,87515
416992999_654a99a903.jpg,500,375,1.333,RGB,170620
417577408_eb571658c1.jpg,500,500,1.0,RGB,270729
417966898_a04f9b5349.jpg,500,375,1.333,RGB,219059
418357172_bdddf71d32.jpg,500,375,1.333,RGB,147177
418616992_22090c6195.jpg,500,375,1.333,RGB,108408
418667611_b9995000f4.jpg,500,332,1.506,RGB,168518
418796494_bdb441de42.jpg,332,500,0.664,RGB,63901
419116771_642800891d.jpg,500,332,1.506,RGB,122608
41999070_838089137e.jpg,500,375,1.333,RGB,78347
420355149_f2076770df.jpg,500,375,1.333,RGB,132885
421153376_d1d325568f.jpg,500,333,1.502,RGB,107535
421316045_ae7a1eb4bc.jpg,500,375,1.333,RGB,82804
421322723_3470543368.jpg,333,500,0.666,RGB,127835
421706022_1ddb6a7a78.jpg,500,375,1.333,RGB,116368
421730441_6b2267fd31.jpg,500,375,1.333,RGB,148628
421808539_57abee6d55.jpg,500,355,1.408,RGB,88777
421932359_edbf181f44.jpg,500,479,1.044,RGB,240139
422756764_e7eaac76bf.jpg,500,333,1.502,RGB,91465
422763475_0bc814dac6.jpg,244,500,0.488,RGB,84738
423066487_07757b2b49.jpg,375,500,0.75,RGB,108929
424307754_1e2f44d265.jpg,500,334,1.497,RGB,105125
424379231_23f1ade134.jpg,500,354,1.412,RGB,99601
424416723_19c56cb365.jpg,500,333,1.502,RGB,122716
424506167_01f365726b.jpg,500,462,1.082,RGB,262116
424779662_568f9606d0.jpg,500,375,1.333,RGB,199859
424869823_7aec015d87.jpg,333,500,0.666,RGB,83045
425088533_a460dc4617.jpg,375,500,0.75,RGB,223468
425518464_a18b87c563.jpg,500,380,1.316,RGB,186049
425706089_f138118e12.jpg,500,477,1.048,RGB,173682
426065353_e9a604a01f.jpg,500,375,1.333,RGB,118194
426191845_1e979e9345.jpg,500,375,1.333,RGB,130757
42637986_135a9786a6.jpg,500,439,1.139,RGB,82489
42637987_866635edf6.jpg,500,369,1.355,RGB,53932
426805536_d1d5e68c17.jpg,500,333,1.502,RGB,139755
426920445_d07d1fd0f7.jpg,500,333,1.502,RGB,80167
427082246_5bf1c3676f.jpg,500,439,1.139,RGB,200716
427167162_2c99779444.jpg,500,334,1.497,RGB,95959
427557693_1108566fd2.jpg,500,341,1.466,RGB,167592
427683329_95d510a087.jpg,500,375,1.333,RGB,121632
427936315_0b8f7b8d23.jpg,500,333,1.502,RGB,129972
428408242_b32faf2240.jpg,500,341,1.466,RGB,144449
428483413_b9370baf72.jpg,478,440,1.086,RGB,155335
428485639_a82635d6ee.jpg,500,375,1.333,RGB,166866
428796930_476a3d6395.jpg,500,430,1.163,RGB,261719
429174232_ddd4ff5e0b.jpg,500,379,1.319,RGB,178996
429205889_ff5a006311.jpg,316,500,0.632,RGB,169287
429270993_294ba8e64c.jpg,332,500,0.664,RGB,142512
429283612_37f6e7fb7f.jpg,500,335,1.493,RGB,98452
429851331_b248ca01cd.jpg,500,281,1.779,RGB,111573
430173345_86388d8822.jpg,500,333,1.502,RGB,159862
430803349_a66c91f64e.jpg,333,500,0.666,RGB,114097
430964917_022995afb6.jpg,500,382,1.309,RGB,203494
431018958_84b2beebff.jpg,500,375,1.333,RGB,201312
431282339_0aa60dd78e.jpg,500,497,1.006,RGB,146710
431410325_f4916b5460.jpg,500,375,1.333,RGB,118684
432167214_c17fcc1a2d.jpg,500,380,1.316,RGB,116647
432248727_e7b623adbf.jpg,500,333,1.502,RGB,119313
432490118_54a9c0e500.jpg,500,333,1.502,RGB,155487
432496659_f01464d9fb.jpg,500,333,1.502,RGB,160432
433810429_a4da0eac50.jpg,332,500,0.664,RGB,201649
433855742_c2a6fda763.jpg,500,472,1.059,RGB,196032
434433505_966e50e17d.jpg,500,400,1.25,RGB,143386
434792818_56375e203f.jpg,500,334,1.497,RGB,113966
434938585_fbf913dfb4.jpg,500,375,1.333,RGB,135581
435054077_3506dbfcf4.jpg,500,375,1.333,RGB,208605
435739506_2daf7f4887.jpg,500,386,1.295,RGB,156708
435827376_4384c3005a.jpg,329,500,0.658,RGB,155580
436009777_440c7679a1.jpg,452,500,0.904,RGB,291537
436013859_793d870b6f.jpg,334,500,0.668,RGB,167870
436015762_8d0bae90c3.jpg,334,500,0.668,RGB,103161
436393371_822ee70952.jpg,472,500,0.944,RGB,165194
436608339_f1d1298770.jpg,500,333,1.502,RGB,104468
437054333_5c2761b8cd.jpg,498,500,0.996,RGB,186427
437404867_209625774d.jpg,446,500,0.892,RGB,181207
437527058_189f2a7eef.jpg,375,500,0.75,RGB,99197
437917001_ae1106f34e.jpg,500,252,1.984,RGB,110129
438639005_208bc59b0b.jpg,500,375,1.333,RGB,141244
439037721_cdf1fc7358.jpg,500,314,1.592,RGB,78593
439049388_3dcee2d30b.jpg,500,313,1.597,RGB,109130
439492931_a96d590e40.jpg,500,402,1.244,RGB,187427
439569646_c917f1bc78.jpg,500,375,1.333,RGB,148726
439916996_1ddb9dc8e7.jpg,470,500,0.94,RGB,261975
440184957_267f3f3a2b.jpg,500,374,1.337,RGB,218826
440190907_bf8b7ba8ef.jpg,500,333,1.502,RGB,171454
440737340_5af34ca9cf.jpg,500,375,1.333,RGB,219017
441212506_fcc321ac28.jpg,500,358,1.397,RGB,180876
44129946_9eeb385d77.jpg,500,375,1.333,RGB,171550
441398149_297146e38d.jpg,500,333,1.502,RGB,193367
441817653_fbdf83060b.jpg,500,333,1.502,RGB,130324
441921713_1cafc7d7d2.jpg,500,375,1.333,RGB,113825
442220883_ff3d6e507f.jpg,500,333,1.502,RGB,97989
442594271_2c3dd38483.jpg,500,366,1.366,RGB,101233
442918418_0f29c97fa9.jpg,375,500,0.75,RGB,168611
443430496_3fea95a07d.jpg,500,331,1.511,RGB,110505
443885436_6e927e6c58.jpg,500,375,1.333,RGB,109701
444047125_66b249287c.jpg,500,341,1.466,RGB,163398
444057017_f1e0fcaef7.jpg,500,375,1.333,RGB,148688
444481722_690d0cadcf.jpg,500,335,1.493,RGB,83782
444803340_fdcaab86f9.jpg,333,500,0.666,RGB,147072
444845904_a4531c811a.jpg,500,375,1.333,RGB,147948
444872454_9f51e07f88.jpg,500,333,1.502,RGB,144670
444881000_bba92e585c.jpg,500,333,1.502,RGB,149579
445148321_9f2f3ac711.jpg,500,375,1.333,RGB,146184
445655284_c29e6d7323.jpg,375,500,0.75,RGB,135906
445861800_75fc6a8c16.jpg,500,339,1.475,RGB,150231
446138054_d40c66d5f0.jpg,500,375,1.333,RGB,111939
446286714_dcec7f339e.jpg,500,321,1.558,RGB,176101
446291803_2fd4641b99.jpg,500,333,1.502,RGB,132828
446514680_ff5ca15ece.jpg,500,332,1.506,RGB,136389
447111935_5af98563e3.jpg,500,444,1.126,RGB,225482
447722389_4b51b7e13d.jpg,333,500,0.666,RGB,142680
447733067_09cfac3286.jpg,500,333,1.502,RGB,139442
447800028_0242008fa3.jpg,500,375,1.333,RGB,138988
448252603_7d928c900e.jpg,500,338,1.479,RGB,147417
448257345_ce149c2ea6.jpg,375,500,0.75,RGB,146524
44856031_0d82c2c7d1.jpg,500,332,1.506,RGB,178967
448590900_db83c42006.jpg,500,375,1.333,RGB,152825
448658518_eec0b648a6.jpg,500,475,1.053,RGB,184025
448916362_17f3f1d0e1.jpg,500,333,1.502,RGB,62230
449287870_f17fb825d7.jpg,375,500,0.75,RGB,173181
449352117_63c359c6e7.jpg,333,500,0.666,RGB,168317
450596617_ed37ec0fe4.jpg,500,330,1.515,RGB,101461
451081733_40218cec31.jpg,500,366,1.366,RGB,138400
451326127_2d95a2e1c2.jpg,500,347,1.441,RGB,158909
451597318_4f370b1339.jpg,500,325,1.538,RGB,170220
452345346_afe1248586.jpg,500,455,1.099,RGB,191721
452363869_cad37e609f.jpg,500,334,1.497,RGB,118459
452416075_60b2bb5832.jpg,375,500,0.75,RGB,128773
452419961_6d42ab7000.jpg,500,375,1.333,RGB,115733
453473508_682c0a7189.jpg,500,334,1.497,RGB,156670
453756106_711c20471a.jpg,500,308,1.623,RGB,149924
454686980_7517fe0c2e.jpg,500,365,1.37,RGB,128545
454691853_cc1e0fa6a1.jpg,500,357,1.401,RGB,164316
454709143_9c513f095c.jpg,401,500,0.802,RGB,151102
455611732_d65bf3e976.jpg,500,335,1.493,RGB,83868
455856615_f6361d9253.jpg,500,345,1.449,RGB,85879
456299217_b2802efbc2.jpg,500,330,1.515,RGB,112032
456512643_0aac2fa9ce.jpg,500,127,3.937,RGB,47273
457631171_12b1aee828.jpg,375,500,0.75,RGB,168353
457875937_982588d918.jpg,500,333,1.502,RGB,136414
457945610_1a23b9ced0.jpg,333,500,0.666,RGB,72078
458004873_f084c47a88.jpg,500,333,1.502,RGB,128321
458183774_afe65abf67.jpg,500,333,1.502,RGB,191718
458213442_12c59e61a0.jpg,500,333,1.502,RGB,121214
458735196_176e7df6b3.jpg,356,500,0.712,RGB,80464
459284240_5a4167bf92.jpg,500,375,1.333,RGB,157324
459778335_857d8ffebf.jpg,500,340,1.471,RGB,113909
459814265_d48ba48978.jpg,500,311,1.608,RGB,181057
460195978_fc522a4979.jpg,500,375,1.333,RGB,113288
460350019_af60511a3b.jpg,500,333,1.502,RGB,152864
460478198_83039f2593.jpg,500,312,1.603,RGB,174768
460781612_6815c74d37.jpg,500,478,1.046,RGB,95607
460935487_75b2da7854.jpg,347,500,0.694,RGB,146976
460973814_5eacd1ced4.jpg,500,362,1.381,RGB,155567
461019788_bc0993dabd.jpg,415,500,0.83,RGB,140428
461505235_590102a5bf.jpg,375,500,0.75,RGB,152444
462080147_ca088e6541.jpg,375,500,0.75,RGB,95432
462198798_89e2df0358.jpg,500,375,1.333,RGB,98431
462288558_b31a8a976f.jpg,500,333,1.502,RGB,96901
463786229_b54c9a3436.jpg,375,500,0.75,RGB,206119
463875230_f19e83d6df.jpg,281,500,0.562,RGB,139793
463978865_c87c6ca84c.jpg,500,304,1.645,RGB,117696
464116251_1ac4bc91f8.jpg,500,485,1.031,RGB,210225
464251704_b0f0c4c87a.jpg,500,375,1.333,RGB,105377
464506846_1734302b58.jpg,500,375,1.333,RGB,176968
464527562_a18f095225.jpg,500,375,1.333,RGB,198780
465859490_b077219424.jpg,500,312,1.603,RGB,72630
465994762_1760e83c5d.jpg,500,333,1.502,RGB,169080
466176275_f40d37851e.jpg,500,481,1.04,RGB,252585
466956209_2ffcea3941.jpg,500,326,1.534,RGB,139222
466956675_a2fb6bf901.jpg,326,500,0.652,RGB,148830
467858872_f3431df682.jpg,500,375,1.333,RGB,147060
467960888_6943257534.jpg,500,344,1.453,RGB,91936
468102269_135938e209.jpg,500,326,1.534,RGB,78976
468141298_3154d717e1.jpg,500,375,1.333,RGB,164231
468310111_d9396abcbd.jpg,500,375,1.333,RGB,152162
468608014_09fd20eb9b.jpg,500,333,1.502,RGB,98884
468871328_72990babd4.jpg,500,352,1.42,RGB,155156
468911753_cc595f5da0.jpg,500,334,1.497,RGB,155496
468918320_9c275b877f.jpg,500,437,1.144,RGB,141182
468930779_8008d90e10.jpg,500,354,1.412,RGB,144466
469021173_aa31c07108.jpg,500,334,1.497,RGB,195183
469029994_349e138606.jpg,500,334,1.497,RGB,107074
469259974_bb03c15c42.jpg,500,334,1.497,RGB,97512
469617651_278e586e46.jpg,500,379,1.319,RGB,111032
469969326_4b84073286.jpg,500,375,1.333,RGB,142723
470373679_98dceb19e7.jpg,500,375,1.333,RGB,90882
470887781_faae5dae83.jpg,500,380,1.316,RGB,188589
470887785_e0b1241d94.jpg,500,375,1.333,RGB,132882
470887791_86d5a08a38.jpg,500,398,1.256,RGB,134400
470887795_8443ce53d0.jpg,500,453,1.104,RGB,193246
470903027_489cc507de.jpg,500,313,1.597,RGB,117881
471402959_0b187560df.jpg,500,375,1.333,RGB,90358
472396131_6e97068d93.jpg,500,375,1.333,RGB,165175
472535997_0dbf42b9f3.jpg,375,500,0.75,RGB,99112
472661386_723aae880b.jpg,500,375,1.333,RGB,173689
472860064_a96a228796.jpg,500,375,1.333,RGB,147520
473220329_819a913bbb.jpg,333,500,0.666,RGB,141468
473988700_570422001b.jpg,375,500,0.75,RGB,182600
475042270_719ebe6c48.jpg,500,415,1.205,RGB,217759
475313618_bdb2f72be5.jpg,370,500,0.74,RGB,141938
475317104_1cdc1653b4.jpg,438,500,0.876,RGB,129909
475778645_65b7343c47.jpg,375,500,0.75,RGB,106882
475816542_f5c2736815.jpg,500,340,1.471,RGB,215982
475980315_b8ecd50094.jpg,500,375,1.333,RGB,88516
476233374_e1396998ef.jpg,500,334,1.497,RGB,185556
476740978_45b65ebe0c.jpg,500,334,1.497,RGB,183153
476759700_8911f087f8.jpg,315,500,0.63,RGB,138744
476760133_c33d2bd83d.jpg,500,351,1.425,RGB,207230
477204750_d04d111cd4.jpg,500,333,1.502,RGB,194808
477254932_56b48d775d.jpg,500,333,1.502,RGB,192418
477768471_d7cd618fdb.jpg,500,375,1.333,RGB,89642
478208896_90e7187b64.jpg,346,500,0.692,RGB,133912
478209058_21e2c37c73.jpg,500,337,1.484,RGB,134523
478592803_f57cc9c461.jpg,500,333,1.502,RGB,112544
47870024_73a4481f7d.jpg,500,375,1.333,RGB,126886
47871819_db55ac4699.jpg,500,306,1.634,RGB,154405
478750151_e0adb5030a.jpg,500,500,1.0,RGB,288376
478754346_addb53893c.jpg,332,500,0.664,RGB,134368
479807115_3a484fb18b.jpg,331,500,0.662,RGB,153950
479807465_cf42f39d00.jpg,331,500,0.662,RGB,128549
479807833_85eed6899c.jpg,419,500,0.838,RGB,198385
480200554_6155e9dfeb.jpg,377,500,0.754,RGB,183338
480505313_2dc686e5db.jpg,500,375,1.333,RGB,141359
480607352_65614ab348.jpg,333,500,0.666,RGB,130152
481054596_cad8c02103.jpg,500,406,1.232,RGB,186425
481632457_7372f18275.jpg,500,333,1.502,RGB,126152
481732592_b50194cb89.jpg,468,500,0.936,RGB,164040
481827288_a688be7913.jpg,500,339,1.475,RGB,132747
481887827_f8975dabf1.jpg,500,333,1.502,RGB,103246
482047956_9a29e9cee6.jpg,500,357,1.401,RGB,147173
482088914_e6ea4501e9.jpg,500,307,1.629,RGB,214070
482098572_e83153b300.jpg,500,322,1.553,RGB,154939
482353373_03a9d5e8bc.jpg,500,328,1.524,RGB,124072
482830610_13a0a6c924.jpg,500,375,1.333,RGB,103399
482882307_7dcb9eee11.jpg,500,333,1.502,RGB,144454
482882719_165722082d.jpg,500,333,1.502,RGB,143325
482907079_22085ada04.jpg,500,332,1.506,RGB,136785
483039719_75181b2726.jpg,500,334,1.497,RGB,99523
483136916_16976f4902.jpg,500,385,1.299,RGB,137439
483841513_e660391880.jpg,492,500,0.984,RGB,318831
484896012_7787d04f41.jpg,500,409,1.222,RGB,158323
485054073_fef8b80b4b.jpg,447,500,0.894,RGB,155313
485245061_5a5de43e20.jpg,500,375,1.333,RGB,121002
485312202_784508f2a9.jpg,500,334,1.497,RGB,133142
485357535_b45ba5b6da.jpg,500,282,1.773,RGB,121383
485566887_57eac33bd1.jpg,500,333,1.502,RGB,145412
485738889_c2a00876a6.jpg,453,500,0.906,RGB,139947
485741580_ab523fa657.jpg,375,500,0.75,RGB,171934
485921585_1974b1577a.jpg,500,500,1.0,RGB,196341
486300784_2cc7a770ff.jpg,500,375,1.333,RGB,105806
486712504_36be449055.jpg,500,383,1.305,RGB,109558
486720042_b785e7f88c.jpg,375,500,0.75,RGB,159099
486917990_72bd4069af.jpg,318,500,0.636,RGB,127794
487071033_27e460a1b9.jpg,500,500,1.0,RGB,192597
487074671_66db20bf47.jpg,334,500,0.668,RGB,99123
487487795_54705c406e.jpg,500,281,1.779,RGB,138796
487894806_352d9b5e66.jpg,500,334,1.497,RGB,81372
488089932_c3a5fa4140.jpg,500,326,1.534,RGB,114038
488196964_49159f11fd.jpg,446,500,0.892,RGB,215413
488352274_9a22064cb3.jpg,500,375,1.333,RGB,131701
488356951_b3b77ad832.jpg,500,500,1.0,RGB,133254
488408004_a1e26d4886.jpg,500,375,1.333,RGB,173498
488416045_1c6d903fe0.jpg,500,360,1.389,RGB,144294
488549693_a1f51d8c4a.jpg,500,335,1.493,RGB,123933
488590040_35a3e96c89.jpg,500,337,1.484,RGB,94650
489065557_0eb08889cd.jpg,500,375,1.333,RGB,168175
489134459_1b3f46fc03.jpg,500,375,1.333,RGB,162998
489372715_ce52da796a.jpg,466,500,0.932,RGB,152685
489551372_b19a6ad0ed.jpg,500,333,1.502,RGB,166550
489773343_a8aecf7db3.jpg,500,375,1.333,RGB,125065
489865145_65ea6d1c14.jpg,500,451,1.109,RGB,236710
490044494_d2d546be8d.jpg,500,333,1.502,RGB,124985
490390951_87395fcb1c.jpg,500,375,1.333,RGB,223322
491405109_798222cfd0.jpg,500,333,1.502,RGB,101561
491564019_1ca68d16c1.jpg,500,333,1.502,RGB,113979
491600485_26c52c8816.jpg,500,500,1.0,RGB,277332
491964988_414b556228.jpg,500,472,1.059,RGB,284749
492341908_1ef53be265.jpg,375,500,0.75,RGB,150967
492493570_c27237a396.jpg,500,320,1.562,RGB,111542
492802403_ba5246cfea.jpg,500,359,1.393,RGB,138547
493109089_468e105233.jpg,500,333,1.502,RGB,138882
493507605_48fe8e3739.jpg,500,372,1.344,RGB,227917
493542985_c85ad29ebe.jpg,494,500,0.988,RGB,275762
493621130_152bdd4e91.jpg,500,369,1.355,RGB,148471
494221578_027f51cdf4.jpg,334,500,0.668,RGB,136419
494329594_6e751372a0.jpg,500,377,1.326,RGB,179053
494792770_2c5f767ac0.jpg,500,455,1.099,RGB,263556
494907021_321e82877a.jpg,500,375,1.333,RGB,165290
494921598_af73bda568.jpg,500,335,1.493,RGB,72179
495014499_8fd065cfd9.jpg,333,500,0.666,RGB,186016
495033548_bd320405d8.jpg,500,438,1.142,RGB,171292
495054019_3dee8a02f5.jpg,500,379,1.319,RGB,155239
495055747_a75872762a.jpg,500,333,1.502,RGB,80506
495116214_f1df479fb0.jpg,500,375,1.333,RGB,189511
495340319_705f2e63d6.jpg,467,500,0.934,RGB,227254
495341977_b27279f962.jpg,500,333,1.502,RGB,144636
49553964_cee950f3ba.jpg,500,375,1.333,RGB,146322
496110746_a93ca191ae.jpg,334,500,0.668,RGB,80177
496129405_b9feeda1ab.jpg,500,336,1.488,RGB,179690
496380034_d22aeeedb3.jpg,500,334,1.497,RGB,141534
496555371_3e1ee0d97d.jpg,500,375,1.333,RGB,144175
496606439_9333831e73.jpg,500,375,1.333,RGB,149175
496971341_22782195f0.jpg,500,362,1.381,RGB,131592
497122685_a51b29dc46.jpg,362,500,0.724,RGB,170923
497579819_f91b26f7d3.jpg,500,333,1.502,RGB,222026
497791037_93499238d8.jpg,500,441,1.134,RGB,263627
498404951_527adba7b8.jpg,500,333,1.502,RGB,106275
498444334_a680d318a1.jpg,500,412,1.214,RGB,159889
498492764_fe276e505a.jpg,500,375,1.333,RGB,133422
498748832_941faaaf40.jpg,375,500,0.75,RGB,118825
498794783_cc2ac62b47.jpg,375,500,0.75,RGB,212865
498957941_f0eda42787.jpg,377,500,0.754,RGB,87935
50030244_02cd4de372.jpg,500,375,1.333,RGB,238168
500308355_f0c19067c0.jpg,357,500,0.714,RGB,165637
500446858_125702b296.jpg,500,335,1.493,RGB,130443
500678178_26ce0f4417.jpg,500,375,1.333,RGB,245521
501320769_31eea7b7ea.jpg,500,375,1.333,RGB,75145
501520507_c86f805ab8.jpg,302,500,0.604,RGB,154107
501650847_b0beba926c.jpg,500,375,1.333,RGB,137959
501684722_0f20c4e704.jpg,500,369,1.355,RGB,115580
501699433_f8df386cf9.jpg,500,333,1.502,RGB,87754
502115726_927dd684d3.jpg,500,375,1.333,RGB,161107
502671104_b2114246c7.jpg,500,375,1.333,RGB,126901
502783522_3656f27014.jpg,500,375,1.333,RGB,176243
502884177_25939ac000.jpg,375,500,0.75,RGB,146542
503090187_8758ab5680.jpg,500,375,1.333,RGB,134882
503717911_fc43cb3cf9.jpg,500,334,1.497,RGB,151724
503794526_603a7954d3.jpg,381,500,0.762,RGB,213682
504385521_6e668691a3.jpg,500,333,1.502,RGB,140702
504765160_b4b083b293.jpg,359,500,0.718,RGB,132345
504904434_889f426c6e.jpg,456,500,0.912,RGB,148718
505062117_a70b4e10ab.jpg,500,400,1.25,RGB,193837
505929313_7668f021ab.jpg,333,500,0.666,RGB,107387
505944126_f9a6ab8944.jpg,500,375,1.333,RGB,158615
505955292_026f1489f2.jpg,500,375,1.333,RGB,155966
506343925_b30a235de6.jpg,500,500,1.0,RGB,141286
506367606_7cca2bba9b.jpg,500,375,1.333,RGB,169324
506412121_67ecc7ec05.jpg,500,197,2.538,RGB,67575
506478284_7cf8bdbe36.jpg,469,500,0.938,RGB,103209
506738508_327efdf9c3.jpg,375,500,0.75,RGB,124050
506808265_fe84ada926.jpg,500,375,1.333,RGB,155109
506882688_b37d549593.jpg,500,333,1.502,RGB,129332
507758961_e63ca126cc.jpg,500,333,1.502,RGB,106368
508261758_78fb8ae067.jpg,500,375,1.333,RGB,163648
508432819_3d055f395d.jpg,500,375,1.333,RGB,218483
508929192_670910fdd2.jpg,332,500,0.664,RGB,204160
508958120_afe274f726.jpg,500,347,1.441,RGB,130344
509123893_07b8ea82a9.jpg,375,500,0.75,RGB,202095
509200598_171a1ab6c8.jpg,500,333,1.502,RGB,214089
509241560_00e5b20562.jpg,500,365,1.37,RGB,194978
509778093_21236bb64d.jpg,500,333,1.502,RGB,152462
510197538_0a11b94460.jpg,333,500,0.666,RGB,121948
510510783_b2cf5d57bb.jpg,357,500,0.714,RGB,230289
510531976_90bbee22a2.jpg,500,500,1.0,RGB,213393
510791586_3913ade6a7.jpg,500,375,1.333,RGB,179754
511282305_dbab4bf4be.jpg,500,343,1.458,RGB,164568
511749704_3037806cb1.jpg,500,334,1.497,RGB,107723
511844627_0ec78e01e9.jpg,375,500,0.75,RGB,144044
512026551_ba63ddbd31.jpg,500,333,1.502,RGB,115496
512031915_0dd03dcdf9.jpg,357,500,0.714,RGB,105501
512045825_1be2083922.jpg,500,373,1.34,RGB,137248
512101751_05a6d93e19.jpg,500,333,1.502,RGB,123938
512163695_51a108761d.jpg,500,333,1.502,RGB,159820
512306469_1392697d32.jpg,500,333,1.502,RGB,68022
512550372_438849ce19.jpg,500,333,1.502,RGB,221285
512634877_d7ad8c8329.jpg,500,331,1.511,RGB,109765
512991147_dc48e6839c.jpg,500,374,1.337,RGB,115154
513116697_ad0f4dc800.jpg,500,375,1.333,RGB,120757
513269597_c38308feaf.jpg,500,334,1.497,RGB,192173
514036362_5f2b9b7314.jpg,500,332,1.506,RGB,76216
514073775_56796be990.jpg,500,375,1.333,RGB,174145
514222285_aa0c8d05b7.jpg,372,500,0.744,RGB,91644
514222303_cb98584536.jpg,500,372,1.344,RGB,222874
514431934_9cf78f05a9.jpg,500,333,1.502,RGB,193014
514905846_b54d13946a.jpg,341,500,0.682,RGB,131607
514990193_2d2422af2c.jpg,500,375,1.333,RGB,195042
515335111_c4afd5b903.jpg,500,375,1.333,RGB,129947
515702827_be3c6ce857.jpg,500,333,1.502,RGB,105996
515755283_8f890b3207.jpg,500,375,1.333,RGB,116743
515797344_4ae75cb9b1.jpg,500,357,1.401,RGB,154328
516214924_c2a4364cb3.jpg,388,500,0.776,RGB,126465
516394876_8b9b8021bc.jpg,375,500,0.75,RGB,198030
516648762_0cff84ea97.jpg,500,375,1.333,RGB,83535
516725192_c9cdd63878.jpg,500,274,1.825,RGB,74552
516761840_842dabc908.jpg,500,307,1.629,RGB,160691
516998046_1175674fcd.jpg,500,470,1.064,RGB,164794
517094985_4b9e926936.jpg,372,500,0.744,RGB,148052
517102724_a0f3069156.jpg,500,333,1.502,RGB,135634
518144037_9a1754b2a6.jpg,500,333,1.502,RGB,144847
518251319_40e031e818.jpg,333,500,0.666,RGB,112841
518610439_b64ab21c02.jpg,500,333,1.502,RGB,139039
518789868_8895ef8792.jpg,500,375,1.333,RGB,86852
519059913_4906fe4050.jpg,500,437,1.144,RGB,144728
519061891_320061864e.jpg,477,500,0.954,RGB,186642
519167484_ee03e2a91e.jpg,500,337,1.484,RGB,125515
519228867_2fd25e38d4.jpg,333,500,0.666,RGB,166350
519754987_51861fea85.jpg,500,375,1.333,RGB,186504
520491467_54cbc0a866.jpg,500,495,1.01,RGB,176820
521186251_e97d1f50f8.jpg,500,332,1.506,RGB,162383
521658170_a837af87e9.jpg,500,333,1.502,RGB,183100
522063319_33827f1627.jpg,500,333,1.502,RGB,129057
522486784_978021d537.jpg,500,375,1.333,RGB,161025
522652105_a89f1cf260.jpg,357,500,0.714,RGB,148198
522700240_d9af45e60d.jpg,500,344,1.453,RGB,80200
523249012_a0a25f487e.jpg,500,355,1.408,RGB,232669
523327429_af093fc7cf.jpg,333,500,0.666,RGB,123457
523692399_d2e261a302.jpg,500,338,1.479,RGB,111668
523985664_c866af4850.jpg,334,500,0.668,RGB,110407
523991446_65dbc5a4a5.jpg,334,500,0.668,RGB,101080
524031846_28b11bc0e5.jpg,348,500,0.696,RGB,115821
524036004_6747cf909b.jpg,367,500,0.734,RGB,111032
524105255_b346f288be.jpg,500,416,1.202,RGB,149257
524282699_71e678a6bd.jpg,500,375,1.333,RGB,169710
524310507_51220580de.jpg,449,500,0.898,RGB,189057
524360969_472a7152f0.jpg,500,375,1.333,RGB,138019
524698457_77ba13840a.jpg,500,400,1.25,RGB,175600
525538142_7348f0bce7.jpg,342,500,0.684,RGB,110699
525863257_053333e612.jpg,500,398,1.256,RGB,174268
525887861_4cc7a1beca.jpg,375,500,0.75,RGB,131604
525968880_82623392d1.jpg,500,375,1.333,RGB,123220
526661994_21838fc72c.jpg,500,347,1.441,RGB,122974
526955751_f519d62b58.jpg,500,333,1.502,RGB,139106
527272653_8a5bd818e5.jpg,322,500,0.644,RGB,113222
527288854_f26127b770.jpg,500,327,1.529,RGB,128860
527946505_a51ade1578.jpg,500,374,1.337,RGB,181708
527968666_1fcddf81ab.jpg,500,335,1.493,RGB,158007
528498076_43f0ef36b5.jpg,333,500,0.666,RGB,81271
528500099_7be78a0ca5.jpg,326,500,0.652,RGB,92572
529101401_ab1f6b1206.jpg,500,333,1.502,RGB,85793
529198549_5cd9fedf3f.jpg,500,375,1.333,RGB,151905
53043785_c468d6f931.jpg,500,375,1.333,RGB,84963
530454257_66d58b49ee.jpg,500,375,1.333,RGB,206044
530661899_94655d7d0e.jpg,500,319,1.567,RGB,66929
530888330_a18343e38d.jpg,500,352,1.42,RGB,89206
530950375_eea665583f.jpg,500,334,1.497,RGB,147074
531055369_936fd76a63.jpg,500,375,1.333,RGB,140938
531152619_6db02a7ed9.jpg,500,333,1.502,RGB,108557
531197115_2be4d5034b.jpg,500,481,1.04,RGB,210072
531261613_f1a045cd75.jpg,500,333,1.502,RGB,181219
532036676_e88b13e0a1.jpg,375,500,0.75,RGB,87781
532131603_c82d454c8a.jpg,500,334,1.497,RGB,148859
532396029_ce125bda3f.jpg,500,476,1.05,RGB,250504
532457586_bddfc5251d.jpg,500,375,1.333,RGB,107066
532914728_c5d8d56b0b.jpg,500,375,1.333,RGB,79505
532999240_1409d073be.jpg,500,333,1.502,RGB,158140
533483374_86c5d4c13e.jpg,500,375,1.333,RGB,103661
533602654_9edc74385d.jpg,500,375,1.333,RGB,142408
533713001_2d36e93509.jpg,500,375,1.333,RGB,210127
533713007_bf9f3e25b4.jpg,500,369,1.355,RGB,186928
533979933_a95b03323b.jpg,373,500,0.746,RGB,96786
534056823_0752303702.jpg,500,375,1.333,RGB,124183
534200447_b0f3ff02be.jpg,500,375,1.333,RGB,192957
534313000_4ad39c7ee0.jpg,500,375,1.333,RGB,144432
534655560_dc1c335b3f.jpg,500,333,1.502,RGB,114327
534669139_1a4f8ab9d5.jpg,500,400,1.25,RGB,182711
534875358_6ea30d3091.jpg,333,500,0.666,RGB,124283
534886684_a6c9f40fa1.jpg,500,333,1.502,RGB,140452
535123126_c06c1ab9bf.jpg,500,451,1.109,RGB,258197
535249787_0fcaa613a0.jpg,375,500,0.75,RGB,153644
535309053_ec737abde8.jpg,500,333,1.502,RGB,164049
535399240_0714a6e950.jpg,500,334,1.497,RGB,105495
535529555_583d89b7f2.jpg,500,333,1.502,RGB,133124
535830521_aa971319fc.jpg,500,375,1.333,RGB,135648
536495604_b22bbc905a.jpg,375,500,0.75,RGB,113792
536537638_f5ee42410b.jpg,500,408,1.225,RGB,157503
536721406_884ab8fece.jpg,500,357,1.401,RGB,163409
536828916_b763b82949.jpg,500,334,1.497,RGB,104276
537222436_ab406234ce.jpg,333,500,0.666,RGB,108669
537225246_dd0e2158a7.jpg,500,319,1.567,RGB,119141
537230454_1f09199476.jpg,500,333,1.502,RGB,159434
537359971_6e28f5e66e.jpg,317,500,0.634,RGB,140946
537390477_7dd3407f96.jpg,500,354,1.412,RGB,98157
537479916_c033897fac.jpg,500,375,1.333,RGB,191071
537532165_e4b7c0e61a.jpg,375,500,0.75,RGB,139077
537559285_29be110134.jpg,500,375,1.333,RGB,181488
537579448_a7f92cef58.jpg,500,394,1.269,RGB,200380
537628742_146f2c24f8.jpg,375,500,0.75,RGB,113581
537758332_8beb9cf522.jpg,500,375,1.333,RGB,110059
538825260_a4a8784b75.jpg,500,347,1.441,RGB,118092
539493423_9d7d1b77fa.jpg,500,375,1.333,RGB,135834
539493431_744eb1abaa.jpg,500,375,1.333,RGB,146014
539667015_fd0a3bea07.jpg,500,333,1.502,RGB,230580
539676201_c8f1f04952.jpg,500,375,1.333,RGB,74349
539705321_99406e5820.jpg,500,333,1.502,RGB,194460
539744890_85e63f5854.jpg,180,500,0.36,RGB,76793
539750844_02a07ec524.jpg,478,500,0.956,RGB,181922
539751252_2bd88c456b.jpg,500,394,1.269,RGB,217309
539761097_5c6c70425b.jpg,338,500,0.676,RGB,175063
539801139_7258ee437f.jpg,500,335,1.493,RGB,124748
540338917_57069687be.jpg,500,375,1.333,RGB,177006
540604040_bec822c144.jpg,332,500,0.664,RGB,109475
540721368_12ac732c6c.jpg,333,500,0.666,RGB,142648
540873795_ae62ae6f60.jpg,333,500,0.666,RGB,87636
541046380_513e295384.jpg,380,500,0.76,RGB,172367
541063419_a5f3672d59.jpg,500,375,1.333,RGB,144884
541063517_35044c554a.jpg,500,375,1.333,RGB,158137
542179694_e170e9e465.jpg,500,325,1.538,RGB,129739
542269487_5d77b363eb.jpg,500,320,1.562,RGB,131130
542317719_ed4dd95dc2.jpg,500,332,1.506,RGB,83917
542405691_0594b1ce72.jpg,500,335,1.493,RGB,101153
542648687_adf13c406b.jpg,500,334,1.497,RGB,131182
543007912_23fc735b99.jpg,332,500,0.664,RGB,114183
543102698_38e7e38bbc.jpg,375,500,0.75,RGB,257409
543264612_c53cc163b4.jpg,333,500,0.666,RGB,89889
543291644_64539956e9.jpg,334,500,0.668,RGB,103284
543326592_70bd4d8602.jpg,500,387,1.292,RGB,168319
543363241_74d8246fab.jpg,298,500,0.596,RGB,103364
543603259_ef26d9c72d.jpg,500,426,1.174,RGB,215179
543940240_a54a3c7989.jpg,500,333,1.502,RGB,136285
544122267_e9e0100bc5.jpg,375,500,0.75,RGB,164114
544257613_d9a1fea3f7.jpg,500,333,1.502,RGB,90885
544301311_5e7d69a517.jpg,500,375,1.333,RGB,106948
544576742_283b65fa0d.jpg,333,500,0.666,RGB,154214
54501196_a9ac9d66f2.jpg,500,375,1.333,RGB,135377
54723805_bcf7af3f16.jpg,500,326,1.534,RGB,85744
548751378_c657401312.jpg,500,333,1.502,RGB,100674
549520317_af3d5c32eb.jpg,333,500,0.666,RGB,105432
549887636_0ea5ae4739.jpg,500,355,1.408,RGB,160818
55135290_9bed5c4ca3.jpg,500,399,1.253,RGB,180279
551403320_dfdcf9fc3b.jpg,500,375,1.333,RGB,178150
551664516_78a5131dc4.jpg,321,500,0.642,RGB,113119
554526471_a31f8b74ef.jpg,500,375,1.333,RGB,126723
55470226_52ff517151.jpg,500,375,1.333,RGB,123196
55473406_1d2271c1f2.jpg,500,326,1.534,RGB,70837
554774472_b5d165ff69.jpg,500,334,1.497,RGB,223804
556568556_bc5124dc8e.jpg,469,500,0.938,RGB,153065
557101732_32bbc47c12.jpg,500,375,1.333,RGB,133751
557601144_50b8c40393.jpg,365,500,0.73,RGB,178877
557721978_dfde31bc02.jpg,412,500,0.824,RGB,148475
559102835_472ff702b5.jpg,375,500,0.75,RGB,224849
560278886_df4bd2e212.jpg,500,333,1.502,RGB,147144
561179884_8b6b925ef9.jpg,500,375,1.333,RGB,224351
561179890_af8e31cb2e.jpg,375,500,0.75,RGB,157596
561417861_8e25d0c0e8.jpg,375,500,0.75,RGB,95009
561940436_64d6fc125d.jpg,375,500,0.75,RGB,121800
562588230_edb2c071c8.jpg,500,375,1.333,RGB,160060
562928217_21f967a807.jpg,309,500,0.618,RGB,165565
56489627_e1de43de34.jpg,500,375,1.333,RGB,199483
56494233_1824005879.jpg,500,375,1.333,RGB,122572
565605894_8f0bed0438.jpg,333,500,0.666,RGB,107592
566384456_97da3c7bd6.jpg,500,392,1.276,RGB,92012
566397227_a469e9e415.jpg,375,500,0.75,RGB,163478
566446626_9793890f95.jpg,375,500,0.75,RGB,156290
566794036_60f7acdf35.jpg,375,500,0.75,RGB,144201
566794440_f9ec673a2f.jpg,375,500,0.75,RGB,166496
566921157_07c18a41e2.jpg,500,375,1.333,RGB,133959
571130875_30051ac02d.jpg,500,368,1.359,RGB,186082
571507143_be346225b7.jpg,500,333,1.502,RGB,187735
572618443_647483ca82.jpg,334,500,0.668,RGB,123078
57417274_d55d34e93e.jpg,500,375,1.333,RGB,162268
57422853_b5f6366081.jpg,500,375,1.333,RGB,137315
574274795_57e0834e7d.jpg,284,500,0.568,RGB,51561
575636303_b0b8fd4eee.jpg,500,375,1.333,RGB,201207
576075451_5e0f6facb3.jpg,500,327,1.529,RGB,102626
576093768_e78f91c176.jpg,500,314,1.592,RGB,102009
576920249_df1bdc2068.jpg,500,375,1.333,RGB,153628
578274277_652cae32ba.jpg,333,500,0.666,RGB,100215
578644583_da3ff18dd1.jpg,353,500,0.706,RGB,103658
581419370_30485f3580.jpg,500,375,1.333,RGB,253462
582788646_dc40748639.jpg,500,371,1.348,RGB,149095
582899605_d96f9201f1.jpg,357,500,0.714,RGB,187360
583087629_a09334e1fb.jpg,500,375,1.333,RGB,141641
583174725_6b522b621f.jpg,500,375,1.333,RGB,144914
58357057_dea882479e.jpg,500,375,1.333,RGB,89398
58363928_6f7074608c.jpg,500,375,1.333,RGB,197518
58363930_0544844edd.jpg,375,500,0.75,RGB,130706
58368365_03ed3e5bdf.jpg,500,375,1.333,RGB,67277
584484388_0eeb36d03d.jpg,500,361,1.385,RGB,178234
587604325_af5d6df679.jpg,438,500,0.876,RGB,125788
590445887_4d4fa43923.jpg,500,355,1.408,RGB,111917
597543181_6a85ef4c17.jpg,333,500,0.666,RGB,73253
599366440_a238e805cf.jpg,500,375,1.333,RGB,209195
607339469_af851c4119.jpg,500,327,1.529,RGB,129677
608257195_6ec6f48e37.jpg,375,500,0.75,RGB,229848
609681901_66809d2dc1.jpg,500,375,1.333,RGB,168013
610590753_cd69ce081a.jpg,500,500,1.0,RGB,245350
611910909_4f8e43e070.jpg,333,500,0.666,RGB,134156
61209225_8512e1dad5.jpg,500,375,1.333,RGB,143087
613030608_4355e007c7.jpg,280,500,0.56,RGB,87789
613900608_2e49415772.jpg,461,500,0.922,RGB,183687
615916000_5044047d71.jpg,351,500,0.702,RGB,144569
616045808_0286d0574b.jpg,375,500,0.75,RGB,173656
616177206_0e16c33f6b.jpg,313,500,0.626,RGB,118141
617038406_4092ee91dd.jpg,400,500,0.8,RGB,166562
618292739_0fdc2ccab0.jpg,500,349,1.433,RGB,205397
618771382_459bb492e4.jpg,500,289,1.73,RGB,104227
619169586_0a13ee7c21.jpg,500,375,1.333,RGB,98596
621000329_84f48948eb.jpg,334,500,0.668,RGB,116444
624058168_f1c5e87e59.jpg,500,434,1.152,RGB,151499
624742559_ff467d8ebc.jpg,500,338,1.479,RGB,137329
630476551_2ee7399f77.jpg,500,318,1.572,RGB,104418
632251903_b36701a5e9.jpg,333,500,0.666,RGB,158750
632608471_a70461f123.jpg,500,349,1.433,RGB,60905
633456174_b768c1d6cd.jpg,375,500,0.75,RGB,149799
634891010_9fa189effb.jpg,500,300,1.667,RGB,215213
635444010_bd81c89ab7.jpg,375,500,0.75,RGB,208682
636503038_17ca82b50f.jpg,500,375,1.333,RGB,98955
637342973_89f6fac1f7.jpg,500,375,1.333,RGB,108724
639120223_7db6bdb61f.jpg,500,333,1.502,RGB,157361
639865690_d66d480879.jpg,500,385,1.299,RGB,141574
640053014_549d2f23d2.jpg,500,335,1.493,RGB,93206
640203018_c0e7175831.jpg,500,334,1.497,RGB,148543
640409060_6af18fdd54.jpg,500,335,1.493,RGB,134163
640506101_ae1145b6d1.jpg,375,500,0.75,RGB,187432
641893280_36fd6e886a.jpg,500,375,1.333,RGB,97432
642987597_03b21a1437.jpg,500,375,1.333,RGB,187031
649596742_5ba84ce946.jpg,500,336,1.488,RGB,111526
652542470_60e858da64.jpg,357,500,0.714,RGB,100772
654130822_4aeb1f1273.jpg,357,500,0.714,RGB,98867
656260720_a7db4ce48b.jpg,357,500,0.714,RGB,135023
661546153_9d30db6984.jpg,375,500,0.75,RGB,149073
661749711_6f408dad62.jpg,357,500,0.714,RGB,173774
661755629_602ea4cf09.jpg,500,357,1.401,RGB,161697
661757041_61e131e913.jpg,500,358,1.397,RGB,192241
662606040_8cc8cd9f1b.jpg,356,500,0.712,RGB,159918
664341930_bd5c8b60ea.jpg,500,334,1.497,RGB,91812
664470170_6a1ad20c45.jpg,500,375,1.333,RGB,147035
667626_18933d713e.jpg,500,375,1.333,RGB,65901
670609997_5c7fdb3f0b.jpg,381,500,0.762,RGB,187610
673806038_0a3682a83f.jpg,500,373,1.34,RGB,141199
684255145_db3f8e3e46.jpg,500,333,1.502,RGB,89414
684375286_09cc1aa778.jpg,500,374,1.337,RGB,180576
687513087_413d4a3a3b.jpg,500,357,1.401,RGB,155206
688210930_85c5675d5b.jpg,500,432,1.157,RGB,165171
688940111_325a74674a.jpg,500,333,1.502,RGB,82145
689359034_4a64c24ca4.jpg,500,375,1.333,RGB,153049
689776124_07f560a920.jpg,500,399,1.253,RGB,181129
691770760_48ce80a674.jpg,500,375,1.333,RGB,185598
69189650_6687da7280.jpg,500,333,1.502,RGB,129954
693164706_9624582e69.jpg,500,375,1.333,RGB,124825
693450725_8ad72389e6.jpg,333,500,0.666,RGB,116056
693785581_68bec8312a.jpg,500,375,1.333,RGB,107417
694496803_f2a05869cf.jpg,375,500,0.75,RGB,157671
696663662_232edd58af.jpg,500,375,1.333,RGB,116952
69710411_2cf537f61f.jpg,500,375,1.333,RGB,75892
69710415_5c2bfb1058.jpg,500,375,1.333,RGB,98030
697490420_67d8d2a859.jpg,351,500,0.702,RGB,77978
697582336_601462e052.jpg,500,333,1.502,RGB,169309
697778778_b52090709d.jpg,346,500,0.692,RGB,168802
698107542_3aa0ba78b4.jpg,500,314,1.592,RGB,111617
700884207_d3ec546494.jpg,333,500,0.666,RGB,113498
701816897_221bbe761a.jpg,500,375,1.333,RGB,115416
707941195_4386109029.jpg,334,500,0.668,RGB,99007
707972553_36816e53a2.jpg,500,332,1.506,RGB,86031
708860480_1a956ae0f7.jpg,500,332,1.506,RGB,84750
708945669_08e7ffb9a7.jpg,500,374,1.337,RGB,200726
709373049_15b8b6457a.jpg,500,418,1.196,RGB,197462
70995350_75d0698839.jpg,500,333,1.502,RGB,52887
710878348_323082babd.jpg,500,375,1.333,RGB,107357
716597900_b72c58362c.jpg,500,333,1.502,RGB,129257
717673249_ac998cfbe6.jpg,500,333,1.502,RGB,124073
719837187_3e7bf1d472.jpg,500,333,1.502,RGB,113872
720208977_f44c2bba5b.jpg,500,336,1.488,RGB,148540
72218201_e0e9c7d65b.jpg,500,375,1.333,RGB,120799
724702877_f2a938766b.jpg,335,500,0.67,RGB,66975
72964268_d532bb8ec7.jpg,500,328,1.524,RGB,106236
732468337_a37075225e.jpg,500,494,1.012,RGB,160739
733172023_5810350af6.jpg,375,500,0.75,RGB,191718
733752482_ee01a419e5.jpg,500,333,1.502,RGB,112449
733964952_69f011a6c4.jpg,500,375,1.333,RGB,160213
733965014_1a0b2b5ee9.jpg,500,375,1.333,RGB,161317
735787579_617b047319.jpg,500,333,1.502,RGB,117751
742073622_1206be8f7f.jpg,500,375,1.333,RGB,176637
743571049_68080e8751.jpg,488,500,0.976,RGB,190852
745563422_f4fa7d9157.jpg,500,332,1.506,RGB,111715
745880539_cd3f948837.jpg,500,334,1.497,RGB,148910
745966757_6d16dfad8f.jpg,417,500,0.834,RGB,148065
746787916_ceb103069f.jpg,500,334,1.497,RGB,147872
747242766_afdc9cb2ba.jpg,500,454,1.101,RGB,279126
747921928_48eb02aab2.jpg,390,500,0.78,RGB,101666
749840385_e004bf3b7c.jpg,500,345,1.449,RGB,80584
750196276_c3258c6f1b.jpg,375,500,0.75,RGB,124606
751074141_feafc7b16c.jpg,500,375,1.333,RGB,219938
751109943_2a7f8e117f.jpg,333,500,0.666,RGB,76036
751737218_b89839a311.jpg,500,404,1.238,RGB,172608
752052256_243d111bf0.jpg,500,375,1.333,RGB,189076
753285176_f21a2b984d.jpg,500,333,1.502,RGB,106705
753578547_912d2b4048.jpg,357,500,0.714,RGB,175097
754852108_72f80d421f.jpg,389,500,0.778,RGB,132176
755326139_ee344ece7b.jpg,333,500,0.666,RGB,137808
756004341_1a816df714.jpg,500,375,1.333,RGB,172113
756521713_5d3da56a54.jpg,500,333,1.502,RGB,125356
756909515_a416161656.jpg,500,328,1.524,RGB,148064
757046028_ff5999f91b.jpg,336,500,0.672,RGB,120084
757133580_ba974ef649.jpg,333,500,0.666,RGB,85193
757332692_6866ae545c.jpg,500,334,1.497,RGB,79737
758921886_55a351dd67.jpg,500,375,1.333,RGB,93978
759015118_4bd3617e60.jpg,357,500,0.714,RGB,110934
760138567_762d9022d4.jpg,500,383,1.305,RGB,126324
760180310_3c6bd4fd1f.jpg,500,395,1.266,RGB,130706
762947607_2001ee4c72.jpg,333,500,0.666,RGB,211015
763577068_4b96ed768b.jpg,500,388,1.289,RGB,180863
765091078_a8a11c6f9e.jpg,500,340,1.471,RGB,157922
765298136_7805fbb079.jpg,500,333,1.502,RGB,107648
765929807_de381cc764.jpg,500,356,1.404,RGB,182477
766061382_6c7ff514c4.jpg,500,375,1.333,RGB,156182
766099402_cdda6964f0.jpg,500,375,1.333,RGB,196345
766346887_a9a9d0637a.jpg,500,414,1.208,RGB,130192
769260947_02bc973d76.jpg,500,333,1.502,RGB,97542
771048251_602e5e8f45.jpg,500,333,1.502,RGB,86886
771366843_a66304161b.jpg,500,374,1.337,RGB,173013
772212710_f5fc22ed35.jpg,500,466,1.073,RGB,218792
772403830_08b72c7da9.jpg,333,500,0.666,RGB,66296
774009278_8e75b7d498.jpg,500,375,1.333,RGB,169897
775664534_3f6de7d413.jpg,500,333,1.502,RGB,198417
778885185_3f6905370b.jpg,500,333,1.502,RGB,112241
781118358_19087c9ec0.jpg,500,375,1.333,RGB,147625
781387473_208ba152b3.jpg,500,331,1.511,RGB,151840
782017931_75d92bb7a4.jpg,500,375,1.333,RGB,84792
782401952_5bc5d3413a.jpg,500,396,1.263,RGB,176221
783353797_fdf91bdf4c.jpg,500,333,1.502,RGB,119389
783994497_4f6885454d.jpg,500,451,1.109,RGB,158071
788126442_086334f0cf.jpg,333,500,0.666,RGB,97160
78984436_ad96eaa802.jpg,500,375,1.333,RGB,134396
791338571_7f38510bf7.jpg,500,305,1.639,RGB,178527
792362827_5ab5281b99.jpg,500,327,1.529,RGB,176030
795081510_53fd17d101.jpg,500,375,1.333,RGB,103253
798343627_7492fe0c12.jpg,375,500,0.75,RGB,90812
799199774_142b1c3bb2.jpg,500,334,1.497,RGB,147094
799431781_65dc312afc.jpg,500,333,1.502,RGB,122544
799486353_f665d7b0f0.jpg,333,500,0.666,RGB,90557
801607443_f15956d1ce.jpg,330,500,0.66,RGB,149419
802594049_289e3c8420.jpg,500,316,1.582,RGB,55602
804087017_330bcc8c56.jpg,500,334,1.497,RGB,172000
805682444_90ed9e1ef3.jpg,500,500,1.0,RGB,236937
808245064_8a7971fc5b.jpg,500,387,1.292,RGB,139817
811662356_f9a632b63c.jpg,332,500,0.664,RGB,105903
811663364_4b350a62ce.jpg,334,500,0.668,RGB,150784
812196663_0c969970b5.jpg,500,375,1.333,RGB,109477
816084977_21c1811c9a.jpg,500,334,1.497,RGB,102206
818340833_7b963c0ee3.jpg,500,333,1.502,RGB,129728
820169182_f5e78d7d19.jpg,500,335,1.493,RGB,102726
822836318_21544f0f78.jpg,500,375,1.333,RGB,67788
823675317_b5fbdb17b3.jpg,500,333,1.502,RGB,82207
823697339_aadbeef495.jpg,500,334,1.497,RGB,128962
824123145_59243e504e.jpg,500,334,1.497,RGB,123894
824782868_a8f532f3a6.jpg,500,375,1.333,RGB,128296
824923476_d85edce294.jpg,500,357,1.401,RGB,143300
825918657_d92f1761f4.jpg,500,332,1.506,RGB,116826
827941668_2e4ac6cb39.jpg,500,375,1.333,RGB,172676
832128857_1390386ea6.jpg,500,333,1.502,RGB,133504
835415474_7b7f2a9768.jpg,333,500,0.666,RGB,109616
836768303_d748df5546.jpg,500,395,1.266,RGB,190952
836828001_af98d16256.jpg,500,469,1.066,RGB,134218
837893113_81854e94e3.jpg,500,375,1.333,RGB,192042
837919879_94e3dacd83.jpg,306,500,0.612,RGB,151218
838074897_9d6270b3cd.jpg,387,500,0.774,RGB,203017
839295615_bb9baf2f95.jpg,500,358,1.397,RGB,135251
842960985_91daf0d6ec.jpg,500,216,2.315,RGB,90027
842961005_692737888e.jpg,500,213,2.347,RGB,90187
843616798_5ab0ecb525.jpg,500,400,1.25,RGB,90962
846085364_fc9d23df46.jpg,337,500,0.674,RGB,57469
84713990_d3f3cef78b.jpg,500,375,1.333,RGB,160485
847782643_57248bbdab.jpg,458,500,0.916,RGB,233313
848180689_d67a1361ce.jpg,500,375,1.333,RGB,149114
848293676_98e73c52c1.jpg,500,375,1.333,RGB,84287
852469220_bc0fee3623.jpg,500,333,1.502,RGB,96208
854333409_38bc1da9dc.jpg,500,392,1.276,RGB,233734
856985136_649c0a3881.jpg,500,375,1.333,RGB,161426
857914283_270d7d1c87.jpg,500,285,1.754,RGB,105741
859620561_de417cac1e.jpg,500,332,1.506,RGB,148510
860928274_744d14f198.jpg,500,333,1.502,RGB,95265
861608773_bdafd5c996.jpg,500,334,1.497,RGB,129700
861661418_8a37024ace.jpg,442,500,0.884,RGB,172768
861795382_5145ad433d.jpg,500,438,1.142,RGB,178837
862054277_34b5a6f401.jpg,354,500,0.708,RGB,127434
862156271_3eacea90a8.jpg,500,333,1.502,RGB,98714
862177617_c2c0581075.jpg,500,333,1.502,RGB,117579
862187579_9faf4a51e0.jpg,500,333,1.502,RGB,78460
86412576_c53392ef80.jpg,500,400,1.25,RGB,153094
864290968_eccb46d5ab.jpg,500,306,1.634,RGB,94844
86542183_5e312ae4d4.jpg,500,372,1.344,RGB,80895
866841633_05d273b96d.jpg,500,244,2.049,RGB,100072
870710405_51e507b31a.jpg,275,500,0.55,RGB,82167
871290646_307cddd4e7.jpg,500,343,1.458,RGB,107208
871290666_4877e128c0.jpg,500,374,1.337,RGB,161757
872135364_8c1e47d163.jpg,500,500,1.0,RGB,319534
872512911_ca383b40e4.jpg,500,316,1.582,RGB,97611
872622575_ba1d3632cc.jpg,375,500,0.75,RGB,172687
873633312_a756d8b381.jpg,441,500,0.882,RGB,108881
874665322_9ad05c4065.jpg,500,335,1.493,RGB,185209
875731481_a5a0a09934.jpg,382,500,0.764,RGB,176595
878758390_dd2cdc42f6.jpg,500,375,1.333,RGB,131720
880220939_0ef1c37f1f.jpg,500,375,1.333,RGB,198871
881725588_efabbcd96a.jpg,357,500,0.714,RGB,138398
883040210_3c4a10f030.jpg,300,400,0.75,RGB,47289
887108308_2da97f15ef.jpg,500,375,1.333,RGB,158372
888425986_e4b6c12324.jpg,500,375,1.333,RGB,168170
888517718_3d5b4b7b43.jpg,333,500,0.666,RGB,126491
890734502_a5ae67beac.jpg,500,351,1.425,RGB,131297
892340814_bdd61e10a4.jpg,333,500,0.666,RGB,159040
894928353_002a3d5f06.jpg,500,375,1.333,RGB,112813
895502702_5170ada2ee.jpg,500,333,1.502,RGB,180365
897406883_f09f673d94.jpg,500,333,1.502,RGB,123393
897621891_efb1e00d1d.jpg,500,361,1.385,RGB,77919
899810584_61e1578d3f.jpg,326,500,0.652,RGB,128909
90011335_cfdf9674c2.jpg,500,333,1.502,RGB,115983
900144365_03cd1899e3.jpg,500,385,1.299,RGB,180387
905355838_3a43fdfd4e.jpg,317,500,0.634,RGB,108180
909191414_1cf5d85821.jpg,375,500,0.75,RGB,168775
909808296_23c427022d.jpg,500,375,1.333,RGB,219673
911527312_f81ee36b97.jpg,333,500,0.666,RGB,126449
911795495_342bb15b97.jpg,500,336,1.488,RGB,58140
917574521_74fab68514.jpg,500,348,1.437,RGB,78973
918886676_3323fb2a01.jpg,500,375,1.333,RGB,140998
923550133_ac9d7a2932.jpg,500,500,1.0,RGB,188456
925491651_57df3a5b36.jpg,500,333,1.502,RGB,95000
927420680_6cba7c040a.jpg,500,313,1.597,RGB,179769
929679367_ff8c7df2ee.jpg,375,500,0.75,RGB,183005
930126921_1b94605bdc.jpg,333,500,0.666,RGB,98609
930748509_8ca5cf5c24.jpg,500,375,1.333,RGB,139543
933118213_b35b0b62a7.jpg,500,307,1.629,RGB,85721
934375844_dd149fed18.jpg,500,375,1.333,RGB,89082
937559727_ae2613cee5.jpg,328,500,0.656,RGB,121940
938162709_21443d352f.jpg,375,500,0.75,RGB,195099
93922153_8d831f7f01.jpg,500,333,1.502,RGB,96420
940973925_a2e6d7951c.jpg,500,411,1.217,RGB,142341
94232465_a135df2711.jpg,333,500,0.666,RGB,68808
942399470_6132d3e5d2.jpg,334,500,0.668,RGB,175819
944374205_fd3e69bfca.jpg,500,375,1.333,RGB,168885
944788251_a0bcd4b960.jpg,500,375,1.333,RGB,135866
945509052_740bb19bc3.jpg,500,500,1.0,RGB,172167
946051430_8db7e4ce09.jpg,500,280,1.786,RGB,93202
947664583_7c63172366.jpg,500,375,1.333,RGB,176486
947969010_f1ea572e89.jpg,500,375,1.333,RGB,130241
948196883_e190a483b1.jpg,500,375,1.333,RGB,104337
950273886_88c324e663.jpg,500,333,1.502,RGB,119907
950411653_20d0335946.jpg,500,375,1.333,RGB,193058
95151149_5ca6747df6.jpg,500,333,1.502,RGB,90893
952171414_2db16f846f.jpg,500,333,1.502,RGB,139870
953941506_5082c9160c.jpg,500,345,1.449,RGB,98581
954987350_a0c608b467.jpg,333,500,0.666,RGB,77250
956164675_9ee084364e.jpg,441,500,0.882,RGB,128619
957230475_48f4285ffe.jpg,500,374,1.337,RGB,114413
95728660_d47de66544.jpg,500,372,1.344,RGB,76569
95728664_06c43b90f1.jpg,500,359,1.393,RGB,76349
95734035_84732a92c1.jpg,500,362,1.381,RGB,66580
95734036_bef6d1a871.jpg,500,347,1.441,RGB,103068
95734038_2ab5783da7.jpg,500,350,1.429,RGB,115234
957682378_46c3b07bcd.jpg,357,500,0.714,RGB,183346
95783195_e1ba3f57ca.jpg,500,363,1.377,RGB,113703
958326692_6210150354.jpg,333,500,0.666,RGB,175569
961189263_0990f3bcb5.jpg,500,485,1.031,RGB,154421
961611340_251081fcb8.jpg,375,500,0.75,RGB,111491
963730324_0638534227.jpg,500,375,1.333,RGB,138154
96399948_b86c61bfe6.jpg,500,332,1.506,RGB,125984
964197865_0133acaeb4.jpg,333,500,0.666,RGB,98022
96420612_feb18fc6c6.jpg,500,332,1.506,RGB,76897
965444691_fe7e85bf0e.jpg,500,333,1.502,RGB,86717
967719295_3257695095.jpg,500,333,1.502,RGB,137838
968081289_cdba83ce2e.jpg,433,500,0.866,RGB,165163
96973080_783e375945.jpg,500,347,1.441,RGB,103465
96978713_775d66a18d.jpg,298,500,0.596,RGB,130608
96985174_31d4c6f06d.jpg,500,350,1.429,RGB,141630
970641406_9a20ee636a.jpg,500,500,1.0,RGB,164077
97105139_fae46fe8ef.jpg,500,375,1.333,RGB,146715
972381743_5677b420ab.jpg,353,500,0.706,RGB,115046
973827791_467d83986e.jpg,333,500,0.666,RGB,138462
97406261_5eea044056.jpg,500,375,1.333,RGB,90439
974924582_10bed89b8d.jpg,333,500,0.666,RGB,122579
975131015_9acd25db9c.jpg,500,333,1.502,RGB,99877
97577988_65e2eae14a.jpg,375,500,0.75,RGB,132337
976392326_082dafc3c5.jpg,333,500,0.666,RGB,116351
97731718_eb7ba71fd3.jpg,455,475,0.958,RGB,139265
977856234_0d9caee7b2.jpg,500,274,1.825,RGB,102732
978580450_e862715aba.jpg,333,500,0.666,RGB,81879
979201222_75b6456d34.jpg,297,500,0.594,RGB,127721
979383193_0a542a059d.jpg,500,345,1.449,RGB,140285
98377566_e4674d1ebd.jpg,459,500,0.918,RGB,193980
985067019_705fe4a4cc.jpg,333,500,0.666,RGB,75402
987907964_5a06a63609.jpg,500,271,1.845,RGB,152257
989754491_7e53fb4586.jpg,500,375,1.333,RGB,179575
989851184_9ef368e520.jpg,500,333,1.502,RGB,84128
990890291_afc72be141.jpg,500,375,1.333,RGB,134190
99171998_7cc800ceef.jpg,500,375,1.333,RGB,141265
99679241_adc853a5c0.jpg,500,369,1.355,RGB,128165
997338199_7343367d7f.jpg,500,400,1.25,RGB,189326
997722733_0cb5439472.jpg,333,500,0.666,RGB,94362
