image,pc1,pc2
1000268201_693b08cb0e.jpg,-3.80550479888916,0.43292227387428284
1001773457_577c3a7d70.jpg,5.837976932525635,6.043312072753906
1002674143_1b742ab4b8.jpg,-1.3504935503005981,1.4971574544906616
1003163366_44323f5815.jpg,2.14310884475708,7.97767972946167
1007129816_e794419615.jpg,-5.457870960235596,-0.6119273900985718
1007320043_627395c3d8.jpg,-0.1951024979352951,1.5478098392486572
1009434119_febe49276a.jpg,4.584019660949707,7.607204437255859
1012212859_01547e3f17.jpg,8.512685775756836,2.2815983295440674
1015118661_980735411b.jpg,-5.812293529510498,-2.826968193054199
1015584366_dfcec3c85a.jpg,6.263192176818848,2.490490674972534
101654506_8eb26cfb60.jpg,8.089095115661621,2.291369915008545
101669240_b2d3e7f17b.jpg,3.025256872177124,-3.196493148803711
1016887272_03199f49c4.jpg,-1.6537483930587769,-6.702088356018066
1019077836_6fc9b15408.jpg,7.323441505432129,6.345470905303955
1019604187_d087bf9a5f.jpg,4.434527397155762,8.150335311889648
1020651753_06077ec457.jpg,5.785515785217285,6.152101993560791
1022454332_6af2c1449a.jpg,0.6580539345741272,-3.6044859886169434
1022454428_b6b660a67b.jpg,-2.5254876613616943,-4.195491790771484
1022975728_75515238d8.jpg,12.409416198730469,-3.4354989528656006
102351840_323e3de834.jpg,1.1175543069839478,-4.493234634399414
1024138940_f1fefbdce1.jpg,7.165772438049316,1.9855496883392334
102455176_5f8ead62d5.jpg,3.021462917327881,-4.956155300140381
1026685415_0431cbf574.jpg,9.0378999710083,3.956514835357666
1028205764_7e8df9a2ea.jpg,4.7101335525512695,-4.6260857582092285
1030985833_b0902ea560.jpg,3.964447021484375,4.699944496154785
103106960_e8a41d64f8.jpg,-3.1566553115844727,1.4472060203552246
103195344_5d2dc613a3.jpg,-5.8070597648620605,0.4491552412509918
103205630_682ca7285b.jpg,0.9688919186592102,-4.236642360687256
1032122270_ea6f0beedb.jpg,5.519891262054443,1.603598713874817
1032460886_4a598ed535.jpg,-5.161439418792725,-1.5717675685882568
1034276567_49bb87c51c.jpg,0.8287262916564941,0.688642680644989
104136873_5b5d41be75.jpg,0.5296672582626343,-7.215672016143799
1042020065_fb3d3ba5ba.jpg,-1.8507791757583618,-0.5779544115066528
1042590306_95dea0916c.jpg,-5.727636814117432,0.4326917827129364
1045521051_108ebc19be.jpg,-2.5324790477752686,0.24728572368621826
1048710776_bb5b0a5c7c.jpg,-0.6805494427680969,-6.017699718475342
1052358063_eae6744153.jpg,-6.989500045776367,-0.9194976091384888
105342180_4d4a40b47f.jpg,3.2761847972869873,-3.9530551433563232
1053804096_ad278b25f1.jpg,6.455776214599609,-2.188246011734009
1055623002_8195a43714.jpg,-5.064289093017578,0.704632580280304
1055753357_4fa3d8d693.jpg,-2.0347073078155518,-0.29216620326042175
1056249424_ef2a2e041c.jpg,1.7061989307403564,-4.437471866607666
1056338697_4f7d7ce270.jpg,-2.857954263687134,1.7386277914047241
1056359656_662cee0814.jpg,-5.060625076293945,4.666293621063232
1056873310_49c665eb22.jpg,8.217941284179688,0.279341459274292
1057089366_ca83da0877.jpg,2.739769220352173,-4.744532585144043
1057210460_09c6f4c6c1.jpg,-5.919487953186035,-0.10532879829406738
1057251835_6ded4ada9c.jpg,11.552922248840332,2.4512248039245605
106490881_5a2dd9b7bd.jpg,1.3849679231643677,-3.4973244667053223
106514190_bae200f463.jpg,3.6405446529388428,-8.464622497558594
1067180831_a59dc64344.jpg,3.4043161869049072,8.3986177444458
1067675215_7336a694d6.jpg,-2.603236198425293,-0.3147994875907898
1067790824_f3cc97239b.jpg,6.826042175292969,2.6868529319763184
1072153132_53d2bb1b60.jpg,3.930776357650757,4.584216594696045
107318069_e9f2ef32de.jpg,-1.461850881576538,-0.8047760128974915
1075716537_62105738b4.jpg,1.8494782447814941,-1.5965462923049927
107582366_d86f2d3347.jpg,-6.087268829345703,-1.8524874448776245
1075867198_27ca2e7efe.jpg,7.9437150955200195,-0.37660887837409973
1075881101_d55c46bece.jpg,-0.8674446940422058,0.7933014035224915
1077546505_a4f6c4daa9.jpg,0.27651435136795044,0.47876396775245667
1077931201_1e0bb83105.jpg,0.44711220264434814,-3.7806224822998047
1079274291_9aaf896cc1.jpg,-2.941718101501465,-1.0104364156723022
10815824_2997e03d76.jpg,3.3767733573913574,3.549696683883667
1082252566_8c79beef93.jpg,3.0742948055267334,5.654884338378906
1082379191_ec1e53f996.jpg,0.46714627742767334,-3.968231439590454
1084040636_97d9633581.jpg,2.440981149673462,0.9166995882987976
1084104085_3b06223afe.jpg,-4.213975429534912,-2.5943117141723633
1087168168_70280d024a.jpg,-1.7371653318405151,-1.827455759048462
1087539207_9f77ab3aaf.jpg,0.6033617854118347,-0.2822938561439514
1088767354_2acee738cf.jpg,-7.930978775024414,-0.4071047008037567
108898978_7713be88fc.jpg,-0.9859825968742371,-6.843666076660156
108899015_bf36131a57.jpg,0.6704903244972229,-8.020503044128418
1089181217_ee1167f7af.jpg,5.275218486785889,5.567392349243164
1089755335_0bfbfd30e6.jpg,-4.295735836029053,-4.251068592071533
109202756_b97fcdc62c.jpg,4.046011924743652,-0.6038013696670532
109202801_c6381eef15.jpg,0.7255633473396301,0.9674968719482422
109260216_85b0be5378.jpg,-0.9071118831634521,-8.284144401550293
109260218_fca831f933.jpg,-3.802356719970703,-5.790977954864502
1093716555_801aacef79.jpg,0.9454554319381714,-5.347147464752197
1093737381_b313cd49ff.jpg,-4.095628261566162,-1.3285105228424072
1094462889_f9966dafa6.jpg,7.963603973388672,4.100399494171143
1095476286_87d4f8664e.jpg,3.576718330383301,-2.2806055545806885
1095580424_76f0aa8a3e.jpg,3.9527015686035156,5.344483852386475
1095590286_c654f7e5a9.jpg,5.444030284881592,5.7657790184021
1095980313_3c94799968.jpg,0.9970794916152954,-6.792629718780518
1096097967_ac305887b4.jpg,4.145290374755859,1.5770952701568604
1096165011_cc5eb16aa6.jpg,3.372565746307373,-5.891270160675049
1096395242_fc69f0ae5a.jpg,-0.7548263072967529,1.6617498397827148
109671650_f7bbc297fa.jpg,-0.727986216545105,-6.909571647644043
109738763_90541ef30d.jpg,2.8048899173736572,-6.619819164276123
109738916_236dc456ac.jpg,2.1603450775146484,-6.360254764556885
109823394_83fcb735e1.jpg,2.455540418624878,1.0477409362792969
109823395_6fb423a90f.jpg,1.7252312898635864,1.3450853824615479
109823397_e35154645f.jpg,1.0275689363479614,1.2314680814743042
1100214449_d10861e633.jpg,-1.869132399559021,-2.911208152770996
1104133405_c04a00707f.jpg,-0.3100017011165619,5.848134994506836
1105959054_9c3a738096.jpg,-5.148846626281738,-2.885690689086914
110595925_f3395c8bd6.jpg,-2.435817003250122,-7.104126930236816
1107246521_d16a476380.jpg,5.481098175048828,4.973384857177734
1107471216_4336c9b328.jpg,-1.5778369903564453,2.0112464427948
1110208841_5bb6806afe.jpg,4.268372535705566,8.324283599853516
1112212364_0c48235fc2.jpg,1.1786714792251587,-2.325566291809082
111497985_38e9f88856.jpg,-0.04046255350112915,-8.445639610290527
111537217_082a4ba060.jpg,-2.3308944702148438,-5.263076305389404
111537222_07e56d5a30.jpg,-0.06915279477834702,-3.45969295501709
1115565519_d976d4b1f1.jpg,0.8188259601593018,0.42405596375465393
1115679311_245eff2f4b.jpg,5.800984859466553,-3.9990622997283936
111766423_4522d36e56.jpg,0.5322554111480713,0.7196611762046814
1117972841_2b9261f95f.jpg,5.518554210662842,3.264556646347046
1118557877_736f339752.jpg,3.6738154888153076,-2.5190505981445312
1119015538_e8e796281e.jpg,5.483412742614746,6.272953033447266
1119418776_58e4b93eac.jpg,5.5197930335998535,4.146871566772461
1119463452_69d4eecd08.jpg,5.038369655609131,-4.2410407066345215
1121416483_c7902d0d49.jpg,-1.6028149127960205,-0.4397909343242645
112178718_87270d9b4d.jpg,2.029729127883911,-3.972325563430786
112243673_fd68255217.jpg,3.9746692180633545,-0.2765996754169464
1122944218_8eb3607403.jpg,-5.738983154296875,2.0342490673065186
1124448967_2221af8dc5.jpg,-3.6280269622802734,-0.3950108289718628
1129704496_4a61441f2c.jpg,11.916181564331055,-3.9987146854400635
1130017585_1a219257ac.jpg,-4.389437675476074,1.0963691473007202
1130369873_d80a1aa59c.jpg,7.905181407928467,-0.42885151505470276
1130401779_8c30182e3e.jpg,12.869277954101562,0.17967097461223602
1131155939_b4b457b05e.jpg,9.038128852844238,0.6802743673324585
1131340021_83f46b150a.jpg,-3.1571075916290283,-0.5335309505462646
1131800850_89c7ffd477.jpg,5.904285907745361,1.8743743896484375
1131804997_177c3c0640.jpg,-5.347472667694092,2.5937421321868896
1131932671_c8d17751b3.jpg,-1.263096809387207,1.7470324039459229
1132772170_600610c5df.jpg,-2.9353833198547363,-0.09110618382692337
113678030_87a6a6e42e.jpg,3.5559377670288086,-9.104610443115234
1138784872_69ade3f2ab.jpg,-6.354237079620361,0.4254764914512634
114051287_dd85625a04.jpg,-0.3234133720397949,-0.5449350476264954
1141718391_24164bf1b1.jpg,-0.9534416198730469,-2.8356692790985107
1141739219_2c47195e4c.jpg,-3.556938409805298,-1.3726119995117188
1142283988_6b227c5231.jpg,-6.935827255249023,0.6587755680084229
1142847777_2a0c1c2551.jpg,-3.7810616493225098,-2.601698875427246
1143373711_2e90b7b799.jpg,-5.664653301239014,-1.8667798042297363
1143882946_1898d2eeb9.jpg,-2.1310179233551025,-0.8395485877990723
1144288288_e5c9558b6a.jpg,-3.949004650115967,1.0547493696212769
1148238960_f8cacec2fc.jpg,-7.161103248596191,-1.9564591646194458
1149179852_acad4d7300.jpg,-4.467986583709717,-0.35227757692337036
114949897_490ca7eaec.jpg,-1.1417832374572754,-0.04765952378511429
1151466868_3bc4d9580b.jpg,5.908942222595215,-4.5598859786987305
1153704539_542f7aa3a5.jpg,-1.9098272323608398,5.525578022003174
1155138244_859fd6e079.jpg,-3.3204352855682373,1.496588945388794
115684808_cb01227802.jpg,5.855445384979248,-5.192424774169922
1159574340_99ba8c3c59.jpg,2.796718120574951,-2.454983949661255
1160034462_16b38174fe.jpg,-3.6089274883270264,2.031578540802002
1160441615_fe6b3c5277.jpg,-1.0177098512649536,-0.9581450819969177
1163282319_b729b24c46.jpg,-1.1680396795272827,-4.269392013549805
116409198_0fe0c94f3b.jpg,2.798118829727173,-10.860896110534668
1164131282_b30926f332.jpg,4.208417892456055,5.4338836669921875
1164765687_7aca07bbe7.jpg,4.066515922546387,5.866233825683594
1167662968_e466f1e80a.jpg,-4.708473205566406,0.8708202242851257
1167669558_87a8a467d6.jpg,-7.581745624542236,1.919273018836975
1167908324_8caab45e15.jpg,-8.369200706481934,0.4665308892726898
1169307342_e7a4685a5c.jpg,6.048198223114014,4.822221755981445
1174525839_7c1e6cfa86.jpg,5.545750617980957,-4.009243011474609
1174629344_a2e1a2bdbf.jpg,-8.427605628967285,-1.5573686361312866
1176580356_9810d877bf.jpg,2.769408702850342,3.6342227458953857
1177994172_10d143cb8d.jpg,-4.112165927886963,0.7433682084083557
1178705300_c224d9a4f1.jpg,8.216317176818848,3.751646041870117
118187095_d422383c81.jpg,-4.441341876983643,3.1676340103149414
118309463_a532b75be9.jpg,-5.372255325317383,0.3228982985019684
1184967930_9e29ce380d.jpg,5.696897029876709,-0.3911420404911041
1187435567_18173c148b.jpg,1.1828856468200684,4.271557331085205
1187593464_ce862352c6.jpg,7.636000633239746,5.023688316345215
1189977786_4f5aaed773.jpg,6.402286529541016,5.40024471282959
1191338263_a4fa073154.jpg,-5.559680461883545,1.8295934200286865
1193116658_c0161c35b5.jpg,-6.159764766693115,-0.30151644349098206
119534510_d52b3781a3.jpg,3.1984481811523438,-3.5803468227386475
1197800988_7fb0ca4888.jpg,-1.8831627368927002,-4.565624713897705
1198194316_543cc7b945.jpg,-4.417209148406982,-1.324228048324585
1204996216_71d7519d9a.jpg,-2.7866110801696777,-1.3064682483673096
1206506157_c7956accd5.jpg,6.949275970458984,5.125020503997803
1207159468_425b902bfb.jpg,-2.1713430881500244,-5.47493314743042
1211015912_9f3ee3a995.jpg,-6.440707206726074,-0.3504835069179535
1213336750_2269b51397.jpg,-6.219805717468262,-1.6229510307312012
1215334959_b1970965f7.jpg,-4.304388046264648,-5.18901252746582
121800200_bef08fae5f.jpg,0.40168312191963196,-9.579217910766602
121971540_0a986ee176.jpg,-0.3879218101501465,-4.351287841796875
1220401002_3f44b1f3f7.jpg,-2.3544821739196777,2.562030553817749
1222322358_225067636e.jpg,-0.9108142852783203,-0.15102344751358032
1224851143_33bcdd299c.jpg,-3.315540313720703,2.354372024536133
1225443522_1633e7121f.jpg,-7.487055778503418,-0.5250976085662842
1227655020_b11a1bb112.jpg,8.267422676086426,2.3930680751800537
1229756013_94663527d7.jpg,7.766897678375244,4.033679485321045
1231229740_8dcbf80bfb.jpg,-5.397492408752441,4.84161376953125
1232148178_4f45cc3284.jpg,-2.2923531532287598,2.5737879276275635
1234293791_6566284bcd.jpg,1.2362041473388672,-0.3099307715892792
1234817607_924893f6e1.jpg,-1.673240303993225,2.743009090423584
1235580648_7eebaed9bc.jpg,-5.750664710998535,0.4579034745693207
1235681222_819231767a.jpg,-6.1131510734558105,-2.1724259853363037
1235685934_be89b231fb.jpg,-6.40805196762085,-0.7880678772926331
1236951314_0308dc4138.jpg,1.2063109874725342,-5.432290077209473
1236964638_1808784a3c.jpg,3.457778215408325,-5.502439975738525
1237985362_dbafc59280.jpg,-5.5136518478393555,1.8566914796829224
123889082_d3751e0350.jpg,4.875423431396484,4.055420875549316
123997871_6a9ca987b1.jpg,-2.7388172149658203,4.226705551147461
1240297429_c36ae0c58f.jpg,5.117628574371338,7.575683116912842
124195430_d14028660f.jpg,6.766389846801758,1.7646434307098389
1244140539_da4804d828.jpg,2.3590376377105713,3.7347311973571777
1244306891_8e78ae1620.jpg,0.3192424178123474,-4.781924247741699
1244485675_822e6efe60.jpg,-5.346718788146973,1.0236481428146362
1245022983_fb329886dd.jpg,-6.368233680725098,3.9330861568450928
1247181182_35cabd76f3.jpg,4.22222900390625,-7.069594860076904
1248357227_2b4175fc39.jpg,5.989444255828857,-4.646910190582275
1248734482_3038218f3b.jpg,-2.905820369720459,1.9243452548980713
124881487_36e668145d.jpg,1.0958020687103271,-6.577451705932617
1248940539_46d33ed487.jpg,1.0822163820266724,-3.217060089111328
1248953128_24c9f8d924.jpg,-1.8845107555389404,7.9734883308410645
124972799_de706b6d0b.jpg,1.4020321369171143,1.649788737297058
1251558317_4ef844b775.jpg,-3.7236320972442627,-0.31279465556144714
1252396628_eb81d3905b.jpg,-0.4429129660129547,-4.314821720123291
1252787177_4b08625897.jpg,-4.400559425354004,0.9664671421051025
125319704_49ead3463c.jpg,2.2952773571014404,-7.736566066741943
1253264731_e7c689eca5.jpg,0.6180156469345093,-2.0714612007141113
1253275679_e955fb7304.jpg,-4.74675989151001,1.7888524532318115
1255504166_f2437febcb.jpg,3.6514968872070312,-7.752514362335205
1258913059_07c613f7ff.jpg,-2.5202341079711914,0.6912853717803955
1259936608_e3f0064f23.jpg,-0.13391298055648804,-3.625474214553833
1260816604_570fc35836.jpg,-2.446949005126953,-0.7061419486999512
1262077938_8b9516c273.jpg,-4.281417369842529,2.3859658241271973
1262454669_f1caafec2d.jpg,2.7257208824157715,5.65673303604126
1262583859_653f1469a9.jpg,-2.8025667667388916,-1.5717120170593262
1263126002_881ebd7ac9.jpg,-2.1706936359405518,4.568532466888428
1263801010_5c74bf1715.jpg,2.222752571105957,-7.934772491455078
1267711451_e2a754b4f8.jpg,4.831302165985107,3.8356897830963135
1269470943_ba7fc49b4d.jpg,-0.43719854950904846,3.7062532901763916
1271210445_7f7ecf3791.jpg,-3.6784894466400146,1.1285525560379028
1271960365_e54033f883.jpg,6.04921817779541,3.312438488006592
1273001772_1585562051.jpg,-5.671855926513672,-1.5604639053344727
127450902_533ceeddfc.jpg,6.594351291656494,-5.334586143493652
127488876_f2d2a89588.jpg,-0.8633895516395569,0.6456068158149719
127490019_7c5c08cb11.jpg,-0.29476726055145264,1.3041244745254517
1277185009_06478dd457.jpg,0.6459383964538574,-7.621336460113525
1277743944_f4e8c78403.jpg,-0.4986325204372406,-1.550013780593872
1280147517_98767ca3b3.jpg,3.0577471256256104,-7.115199565887451
1280320287_b2a4b9b7bd.jpg,5.956424236297607,-9.380887031555176
1282392036_5a0328eb86.jpg,-3.0030980110168457,2.946504592895508
12830823_87d2654e31.jpg,-2.730217933654785,-2.8228697776794434
1285067106_2adc307240.jpg,1.0060803890228271,4.75708532333374
1285874746_486731a954.jpg,-5.920759201049805,-1.3312348127365112
1286408831_05282582ed.jpg,-6.3459343910217285,0.9005457758903503
1287064529_aa4e4f3c31.jpg,3.2999467849731445,-0.19316557049751282
1287073593_f3d2a62455.jpg,6.281082630157471,-3.557600736618042
1287475186_2dee85f1a5.jpg,7.0741472244262695,-3.275876522064209
1287920676_d21a0b289b.jpg,2.020383358001709,2.0460052490234375
1287931016_fb015e2e10.jpg,6.497785568237305,1.7011313438415527
1287982439_6578006e22.jpg,13.729413986206055,-0.36600425839424133
1288909046_d2b2b62607.jpg,7.978623390197754,0.913531482219696
128912885_8350d277a4.jpg,4.922563552856445,5.592641830444336
1289142574_2bd6a082dd.jpg,-4.083967685699463,2.3622164726257324
1290894194_8a4ffdc7eb.jpg,5.646063327789307,0.6463325023651123
1294578091_2ad02fea91.jpg,-4.582260608673096,1.5287785530090332
1295669416_21cabf594d.jpg,-6.138103485107422,0.5027808547019958
1295671216_cde1b9c9d1.jpg,-4.58001708984375,0.30552953481674194
1295698260_e10c53c137.jpg,-4.981190204620361,0.5523704886436462
129599450_cab4e77343.jpg,-1.2999260425567627,-7.184033393859863
1296412797_85b6d2f8d6.jpg,-2.1411001682281494,3.0224499702453613
1296770308_3db2022f5a.jpg,-6.096152305603027,-1.480295181274414
1298295313_db1f4c6522.jpg,2.8110475540161133,-5.892589092254639
1298866571_b4c496b71c.jpg,-6.274554252624512,2.003971576690674
1299459550_1fd5594fa2.jpg,2.434830665588379,-2.734806537628174
1299459562_ed0e064aee.jpg,-0.958911120891571,-4.042922496795654
1301140633_046e4e8010.jpg,-1.0561774969100952,0.5318352580070496
130211457_be3f6b335d.jpg,-2.7607579231262207,-0.22136756777763367
1302657647_46b36c0d66.jpg,-4.452549934387207,2.6715948581695557
1303335399_b3facd47ab.jpg,0.11679232120513916,-2.284416437149048
1303548017_47de590273.jpg,-2.7336490154266357,-3.3100478649139404
1303550623_cb43ac044a.jpg,-1.3272370100021362,-2.829319953918457
1303727066_23d0f6ed43.jpg,-6.505456447601318,0.7960743308067322
1303727828_d1052ee341.jpg,-7.26840353012085,1.4879674911499023
1304100320_c8990a1539.jpg,5.733238220214844,-0.06872112303972244
1304961697_76b86b0c18.jpg,6.755459308624268,-6.148587226867676
1305564994_00513f9a5b.jpg,-0.45707911252975464,-2.468712091445923
1306145560_1e37081b91.jpg,12.137680053710938,1.7170928716659546
1307635496_94442dc21a.jpg,-0.012080792337656021,5.015568733215332
1308472581_9961782889.jpg,1.3570212125778198,-5.422850608825684
1308617539_54e1a3dfbe.jpg,8.301328659057617,-3.936622142791748
1309330801_aeeb23f1ee.jpg,-1.8381801843643188,-0.6959971189498901
1311132744_5ffd03f831.jpg,7.643627643585205,4.39381217956543
1311388430_4ab0cd1a1f.jpg,0.3555636703968048,-3.918102979660034
1312020846_5abb4a9be2.jpg,3.485856533050537,3.5158514976501465
1312227131_771b5ed201.jpg,8.893989562988281,-2.9382002353668213
1312954382_cf6d70d63a.jpg,-5.454750061035156,0.4722943902015686
1313693129_71d0b21c63.jpg,2.951882839202881,-4.253312110900879
1313961775_824b87d155.jpg,7.69303560256958,-4.262701988220215
1316247213_1d2c726dd5.jpg,-3.290168523788452,2.5125832557678223
131632409_4de0d4e710.jpg,1.8839524984359741,-3.119479179382324
1317292658_ba29330a0b.jpg,0.860038161277771,-4.772404670715332
1319634306_816f21677f.jpg,6.721534252166748,1.667663335800171
1321723162_9d4c78b8af.jpg,-6.304330825805664,2.379817247390747
1321949151_77b77b4617.jpg,-6.448841571807861,1.5308763980865479
1322323208_c7ecb742c6.jpg,2.8659799098968506,-5.861595153808594
1324816249_86600a6759.jpg,6.608302593231201,-0.5832171440124512
132489044_3be606baf7.jpg,-5.434987545013428,1.7009429931640625
1329832826_432538d331.jpg,-7.778497219085693,0.6342350244522095
1330645772_24f831ff8f.jpg,6.3165483474731445,4.806015968322754
133189853_811de6ab2a.jpg,-5.345364570617676,2.054202079772949
1332208215_fa824f6659.jpg,-7.758875370025635,0.012743405066430569
1332492622_8c66992b62.jpg,-5.188502311706543,1.0320446491241455
1332722096_1e3de8ae70.jpg,-5.117475509643555,0.7603416442871094
1332815795_8eea44375e.jpg,0.34904032945632935,1.82856023311615
1332823164_c70a5d930e.jpg,7.090379238128662,-5.468482494354248
1333888922_26f15c18c3.jpg,-0.7372199892997742,-4.761730194091797
1334892555_1beff092c3.jpg,-4.272064208984375,3.197789192199707
1335617803_4fbc03dab0.jpg,-2.1973183155059814,4.282139778137207
1337792872_d01a390b33.jpg,1.681313395500183,0.17982153594493866
1338523142_57fce8229b.jpg,2.3763744831085205,-12.09540843963623
133905560_9d012b47f3.jpg,9.227036476135254,3.849738836288452
1339596997_8ac29c1841.jpg,-4.838440418243408,0.5268154740333557
1341787777_4f1ebb1793.jpg,6.810624122619629,2.9443752765655518
1342766791_1e72f92455.jpg,-4.052172660827637,2.685774326324463
1342780478_bacc32344d.jpg,-5.563215255737305,0.9512051343917847
1343426964_cde3fb54e8.jpg,1.3835911750793457,-4.572511672973633
1346051107_9cdc14e070.jpg,-4.528338432312012,-0.10739084333181381
1346529555_e916816cfe.jpg,2.5254018306732178,6.953192710876465
134724228_30408cd77f.jpg,-0.4287790358066559,-3.2499711513519287
1347519824_e402241e4f.jpg,-9.2599458694458,0.2872283160686493
1348113612_5bfc5f429e.jpg,9.76456356048584,-0.548952043056488
1348304997_afe60a61df.jpg,-2.5060462951660156,0.02018105983734131
1348891916_ebd4413033.jpg,9.037134170532227,-0.21735884249210358
134894450_dadea45d65.jpg,-2.007936954498291,-0.5171808004379272
1348947380_14f0fc1237.jpg,6.656842231750488,0.4740508496761322
1348957576_c4a78eb974.jpg,-2.5792222023010254,-6.020957946777344
1350811702_2ce7cfd0c5.jpg,-1.5419261455535889,-1.1428093910217285
1350948838_fdebe4ff65.jpg,6.197580814361572,1.3185123205184937
1351315701_6580b51c41.jpg,5.846774101257324,8.757307052612305
1351764581_4d4fb1b40f.jpg,-1.3424979448318481,-4.412971496582031
135235570_5698072cd4.jpg,-1.6445567607879639,0.4207192361354828
1352398363_9cc8ffcce9.jpg,-0.030253125354647636,0.2781777083873749
1352410176_af6b139734.jpg,1.999638557434082,-5.173033237457275
1354318519_2f9baed754.jpg,-3.8841817378997803,1.516402006149292
1355450069_c0675b0706.jpg,0.7019485831260681,-6.877974987030029
1355703632_5683a4b6fb.jpg,-0.02829219400882721,4.700030326843262
1355833561_9c43073eda.jpg,-1.0940117835998535,-5.691090106964111
1355935187_2c99648138.jpg,1.0508877038955688,2.503387451171875
1355945307_f9e01a9a05.jpg,-1.3498680591583252,0.7964407205581665
1356543628_c13ebe38fb.jpg,-0.41931718587875366,1.2703748941421509
1356796100_b265479721.jpg,-0.6934500932693481,-0.1666199117898941
1357689954_72588dfdc4.jpg,-3.581359624862671,-3.02319598197937
1357724865_4faf4e1418.jpg,6.516259670257568,-9.831461906433105
1357753846_6185e26040.jpg,11.951571464538574,-1.249302625656128
1358089136_976e3d2e30.jpg,3.737595558166504,-6.399940013885498
1358892595_7a37c45788.jpg,6.672903537750244,4.928682327270508
1359101233_16c2c150e3.jpg,5.730025291442871,7.399597644805908
1361420539_e9599c60ae.jpg,4.401350021362305,4.142601490020752
1362128028_8422d53dc4.jpg,0.2842642366886139,0.22549569606781006
1363843090_9425d93064.jpg,7.96752405166626,-0.09746751189231873
1363924449_487f0733df.jpg,-3.2395095825195312,4.564094066619873
136552115_6dc3e7231c.jpg,1.3521934747695923,-8.13239860534668
136639119_6040b00946.jpg,0.4047120213508606,-4.614442348480225
136644343_0e2b423829.jpg,-1.7079864740371704,0.7618895769119263
136644885_f7d2bbf546.jpg,0.2357403039932251,-1.7314331531524658
1368338041_6b4077ca98.jpg,3.6463940143585205,4.407385349273682
1368383637_614646cc4a.jpg,-5.752296447753906,-1.716601848602295
136886677_6026c622eb.jpg,4.75157356262207,-8.061649322509766
1370615506_2b96105ca3.jpg,-8.914320945739746,1.0253636837005615
1370773415_967b1ffde1.jpg,-5.377960205078125,-2.5732014179229736
1377668044_36398401dd.jpg,5.644341468811035,1.3223214149475098
1378557186_4bd1da6834.jpg,1.911598801612854,4.787393093109131
1379026456_153fd8b51b.jpg,-3.624685525894165,1.3592463731765747
1383698008_8ac53ed7ec.jpg,3.6090497970581055,-4.589855194091797
1383840121_c092110917.jpg,3.8021817207336426,2.879732131958008
1384292980_4022a7520c.jpg,-7.379186630249023,-1.363548755645752
1386251841_5f384a0fea.jpg,-7.385123252868652,0.834808886051178
1386964743_9e80d96b05.jpg,0.804253876209259,-0.6933091878890991
138705546_be7a6845dd.jpg,2.5627024173736572,-6.195030212402344
138718600_f430ebca17.jpg,-0.05394536256790161,-3.4619898796081543
1387443857_602ab6f9bf.jpg,-3.2225570678710938,-3.797438859939575
1387461595_2fe6925f73.jpg,-5.272807598114014,-0.9476812481880188
1387785218_cee67735f5.jpg,-3.5456252098083496,2.0550918579101562
1388346434_524d0b6dfa.jpg,-2.941930055618286,-0.6428130865097046
1388373425_3c72b56639.jpg,-2.910419464111328,-0.05203849822282791
1388970365_162edcceb4.jpg,8.1451416015625,4.965508460998535
1389264266_8170bc1c54.jpg,-4.407013893127441,-0.036279235035181046
1389323170_d1c81d6b51.jpg,-3.9163224697113037,0.04296095296740532
1389651420_8d95d8f6ed.jpg,-0.9182425141334534,-2.999868869781494
1390268323_2c8204e91c.jpg,-2.368316173553467,-2.2586162090301514
1392272228_cf104086e6.jpg,17.197277069091797,0.022512737661600113
1394368714_3bc7c19969.jpg,-1.0338054895401,1.842560052871704
1394396709_65040d97ab.jpg,8.325557708740234,0.18498782813549042
1394599090_fe0ba238f0.jpg,-0.8538717031478882,-4.223642826080322
1394620454_bf708cc501.jpg,3.413862705230713,-7.543911933898926
1394927474_0afdd82fc4.jpg,-5.413486957550049,-0.6530153155326843
1396064003_3fd949c9dd.jpg,-0.06218913570046425,-2.701151132583618
1396703063_e8c3687afe.jpg,-5.984252452850342,0.18202124536037445
1397295388_8a5b6b525d.jpg,-7.242312908172607,-0.3043636679649353
1397887419_e798697b93.jpg,5.422751426696777,4.478320121765137
1397923690_d3bf1f799e.jpg,0.7012491226196289,-8.228606224060059
1398606571_f543f7698a.jpg,5.107153415679932,-4.154533863067627
1398613231_18de248606.jpg,8.385564804077148,-4.285583972930908
1398873613_7e3174dd6c.jpg,-3.4167592525482178,-3.4416635036468506
1400424834_1c76e700c4.jpg,-5.475598335266113,0.3844435513019562
1401961581_76921a75c5.jpg,-5.380996227264404,1.7091766595840454
1402640441_81978e32a9.jpg,2.8455429077148438,-0.4759536683559418
1402641725_5e027ecaa7.jpg,4.599629878997803,-10.355354309082031
1402843760_d30f1dbf0f.jpg,1.1266491413116455,3.507920503616333
1402859872_0fc8cf8108.jpg,-5.978280067443848,0.7251114249229431
1403414927_5f80281505.jpg,5.868332862854004,6.263607978820801
140377584_12bdbdf2f8.jpg,0.9529792666435242,-5.408335208892822
140430106_2978fda105.jpg,4.585034370422363,-3.482300281524658
1404832008_68e432665b.jpg,4.636186599731445,-4.76491641998291
1405221276_21634dcd58.jpg,10.07713794708252,3.4157469272613525
140526326_da07305c1c.jpg,1.3555229902267456,-7.739168643951416
140526327_3cb984de09.jpg,-2.213059425354004,-6.031566143035889
1406010299_5755339f08.jpg,-2.3315515518188477,-1.9931602478027344
1408958345_68eea9a4e4.jpg,6.029923439025879,-4.648268222808838
1410193619_13fff6c875.jpg,-3.8010776042938232,0.8385469913482666
141139674_246c0f90a1.jpg,-0.9761389493942261,-0.06269188225269318
141140165_9002a04f19.jpg,-2.4116313457489014,2.8549299240112305
1412832223_99e8b4701a.jpg,0.23690856993198395,-2.8513901233673096
1413956047_c826f90c8b.jpg,1.2709500789642334,-9.359116554260254
1414779054_31946f9dfc.jpg,-5.188833236694336,-0.5884420275688171
1414820925_3504c394e1.jpg,-2.193830728530884,-4.177344799041748
1415591512_a84644750c.jpg,2.526484489440918,3.3533551692962646
1417031097_ab656bc4bd.jpg,-4.012491703033447,-0.12075984477996826
1417295167_5299df6db8.jpg,-3.4169487953186035,1.5165079832077026
141755290_4b954529f3.jpg,-4.600061416625977,0.9011517763137817
141755292_7a0b3364cf.jpg,-3.319856643676758,-2.61617112159729
1417637704_572b4d6557.jpg,-2.845019578933716,0.20265939831733704
1417882092_c94c251eb3.jpg,-6.242998123168945,0.014957808889448643
1417941060_2a0f7908bc.jpg,-4.019904613494873,2.611837863922119
1418019748_51c7d59c11.jpg,-4.342620372772217,1.2539024353027344
1418266617_b32143275b.jpg,3.9365994930267334,1.974892497062683
1418503947_953d373632.jpg,-4.229608535766602,0.5131031274795532
1419286010_b59af3962a.jpg,0.7565754055976868,-2.8387768268585205
1419385780_1383ec7ba9.jpg,-5.094202995300293,-0.4046183228492737
1420060020_7a6984e2ea.jpg,-1.6544572114944458,1.596081018447876
1420060118_aed262d606.jpg,-1.9246439933776855,0.6370004415512085
1423126855_6cd2a3956c.jpg,0.8323929309844971,-1.6093226671218872
1423997242_ea2189ec5e.jpg,1.7991694211959839,-4.268710613250732
1424237335_b3be9920ba.jpg,-4.602315425872803,2.0644586086273193
1424775129_ffea9c13ab.jpg,-1.6704847812652588,-1.6984139680862427
1425013325_bff69bc9da.jpg,12.450284957885742,1.7148693799972534
1425069308_488e5fcf9d.jpg,3.9707300662994385,7.327164649963379
1425069590_570cc7c2d8.jpg,0.5366014838218689,3.526344060897827
1425485485_d7c97a5470.jpg,-3.700563669204712,1.6722099781036377
1425919702_ddb761aeec.jpg,-5.631165027618408,2.66945743560791
1426014905_da60d72957.jpg,-2.8419036865234375,-3.3857710361480713
1427391496_ea512cbe7f.jpg,-4.366876125335693,-2.060955286026001
142802798_962a4ec5ce.jpg,-6.4553704261779785,-2.0850651264190674
1428578577_82864facae.jpg,4.276473522186279,-7.958864688873291
1428641354_f7453afbea.jpg,-2.790614604949951,2.3820178508758545
1428681303_04213524e3.jpg,-6.771064758300781,0.6432528495788574
1429546659_44cb09cbe2.jpg,8.136246681213379,5.449972152709961
1429723917_6af585e4c0.jpg,-5.813933372497559,1.4222028255462646
1429814475_0b592b9995.jpg,-8.057591438293457,-1.3636444807052612
1430154945_71bbaa094a.jpg,-4.431725978851318,1.0854415893554688
1432179046_8e3d75cf81.jpg,-5.696536064147949,-4.081932544708252
1432342377_3e41603f26.jpg,-7.608455181121826,0.8510398864746094
143237785_93f81b3201.jpg,0.367161363363266,0.7199820280075073
1433088025_bce2cb69f8.jpg,-4.523677349090576,-1.945708990097046
1433142189_cda8652603.jpg,2.0206379890441895,-3.4380857944488525
1433397131_8634fa6664.jpg,0.06690188497304916,3.3085474967956543
1433577867_39a1510c43.jpg,7.227840423583984,0.3196006417274475
1434005938_ad75c8598c.jpg,0.6470863819122314,-2.0668113231658936
1434607942_da5432c28c.jpg,-3.7791996002197266,-1.616382122039795
143552697_af27e9acf5.jpg,2.8423964977264404,-4.974650859832764
143552829_72b6ba49d4.jpg,1.7937339544296265,-5.916648864746094
1436760519_8d6101a0ed.jpg,6.515805244445801,3.525499105453491
143680442_2f03f76944.jpg,1.9798662662506104,-5.936224460601807
143680966_0010ff8c60.jpg,2.2505998611450195,-9.911966323852539
143684568_3c59299bae.jpg,3.4547393321990967,-6.117469787597656
143688205_630813a466.jpg,1.3071320056915283,-4.832220554351807
143688283_a96ded20f1.jpg,-1.3860050439834595,-3.1604065895080566
143688895_e837c3bc76.jpg,1.0837857723236084,-9.544358253479004
1439046601_cf110a75a7.jpg,-0.9218259453773499,-3.426513671875
1439282131_3814d6ae04.jpg,10.627397537231445,-1.6122853755950928
1440024115_129212c988.jpg,0.6953483819961548,4.950765132904053
1443807993_aebfb2784a.jpg,-2.018954277038574,0.6921420097351074
1445123245_c7b9db0e0c.jpg,1.1717283725738525,4.6830949783325195
1445754124_647168f211.jpg,3.5949959754943848,0.6797240972518921
1446053356_a924b4893f.jpg,-2.218423843383789,5.478571891784668
1446933195_8fe9725d62.jpg,3.5886752605438232,2.9163999557495117
1448511770_1a4a9c453b.jpg,-0.014001239091157913,-0.41649481654167175
1449370354_380c4123c9.jpg,-1.010508418083191,4.387434482574463
1449625950_fc9a8d02d9.jpg,6.452372074127197,7.0855326652526855
1449692616_60507875fb.jpg,-3.371626615524292,0.30993223190307617
1452361926_6d8c535e32.jpg,-2.2439777851104736,2.9472217559814453
1453366750_6e8cf601bf.jpg,-4.076897621154785,1.314286231994629
1454678644_7e5a371301.jpg,3.8655009269714355,7.10225248336792
1454841725_4b6e6199e2.jpg,-5.863030433654785,0.6936209201812744
1456393634_74022d9056.jpg,7.386322021484375,-0.6823013424873352
1456630952_dd4778a48f.jpg,-1.8261078596115112,1.5752147436141968
145721496_687af9bb18.jpg,5.7743096351623535,-8.911308288574219
145721498_a27d2db576.jpg,8.36041259765625,-6.577575206756592
1457762320_7fe121b285.jpg,-1.3897905349731445,-3.414581537246704
1459032057_97e73ed6ab.jpg,-4.42803955078125,3.464647054672241
1459250022_bf1eddad11.jpg,-5.944989204406738,1.6028059720993042
1460352062_d64fb633e0.jpg,0.6951119303703308,-0.2374485582113266
1460500597_866fa0c6f3.jpg,-5.135503768920898,0.3882242441177368
146098876_0d99d7fb98.jpg,-4.184588432312012,-2.7613518238067627
146100443_906d87faa2.jpg,-6.239062786102295,1.6630972623825073
1461329041_c623b06e5b.jpg,-1.650400161743164,-0.49773702025413513
1461653394_8ab96aae63.jpg,2.049478054046631,4.784096717834473
1461667284_041c8a2475.jpg,-5.5235915184021,0.7160101532936096
1463638541_c02cfa04dc.jpg,-3.7576661109924316,-0.37146440148353577
1463732130_a754441289.jpg,-0.9477152824401855,3.1551709175109863
1463732807_0cdf4f22c7.jpg,-3.1412384510040283,2.1034038066864014
1464120327_d90279ca3a.jpg,-6.119377136230469,2.457456350326538
1465666502_de289b3b9c.jpg,12.121296882629395,-1.3810518980026245
146577645_91b570c0d0.jpg,9.340033531188965,-8.701557159423828
146577646_9e64b8c2dc.jpg,9.075098037719727,-6.674522399902344
1466307485_5e6743332e.jpg,2.1126298904418945,-3.60945987701416
1466307489_cb8a74de09.jpg,1.339339256286621,-4.125810623168945
1466479163_439db855af.jpg,5.572983741760254,4.377018928527832
1467533293_a2656cc000.jpg,-3.6823155879974365,0.3560510575771332
1468103286_96a6e07029.jpg,-4.380605220794678,0.17331083118915558
1468389504_c724bdcad0.jpg,-3.733966827392578,1.276383638381958
1468429623_f001988691.jpg,2.4869120121002197,4.235019207000732
1468962616_5803b4397f.jpg,1.6010347604751587,-2.200819492340088
1469000260_5d473c8283.jpg,3.497947931289673,2.828899621963501
1469358746_2a879abaf3.jpg,3.6653285026550293,-4.027220249176025
1470061031_4cb59c12a8.jpg,3.768120050430298,4.138024806976318
1470132731_fa416b7504.jpg,11.48917293548584,-0.8611553907394409
1470536919_1f3fd6c65a.jpg,7.177466869354248,4.729232311248779
1472053993_bed67a3ba7.jpg,3.1407041549682617,-8.753982543945312
1472230829_803818a383.jpg,4.1614203453063965,-8.415679931640625
1472249944_d887c3aeda.jpg,-3.844709873199463,-0.3996184170246124
1472653060_7427d2865a.jpg,-4.570059776306152,0.49538180232048035
1472882567_33dc14c8b6.jpg,1.2656502723693848,-7.269248962402344
1473080948_bae2925dc8.jpg,3.201662540435791,-7.166824817657471
1473250020_dc829a090f.jpg,-1.864599585533142,-7.239438056945801
1473618073_7db56a5237.jpg,-2.880919933319092,1.200737714767456
1474474514_b3eb492722.jpg,-1.7055028676986694,-0.13274425268173218
1475046848_831245fc64.jpg,3.9139537811279297,-3.081665277481079
1476002408_4256b7b2fa.jpg,-6.335346221923828,-0.4329690933227539
1476241331_2f43b67aed.jpg,-2.5289249420166016,4.49282169342041
1478268555_7e301fc510.jpg,-0.03453259542584419,-5.310065269470215
1478294229_7e1c822fea.jpg,-3.485913038253784,-2.0203561782836914
1478606153_a7163bf899.jpg,4.913754463195801,2.0600028038024902
1479028910_3dab3448c8.jpg,-6.432084083557129,1.353387475013733
1479124077_17dcc0d5d7.jpg,-0.0011441729729995131,3.0907182693481445
1479513774_70c94cf9d3.jpg,-4.782402515411377,0.4813125729560852
1479679558_d0a01bc62b.jpg,3.810871124267578,-5.175808429718018
1479857177_9d4a6f38fd.jpg,0.7624359130859375,-5.027342796325684
1480712062_32a61ad4b7.jpg,1.2104582786560059,-5.592277526855469
1481062342_d9e34366c4.jpg,-2.3476948738098145,2.0347187519073486
1482960952_95f2d419cb.jpg,-7.120202541351318,2.058023452758789
148512773_bae6901fd6.jpg,3.2327165603637695,-10.271795272827148
1488937076_5baa73fc2a.jpg,6.244566440582275,5.841271877288818
1489286545_8df476fa26.jpg,-1.9416286945343018,-1.7799222469329834
1490213660_9ea45550cf.jpg,9.63939380645752,-1.6810132265090942
1490670858_e122df2560.jpg,-3.4020347595214844,-1.2232547998428345
1491192153_7c395991e5.jpg,0.6114931702613831,1.7228140830993652
1499495021_d295ce577c.jpg,2.766573190689087,-8.62344741821289
1499554025_a8ffe0e479.jpg,1.8267942667007446,5.62548303604126
1499581619_a5f65a882c.jpg,2.3407585620880127,-3.3087880611419678
1500853305_0150615ce9.jpg,0.36269044876098633,-2.136619806289673
1501297480_8db52c15b0.jpg,-3.3453171253204346,1.9718871116638184
1501811302_5e723fc529.jpg,5.471556186676025,6.784637451171875
1501985304_8c50093004.jpg,1.15386164188385,-1.6270774602890015
150387174_24825cf871.jpg,2.552128314971924,-5.416970252990723
1505686764_9e3bcd854a.jpg,2.5333800315856934,-7.035885810852051
150582765_bad8dec237.jpg,-4.045823097229004,-0.500471830368042
1507563902_6ec8d5d822.jpg,1.0009660720825195,-1.149198293685913
1508269285_6c5723f67d.jpg,10.275178909301758,1.398223638534546
1509786421_f03158adfc.jpg,-4.320535182952881,3.1269419193267822
1510078253_96e9ec50e7.jpg,3.3694136142730713,3.027278423309326
1510669311_75330b4781.jpg,-3.9478142261505127,0.42169827222824097
1511807116_41c3645e8c.jpg,4.467867374420166,4.922333717346191
1514957266_a19827c538.jpg,5.102336406707764,5.650245666503906
1515025681_999199cb79.jpg,-6.052170276641846,1.594711422920227
1515883224_14e36a53c7.jpg,-4.6170854568481445,1.297648310661316
1516714577_7d1c35a8d8.jpg,-6.280105113983154,2.3488919734954834
1517340899_ee1c74a8f6.jpg,0.0657052993774414,-0.796660304069519
1517721825_10176d0683.jpg,13.73550033569336,-0.40327712893486023
1517807181_ca6588f2a0.jpg,-0.4474937319755554,-1.8685458898544312
152029243_b3582c36fa.jpg,0.6553422808647156,-5.541406154632568
1521623639_4bda3407cc.jpg,-0.48821136355400085,1.2201999425888062
1522787272_5a31497ef2.jpg,5.396446228027344,4.295926570892334
1523800748_a59e980eee.jpg,4.528743743896484,-5.1737565994262695
1523984678_edd68464da.jpg,6.184891223907471,7.86088228225708
1525153022_06c48dbe52.jpg,10.170766830444336,2.042710065841675
1526181215_c1a94325ae.jpg,10.78238296508789,2.7404239177703857
1526325728_74eb4153d8.jpg,6.939631938934326,1.485973834991455
1527297882_dededc7891.jpg,-3.1820068359375,0.0639711320400238
1527333441_af65636a74.jpg,-3.905550956726074,1.743664026260376
1527513023_3d8152b379.jpg,2.117124319076538,-0.9567528367042542
1528205014_1323aa9dfd.jpg,-4.410078048706055,0.35927996039390564
1529044279_4922ead27c.jpg,-5.574944496154785,0.26058071851730347
1536597926_c2e1bc2379.jpg,2.677042245864868,-5.102044105529785
1536774449_e16b1b6382.jpg,-4.7098283767700195,-4.135672569274902
1539166395_0cdc0accee.jpg,-4.574180603027344,4.132047176361084
1540631615_8b42c1b160.jpg,-0.279837965965271,5.930765628814697
1541272333_1624b22546.jpg,9.705429077148438,-1.1693021059036255
1542033433_5453d4c466.jpg,-8.548468589782715,0.9809272289276123
1547883892_e29b3db42e.jpg,-5.843699932098389,0.9788533449172974
154871781_ae77696b77.jpg,-1.3225241899490356,1.7550220489501953
1550772959_9ca9fa625f.jpg,-1.678396463394165,-4.106593132019043
1552065993_b4dcd2eadf.jpg,6.467935562133789,7.959559440612793
155221027_b23a4331b7.jpg,0.014905045740306377,-1.36275315284729
1554713437_61b64527dd.jpg,7.619925022125244,1.56698739528656
1557451043_f5c91ff6f4.jpg,3.8214993476867676,-2.7877707481384277
1557838421_a33f2a4911.jpg,6.314225196838379,6.267045021057129
1561658940_a947f2446a.jpg,-2.649594306945801,5.296274662017822
1562392511_522a26063b.jpg,3.7764928340911865,4.855305194854736
1562478333_43d13e5427.jpg,1.1271138191223145,-5.087496757507324
1562478713_505ab6d924.jpg,0.885113000869751,-1.63260817527771
1563731247_7f21d8bec0.jpg,-0.8326735496520996,-0.5461077690124512
1564614124_0ee6799935.jpg,-2.499208688735962,-3.1640052795410156
1566117559_f5d98fbeb0.jpg,2.719998836517334,4.458987236022949
1569562856_eedb5a0a1f.jpg,-6.422760009765625,0.11201857775449753
156967462_72db9b722c.jpg,9.508011817932129,2.3752193450927734
1569687608_0e3b3ad044.jpg,1.3189005851745605,-3.0464441776275635
1570723692_3a2b064d43.jpg,4.279751300811768,5.042822360992432
157139628_5dc483e2e4.jpg,3.609236240386963,-4.731766700744629
1572286502_64e5c4b920.jpg,-1.3484448194503784,-1.2211992740631104
1572532018_64c030c974.jpg,4.608340263366699,-6.493539333343506
1573017288_4d481856e2.jpg,-5.974222660064697,0.05430876463651657
1574401950_6bedc0d29b.jpg,-3.863293409347534,2.0499134063720703
1576185717_f841ddc3da.jpg,0.7313639521598816,0.04349792003631592
1579198375_84b18e003a.jpg,-6.347175598144531,0.41719192266464233
1579206585_5ca6a24db0.jpg,-7.58892297744751,-1.7160956859588623
1579287915_4257c54451.jpg,3.1595699787139893,-8.672202110290527
1579798212_d30844b4c5.jpg,0.03361916542053223,-1.118704915046692
1580172290_e19067e0dd.jpg,-3.3586888313293457,4.422094345092773
1580671272_3e99d94305.jpg,0.10842694342136383,2.294863224029541
1581822598_0ae23074f1.jpg,5.771486282348633,-0.054702334105968475
1584315962_5b0b45d02d.jpg,2.934683084487915,-8.810712814331055
1594038143_57f299aa8a.jpg,-5.433314323425293,-1.3888206481933594
159712188_d530dd478c.jpg,0.24434632062911987,-4.157662391662598
1597319381_1e80d9e39c.jpg,-3.6296072006225586,6.5519890785217285
1597557856_30640e0b43.jpg,2.273913621902466,4.933047294616699
1598085252_f3219b6140.jpg,7.774641513824463,3.684475898742676
1600208439_e94527b80f.jpg,10.000144004821777,3.1465470790863037
160541986_d5be2ab4c1.jpg,-1.7402153015136719,-2.964125394821167
160566014_59528ff897.jpg,-6.341391086578369,-0.3438747227191925
160585932_fa6339f248.jpg,3.651771306991577,-6.689037322998047
1606988704_fe330878a3.jpg,0.7304738759994507,-2.324035882949829
160792599_6a7ec52516.jpg,2.4550981521606445,-3.811676263809204
160805827_5e6646b753.jpg,-0.6985529065132141,-4.009701251983643
1616016569_673de1d678.jpg,-5.041764259338379,1.6697301864624023
161669933_3e7d8c7e2c.jpg,-1.553299069404602,-1.4169347286224365
161905204_247c6ca6de.jpg,-0.020903147757053375,-1.2331711053848267
1620397000_3883e3ecd3.jpg,7.190606117248535,0.5776108503341675
162152393_52ecd33fc5.jpg,-1.1234034299850464,-2.5878140926361084
1622619190_d0b51aff28.jpg,10.193090438842773,8.007486343383789
1625306051_7099519baa.jpg,0.4141541123390198,-0.7598568797111511
1626754053_81126b67b6.jpg,5.984472274780273,6.157829284667969
162743064_bb242faa31.jpg,4.777950286865234,4.860902786254883
1643915227_9f48068772.jpg,-6.417595386505127,-0.17666079103946686
1650280501_29810b46e5.jpg,-6.138900279998779,-1.2982591390609741
1655781989_b15ab4cbff.jpg,6.373039245605469,-9.585211753845215
1659358133_95cd1027bd.jpg,2.8712100982666016,1.1915496587753296
1659358141_0433c9bf99.jpg,4.87620735168457,3.8943819999694824
1659396176_ced00a549f.jpg,3.3577005863189697,5.051175594329834
1662261486_db967930de.jpg,1.6663734912872314,6.870206832885742
166321294_4a5e68535f.jpg,-2.3303730487823486,-0.8013883233070374
1663454406_5e2cf8c5bb.jpg,-3.398320436477661,-0.379742294549942
1663751778_90501966f0.jpg,1.073165774345398,-5.294940948486328
166433861_70b66cd381.jpg,-2.5280816555023193,-1.4629861116409302
166507476_9be5b9852a.jpg,3.5292599201202393,-1.8527796268463135
166654939_80ea4ddbcc.jpg,0.4562567472457886,-0.12972815334796906
1670592963_39731a3dac.jpg,2.6336305141448975,5.469407081604004
167295035_336f5f5f27.jpg,0.4685347080230713,-3.306931734085083
1674612291_7154c5ab61.jpg,6.7222466468811035,3.4403703212738037
1675679141_36c9bc2969.jpg,1.735059380531311,-8.26033878326416
1676601498_7d59327523.jpg,1.512891411781311,-10.121415138244629
1679557684_50a206e4a9.jpg,5.848145484924316,4.741439342498779
1679565118_d36f0d6d52.jpg,3.5396416187286377,3.526512384414673
1679617928_a73c1769be.jpg,1.9998008012771606,2.499004602432251
1680126311_b92a2e8e72.jpg,1.2652485370635986,5.240442276000977
1682079482_9a72fa57fa.jpg,-3.442111015319824,3.256213426589966
1683444418_815f660379.jpg,-4.829869270324707,-3.015679359436035
1685463722_55843b6d3c.jpg,-3.2227635383605957,-1.2606875896453857
1685990174_09c4fb7df8.jpg,-0.17122608423233032,1.355280876159668
1688699579_2f72328c7e.jpg,3.228820562362671,2.8269033432006836
1689658980_0074d81d28.jpg,15.590353012084961,1.054039478302002
1691573772_1adef8e40e.jpg,-3.590416669845581,-2.1249613761901855
169490297_b6ff13632a.jpg,-1.1969678401947021,0.22713129222393036
170100272_d820db2199.jpg,-3.3494791984558105,0.7571393251419067
1713248047_d03721456d.jpg,6.638122081756592,3.9822909832000732
1713248099_d860df4e10.jpg,7.26638126373291,3.758579730987549
1714316707_8bbaa2a2ba.jpg,2.1518337726593018,-6.613689422607422
171488318_fb26af58e2.jpg,4.1590576171875,-0.3359934091567993
1716445442_9cf3528342.jpg,0.3941137194633484,-4.087433815002441
1718184338_5968d88edb.jpg,4.177968502044678,-11.333536148071289
172092461_a9a9762e13.jpg,3.4699912071228027,-6.167659282684326
172092464_d9eb4f4f2f.jpg,3.2116334438323975,-5.597699165344238
172097782_f0844ec317.jpg,6.444519519805908,-4.044177532196045
172097783_292c5413d8.jpg,5.097681999206543,-8.375908851623535
1721637099_93e9ec2a2f.jpg,-3.020937204360962,2.0101749897003174
17273391_55cfc7d3d4.jpg,5.046764373779297,-2.8817226886749268
173020287_230bfc4ffc.jpg,6.972404479980469,3.7119996547698975
1731546544_9fbf14617b.jpg,13.924311637878418,-0.7308110594749451
1732217138_aa0199ef87.jpg,-6.47251033782959,-0.20270481705665588
1732436777_950bcdc9b8.jpg,-4.663793087005615,0.8903986811637878
174466741_329a52b2fe.jpg,0.2789754867553711,-0.33134838938713074
1745110280_0cbff5e273.jpg,4.443966388702393,2.3580148220062256
1752454466_723790dbd6.jpg,2.5837271213531494,3.7549617290496826
1763020597_d4cc8f0f8a.jpg,-3.2382960319519043,-3.3832883834838867
1764955991_5e53a28c87.jpg,7.675605773925781,2.478442907333374
1765164972_92dac06fa9.jpg,-6.9362897872924805,1.8873023986816406
1770036088_08abe4f6e9.jpg,0.2996188700199127,1.820577621459961
1771490732_0ab5f029ac.jpg,-1.4672367572784424,5.631295204162598
1772859261_236c09b861.jpg,9.048368453979492,1.0374798774719238
177302997_5b2d770a0a.jpg,-2.835878849029541,0.463881254196167
1773928579_5664a810dc.jpg,3.7344372272491455,1.1509114503860474
1775029934_e1e96038a8.jpg,5.96665620803833,2.4625046253204346
1776981714_5b224d0f7a.jpg,-6.096800327301025,-1.2431951761245728
1777816180_08d7e8063b.jpg,0.2136348932981491,-2.405862808227539
1778020185_1d44c04dae.jpg,4.507676601409912,6.5354228019714355
1781227288_6811e734be.jpg,-6.426196575164795,-3.0012450218200684
1784309115_0ad6791146.jpg,-4.3037638664245605,-1.0293916463851929
1785138090_76a56aaabc.jpg,-3.0267679691314697,-0.05124954134225845
1786425974_c7c5ad6aa1.jpg,7.520944595336914,4.57566499710083
1787222774_d5c68cce53.jpg,-2.2937440872192383,1.4416359663009644
179009558_69be522c63.jpg,1.2183184623718262,0.627432107925415
1794818900_e0ffdd268e.jpg,-1.3321441411972046,0.7757827043533325
1795151944_d69b82f942.jpg,4.400581359863281,1.4052633047103882
1797507760_384744fb34.jpg,2.0667309761047363,-6.656721115112305
1797554350_20998753c0.jpg,-3.607050657272339,-0.8284464478492737
1798209205_77dbf525b0.jpg,-4.297548294067383,3.477682113647461
1798215547_ef7ad95be8.jpg,-2.644165277481079,-1.3615487813949585
179829865_095b040377.jpg,9.584609031677246,-7.041777610778809
1799188614_b5189728ba.jpg,4.62372350692749,-2.40450119972229
1799271536_6e69c8f1dc.jpg,7.318935871124268,2.6127970218658447
1800601130_1c0f248d12.jpg,6.986842632293701,5.990521430969238
180094434_b0f244832d.jpg,-4.227656841278076,-1.2171099185943604
1801063894_60bce29e19.jpg,3.1590213775634766,-5.172012805938721
1801188148_a176954965.jpg,7.46256685256958,3.063643217086792
1801663973_5ad393caeb.jpg,-1.2647749185562134,-2.455167770385742
1801874841_4c12055e2f.jpg,2.5331947803497314,4.049427509307861
1802092493_7b44fdb6b9.jpg,-5.597415924072266,3.8649373054504395
1803631090_05e07cc159.jpg,-4.843753337860107,1.495449423789978
180506881_de0f59770f.jpg,-8.430335998535156,-0.22473464906215668
1805990081_da9cefe3a5.jpg,-1.381179690361023,4.747010707855225
1806580620_a8fe0fb9f8.jpg,-6.464085102081299,0.46644091606140137
1807169176_7f5226bf5a.jpg,-1.6155067682266235,-2.662281036376953
1808007704_ee8a93abb4.jpg,-1.392682433128357,-5.933835506439209
1808370027_2088394eb4.jpg,9.256316184997559,-2.7320687770843506
1808504612_3508f3c9bb.jpg,-0.18087981641292572,0.955471932888031
1809758121_96026913bb.jpg,3.4384729862213135,-6.123870372772217
1809796012_a2dac6c26b.jpg,1.2550172805786133,6.118063449859619
1810651611_35aae644fb.jpg,-2.215358257293701,2.193729877471924
181103691_fb2f956abd.jpg,-5.0009446144104,-3.420520067214966
181157221_e12410ef0b.jpg,5.306665420532227,8.834564208984375
1812525037_528465037c.jpg,-5.785408020019531,0.05297718197107315
1813266419_08bf66fe98.jpg,-2.829256534576416,-4.56139612197876
1813597483_3f09d2a020.jpg,4.492652416229248,2.9120707511901855
1813777902_07d1d4b00c.jpg,-1.3174315690994263,3.4631264209747314
1814086703_33390d5fc7.jpg,6.85410737991333,5.848955154418945
181415975_2627aa6668.jpg,1.6081271171569824,-4.674499988555908
1814391289_83a1eb71d3.jpg,-4.551451683044434,1.2738434076309204
181777261_84c48b31cb.jpg,-0.7627277970314026,-4.613620281219482
1818403842_553a2a392c.jpg,7.779744625091553,1.4529567956924438
1819261140_6c022f4b1d.jpg,-4.571892738342285,1.1056532859802246
1821238649_2fda79d6d7.jpg,-5.459947109222412,-2.4418134689331055
182493240_40410254b0.jpg,2.1063718795776367,-9.051400184631348
1827560917_c8d3c5627f.jpg,3.032630205154419,3.508579969406128
1835511273_790eaae6e6.jpg,-5.9890923500061035,-0.6955900192260742
1836335410_de8313a64e.jpg,-6.79531717300415,1.0598894357681274
1837976956_3c45d0f9b8.jpg,-4.622543811798096,0.894575297832489
185057637_e8ada37343.jpg,-1.7395546436309814,1.896492600440979
1858963639_4588cd4be9.jpg,-1.6126011610031128,-4.6838788986206055
185972340_781d60ccfd.jpg,2.459603786468506,-3.1856186389923096
1859726819_9a793b3b44.jpg,-8.751187324523926,1.9853202104568481
1859941832_7faf6e5fa9.jpg,3.0185093879699707,5.590389728546143
1860543210_47e94cf652.jpg,-3.032449722290039,0.9122333526611328
186346360_541047336f.jpg,2.1517531871795654,-5.152292728424072
186348874_75b2cf1ec5.jpg,-0.5831782221794128,-4.049485683441162
1865794069_6e3a1e57bb.jpg,0.1634707748889923,9.117276191711426
186890601_8a6b0f1769.jpg,2.840329647064209,-3.731963634490967
186890605_ddff5b694e.jpg,3.693145751953125,-2.7291359901428223
1874617189_e85d3f4326.jpg,4.598832130432129,-3.4466209411621094
1876536922_8fdf8d7028.jpg,12.23243522644043,-2.3016812801361084
1881494074_1bebd93089.jpg,-5.555889129638672,3.0072333812713623
1884065356_c6c34b4568.jpg,12.672788619995117,-3.234849452972412
1884727806_d84f209868.jpg,-6.027456283569336,-0.38867995142936707
1895768965_43cd9d164f.jpg,6.156325340270996,4.5915327072143555
1897025969_0c41688fa6.jpg,6.363540172576904,1.5479317903518677
189721896_1ffe76d89e.jpg,5.1663818359375,-1.7359297275543213
189740668_0b045f1ff2.jpg,1.9331409931182861,-7.910577297210693
1904112245_549e47c8aa.jpg,5.387573719024658,2.336965322494507
190638179_be9da86589.jpg,2.3100335597991943,-0.11552944034337997
190965502_0b9ed331d9.jpg,-1.652672290802002,-3.575683832168579
191003283_992257f835.jpg,-8.076845169067383,-0.3933480679988861
191003284_1025b0fb7d.jpg,-5.630026817321777,-0.24253340065479279
191003285_edd8d0cf58.jpg,-4.9698486328125,1.4395488500595093
191003287_2915c11d8e.jpg,-5.189728260040283,1.1305227279663086
191592626_477ef5e026.jpg,0.5903701186180115,-7.828175067901611
1917203130_fcaff8b10e.jpg,-1.5677789449691772,-2.3446927070617676
1917265421_aeccf1ca38.jpg,-2.557105302810669,-1.6088073253631592
1918573100_d31cbb6b77.jpg,3.930015802383423,7.42371129989624
19212715_20476497a3.jpg,3.6302082538604736,-4.827904224395752
1921398767_771743bf4e.jpg,8.216407775878906,-2.1405601501464844
1923476156_e20976b32d.jpg,0.9219169616699219,1.0025322437286377
1924234308_c9ddcf206d.jpg,3.319044828414917,-7.6741156578063965
1925434818_2949a8f6d8.jpg,-6.542231559753418,2.7556822299957275
1926129518_4350f4f552.jpg,8.657238960266113,7.689178466796875
1928319708_ccf1f4ee72.jpg,-2.835846185684204,-5.51693868637085
1931690777_897a7d8ab6.jpg,1.3559094667434692,1.2143223285675049
1932161768_996eadac87.jpg,4.372591972351074,-0.5430480241775513
1932314876_9cc46fd054.jpg,2.5452919006347656,-7.033626556396484
1936215201_d03a75cbba.jpg,-1.968437671661377,2.6581530570983887
1937104503_313d22a2d0.jpg,4.661589622497559,-0.24870562553405762
1937262236_cbf5bfa101.jpg,4.471179008483887,1.9482227563858032
1947351225_288d788983.jpg,-4.836363315582275,-0.10717019438743591
195084264_72fb347b0f.jpg,-3.740222454071045,1.42437744140625
1952896009_cee8147c90.jpg,-5.605934143066406,1.0021884441375732
1956678973_223cb1b847.jpg,-1.7073891162872314,0.40235790610313416
1956944011_c5661d3f22.jpg,-2.4029879570007324,-2.458385705947876
1957371533_62bc720bac.jpg,3.9706215858459473,4.806889533996582
195962284_e57178054a.jpg,1.9030672311782837,-4.644102096557617
195962790_3380aea352.jpg,4.036770343780518,0.9291677474975586
1962729184_6996e128e7.jpg,-5.50779914855957,-3.3865933418273926
1965278563_8279e408de.jpg,7.147337436676025,-3.6729702949523926
1969573381_5ecfae4c80.jpg,5.499023914337158,3.800246238708496
197107117_4b438b1872.jpg,1.28592050075531,-5.9689812660217285
197142902_f05ff198c2.jpg,-5.17078971862793,0.5049537420272827
197504190_fd1fc3d4b7.jpg,-2.7665934562683105,1.9254873991012573
1975171469_84e425f61b.jpg,-2.835533618927002,3.1271615028381348
1975531316_8b00eeaaf7.jpg,5.068269729614258,7.119817733764648
1977827746_4e13d7e19f.jpg,-2.7175402641296387,4.00199031829834
197924859_f6e39a7dfa.jpg,-0.0007249595364555717,-1.0854140520095825
1980315248_82dbc34676.jpg,-1.982474446296692,-2.4318435192108154
1980882959_9a161f3469.jpg,-3.2420458793640137,-0.7680131196975708
1982852140_56425fa7a2.jpg,4.783316612243652,-4.3388285636901855
1984936420_3f3102132b.jpg,1.5466035604476929,-9.02049446105957
1989145280_3b54452188.jpg,-3.815730094909668,1.1328575611114502
1991806812_065f747689.jpg,-2.351701498031616,-0.7727304100990295
1994416869_4dd769a806.jpg,-0.25110960006713867,2.2075135707855225
199463720_329a802206.jpg,0.5424020886421204,-4.305100917816162
199809190_e3f6bbe2bc.jpg,5.09902286529541,-4.919317245483398
1998255400_0cd086908f.jpg,1.6959033012390137,3.7570993900299072
1998457059_c9ac9a1e1a.jpg,8.102048873901367,-8.944426536560059
1999444757_1b92efb590.jpg,-6.744930267333984,2.7965548038482666
2000459828_3c9e109106.jpg,-1.4082045555114746,-7.968188762664795
2003663004_5b70920a98.jpg,-3.5847930908203125,4.1321330070495605
2004674713_2883e63c67.jpg,5.24640417098999,4.522236347198486
200771289_31902164a7.jpg,-3.2931718826293945,-1.1111946105957031
2009636597_e3f4fe19fb.jpg,-4.326669692993164,-1.2169718742370605
201682811_105241dee3.jpg,-1.8945837020874023,-4.585258960723877
2017276266_566656c59d.jpg,2.5726325511932373,3.439927339553833
2021602343_03023e1fd1.jpg,-3.7961883544921875,4.433376789093018
2021613437_d99731f986.jpg,-5.426562786102295,3.510133743286133
2021671653_567395c7cf.jpg,-4.010871887207031,1.2806684970855713
2029280005_a19609c81a.jpg,-4.470431804656982,0.5064387321472168
2030781555_b7ff7be28f.jpg,-0.24842984974384308,-4.150397777557373
203114209_e4cd71a6b7.jpg,3.807274341583252,-4.636372089385986
2034553054_b00c166895.jpg,-0.8208697438240051,2.446913242340088
2036407732_d5a0389bba.jpg,1.012156367301941,-6.178361415863037
2038662925_f4fa8c2534.jpg,-5.131779670715332,3.1551194190979004
2039457436_fc30f5e1ce.jpg,-3.2769110202789307,1.6166067123413086
2040941056_7f5fd50794.jpg,4.554867744445801,1.801485300064087
2041867793_552819a40b.jpg,-4.459489345550537,1.8248870372772217
2042009399_afad34e7c1.jpg,-1.4961509704589844,1.641201376914978
2043427251_83b746da8e.jpg,-2.0776264667510986,-2.339643716812134
2043520315_4a2c782c90.jpg,3.8107666969299316,-5.556370258331299
2044063458_fcc76a7636.jpg,6.531060218811035,7.599172115325928
2045023435_181854c013.jpg,3.4225127696990967,2.681001663208008
2045109977_b00ec93491.jpg,-6.773491382598877,0.8159430623054504
2045562030_654ddea5e5.jpg,-5.311769962310791,-0.07280529290437698
2045928594_92510c1c2a.jpg,-4.058324813842773,0.3758386969566345
2046222127_a6f300e202.jpg,-3.3311574459075928,2.3272783756256104
2046778775_0dd7cac6ab.jpg,-9.14842414855957,2.274196147918701
2049051050_20359a434a.jpg,0.03420218825340271,-3.5596816539764404
2049646140_d0de01e3c4.jpg,-3.3521811962127686,0.7996230721473694
2050067751_22d2763fd2.jpg,-1.3762811422348022,3.3026022911071777
2051194177_fbeee211e3.jpg,9.570134162902832,-2.8426108360290527
2052202553_373dad145b.jpg,9.67520809173584,-2.184410810470581
2052702658_da1204f6d1.jpg,4.347778797149658,0.7865923643112183
2052953131_30834196fb.jpg,1.9614152908325195,-8.781482696533203
2053006423_6adf69ca67.jpg,1.8666781187057495,-9.4672269821167
2053441349_a98b5fc742.jpg,3.8760218620300293,5.839138507843018
2053733930_e245615ad4.jpg,4.532831192016602,-8.617491722106934
2053777548_108e54c826.jpg,5.725788593292236,4.067333698272705
2054308369_f9c6ec7815.jpg,1.0305356979370117,5.3684234619140625
2054869561_ff723e9eab.jpg,1.6645677089691162,5.480506420135498
2055646179_169807fed4.jpg,1.7872370481491089,3.475377082824707
2056041678_d6b5b39b26.jpg,7.350693702697754,-8.816425323486328
2056042552_f59e338533.jpg,7.116917133331299,2.2840335369110107
2056377805_e9a9b3bcf0.jpg,3.044821262359619,-5.768579006195068
205682549_713aa6cd88.jpg,3.245241165161133,-5.809615612030029
2056930414_d2b0f1395a.jpg,-3.858978509902954,2.3404176235198975
2057160636_6e9cf3b5f0.jpg,3.15632700920105,-7.609816551208496
2057305043_952b8dc82c.jpg,3.3138928413391113,-6.2297563552856445
2057306459_2f52ce648e.jpg,3.8718767166137695,-1.8589481115341187
2058091220_2087270068.jpg,4.423030853271484,-2.9971017837524414
2058124718_89822bc96e.jpg,3.8435680866241455,3.7011165618896484
2058472558_7dd5014abd.jpg,-0.00950270052999258,2.6907999515533447
2059616165_b7c99c1009.jpg,2.151276111602783,2.9918603897094727
2059842472_f4fb61ea08.jpg,-2.262078046798706,-1.7291179895401
2060031241_a3ae7a06bb.jpg,-4.58073091506958,4.107832431793213
206087108_d4557d38ee.jpg,-3.924107789993286,0.24073457717895508
2061144717_5b3a1864f0.jpg,-3.669285774230957,-1.090196967124939
2061354254_faa5bd294b.jpg,-2.768547773361206,4.031086444854736
2061397486_53a61e17c5.jpg,8.478638648986816,1.5293976068496704
2061927950_dafba5b8a3.jpg,-8.011540412902832,-0.1674199402332306
2061944672_0383e65c8a.jpg,-5.310543537139893,-0.5331474542617798
2062607137_dac194ad02.jpg,6.810776710510254,4.52313232421875
2063277300_f7ff476914.jpg,-3.725160837173462,2.576920747756958
2064417101_3b9d817f4a.jpg,-1.8484779596328735,2.4967129230499268
2064780645_8f28a1529f.jpg,-2.829662561416626,-3.030139923095703
2064790732_219e52e19c.jpg,-4.320228099822998,0.39815670251846313
2064792226_97e41d8167.jpg,-6.402565956115723,-0.7413330078125
2065309381_705b774f51.jpg,3.5426228046417236,-8.325678825378418
2065875490_a46b58c12b.jpg,-3.4153480529785156,0.16031064093112946
2066048248_f53f5ef5e2.jpg,5.072386264801025,-5.6953325271606445
2066241589_b80e9f676c.jpg,6.668348789215088,3.433515787124634
2066271441_1f1f056c01.jpg,8.278388977050781,0.8383810520172119
2067362863_59577f9d4d.jpg,6.114731311798096,3.5788512229919434
2067833088_04e84e5bf2.jpg,0.5321459770202637,-6.071165084838867
2068403258_2669cf9763.jpg,4.272796630859375,-7.5187506675720215
2068465241_3bcabacfd7.jpg,-2.589729070663452,1.1697641611099243
2068960566_21e85ae0dc.jpg,-3.828439950942993,0.1654382050037384
2069279767_fb32bfb2de.jpg,-1.6977639198303223,-6.720300674438477
2070798293_6b9405e04d.jpg,-2.132995367050171,3.3924918174743652
2070831281_dc04b3e15d.jpg,-1.3628864288330078,-2.1995463371276855
2070831523_5035d5537e.jpg,-0.15457166731357574,-3.0592281818389893
2071309418_1d7580b0f0.jpg,6.006642818450928,5.666821479797363
207237775_fa0a15c6fe.jpg,1.8144865036010742,-1.9603959321975708
2072574835_febf0c5fb9.jpg,1.618105173110962,3.4758124351501465
207275121_ee4dfa0bf2.jpg,7.133477210998535,5.942042827606201
2073105823_6dacade004.jpg,2.3286752700805664,-2.0254387855529785
2073174497_18b779999c.jpg,-1.8608187437057495,-2.476449966430664
2073756099_7e02c0110c.jpg,8.718960762023926,-0.24568523466587067
2073964624_52da3a0fc4.jpg,1.0135536193847656,-2.9184255599975586
2074146683_7c83167aa1.jpg,-5.995288372039795,0.26860910654067993
2074244690_82e30ff44b.jpg,-7.254214286804199,0.9397650957107544
2074764331_90a9962b52.jpg,3.8899621963500977,4.74661922454834
2075041394_0b3ea1822d.jpg,2.486950397491455,3.7106220722198486
2075321027_c8fcbaf581.jpg,-2.0555975437164307,-2.8780407905578613
2075493556_b763648389.jpg,-5.346236705780029,1.0191001892089844
207584893_63e73c5c28.jpg,4.158590316772461,-3.7308526039123535
2076428547_738e0a132f.jpg,2.1531786918640137,-6.768229961395264
2076865206_53918c820c.jpg,3.83992600440979,-6.787690162658691
2076906555_c20dc082db.jpg,-6.57668924331665,3.1428024768829346
2077079696_03380d218b.jpg,1.8592790365219116,-6.20232629776001
207731022_988f6afb35.jpg,2.4277613162994385,-5.940555572509766
2077346067_0a3a5aae65.jpg,-5.368342876434326,-0.7832176089286804
2078311270_f01c9eaf4c.jpg,-1.6606723070144653,0.12850026786327362
2079110798_ad1370a646.jpg,-7.828637599945068,2.9432976245880127
2079152458_40712c3b40.jpg,3.9719839096069336,2.919090986251831
207930963_af3a2f1784.jpg,-2.461060047149658,-2.723118305206299
2079554580_f18d5c181b.jpg,7.007076740264893,1.230077862739563
2080033499_6be742f483.jpg,6.2254862785339355,5.173632621765137
2081141788_38fa84ce3c.jpg,3.143186330795288,-3.9622061252593994
2081446176_f97dc76951.jpg,-4.275583744049072,-1.62424898147583
2081615901_13092cac56.jpg,-1.1406922340393066,2.5379440784454346
2081679622_6f1442367d.jpg,0.9080543518066406,2.5908937454223633
2082005167_a0d6a70020.jpg,7.838700294494629,-1.2821615934371948
2083434441_a93bc6306b.jpg,-3.507561206817627,-0.8021105527877808
2083778090_3aecaa11cc.jpg,-2.791886329650879,0.22354283928871155
2084103826_ffd76b1e3e.jpg,5.947412967681885,8.58275032043457
2084157130_f288e492e4.jpg,7.050605297088623,7.976661682128906
2084217208_7bd9bc85e5.jpg,-2.0276939868927,-1.541947364807129
2085078076_b9db242d21.jpg,1.994131326675415,-3.3240160942077637
2085255128_61224cc47f.jpg,0.7767038941383362,-6.847386360168457
2085400856_ae09df33a7.jpg,7.811847686767578,-0.9903138875961304
2085403342_a17b0654fe.jpg,-1.1195441484451294,-0.834125816822052
2085557551_7a88d01d4e.jpg,-2.463425636291504,-0.8854172229766846
2085726719_a57a75dbe5.jpg,-5.5213799476623535,-0.22192010283470154
2086513494_dbbcb583e7.jpg,-1.6403775215148926,-1.0856730937957764
2086532897_b8714f2237.jpg,5.087242126464844,-7.742880821228027
2086534745_1e4ab80078.jpg,3.2817656993865967,-5.842593193054199
2086678529_b3301c2d71.jpg,-4.001689910888672,-0.6184951066970825
2087317114_cf06df5aa5.jpg,5.241515159606934,-8.0388765335083
2087640654_1a84577a44.jpg,2.6361706256866455,0.7805662751197815
2088120475_d6318364f5.jpg,-4.577761650085449,-2.7630977630615234
2088460083_42ee8a595a.jpg,-3.528355836868286,-0.959069550037384
2088532947_c628e44c4a.jpg,0.16170474886894226,4.266692161560059
2088910854_c6f8d4f5f9.jpg,-3.459761381149292,-0.626673698425293
2089122314_40d5739aef.jpg,3.6111838817596436,3.235281467437744
2089350172_dc2cf9fcf6.jpg,13.776812553405762,1.345642328262329
2089426086_7acc98a3a8.jpg,-6.489558696746826,-0.46701472997665405
2089442007_6fc798548c.jpg,9.468461990356445,-0.7518181204795837
2089539651_9e518ec7de.jpg,0.9672908782958984,-7.292837619781494
2089542487_b4c1ee7025.jpg,1.1844347715377808,-5.130625247955322
2089555297_95cf001fa7.jpg,3.889476776123047,-8.713680267333984
2090327868_9f99e2740d.jpg,-2.6646769046783447,-0.5912840962409973
2090339522_d30d2436f9.jpg,0.991666853427887,-5.6609954833984375
2090386465_b6ebb7df2c.jpg,-4.049956321716309,-2.2957074642181396
2090387793_274ab4cf7d.jpg,-3.742239475250244,-1.7423187494277954
2090545563_a4e66ec76b.jpg,-4.1586809158325195,-0.4933200478553772
2090723611_318031cfa5.jpg,3.6858160495758057,2.010023832321167
2090997177_76d482b158.jpg,7.992502689361572,2.6121222972869873
2091171488_c8512fec76.jpg,-4.296475887298584,-0.9359184503555298
2092177624_13ab757e8b.jpg,-1.9019725322723389,-2.348684072494507
2092419948_eea8001d0f.jpg,-1.4217116832733154,-7.41862678527832
2092870249_90e3f1855b.jpg,-0.14226216077804565,-2.288557767868042
2094323311_27d58b1513.jpg,3.2542030811309814,5.026369094848633
2094543127_46d2f1fedf.jpg,0.5603047609329224,-0.09051164239645004
2094810449_f8df9dcdf7.jpg,5.229007720947266,-4.820647716522217
2095007523_591f255708.jpg,-4.594475746154785,3.5529725551605225
2095078658_c14ba89bc2.jpg,8.759866714477539,2.476158857345581
2095435987_1b7591d214.jpg,5.286788463592529,3.278897523880005
2095444126_201ff9f222.jpg,1.8435606956481934,4.637178897857666
2095478050_736c4d2d28.jpg,-8.906988143920898,1.6521052122116089
209605542_ca9cc52e7b.jpg,-0.6529204845428467,-4.9817633628845215
2096771662_984441d20d.jpg,-3.7652688026428223,-2.906611442565918
2097398349_ff178b3f1b.jpg,4.223668575286865,-10.424787521362305
2097403787_77a154f5b9.jpg,3.406571626663208,-10.196818351745605
2097407245_c798e0dcaf.jpg,2.1464858055114746,-9.356250762939453
2097420505_439f63c863.jpg,1.0986219644546509,-7.895478248596191
2097489021_ca1b9f5c3b.jpg,-5.819765090942383,0.5819928050041199
2098174172_e57d86ea03.jpg,1.730474829673767,-9.568774223327637
2098418613_85a0c9afea.jpg,4.297209739685059,2.5093090534210205
2098646162_e3b3bbf14c.jpg,0.33193662762641907,4.775489330291748
2099323664_bb20457f26.jpg,3.739687204360962,4.144491195678711
2100046085_69b59b6645.jpg,7.131714344024658,0.2081935852766037
2100735137_05c6079537.jpg,-0.8648388385772705,2.2694664001464844
2100816230_ff866fb352.jpg,-0.25401875376701355,-2.9797279834747314
2100909581_b7dde5b704.jpg,6.055510520935059,1.0320333242416382
2101128963_fdf8b2a0d7.jpg,-2.8776063919067383,5.845966815948486
210126070_0d43b300b9.jpg,2.394921064376831,-1.4990968704223633
2101457132_69c950bc45.jpg,9.359777450561523,-2.2467758655548096
2101808682_0d66ef4a08.jpg,-6.231840133666992,0.09032168239355087
2102030040_2e8f4738f7.jpg,0.39347830414772034,-7.382810592651367
2102315758_a9148a842f.jpg,4.7756242752075195,-3.601052761077881
2102360862_264452db8e.jpg,1.551985740661621,-4.77643346786499
2102581664_5ea50f85c6.jpg,2.9904427528381348,5.794417381286621
2102724238_3cf921d7bb.jpg,-6.504655838012695,1.2250250577926636
2102732029_9ae520914d.jpg,-6.058507919311523,0.5397478938102722
2103361407_4ed4fc46bf.jpg,-0.7716875672340393,0.7978473901748657
2103568100_5d018c495b.jpg,8.971540451049805,-3.751518726348877
2105756457_a100d8434e.jpg,-2.577719211578369,-3.193472385406494
210625425_fb1ef5d23b.jpg,5.018354892730713,-1.085045576095581
2106772874_381824648b.jpg,3.1013917922973633,4.051609039306641
210686241_b8e069fff3.jpg,-2.4560749530792236,-4.156481742858887
2107837987_ffecfc367a.jpg,0.9395325779914856,-1.3563388586044312
2107838729_a527e434bd.jpg,0.5027167797088623,-4.362734317779541
210839948_bbd5bfa3b6.jpg,-1.587303638458252,-1.662177324295044
2108799322_e25aa6e185.jpg,5.728530406951904,1.3419803380966187
2109370875_05241bdda7.jpg,-0.6813144087791443,-4.4372429847717285
2109479807_eec8d72ca7.jpg,-2.1887099742889404,-3.192013740539551
2109911919_af45b93ef3.jpg,2.3178186416625977,-11.996870040893555
2110692070_8aaaa1ae39.jpg,5.9031476974487305,5.168790817260742
2110898123_07729c1461.jpg,6.3176589012146,6.376837730407715
2111360187_d2505437b7.jpg,2.696333408355713,-1.7839341163635254
2112661738_de71b60b88.jpg,4.782726287841797,-8.571954727172852
211277478_7d43aaee09.jpg,3.4865331649780273,-2.407740354537964
2112921744_92bf706805.jpg,2.342891216278076,-2.100923538208008
211295363_49010ca38d.jpg,1.3827694654464722,-5.723535060882568
2113530024_5bc6a90e42.jpg,-2.3929073810577393,6.546953201293945
2114126343_a0f74ff63b.jpg,5.157406806945801,-4.243778705596924
2114355355_9d7e2d8178.jpg,5.53436279296875,-3.2368972301483154
2114739371_83aa8bdb0e.jpg,5.017889022827148,5.411492347717285
2115620856_4fa5025ac6.jpg,-4.089385032653809,-4.522052764892578
2115631346_9585a479b0.jpg,11.536983489990234,2.051219940185547
2115849046_2aa9fa8d13.jpg,6.079681873321533,2.379244804382324
2116316160_d5fa7abdc3.jpg,4.481149673461914,4.664256572723389
2116444946_1f5d1fe5d1.jpg,-3.5439112186431885,0.5303599238395691
2119302248_72493d458c.jpg,-3.5810775756835938,-0.5876161456108093
2119660490_ce0d4d1f73.jpg,4.001102924346924,4.290923595428467
211981411_e88b8043c2.jpg,2.0011816024780273,-5.002228736877441
2120383553_5825333a3f.jpg,-3.4104256629943848,0.9033336043357849
2120411340_104eb610b1.jpg,5.034959316253662,-0.3854110836982727
2120469056_7a738413be.jpg,4.36012601852417,-7.553218841552734
2120571547_05cd56de85.jpg,-2.4267818927764893,3.6468164920806885
2121140070_a09644550b.jpg,-2.845505475997925,1.8332065343856812
2121357310_f8235311da.jpg,3.0266902446746826,-1.391562581062317
2123932281_1a4fd38455.jpg,-1.3503605127334595,0.17135828733444214
2124040721_bffc0a091a.jpg,-3.6650002002716064,0.45626306533813477
2125216241_5b265a2fbc.jpg,-0.4638678729534149,-2.457812786102295
2125454445_5c5c4bf906.jpg,3.327526569366455,6.897922039031982
2125626631_a4b63af97e.jpg,5.076270580291748,6.214890480041504
2126950128_74a4882658.jpg,-5.125028610229492,-0.11735668778419495
2127031632_77505e4218.jpg,2.2771732807159424,-3.1678988933563232
2127207912_9298824e66.jpg,-1.5290043354034424,-9.862757682800293
2127209046_94711c747b.jpg,1.7885464429855347,-7.531972408294678
2128119486_4407061c40.jpg,-3.946645736694336,4.051725387573242
2129430111_338a94f8fb.jpg,1.0901305675506592,-10.264276504516602
2130203183_49bae96b96.jpg,9.193422317504883,-1.0359967947006226
2130851544_d36f4f2ea6.jpg,-2.1883842945098877,-1.3580219745635986
2130986011_47cb05c8c9.jpg,5.994715690612793,-7.8053879737854
2131762850_5293a288d9.jpg,-0.2990717887878418,-5.549636363983154
213216174_0632af65a2.jpg,-1.4026750326156616,-0.30429089069366455
2133650765_fc6e5f295e.jpg,1.3431262969970703,-6.485419750213623
2135360514_7dcb9ed796.jpg,-3.1103031635284424,3.1027181148529053
2135502491_a15c6b5eae.jpg,5.321944236755371,1.7520467042922974
2136455112_202c093ba4.jpg,-6.045883655548096,-1.5469324588775635
2136514643_93d8f75a77.jpg,-6.947755813598633,1.8211864233016968
2136992638_098d62a3c5.jpg,3.864924907684326,2.472642421722412
2137071442_1c9658c81a.jpg,-5.065052032470703,-0.14384564757347107
2137789511_69a6c6afa8.jpg,2.0623269081115723,-6.058446884155273
2138487671_5b89104043.jpg,3.8611505031585693,-3.073542356491089
2139519215_8ca16dd192.jpg,-0.3111170530319214,-2.725886344909668
2140182410_8e2a06fbda.jpg,2.793142557144165,-5.835581302642822
2140305708_591d10b54d.jpg,2.899935245513916,-4.504711151123047
2140747429_62cfd89ae9.jpg,-1.9658416509628296,-0.7051807045936584
2141065212_463a6997e1.jpg,-4.246999740600586,0.9307667016983032
2141713971_e25eb12712.jpg,3.352104902267456,-4.556256294250488
2142232919_c857a09dd7.jpg,6.711549282073975,5.338088035583496
2144049642_070cf541b4.jpg,-4.3923540115356445,1.9026156663894653
2144050118_3e7d2e05b1.jpg,-3.679035186767578,2.1603777408599854
2144846312_d4c738dc6c.jpg,-1.7495901584625244,3.031606674194336
214501174_6db1f4d69c.jpg,5.025600910186768,6.696173667907715
214543992_ce6c0d9f9b.jpg,5.341752052307129,9.62353515625
2147199188_d2d70b88ec.jpg,-3.7086832523345947,-2.722254514694214
2148013097_6a4f495bc5.jpg,-2.5977227687835693,3.426449775695801
2148695079_9ae6a9b1c7.jpg,5.082810401916504,-1.967680811882019
2148916767_644ea6a7fa.jpg,9.017486572265625,0.12497012317180634
2148991939_3b9fd6c439.jpg,9.962578773498535,-0.6007781028747559
2149968397_a7411729d1.jpg,7.0204243659973145,-4.354330539703369
2149982207_5345633bbf.jpg,2.219182014465332,-5.596656799316406
2150564996_d173a506d7.jpg,0.9730973243713379,1.1283767223358154
2151056407_c9c09b0a02.jpg,3.322594165802002,3.002368211746216
2151300603_248a9fe715.jpg,-5.414488792419434,0.1939411163330078
215214751_e913b6ff09.jpg,3.9978325366973877,-5.592537879943848
2156131463_5b53636cf0.jpg,2.7306771278381348,-6.420953750610352
2156726763_034ecd2e39.jpg,-0.5424624681472778,0.16552945971488953
2157003092_eaeb977789.jpg,10.198987007141113,0.3727477192878723
2157173498_2eea42ee38.jpg,2.1982970237731934,-6.174779891967773
2158247955_484f0a1f11.jpg,9.64981460571289,1.0022441148757935
2158267555_db1d94e468.jpg,-2.6821482181549072,-0.3225250840187073
215876547_fa584c5ec3.jpg,4.163744926452637,-5.80832052230835
2159447283_fab8c272b0.jpg,-5.546250820159912,2.1889050006866455
2160266952_a2ab39191b.jpg,-4.382136821746826,3.2112460136413574
216172386_9ac5356dae.jpg,0.9528701901435852,-3.244023561477661
2161799386_27aa938421.jpg,-2.3429863452911377,-0.20588676631450653
2162469360_ff777edc95.jpg,-1.8446481227874756,-3.8993797302246094
2162564553_96de62c7e6.jpg,2.4916622638702393,-11.290793418884277
2164363131_6930455d45.jpg,5.224426746368408,2.454908847808838
2165459064_5b81ff23eb.jpg,5.548821449279785,5.108307838439941
2165461920_1a4144eb2b.jpg,2.7546300888061523,4.76839542388916
2165677531_e1d5e086f7.jpg,1.0503884553909302,-5.307648181915283
2167644298_100ca79f54.jpg,-5.577484607696533,-0.2934105098247528
2169067981_cc19268f23.jpg,-6.676409721374512,3.8332738876342773
2169951750_495820a215.jpg,10.528543472290039,2.9050259590148926
2170187328_65c2f11891.jpg,3.171172618865967,-4.534869194030762
2170222061_e8bce4a32d.jpg,5.2934184074401855,7.591989994049072
2171154778_8189169336.jpg,-3.296738862991333,4.482648849487305
2171576939_d1e72daab2.jpg,-1.6652401685714722,-1.524190902709961
2171891283_dedd9cf416.jpg,8.81059741973877,4.4029860496521
2172493537_128bc8b187.jpg,2.2969889640808105,-8.603602409362793
2172526745_649f420569.jpg,2.768527030944824,-8.133641242980957
2173061319_1f267765dc.jpg,0.8007679581642151,-3.269141912460327
2173312932_269f9786fc.jpg,7.167099952697754,6.420264720916748
2173677067_9d0732bcc2.jpg,-3.555973529815674,5.825133800506592
2174206711_11cb712a8d.jpg,-6.086269855499268,0.2849601209163666
217583047_5e93e1e119.jpg,1.5354654788970947,-4.194580078125
2176147758_9a8deba576.jpg,-3.8201181888580322,-1.663151502609253
2176364472_31fcd37531.jpg,3.4108943939208984,0.26341119408607483
2176874361_2b4149010b.jpg,5.4494452476501465,4.786284446716309
2176980976_7054c99621.jpg,2.560683012008667,-5.908257484436035
2178064851_bb39652d28.jpg,9.37039852142334,-5.318337917327881
2178095150_436b035741.jpg,-0.6305370926856995,1.5722832679748535
2178306830_6af49375b4.jpg,0.9965541362762451,-4.721490859985352
217838128_1f0a84ddc1.jpg,3.4491384029388428,-5.238954067230225
2180356743_b3a3c9a7f6.jpg,-5.681448936462402,-4.30368709564209
2180480870_dcaf5ac0df.jpg,5.802821636199951,6.783673286437988
2180886307_5156460b2c.jpg,10.91018295288086,-2.871004343032837
2181117039_c4eea8036e.jpg,-2.7799532413482666,-1.1238250732421875
2181724497_dbb7fcb0a9.jpg,-1.0539414882659912,1.546981930732727
2181846120_3744ca3942.jpg,0.9911396503448486,5.622931957244873
2182050469_1edac0bc60.jpg,3.8544771671295166,-8.603925704956055
2182488373_df73c7cc09.jpg,-6.26531982421875,-0.6708757281303406
2183227136_8bb657846b.jpg,2.9235405921936035,-6.1055707931518555
218342358_1755a9cce1.jpg,0.26455605030059814,-2.247257947921753
2183967273_d182e18cf6.jpg,0.8328331112861633,5.140222072601318
2185793891_5a5e903ca6.jpg,-3.8673095703125,2.2712349891662598
2186087673_c7a73da7ce.jpg,-5.897653579711914,-0.6874010562896729
2186139563_e60c1d4b8b.jpg,4.258298873901367,4.626420497894287
2186367337_0ce9ce2104.jpg,7.5598039627075195,1.5198835134506226
2187222896_c206d63396.jpg,-6.71847677230835,-1.932000756263733
2187503678_fd743e0a00.jpg,1.6674164533615112,1.6318107843399048
2187720319_112d00f07d.jpg,3.887345790863037,1.6415451765060425
2187904131_96ea83b9b5.jpg,1.1275793313980103,-9.224678039550781
2188192752_09d9fc5431.jpg,-4.378364086151123,3.4903035163879395
2188688248_f57a28a5a7.jpg,0.9848601818084717,-7.237870693206787
2189181027_a445b13438.jpg,10.634210586547852,0.272089421749115
2189995738_352607a63b.jpg,2.4920079708099365,-5.638125896453857
2190137367_746335f707.jpg,1.0036203861236572,5.592536449432373
2190227737_6e0bde2623.jpg,4.722335338592529,-0.11176040023565292
219070971_ae43410b9e.jpg,2.830650806427002,-6.0233917236328125
2191329761_3effd856c5.jpg,-1.0278834104537964,0.622061014175415
2191453879_11dfe2ba3a.jpg,1.4096170663833618,6.168724060058594
2192026581_b782d1355a.jpg,7.743004322052002,-6.8189311027526855
2192131110_8a40e7c028.jpg,0.8220692873001099,-0.7789722681045532
2192333873_2a0cbe849d.jpg,11.895752906799316,-6.872805118560791
2192411521_9c7e488c5e.jpg,-3.709174633026123,-3.6635611057281494
2192475933_d779bf42eb.jpg,0.12901835143566132,-3.8678295612335205
2192802444_b14bb87b95.jpg,5.112054824829102,-6.877118110656738
219301553_d2fffe9e0c.jpg,2.4496347904205322,-12.570154190063477
219301555_17883a51bd.jpg,3.0160226821899414,-9.024620056152344
2193223202_4d908c0450.jpg,-1.6913799047470093,1.2042607069015503
2193980605_4221c6474d.jpg,-1.5066536664962769,-4.931526184082031
2194286203_5dc620006a.jpg,2.06805419921875,-5.324860572814941
2194494220_bb2178832c.jpg,6.326108932495117,-2.1923041343688965
2194495372_bdac7d9e71.jpg,-1.647818922996521,6.1341657638549805
2194797921_96af7a9467.jpg,-0.2952018678188324,-0.2311103343963623
2194806429_ca4c3770c1.jpg,-3.7802491188049316,-2.2087721824645996
2195419145_36722e8d54.jpg,-3.7196037769317627,-0.15998592972755432
2195620255_6693479734.jpg,8.416881561279297,0.192121222615242
2195887578_3ba2f29b48.jpg,-1.2060058116912842,1.0553297996520996
2196050115_e236d91f52.jpg,-2.834489583969116,1.0621378421783447
2196107384_361d73a170.jpg,-4.797871112823486,-1.1965209245681763
2196284168_76417efbec.jpg,-5.070370674133301,2.887042284011841
2196316998_3b2d63f01f.jpg,-3.125394582748413,-0.8009536266326904
2196846255_2c1635359a.jpg,12.08255386352539,-2.7990896701812744
2197275664_fabcf3424b.jpg,-6.240975379943848,1.4480106830596924
219730733_6a55382dd2.jpg,-3.2143750190734863,-2.484632730484009
219843859_94b6d0a580.jpg,2.32995867729187,-2.9367570877075195
219843860_332e5ca7d4.jpg,-2.436155319213867,-3.5670807361602783
2198484810_50a893824a.jpg,4.6123223304748535,6.71229362487793
2198494923_8159551be4.jpg,7.654271602630615,-7.393967151641846
2198511848_311d8a8c2f.jpg,0.7951505184173584,-8.167171478271484
2198964806_c57b0534d3.jpg,5.902195930480957,4.995418548583984
2199083344_3aa77f4879.jpg,-5.975061893463135,-0.40914425253868103
2199200615_85e4c2a602.jpg,8.059037208557129,9.695422172546387
2199250692_a16b0c2ae1.jpg,-2.4573328495025635,0.7298803925514221
2199793371_343809ff70.jpg,8.819904327392578,3.97794771194458
2200901777_f6c168bd32.jpg,-3.346047878265381,2.077846050262451
2201192417_d934730fea.jpg,-0.0007133000181056559,5.680046081542969
2201222219_8d656b0633.jpg,-2.780802011489868,3.496023654937744
2201951969_0d7520d648.jpg,3.6162426471710205,-7.366547107696533
2201978994_c444e64810.jpg,0.18983681499958038,-0.4843907952308655
2203286182_b453e9d176.jpg,7.204655170440674,5.472529411315918
2203449950_e51d0f9065.jpg,-1.783716082572937,1.120286464691162
2203615439_3c7cdc39dc.jpg,-5.640902996063232,-2.3233704566955566
2204277704_f1c8c741ed.jpg,-0.7498279809951782,2.633701801300049
2204550058_2707d92338.jpg,-5.971067428588867,1.6336700916290283
2204695848_3d1b140212.jpg,-3.6250545978546143,0.7894920110702515
2204777844_1bcf26bf84.jpg,-2.2815001010894775,-3.681232452392578
2205088706_d7e633e00d.jpg,3.379237651824951,-2.7348060607910156
2205328215_3ffc094cde.jpg,1.8155858516693115,-4.108181476593018
2205336881_d9ee4179d3.jpg,-4.328015327453613,3.4167122840881348
2206403470_8c25aa3cf8.jpg,-5.251107692718506,-3.4552464485168457
2206594874_5e0087c6b7.jpg,-5.313393592834473,1.9294004440307617
2206600240_f65df56a09.jpg,-5.768457412719727,2.4424242973327637
2206960564_325ed0c7ae.jpg,3.165156364440918,4.015852928161621
2207244634_1db1a1890b.jpg,-3.200900077819824,-0.9032942056655884
2208055895_37cd8e1edf.jpg,0.5407229661941528,-6.533185958862305
2208067635_39a03834ca.jpg,-0.2778134047985077,-1.1117857694625854
2208310655_a3d83080c5.jpg,-4.77324914932251,2.764369487762451
2208631481_3e4a5675e1.jpg,7.3993611335754395,6.325679779052734
2209496328_2a34fd201d.jpg,13.060135841369629,0.2194909304380417
2209888959_d636b1be0b.jpg,-0.829937756061554,-1.6554933786392212
2210368267_0615754b48.jpg,-3.9549574851989746,1.5336750745773315
2211593099_4a4f1c85d2.jpg,-5.692573547363281,-2.5223631858825684
2212472643_80238475b5.jpg,-2.6150453090667725,1.0603002309799194
2213113526_beeb4f9bdc.jpg,-1.055863380432129,-2.671433925628662
2214132302_80064fd79d.jpg,-1.635770320892334,-1.1173241138458252
2214847438_4993210d4c.jpg,-1.6774389743804932,1.2834208011627197
2215136723_960edfea49.jpg,1.6580055952072144,-6.440145492553711
2215165918_2bf5b659dd.jpg,6.303225994110107,2.2801661491394043
2216568822_84c295c3b0.jpg,-5.943090915679932,0.682325541973114
2216695423_1362cb25f3.jpg,3.404963731765747,5.100734710693359
2217328285_b1d55c17ca.jpg,6.737848281860352,-0.5867035388946533
2217728745_92b6779016.jpg,-7.15248966217041,0.4296451508998871
2218334049_e649dbdb1a.jpg,0.7603647708892822,-0.8470168113708496
2218519240_cac5aab53c.jpg,-5.110879421234131,0.3871564269065857
2218609886_892dcd6915.jpg,-2.5253422260284424,0.9105648994445801
2218743570_9d6614c51c.jpg,3.168275833129883,4.513796806335449
2218843713_cf28ea319e.jpg,4.94133996963501,-6.442744255065918
2218907190_5f43bf5e4d.jpg,-2.303682327270508,-0.5449710488319397
221973402_ecb1cd51f1.jpg,3.7335314750671387,7.533128261566162
2219805467_370ee1b7aa.jpg,6.872043132781982,1.771554708480835
2219805677_7b7cc188c7.jpg,6.716001987457275,1.8252638578414917
2219959872_988e6d498e.jpg,-4.088493824005127,-3.769395589828491
2220175999_081aa9cce8.jpg,8.105039596557617,-3.2440693378448486
2220185725_45d4fa68d9.jpg,10.305469512939453,0.8453220725059509
2220612655_030413b787.jpg,6.504683971405029,4.706155300140381
2221818690_9003756d33.jpg,-6.275639533996582,-0.1906486302614212
2222186636_85e03e0b75.jpg,-7.608468055725098,-0.24204424023628235
2222498879_9e82a100ab.jpg,6.977250576019287,6.080501556396484
2222559267_6fd31e3941.jpg,-6.225788593292236,-2.5409421920776367
2223382277_9efa58ec45.jpg,2.8716416358947754,-5.208887100219727
222369445_5b6af347dd.jpg,5.772311687469482,-9.842631340026855
2224450291_4c133fabe8.jpg,0.9129924178123474,-2.9744534492492676
2224995194_518859d97d.jpg,0.42411255836486816,-6.693265914916992
2225231022_1632d0a5aa.jpg,-7.874348163604736,-2.669194459915161
2225241766_f1e7132e3e.jpg,1.2229782342910767,-1.5899803638458252
2225864432_48a24f49a4.jpg,-5.023186683654785,0.5635923147201538
2226440063_c085b30558.jpg,5.087299823760986,-2.947978973388672
2226534154_cbcab7ba32.jpg,-7.206629753112793,-0.7338380813598633
2226587791_66e29dd01d.jpg,6.7498674392700195,-4.436892032623291
222759342_98294380fc.jpg,-1.7647777795791626,1.8366049528121948
2228022180_9597b2a458.jpg,-9.321348190307617,1.0926713943481445
2228167286_7089ab236a.jpg,-4.166304588317871,5.093245983123779
222878446_32c6fc4bc9.jpg,-3.390974998474121,3.6153042316436768
2229177914_3308fe7d20.jpg,0.7705670595169067,2.3882899284362793
2229179070_dc8ea8582e.jpg,1.5631312131881714,4.368689060211182
2229509318_be3fef006b.jpg,4.271338939666748,3.5459001064300537
2230067846_74046b89d3.jpg,-2.9461510181427,2.5442073345184326
2231847779_1148d1c919.jpg,-1.4064534902572632,4.095551013946533
2232518012_8cb0bbc43b.jpg,-4.614100933074951,2.169431447982788
223299137_b0e81ac145.jpg,3.9203531742095947,-4.486436367034912
223299142_521aedf9e7.jpg,3.5770649909973145,-8.665413856506348
2233426944_0959835ced.jpg,6.579468727111816,8.179773330688477
2234702530_a265a4df22.jpg,-5.867384433746338,-1.2034186124801636
2234910971_80e0325918.jpg,3.046356678009033,-6.644385814666748
2236016316_f476cbbf06.jpg,-4.143248081207275,3.3704781532287598
2238019823_79318d1f11.jpg,0.7812362313270569,-4.771815776824951
2238166082_140f8b01b8.jpg,5.084604740142822,-4.704399585723877
2238759450_6475641bdb.jpg,1.9767791032791138,-3.810807466506958
2239938351_43c73c887c.jpg,5.508591651916504,5.8400092124938965
224026428_0165164ceb.jpg,-6.3044281005859375,-0.014238991774618626
2240539658_dea8db6e55.jpg,7.661444187164307,0.36962977051734924
2241768909_3d96d48417.jpg,-1.9830461740493774,-2.991225481033325
2242178517_2325b85e5f.jpg,1.6374895572662354,-4.440328598022461
224273695_0b517bd0eb.jpg,4.545704364776611,-8.729155540466309
2242863004_3a9f82a31f.jpg,6.002821445465088,5.8495707511901855
224369028_b1ac40d1fa.jpg,-1.5054928064346313,-2.0300133228302
2243904502_2d265fed80.jpg,3.720559597015381,5.764542579650879
2244024374_54d7e88c2b.jpg,8.405588150024414,3.674485206604004
2244171992_a4beb04d8e.jpg,-5.927753925323486,-2.0266785621643066
2244551043_21b8cca866.jpg,-8.104437828063965,1.0932433605194092
2244613488_4d1f9edb33.jpg,-0.29077816009521484,-6.691649913787842
2245348304_08bc5642f1.jpg,-6.760152339935303,0.11771082133054733
2245618207_fa486ba2b7.jpg,-2.3368632793426514,2.429342031478882
2245914678_1f82fc3d80.jpg,-7.166269302368164,1.7941612005233765
2245916742_73af13c733.jpg,-0.22704686224460602,-4.480691432952881
2246717855_c0c08fe5d2.jpg,-9.492195129394531,-0.7147286534309387
224702241_05af393148.jpg,11.178129196166992,-0.6207377910614014
224702242_a62aaa6dff.jpg,4.2237396240234375,4.185593128204346
2247138288_7355861203.jpg,2.6806557178497314,-4.302387237548828
2247192427_5e106f24a9.jpg,-5.973351001739502,4.102802753448486
224766705_b77996527f.jpg,1.1179817914962769,-5.503662109375
2247889670_413db8094b.jpg,6.478437900543213,-2.877635955810547
2248487950_c62d0c81a9.jpg,-7.427799224853516,0.32696518301963806
2248487956_2603f55ab9.jpg,-5.8063883781433105,1.9463043212890625
2249141510_f534708374.jpg,-2.473834753036499,0.3040095269680023
2249264723_d08655d9f2.jpg,-3.3968334197998047,2.565216302871704
2249480913_e1695e5c28.jpg,3.1687569618225098,4.85108757019043
2249865945_f432c8e5da.jpg,7.069145202636719,0.6778667569160461
2250555512_71670078f5.jpg,-4.439774990081787,0.3531784415245056
2250870111_8402d2319d.jpg,-3.93204402923584,-3.251512289047241
2251418114_2b0cd4c139.jpg,1.7893809080123901,-8.220888137817383
2251447809_2de73afcdf.jpg,-3.222306966781616,-3.5703506469726562
2251747182_6b67a3ab8b.jpg,-3.7857418060302734,5.085235118865967
2251992614_0c601fae2c.jpg,-3.9585700035095215,-0.28959834575653076
2252123185_487f21e336.jpg,-7.6953911781311035,-1.048649787902832
2252264255_03fefc25af.jpg,-5.634269714355469,-0.33572179079055786
2252299132_14ca6e584b.jpg,0.054781608283519745,3.6108648777008057
2252403744_148fc11f68.jpg,-5.789810657501221,2.899155378341675
2252635585_b48b3485b0.jpg,6.795438289642334,0.6549286842346191
2254913901_569f568926.jpg,-4.8464837074279785,-0.5685675740242004
2255266906_8222af18b9.jpg,-0.09562189877033234,-3.0773355960845947
2255332561_3375897ff0.jpg,2.8012964725494385,-8.219586372375488
2255338013_566127590b.jpg,2.954935312271118,-9.359495162963867
2255342813_5b2ac6d633.jpg,2.061659336090088,-5.5243425369262695
2255685792_f70474c6db.jpg,1.6455000638961792,-2.426680564880371
2256133102_e2c8314ecb.jpg,2.985459089279175,-9.46507453918457
2256138896_3e24b0b28d.jpg,3.4882614612579346,-8.224696159362793
2256218522_53b92bcbb2.jpg,8.082597732543945,4.7168378829956055
2256231539_05c27179f1.jpg,-0.5204564332962036,3.473026990890503
2256320794_0286c31bfa.jpg,4.87791633605957,4.3901824951171875
225699652_53f6fb33cd.jpg,5.45310115814209,-7.827390193939209
2257099774_37d0d3aa9a.jpg,-4.303191184997559,-0.31227269768714905
2257294002_0073263c54.jpg,-6.22006893157959,1.0745912790298462
2257631407_1529b9db39.jpg,-1.1094541549682617,1.33220374584198
2257798999_d9d1b9a45a.jpg,4.5019636154174805,6.604703426361084
2258662398_2797d0eca8.jpg,9.365050315856934,-7.607348918914795
2258951972_92763fddab.jpg,7.134332180023193,8.550628662109375
225909073_25c3c33a29.jpg,11.905264854431152,0.7692803740501404
2259203920_6b93b721ce.jpg,5.012450695037842,4.161815166473389
2259336826_0cb294e1f7.jpg,-5.935445785522461,-2.836149215698242
2260369648_e21ae6494a.jpg,-5.481105804443359,3.3082892894744873
2260560631_09093be4c6.jpg,2.6863982677459717,1.1111767292022705
2260649048_ae45d17e68.jpg,4.727863311767578,3.752070903778076
2261169495_98254e2e66.jpg,-5.743906021118164,-0.9669134020805359
2261257940_449b6e6c91.jpg,6.164865493774414,2.5479815006256104
2261346505_302c67951d.jpg,-6.432416915893555,0.2899097502231598
2261550615_b6c25d987b.jpg,-8.077637672424316,0.28418970108032227
2261962622_e9318a95eb.jpg,-4.159185886383057,-0.029079990461468697
2263655670_517890f5b7.jpg,5.3126540184021,4.337650775909424
2264316030_600e55748d.jpg,4.337713241577148,0.7564350962638855
2265096094_8cc34d669c.jpg,0.5284855365753174,-1.120732069015503
2265100168_175f8218af.jpg,-1.5535753965377808,3.7708914279937744
226531363_33ac01d931.jpg,10.656606674194336,2.97059965133667
2265367960_7928c5642f.jpg,-2.4900126457214355,1.5398321151733398
2266061169_dfbf8f0595.jpg,-3.292214870452881,-0.7747654914855957
226607225_44d696db6b.jpg,5.621341705322266,-3.950974941253662
2266142543_b2de18c081.jpg,-5.687657833099365,-0.9196657538414001
2266144051_614b2d62b0.jpg,-3.0035810470581055,-5.1671953201293945
2266901263_4324af1f03.jpg,-3.5288877487182617,1.9592816829681396
2267682214_e1434d853b.jpg,2.037830352783203,4.403995513916016
2267819545_446c5a3e18.jpg,-6.163336277008057,2.778765916824341
2267923837_ae88678497.jpg,-5.835565090179443,-0.2197650671005249
2268109835_d6edbe1c2b.jpg,2.8456194400787354,-3.6520049571990967
2268115375_69884e958d.jpg,3.1922919750213623,0.6937345266342163
2268596214_ca532f5c63.jpg,-5.424892425537109,0.34719228744506836
2268601066_b018b124fd.jpg,-4.8995161056518555,1.5179874897003174
2268729848_d418451226.jpg,-6.669057369232178,-0.5220910310745239
2269021076_cefc9af989.jpg,-2.3138070106506348,-1.5159552097320557
2269795781_46a296aa21.jpg,-1.301397442817688,7.277000904083252
2269961438_cae7a9c725.jpg,3.9907782077789307,8.295649528503418
2270483627_16fe41b063.jpg,13.911324501037598,-1.349900484085083
2271264741_aa8f73f87c.jpg,5.653554916381836,2.72127366065979
2271468944_3264d29208.jpg,5.4081950187683105,-4.872153282165527
2271667421_7b21fc23b8.jpg,3.9333298206329346,-6.812331676483154
2271671533_7538ccd556.jpg,1.2060081958770752,-9.128496170043945
2271755053_e1b1ec8442.jpg,-4.760972023010254,4.241898059844971
2271890493_da441718ba.jpg,7.34224796295166,2.8331313133239746
2271955077_0020b4ee0d.jpg,0.6900696158409119,-3.8091351985931396
2272426567_9e9fb79db0.jpg,8.155384063720703,-1.9180066585540771
2272489996_95b0a62d15.jpg,4.911678791046143,5.238737106323242
2272491304_cb7c7ed16f.jpg,3.28896164894104,-9.561853408813477
2272548482_0b4aec5cdd.jpg,-6.525414943695068,4.2969818115234375
2272750492_91e8f67328.jpg,0.9103056788444519,-6.2174787521362305
2272823323_3b7291cd47.jpg,2.0905301570892334,-5.940572738647461
2272967004_1531726d71.jpg,2.210174798965454,-8.887983322143555
2273028514_d7b584f73d.jpg,-7.372727394104004,-0.632620096206665
2273038287_3004a72a34.jpg,5.566901206970215,4.586258411407471
2273105617_7c73d2d2d3.jpg,-3.20863676071167,-1.0208953619003296
2273591668_069dcb4641.jpg,5.67592716217041,2.1311378479003906
2273799395_5072a5736d.jpg,1.6105684041976929,-6.187689781188965
2273871383_1ddb3562ea.jpg,-4.291661262512207,0.8317156434059143
2274602044_b3d55df235.jpg,0.4146823287010193,3.115036964416504
2274992140_bb9e868bb8.jpg,-4.335610389709473,3.020022392272949
2275029674_6d4891c20e.jpg,0.963333010673523,2.5307462215423584
2275253272_00f941366e.jpg,-4.791947364807129,-0.8547748923301697
2275372714_017c269742.jpg,-1.11359441280365,-1.3494491577148438
2276120079_4f235470bc.jpg,-0.24375271797180176,1.6812115907669067
2276314067_7ee246f859.jpg,5.800145149230957,4.822336196899414
2276499757_b44dc6f8ce.jpg,5.412233829498291,3.644338846206665
2277081067_d2b4c98bce.jpg,5.616883277893066,-5.881707191467285
2277299634_e14bdb7ff7.jpg,-9.289886474609375,-0.6540379524230957
2278110011_ba846e7795.jpg,1.1136863231658936,2.485161781311035
2278766574_f71f1704a8.jpg,-3.9363510608673096,-4.634128093719482
2278776373_fe499a93be.jpg,-4.679602146148682,-0.7023981213569641
2279496715_8ef3ee6edb.jpg,-0.8034351468086243,1.1121166944503784
2279945145_8815c59217.jpg,5.712776184082031,5.722370147705078
2279980395_989d48ae72.jpg,0.07110819220542908,3.1260986328125
2280354512_c0d035d53f.jpg,9.418506622314453,-0.37759876251220703
2280525192_81911f2b00.jpg,13.878889083862305,3.0452489852905273
2281006675_fde04e93dd.jpg,2.770251989364624,-6.753657341003418
2281054343_95d6d3b882.jpg,-8.1639986038208,-1.6394702196121216
2281075738_230892b241.jpg,6.265550136566162,6.763206481933594
2281768510_9cc5728c55.jpg,2.8222951889038086,-6.537511348724365
2282043629_91b7831352.jpg,4.127865314483643,-4.183481216430664
2282260240_55387258de.jpg,-5.124674320220947,2.7286436557769775
2282522980_45cfa8e0cf.jpg,11.424509048461914,0.31881389021873474
2282600972_c22d1e03c7.jpg,2.2603304386138916,-9.384227752685547
2282895743_f803f1cf01.jpg,-6.939899921417236,2.322070837020874
2283966256_70317e1759.jpg,5.539947509765625,0.5755787491798401
2284239186_c827f4defa.jpg,-3.672196388244629,1.1052953004837036
2284894733_b710b9b106.jpg,3.254552125930786,4.502287864685059
2285152690_3fb93f65f1.jpg,-2.153742551803589,1.88064706325531
2285570521_05015cbf4b.jpg,3.0051252841949463,-7.632333755493164
2285741931_07159a21f2.jpg,-2.201200485229492,0.5158643126487732
2286032269_8ba929709c.jpg,9.46487045288086,-6.413958549499512
2286235203_af3cd8f243.jpg,-3.1632797718048096,1.138983130455017
2286236765_2a63eeb550.jpg,-5.750800609588623,0.48373615741729736
2286239223_d84ffc4e4a.jpg,-3.2405714988708496,0.6643417477607727
2286270205_16038dec5a.jpg,7.861198902130127,0.608392059803009
2286823363_7d554ea740.jpg,-2.0029592514038086,0.45916107296943665
2287023569_fd7a9c60b8.jpg,4.89640998840332,4.868615627288818
2287887341_663bfa15af.jpg,5.1523308753967285,2.9374237060546875
2288099178_41091aa00c.jpg,-1.3441663980484009,-2.2214581966400146
2288315705_5f4c37d932.jpg,6.430384159088135,-0.44991108775138855
2288530008_4ebcee2174.jpg,-3.3587687015533447,-5.131594181060791
2289068031_fe26990183.jpg,-4.150378227233887,-2.8837788105010986
2289096282_4ef120f189.jpg,-0.5706431269645691,-2.3369359970092773
2289212650_69de7a20b2.jpg,8.9767427444458,3.2425005435943604
228949397_9e63bfa775.jpg,4.576411247253418,-3.389451742172241
2290330500_e7bdaa58e1.jpg,-2.0325465202331543,5.9463372230529785
2290589734_b588471345.jpg,-3.200289487838745,3.694230318069458
2291485126_b8d41a63f4.jpg,3.657503843307495,-10.041790962219238
2291511815_ac083fddbd.jpg,0.11742840707302094,2.795029640197754
2292406847_f366350600.jpg,3.8041913509368896,-6.81971549987793
2293149170_38fb2257ea.jpg,-4.250515460968018,2.55155086517334
2293424366_7b5fcd2398.jpg,-3.7732009887695312,4.58342170715332
2294516804_11e255807a.jpg,-4.44749116897583,6.420301914215088
2294598473_40637b5c04.jpg,5.302113056182861,6.946541786193848
2294688426_96c8614f1d.jpg,-2.172111988067627,-0.4910631775856018
2295216243_0712928988.jpg,-3.4428811073303223,-1.9058135747909546
2295447147_458cfea65a.jpg,8.870718955993652,7.590409278869629
2295750198_6d152d7ceb.jpg,1.9953914880752563,-1.5607614517211914
2295894587_2fd8faf550.jpg,6.263620853424072,1.9304604530334473
2296166785_292a4e9f4c.jpg,7.608265399932861,-4.954257011413574
2297471897_3419605c16.jpg,4.911570072174072,3.011716842651367
2297744130_f571f3a239.jpg,-3.1385884284973145,-3.5245697498321533
2298077331_f9a1488067.jpg,6.730914115905762,4.032775402069092
2298097636_c5de0079de.jpg,6.675309658050537,6.490474700927734
2298283771_fb21a4217e.jpg,-6.879324913024902,1.5542960166931152
229862312_1a0ba19dab.jpg,5.0689191818237305,3.8639726638793945
2298661279_016d87ba2f.jpg,-3.122676134109497,-1.9863351583480835
2298946012_22de913532.jpg,3.9436895847320557,-4.720277309417725
2299427360_422a3fb8b0.jpg,5.1643476486206055,4.044760704040527
229951087_4c20600c32.jpg,3.258676528930664,-6.018105983734131
229954612_a4438297ee.jpg,2.6160411834716797,-6.122848033905029
229978782_3c690f5a0e.jpg,1.6451165676116943,7.361680507659912
2299859649_07ca44a222.jpg,-4.147024154663086,-0.7292720079421997
230016181_0c52b95304.jpg,6.729574680328369,-0.18050843477249146
2300168895_a9b83e16fc.jpg,6.018669605255127,1.7565187215805054
2300229745_af7a20c959.jpg,1.9231939315795898,3.6812775135040283
2300920203_f29260b1db.jpg,0.9857774972915649,3.7504067420959473
2301379282_5fbcf230d1.jpg,-6.100686073303223,3.706223964691162
2301525531_edde12d673.jpg,5.9522552490234375,1.6054165363311768
2301867590_98c0ecb0cb.jpg,5.541334629058838,-4.6051716804504395
2302516347_26054442f9.jpg,-5.887267112731934,-0.6045015454292297
2302747917_aa0300eb68.jpg,-6.9277496337890625,0.23597489297389984
2303016989_0deb96c8d9.jpg,5.582842826843262,6.4123101234436035
2303356248_65dd6aba6f.jpg,0.9673186540603638,-1.7531962394714355
2303426046_09cfd7bc4e.jpg,7.85371732711792,5.794658660888672
2303951441_3c8080907a.jpg,6.086930274963379,5.636908531188965
2304374703_555195d8d5.jpg,5.95511531829834,3.1919145584106445
2304444199_05386d2e9c.jpg,-2.3318042755126953,-2.380988121032715
2305437797_e6c3460190.jpg,8.281025886535645,0.9823600053787231
2306186887_0bd8ed3792.jpg,3.7735066413879395,5.830001354217529
2306674172_dc07c7f847.jpg,-1.6569774150848389,-3.6593055725097656
2307118114_c258e3a47e.jpg,-4.006768226623535,-0.35518279671669006
2307451605_22e9c06530.jpg,10.417506217956543,-3.241690158843994
2307807200_91fa29cba1.jpg,-5.574382305145264,-1.4263430833816528
2308108566_2cba6bca53.jpg,1.7745108604431152,-7.1363749504089355
2308256827_3c0a7d514d.jpg,-2.3074088096618652,2.290720224380493
2308271254_27fb466eb4.jpg,7.793502330780029,2.5708816051483154
2308978137_bfe776d541.jpg,-4.042915344238281,-3.769134759902954
2309327462_82a24538d4.jpg,3.3624935150146484,7.275509357452393
2309860995_c2e2a0feeb.jpg,-5.266838073730469,-0.5604553818702698
2310108346_e82d209ccd.jpg,0.6210885047912598,-4.194362640380859
2310126952_7dc86d88f6.jpg,6.352657794952393,-1.092663049697876
2310233145_910cb5b4c8.jpg,3.0316061973571777,-3.5335357189178467
2311690895_0d6efe11c8.jpg,1.553398847579956,2.248767137527466
2312731013_1a3a8e25c6.jpg,2.073587656021118,-3.2720961570739746
2312746782_4528a5b818.jpg,-1.9270292520523071,1.4064604043960571
2312747482_20a81b2230.jpg,-1.0423352718353271,2.2573742866516113
2312984882_bec7849e09.jpg,-4.207879066467285,1.052935004234314
2313230479_13f87c6bf3.jpg,5.114055156707764,6.596025466918945
2313822078_282dc07531.jpg,0.6744390726089478,2.237483501434326
2314722788_6262c3aa40.jpg,6.925682067871094,5.3496994972229
2314732154_83bc7f7314.jpg,8.100143432617188,3.5358450412750244
2315418282_80bd0bb1c0.jpg,9.521379470825195,1.0977050065994263
2315807231_6948b3f3a5.jpg,7.35812520980835,3.733358860015869
2315867011_fc5fc9fa6d.jpg,-2.445389747619629,1.9768764972686768
2316097768_ef662f444b.jpg,-7.472469806671143,-0.22411270439624786
2317714088_bcd081f926.jpg,-5.060404300689697,-5.012772083282471
2318502106_33f2e4b4fc.jpg,2.439085006713867,-3.0698723793029785
2318659263_c24005a5cb.jpg,5.609829902648926,-2.3987162113189697
2318721455_80c6644441.jpg,-1.347305417060852,3.001394510269165
2319087586_919472310f.jpg,-4.174106121063232,0.9514285922050476
2319175397_3e586cfaf8.jpg,5.424042701721191,-1.8048131465911865
2319197581_94f807b204.jpg,4.7191290855407715,-3.9133074283599854
2319808437_bbbdc317c0.jpg,2.0088016986846924,-7.2583136558532715
2320125735_27fe729948.jpg,7.286558628082275,6.077188968658447
2321466753_5606a10721.jpg,-5.408400058746338,5.682291030883789
2321865325_79b0954a5d.jpg,3.810731887817383,3.021597385406494
232193739_ed5f348c7a.jpg,-1.3647360801696777,-1.9197038412094116
2322327298_7948338390.jpg,7.590620994567871,2.6936392784118652
2322334640_d4d22619ff.jpg,-2.9747464656829834,-1.0269345045089722
2322593776_e6aaf69e80.jpg,2.5510826110839844,-6.3363189697265625
2322601965_748d59dc57.jpg,-1.936403751373291,-2.3733530044555664
2324779494_5e72d29171.jpg,-5.234555721282959,3.0576181411743164
2324917982_f3db8c11e9.jpg,-1.352435827255249,1.0921621322631836
2324979199_4193ef7537.jpg,-4.36740779876709,1.1184663772583008
2325258180_6217dd17eb.jpg,1.7600107192993164,4.148789882659912
2325386353_1f1a05e1ce.jpg,-4.9916863441467285,1.043353796005249
2325816912_b3bb41cdbb.jpg,5.400911331176758,2.8339664936065674
2326730558_75c20e5033.jpg,6.41612434387207,-0.08957082033157349
2326879311_555ebef188.jpg,-2.6476352214813232,0.39363768696784973
2327088022_478dbd2c17.jpg,4.561993598937988,-7.104794979095459
2327240505_e73cc73246.jpg,-4.412522315979004,2.673250675201416
2328104318_5a43ca170c.jpg,-3.883519411087036,1.727645993232727
2328106090_b7c2725501.jpg,-2.607158899307251,-0.08608873188495636
2328616978_fb21be2b87.jpg,-8.156341552734375,2.2369256019592285
232874193_c691df882d.jpg,6.680985927581787,6.033779621124268
2330062180_355ccbceb5.jpg,8.910043716430664,-1.4546223878860474
2330536645_2d36b516e1.jpg,9.747434616088867,-6.317858695983887
2330843604_b8d75d6ac7.jpg,-3.8676140308380127,3.701462745666504
2331510788_986809bbb4.jpg,9.03559684753418,1.8310413360595703
233242340_09963100a3.jpg,1.7582396268844604,8.228557586669922
2332540384_4cf26406a9.jpg,-1.3905584812164307,-4.411057949066162
233270519_d60d4518fa.jpg,3.436608076095581,-6.094852924346924
2332986053_864db84971.jpg,-2.6738903522491455,-3.6980526447296143
233327292_3bcbc3783f.jpg,-7.62067174911499,1.8383911848068237
2333288869_8c01e4c859.jpg,6.309306621551514,-6.911849498748779
2333584535_1eaf9baf3e.jpg,4.6986613273620605,-1.0180696249008179
233361142_d9d5f0cae9.jpg,3.308814287185669,2.593111276626587
2333816000_7105d0ffac.jpg,-0.10877783596515656,-8.006951332092285
2335428699_4eba9b6245.jpg,0.4644073247909546,-4.3593597412109375
2335619125_2e2034f2c3.jpg,7.718992710113525,1.0850588083267212
2335634931_7e9e8c2959.jpg,1.7919093370437622,3.2159969806671143
2337377811_8c81b40a64.jpg,2.8408195972442627,-4.497230052947998
2337757064_08c4033824.jpg,1.6307588815689087,-3.1365199089050293
2337809114_899ba61330.jpg,-6.161182403564453,2.3419787883758545
2337919839_df83827fa0.jpg,-0.7257923483848572,5.423051357269287
2338627102_6708a9b4fd.jpg,-0.01063236128538847,-7.154898643493652
2339106348_2df90aa6a9.jpg,-5.677059173583984,1.601975679397583
2339140905_9f625f140a.jpg,1.8683428764343262,-3.625638484954834
2339516180_12493e8ecf.jpg,-1.016608715057373,-0.5366372466087341
2339573065_91f1e3be60.jpg,-5.396569728851318,-0.0770353227853775
2339946012_06bd480ab8.jpg,5.954015254974365,-2.9780118465423584
2340206885_58754a799a.jpg,8.417906761169434,3.0241541862487793
2340919359_f56787d307.jpg,8.104925155639648,4.605775356292725
2341254813_c53a5ef27a.jpg,-8.006356239318848,-1.5121362209320068
234241682_51d9fabb27.jpg,1.4985934495925903,-0.3079562783241272
2342478660_faef1afea8.jpg,-4.528390407562256,1.9729622602462769
2343525685_3eba3b6686.jpg,-5.176944732666016,-3.9042468070983887
2343879696_59a82f496f.jpg,-1.3206371068954468,-0.8831058144569397
2344412916_9a5a9b1c82.jpg,-2.663153648376465,-0.9261288642883301
23445819_3a458716c1.jpg,6.633856296539307,4.1383819580078125
2344699642_4fae2f4e07.jpg,3.911391496658325,0.5729396939277649
2344875609_8e172d682b.jpg,2.5417373180389404,-1.1346310377120972
2344898759_5674382bcd.jpg,-1.0380252599716187,-2.854844570159912
2345984157_724823b1e4.jpg,6.235685348510742,-2.191195011138916
2346189044_546ed84aa9.jpg,-6.329907417297363,2.2650351524353027
2346401538_f5e8da66fc.jpg,-2.359365940093994,-1.730348825454712
2346402952_e47d0065b6.jpg,-3.827531337738037,-3.3935227394104004
2346523971_d3f1e12ce4.jpg,-5.605207443237305,-1.3169965744018555
2346629210_8d6668d22d.jpg,-3.2137458324432373,2.654280424118042
2346772831_b2748ba1f0.jpg,-1.8011244535446167,-2.3163580894470215
2347921097_f2e35753c0.jpg,3.029092788696289,2.350973606109619
2348491126_30db0d46ef.jpg,-6.292763710021973,1.6434112787246704
2348924378_47e556d81a.jpg,-4.1029438972473145,1.6284104585647583
2350400382_ced2b6c91e.jpg,5.312380790710449,3.4726736545562744
235065283_1f9a3c79db.jpg,2.4539949893951416,-9.939818382263184
235074044_c1358888ed.jpg,-9.200778007507324,1.8889495134353638
2351479551_e8820a1ff3.jpg,-4.519752502441406,-1.1641079187393188
2351762979_0941aecced.jpg,-2.936098337173462,2.4641010761260986
2352414953_10f3cd0f1f.jpg,-3.4775173664093018,3.9778923988342285
2353088412_5e5804c6f5.jpg,6.1968488693237305,3.096046209335327
2353102255_67d9d2e40a.jpg,3.2702975273132324,4.103065013885498
2353119813_685bace18e.jpg,4.125830173492432,5.883028507232666
2354064281_10afa38206.jpg,6.319854259490967,2.1857802867889404
2354456107_bf5c766a05.jpg,-9.300712585449219,-0.8875897526741028
2354540393_a149722680.jpg,-5.590255260467529,0.9440963268280029
2354792215_eef2bdc753.jpg,0.23425675928592682,7.568050384521484
2354829523_9542fc74ba.jpg,-5.992656230926514,1.661352515220642
2355093195_87fb7f82cb.jpg,4.716444969177246,-9.166431427001953
2355578735_286af5b202.jpg,-1.3091613054275513,0.6852795481681824
2355763034_9fb61a8165.jpg,-6.770167827606201,3.793227195739746
2355819665_39021ff642.jpg,-3.139592409133911,-0.9298537373542786
2355880294_8f78a6fea6.jpg,8.298579216003418,-12.487833023071289
2356574282_5078f08b58.jpg,-5.507690906524658,0.2823581397533417
2356664078_4b1e6e465d.jpg,7.412917137145996,5.557559490203857
2358447641_10f1e9d21f.jpg,-1.9686866998672485,-1.0941460132598877
2358554995_54ed3baa83.jpg,-2.8815152645111084,-1.7119617462158203
2358561039_e215a8d6cd.jpg,2.1839892864227295,0.4940395653247833
2358898017_24496b80e8.jpg,2.393120050430298,4.728651523590088
2359784186_36c9746d02.jpg,-2.763615369796753,-1.2013381719589233
2360194369_d2fd03b337.jpg,-0.8762558698654175,-5.247428894042969
236095031_5cb17dc54a.jpg,1.9855726957321167,-9.347410202026367
236095034_c983bdfbbf.jpg,-0.043304380029439926,-6.917826175689697
236144859_52f9e38885.jpg,3.213402271270752,3.890625238418579
2362377137_9528692825.jpg,-8.053661346435547,0.8925720453262329
2362481035_a7600875d0.jpg,-2.1218035221099854,1.2049654722213745
2363006088_b3e3aa5c0b.jpg,2.320634126663208,3.710346221923828
2363100645_c3423a0433.jpg,-4.401346683502197,1.9795550107955933
2363419943_717e6b119d.jpg,-9.474072456359863,-0.36073145270347595
2363540508_9dd1ccf7c7.jpg,-1.9845596551895142,-1.883912205696106
2364096157_eb7970a69a.jpg,5.629888534545898,2.2791974544525146
2364394224_c17b09e035.jpg,7.899442195892334,1.4523957967758179
236474697_0c73dd5d8b.jpg,-4.409013271331787,-0.7344833016395569
236476706_175081ce18.jpg,-4.658499717712402,0.7876318097114563
2364774105_fbaf0c191f.jpg,-1.2616466283798218,-5.305901050567627
236518934_c62a133077.jpg,6.614488124847412,-2.060882568359375
2366421102_2d60d53a0e.jpg,0.3359321057796478,7.6554179191589355
2366643786_9c9a830db8.jpg,-4.120573997497559,0.5533662438392639
2367139509_1ee4530b28.jpg,9.938274383544922,1.6930639743804932
236730743_0d4fd8de5a.jpg,1.3674862384796143,-6.101960182189941
2367317953_503317493e.jpg,-4.998498439788818,0.3694961965084076
2367318629_b60cf4c4b3.jpg,-5.587677955627441,0.5600435137748718
2367816288_7c2d11d3c5.jpg,0.9995446801185608,6.444771766662598
2368266191_87d77750f1.jpg,4.808402061462402,2.86946702003479
2369248869_0266760c4a.jpg,12.663752555847168,0.3510308563709259
2369452202_8b0e8e25ca.jpg,-1.4922181367874146,1.4548048973083496
2369840118_a1c4240ab7.jpg,-1.5349407196044922,2.4802682399749756
2370221025_be4d9a4431.jpg,-3.9992427825927734,2.278627872467041
2370481277_a3085614c9.jpg,-1.9591797590255737,6.9842681884765625
2371749487_d80195a2e7.jpg,1.588191270828247,0.9419346451759338
2371809188_b805497cba.jpg,-4.01500129699707,-1.1295169591903687
2372572028_53b76104a9.jpg,0.6359565258026123,-1.7456114292144775
2372763106_ddea79d36e.jpg,-1.6457611322402954,2.605820417404175
237277765_9e6fa5b99a.jpg,-0.34377017617225647,-1.8528169393539429
2373234213_4ebe9c4ee5.jpg,-0.10344334691762924,1.1284267902374268
2374179071_af22170d62.jpg,4.101074695587158,-1.97726571559906
2374247382_023a86b9ca.jpg,-4.621776103973389,4.815424919128418
2374570771_c395fc224a.jpg,10.260533332824707,1.5337233543395996
2374652725_32f90fa15c.jpg,12.88631820678711,1.4496065378189087
237547381_aa17c805e0.jpg,4.718233108520508,3.113226890563965
2375924666_fee50f1cba.jpg,3.73726224899292,3.299367904663086
2376694294_9a4ecc3b90.jpg,4.196486949920654,-4.346477508544922
2376878930_dd3e7cc544.jpg,-1.4580849409103394,-0.39844751358032227
2377460540_8cfb62463a.jpg,8.894734382629395,1.3683278560638428
2378127945_8dc9da82d7.jpg,7.098995208740234,2.6152853965759277
2378149488_648e5deeac.jpg,-0.23564524948596954,2.0044665336608887
2378356400_f6bde5d9b3.jpg,-6.0831146240234375,3.391536235809326
2379150102_157d718d1d.jpg,2.6778104305267334,5.1382832527160645
237953705_cfe6999307.jpg,-2.491717576980591,6.290581226348877
2380464803_a64f05bfa9.jpg,-5.029284954071045,0.477458655834198
2380740486_8cd5d4601a.jpg,4.0811944007873535,-3.606869697570801
2380765956_6313d8cae3.jpg,1.3571765422821045,-0.20793546736240387
2381102729_12fc4d4c76.jpg,9.887514114379883,1.12857985496521
2381583688_a6dd0a7279.jpg,-5.270295143127441,1.089529037475586
2381613738_d8d2012e3c.jpg,1.0315243005752563,-0.6453500390052795
2382411771_a16145f345.jpg,4.311019420623779,5.701660633087158
2384147448_c1869070d3.jpg,7.602141380310059,7.522756099700928
2384353160_f395e9a54b.jpg,-2.286405563354492,0.045555468648672104
2384401298_e389c01abc.jpg,7.526516437530518,-3.845282793045044
2384550175_e421d3a871.jpg,-6.103472709655762,-0.22281038761138916
2384626662_67cdd87694.jpg,4.349414825439453,-6.43212890625
2384728877_48c85d58af.jpg,-7.033775329589844,-1.3572903871536255
238512430_30dc12b683.jpg,-1.7576459646224976,-5.073517799377441
2385146732_d1c67c790e.jpg,-1.59200119972229,-4.656045436859131
2385744837_8780f6731a.jpg,1.173417568206787,-5.822759628295898
2385871165_9438c9fe84.jpg,-5.823237895965576,0.5847688317298889
2385871317_44cde2f354.jpg,-1.6898046731948853,0.09208995848894119
2387197355_237f6f41ee.jpg,-3.8699352741241455,-2.9523537158966064
2389107995_ec756f3514.jpg,10.474164962768555,-1.8458566665649414
2390369143_6523253a73.jpg,8.220247268676758,4.688323020935059
2390778197_4d9d03d4b9.jpg,-3.261859893798828,0.39583906531333923
2391269207_d1d2615b1d.jpg,7.303818702697754,5.078974723815918
2391812384_7429b5e567.jpg,-1.4557284116744995,-0.5001640915870667
2392460773_2aa01eb340.jpg,0.4466898441314697,-8.23497486114502
2392625002_83a5a0978f.jpg,9.05513858795166,4.102566719055176
2393196444_8f4f540f5f.jpg,-6.347923278808594,0.2505356967449188
2393264648_a280744f97.jpg,1.8231052160263062,-6.199848175048828
2393298349_e659308218.jpg,5.277802467346191,6.7252397537231445
2393410666_b8c20fff61.jpg,0.47381073236465454,6.603941440582275
2393911878_68afe6e6c1.jpg,0.3532467484474182,-2.716306209564209
2393924525_1bf45ca217.jpg,-0.7240106463432312,3.0700573921203613
2393971707_bce01ae754.jpg,-4.44220495223999,-0.4333434998989105
2394003437_184a838aa9.jpg,-2.7354001998901367,0.7554827332496643
2394267183_735d2dc868.jpg,2.590780258178711,4.15811824798584
239453674_0df7767208.jpg,-0.791134238243103,4.451071262359619
2394763838_99d1435b85.jpg,6.2145538330078125,3.3956618309020996
2394824046_51cec8e5e7.jpg,-4.186724662780762,2.5538570880889893
2394857899_76bfdf720b.jpg,-4.870260238647461,-0.6503352522850037
2394919002_ed7527ff93.jpg,2.2998604774475098,-5.644597053527832
2394922193_310166d6af.jpg,-5.8630242347717285,-0.12096189707517624
2395967330_7e6ea404f6.jpg,-5.0396270751953125,2.6883347034454346
2396025708_e4a72e2558.jpg,5.573631286621094,-6.7459635734558105
2396100671_3a9d67f03d.jpg,-3.877516984939575,-3.0798139572143555
2396669903_5217a83641.jpg,-7.961206912994385,-0.7934203147888184
2396691909_6b8c2f7c44.jpg,-3.729943037033081,-2.523621082305908
2396746868_0727e06983.jpg,0.3081313371658325,3.6157946586608887
239807547_4923efc821.jpg,3.5191540718078613,-1.8990980386734009
2398605966_1d0c9e6a20.jpg,8.235830307006836,2.9269258975982666
2399114095_c3196ff456.jpg,6.086668491363525,1.6422408819198608
2399219552_bbba0a9a59.jpg,-2.3564462661743164,3.9566783905029297
2399551242_c62a46dd5f.jpg,2.2204062938690186,-5.042479038238525
2400958566_4e09424046.jpg,1.7150592803955078,-8.611448287963867
2402462857_7684848704.jpg,5.046458721160889,3.4366629123687744
2402744031_11f9f2f2b8.jpg,-7.001589775085449,-0.31276094913482666
2402793046_3385554e81.jpg,-2.3036081790924072,-4.298030376434326
2403078014_4b1d6f8bde.jpg,-3.0844762325286865,-1.3584083318710327
2403376030_903521c371.jpg,3.815567970275879,5.320791244506836
2403544744_cba152f5c1.jpg,2.783158540725708,3.678445816040039
2404488732_ca1bbdacc2.jpg,5.993432521820068,1.3647665977478027
2404520067_87798dbaee.jpg,10.257401466369629,3.166918992996216
2404692474_37da774368.jpg,6.199185371398926,7.572642803192139
2405599120_ec5f32af6f.jpg,-3.8526015281677246,2.776233434677124
240583223_e26e17ee96.jpg,5.195810317993164,1.902282953262329
2405978603_6221b0c2e7.jpg,7.60495662689209,1.570600986480713
2406591500_403f145905.jpg,-5.209368705749512,-1.4303703308105469
240696675_7d05193aa0.jpg,9.1188383102417,6.471997261047363
2407091303_931c918490.jpg,-4.36857271194458,1.9252269268035889
2407470303_6fd5e3600d.jpg,7.04089879989624,1.667358160018921
2409312675_7755a7b816.jpg,1.4929239749908447,-1.5476797819137573
2409597310_958f5d8aff.jpg,-2.2238547801971436,4.274618625640869
2410040397_1a161a1146.jpg,6.757312297821045,3.2486813068389893
2410153942_ba4a136358.jpg,-0.47627535462379456,1.6828252077102661
241031254_0c6f30e3d1.jpg,-0.25793176889419556,-1.520455002784729
241031670_e60f59b8e4.jpg,-4.484884738922119,-0.9075597524642944
2410320522_d967f0b75c.jpg,6.638060092926025,7.8003387451171875
2410399168_1462c422d4.jpg,5.115454196929932,4.120069980621338
241046599_28b0ca7b9f.jpg,6.119492053985596,6.5464301109313965
2410562803_56ec09f41c.jpg,-6.0254669189453125,2.026524543762207
2410618963_fb78307d18.jpg,-4.990181922912598,-0.5198681354522705
241109594_3cb90fe2a3.jpg,6.487050533294678,0.7268249988555908
2411824767_4eb1fae823.jpg,4.130866050720215,-0.21826806664466858
2412390588_a89cab30f4.jpg,-2.0605998039245605,3.617321252822876
241345323_f53eb5eec4.jpg,-3.437502145767212,4.650359153747559
241345427_ece0d186c2.jpg,-4.213606834411621,7.370849609375
241345446_2e47ae8ddc.jpg,-1.6917318105697632,0.2788351774215698
241345522_c3c266a02a.jpg,-4.811374664306641,6.288993835449219
241345533_99c731403a.jpg,-5.381011009216309,1.9522279500961304
241345596_91e0e2daf5.jpg,-4.331232070922852,1.0631190538406372
241345639_1556a883b1.jpg,-4.770370006561279,-0.008654216304421425
241345656_861aacefde.jpg,-1.7665656805038452,7.2990217208862305
241345721_3f3724a7fc.jpg,-1.2259235382080078,7.014581680297852
241345770_9f8aa6723c.jpg,-4.522068500518799,4.422848701477051
241345811_46b5f157d4.jpg,-5.375560283660889,1.9923455715179443
241345844_69e1c22464.jpg,-4.7475056648254395,0.7836799621582031
241345864_138471c9ea.jpg,-3.1269724369049072,3.8415396213531494
241345905_5826a72da1.jpg,-4.659114837646484,4.037975788116455
241345942_ea76966542.jpg,-4.468648910522461,5.541892051696777
241345981_1ef4f8109c.jpg,-4.9975972175598145,5.400143623352051
241346105_c1c860db0d.jpg,-4.586766719818115,1.8086687326431274
241346146_f27759296d.jpg,-3.4457151889801025,7.393003940582275
241346215_037e18403a.jpg,-2.224327564239502,2.722093343734741
241346260_f50d57b517.jpg,-2.966276168823242,3.5835070610046387
241346317_be3f07bd2e.jpg,-0.4516923725605011,5.8994011878967285
241346352_c5a0ea43c6.jpg,-4.001312255859375,5.838551044464111
241346402_5c070a0c6d.jpg,-5.185639381408691,0.9132099151611328
241346434_0527ea1c07.jpg,-3.993992328643799,7.850925922393799
241346471_c756a8f139.jpg,-3.65806245803833,6.936085224151611
241346508_0b3907a95b.jpg,-3.054889440536499,5.327607154846191
241346580_b3c035d65c.jpg,-4.04568338394165,3.548596143722534
241346709_23204cc2bc.jpg,-3.2309253215789795,7.044140815734863
241346794_4319f8af67.jpg,-4.853001594543457,4.2877326011657715
241346885_f519ece460.jpg,-3.108544111251831,1.1579492092132568
241346923_18bd84bea4.jpg,-3.206677198410034,5.410032272338867
241346971_c100650320.jpg,-2.0088460445404053,4.979410171508789
241347067_e58d05dbdc.jpg,-1.6581964492797852,5.292552471160889
241347114_6273736da8.jpg,-1.8684014081954956,3.987941265106201
241347150_5ff37818c2.jpg,-2.555741310119629,4.920177459716797
241347204_007d83e252.jpg,-5.597598552703857,1.97935152053833
241347214_5f19e7998c.jpg,-3.384549140930176,3.071876049041748
241347243_c751557497.jpg,-3.9581124782562256,3.7879958152770996
241347271_a39a5a0070.jpg,-4.266821384429932,3.3613228797912598
241347300_7c84ecf764.jpg,-3.2945423126220703,5.461058616638184
241347356_8a515555fd.jpg,-3.372408866882324,6.1639084815979
241347391_4fcd4639f4.jpg,-2.717648983001709,7.0821146965026855
241347441_d3dd9b129f.jpg,-3.911184787750244,5.168819427490234
241347460_81d5d62bf6.jpg,-4.623309135437012,6.461297035217285
241347496_1a35fec8dc.jpg,-3.6591176986694336,5.67034912109375
241347547_902725b9f8.jpg,-5.09833288192749,1.028999924659729
241347580_a1e20321d3.jpg,-4.56003475189209,0.24599051475524902
241347611_cb265be138.jpg,-3.1130948066711426,6.2477240562438965
241347635_e691395c2f.jpg,-0.6607893705368042,6.302365303039551
241347664_4a3e7e5be7.jpg,-2.036716938018799,7.161562919616699
241347689_d0b1ac297d.jpg,-4.0808281898498535,5.899430751800537
241347700_ef2451d256.jpg,-1.7904025316238403,1.3336573839187622
241347760_d44c8d3a01.jpg,-4.343812942504883,1.3839197158813477
241347803_afb04b12c4.jpg,-5.3486833572387695,3.2110702991485596
241347823_6b25c3e58e.jpg,-5.648906230926514,2.513930082321167
241374292_11e3198daa.jpg,-4.289048194885254,0.07295014709234238
2414352262_005ae90407.jpg,-0.031956978142261505,-5.410122394561768
2414384480_096867d695.jpg,-6.500245571136475,-0.7963132858276367
2414390475_28a0107bb0.jpg,-5.9801836013793945,1.972585916519165
2414397449_2ac3b78e0d.jpg,6.254242420196533,6.515480041503906
2414710960_a4cde4af60.jpg,1.872145175933838,8.28966236114502
2414986483_004936f84b.jpg,-5.714072227478027,-2.3143439292907715
2415265825_fbfe0c8556.jpg,7.036097049713135,3.0118348598480225
2415803492_56a673dc25.jpg,-6.867875576019287,0.6807267665863037
2416964653_db3c2b6a0e.jpg,-6.453772068023682,0.6268419623374939
2417341107_97dbab9c5e.jpg,6.71095609664917,-1.5193198919296265
2417623030_afdc1024b5.jpg,-3.355290651321411,-3.2269649505615234
2417745327_a2c2705043.jpg,11.197836875915527,-1.999518632888794
2418191216_82711d5c5c.jpg,-0.4731667637825012,-1.9650894403457642
2419186511_f0ce5f9685.jpg,-0.5803183317184448,0.6829555034637451
2419221084_01a14176b4.jpg,5.729306221008301,6.306660175323486
2419591925_1038c6c570.jpg,0.8338272571563721,-1.5755521059036255
2419797375_553f867472.jpg,-1.3321774005889893,-2.048551082611084
2420546021_4a59790da6.jpg,-5.879652500152588,1.9884496927261353
242064301_a9d12f1754.jpg,-4.221936225891113,1.0413397550582886
2420696992_22e0dd467d.jpg,-3.5569164752960205,2.7741923332214355
2420730259_86e7f8a815.jpg,-5.492390155792236,-0.017398353666067123
242109387_e497277e07.jpg,-4.1456146240234375,4.183773994445801
2421446839_fe7d46c177.jpg,6.406747817993164,6.65114164352417
2422018883_336519b5c6.jpg,-1.0721251964569092,-1.2827255725860596
2422302286_385725e3cf.jpg,-0.051122430711984634,3.208160877227783
2422482455_b98d9c2120.jpg,3.110333204269409,4.0113396644592285
2423085253_6c19149855.jpg,0.6517791152000427,4.8858323097229
2423138514_950f79e432.jpg,-1.5322681665420532,-1.8468791246414185
242324909_06d5a6c44b.jpg,2.9836299419403076,4.032141208648682
2423292784_166ee54e0b.jpg,-4.9318060874938965,1.0978208780288696
2423550887_ffc9bbcf71.jpg,-0.9822139739990234,-3.6665592193603516
2423856014_8df0e7f656.jpg,-3.9348695278167725,2.7732887268066406
2423894412_d952d5d103.jpg,0.9495978355407715,-5.576538562774658
2424111022_4e332b8aee.jpg,-0.9080295562744141,-2.7187979221343994
2424398046_1a55c71376.jpg,-4.6520843505859375,2.3283274173736572
2424976964_98f58a0618.jpg,-2.5461795330047607,-3.009984254837036
2425262733_afe0718276.jpg,-3.549607038497925,-4.198652267456055
242558556_12f4d1cabc.jpg,1.3356330394744873,-0.7579609751701355
242559369_9ae90ed0b4.jpg,2.415719985961914,-5.918920993804932
2426215757_e008a91fcb.jpg,5.355276584625244,-6.808772087097168
2426303900_0a8d52eb14.jpg,-1.5151066780090332,-1.2914104461669922
2426724282_237bca30b5.jpg,7.669282913208008,8.251044273376465
2426781076_e3f4d2685c.jpg,-5.178194522857666,-1.4999780654907227
2426828433_ce894d1c54.jpg,6.110574722290039,7.211620807647705
2427490900_5b7a8874b9.jpg,-5.204998970031738,-1.2872719764709473
2427558437_3e839056d7.jpg,8.301912307739258,3.111140012741089
2428086758_bce4733f7e.jpg,7.3168864250183105,0.0785655677318573
2428094795_d3a8f46046.jpg,-2.586447238922119,1.2644635438919067
2428275562_4bde2bc5ea.jpg,7.165786266326904,-2.088857889175415
2428751994_88a6808246.jpg,4.730318069458008,6.150454998016357
2428797297_7fc3c862db.jpg,2.0786080360412598,6.3789544105529785
2428959030_bdffc2812e.jpg,-0.28507500886917114,-2.8138492107391357
2429212017_77fc107699.jpg,5.859849452972412,8.381985664367676
2429272699_8a9699775e.jpg,-2.5214436054229736,-0.9617054462432861
2429729667_42effc165d.jpg,-3.776245355606079,1.2181713581085205
2429978680_1e18a13835.jpg,3.942511796951294,4.119856834411621
2430860418_fd0726f414.jpg,4.397657871246338,4.767044544219971
2431120202_b24fe2333a.jpg,1.642166018486023,-5.6682024002075195
2431470169_0eeba7d602.jpg,-2.1509993076324463,-0.6353685259819031
2431723485_bc6b8e6418.jpg,-0.7240226864814758,-2.698772668838501
2431832075_00aa1a4457.jpg,-2.4147939682006836,1.891951560974121
2432038587_5e4148e277.jpg,6.180098533630371,3.9547674655914307
2432061076_0955d52854.jpg,7.841235637664795,2.205359935760498
2432709509_2a4d0c833f.jpg,0.4130609929561615,3.075024127960205
2433175169_da939372f2.jpg,-0.15976782143115997,-3.830167770385742
2434006663_207a284cec.jpg,10.5350341796875,0.4764368236064911
2434074318_e35a567220.jpg,-0.504082202911377,-6.969198226928711
2435166927_28b8130660.jpg,-5.562288761138916,1.7626782655715942
2435685480_a79d42e564.jpg,-1.0489423274993896,-5.63913106918335
2436081047_bca044c1d3.jpg,-6.158282279968262,2.0750067234039307
2436160351_108924a65b.jpg,-1.2241183519363403,-3.9000351428985596
2436398074_8737f40869.jpg,4.634038925170898,4.392117023468018
2437266971_b91a8f9a00.jpg,-5.303406715393066,1.1679564714431763
2438085746_588dce8724.jpg,4.7953338623046875,6.960948467254639
2439031566_2e0c0d3550.jpg,-3.224475145339966,-0.4929295480251312
2439154641_bbf985aa57.jpg,1.8423690795898438,-1.8037673234939575
2439384468_58934deab6.jpg,6.469132900238037,4.47886848449707
2439813616_c9ac54cc9f.jpg,-1.848150610923767,-5.353868007659912
2441313372_6a1d59582b.jpg,-2.22693133354187,1.7915866374969482
2441354291_b32e00e5a6.jpg,-1.466943621635437,-0.8371935486793518
2441629086_52f68eb316.jpg,-3.4949898719787598,2.0153443813323975
2441815792_43565b1312.jpg,-7.711624622344971,-2.016193389892578
2442243868_abe8f74fb4.jpg,5.0387349128723145,4.3762006759643555
2443229844_277cded27d.jpg,-1.4415662288665771,2.7113280296325684
2443380641_7b38d18f5b.jpg,-2.8842239379882812,3.4245340824127197
2443512473_6f5a22eb42.jpg,3.7101142406463623,8.805063247680664
244368383_e90b6b2f20.jpg,-5.013017177581787,-1.6116273403167725
244399048_8332bb3270.jpg,2.429114818572998,6.586625576019287
2444134813_20895c640c.jpg,1.2994457483291626,5.433793544769287
2444339090_bf7b3211f4.jpg,4.029497146606445,6.1194844245910645
244443352_d7636e1253.jpg,7.310922145843506,2.031149387359619
2444741900_5cb3ef3e1d.jpg,0.1709035038948059,-10.811467170715332
2444821454_22a346c996.jpg,4.184415817260742,7.653706073760986
2444935470_7b0226b756.jpg,0.8308872580528259,-2.0237178802490234
2445283938_ff477c7952.jpg,-5.008370399475098,0.9050578474998474
2445442929_8c81d42460.jpg,-3.5859079360961914,-0.5986427068710327
2445654384_4ee3e486e1.jpg,0.4523733854293823,0.5654750466346741
244571201_0339d8e8d1.jpg,6.241052150726318,-3.7114036083221436
2445783904_e6c38a3a3d.jpg,7.584505558013916,4.618525981903076
2446315531_7c9704eec0.jpg,5.018248081207275,3.8132340908050537
2446601467_a35841cb1d.jpg,-2.9212210178375244,3.4295709133148193
2447035752_415f4bb152.jpg,1.2986506223678589,-10.525615692138672
2447284966_d6bbdb4b6e.jpg,-3.3279736042022705,2.678511381149292
2447289477_e888df561d.jpg,-4.104572772979736,1.490818977355957
244760289_f4467b2b67.jpg,2.7815914154052734,-7.120736598968506
244760301_5809214866.jpg,0.9178388118743896,-3.2888712882995605
244774022_a12c07afdb.jpg,7.852250099182129,-9.979459762573242
2447972568_1e9b287691.jpg,-2.875192165374756,-0.8585900068283081
2448210587_9fe7ea5f42.jpg,3.7880001068115234,0.6082092523574829
2448270671_5e0e391a80.jpg,5.391551494598389,3.5607032775878906
2448393373_80c011d301.jpg,-3.455807685852051,4.612534523010254
244867897_d00369a779.jpg,8.917510032653809,7.123139381408691
244870123_dcb6e53643.jpg,7.975241661071777,7.874745845794678
2448793019_5881c025f9.jpg,-1.6346001625061035,2.419663190841675
244910130_e1f823a28a.jpg,0.3538810908794403,1.6008981466293335
244910177_7c4ec3f65b.jpg,-6.321267604827881,1.600663423538208
2449289139_08fc1092c1.jpg,2.3841986656188965,1.9264156818389893
2449446913_28fa5b7c75.jpg,-3.808896064758301,2.589550256729126
2449518585_113dc4a8e5.jpg,-0.8047110438346863,-0.05701002851128578
2449552677_ee78f01bae.jpg,-5.586557865142822,0.42893674969673157
2450299735_62c095f40e.jpg,8.027738571166992,-4.594125270843506
2450453051_f1d4a78ab4.jpg,0.9431689977645874,6.255297660827637
2450486758_a66fd296ea.jpg,-3.6742846965789795,6.053336143493652
2451114871_8617ae2f16.jpg,4.625298023223877,1.5952095985412598
2451285022_59255e7fd9.jpg,4.230783939361572,1.6289970874786377
2451988767_244bff98d1.jpg,-3.885556221008301,2.8878872394561768
2452238877_2340609c6e.jpg,3.216813802719116,4.565093040466309
2452334314_a7c443a787.jpg,2.1777491569519043,1.4345016479492188
245252561_4f20f1c89e.jpg,5.210732936859131,1.3302189111709595
2452686995_621878f561.jpg,1.5095491409301758,-7.377074718475342
2453318633_550228acd4.jpg,3.8260116577148438,3.8097453117370605
2453891449_fedb277908.jpg,9.128819465637207,6.056179523468018
2453971388_76616b6a82.jpg,2.8737263679504395,-4.655312538146973
2453990033_df53f0d8c8.jpg,-4.298802852630615,2.1879196166992188
245442617_407eba1e98.jpg,-1.0504289865493774,-2.4330954551696777
2455286250_fb6a66175a.jpg,0.7983349561691284,3.8491759300231934
2455528149_6c3477fd33.jpg,-5.202137470245361,0.11257220804691315
2456030728_d3d147e774.jpg,-5.810190200805664,1.878513216972351
2456615908_59cdac6605.jpg,7.249868392944336,4.89147424697876
2456907314_49bc4591c4.jpg,0.3547816872596741,-10.117871284484863
2457052334_b5a1d99048.jpg,0.8466148972511292,-4.591531753540039
2458006588_754c4aa09c.jpg,6.080711841583252,0.8605634570121765
2458033289_f0616879df.jpg,-6.346086025238037,0.42256665229797363
2458269558_277012780d.jpg,-3.01069712638855,1.9741512537002563
2458862292_466a920ee2.jpg,-0.16159559786319733,0.8167754411697388
245895500_a4eb97af02.jpg,7.449916839599609,-3.2103753089904785
2460126267_0deea8b645.jpg,-0.9295538067817688,6.4964599609375
2460134050_06de9f5c4a.jpg,7.250335216522217,1.2593964338302612
2460159430_71ab1aacfa.jpg,7.694756031036377,6.844559192657471
246041128_bedb09ed74.jpg,-3.412355422973633,-0.31239813566207886
2460477085_088e25f857.jpg,-3.5365149974823,-0.8983503580093384
246055693_ccb69ac5c6.jpg,2.6664907932281494,4.560629367828369
2460797929_66446c13db.jpg,0.33593514561653137,-3.725517511367798
2460799229_ce45a1d940.jpg,-1.9300832748413086,-2.9238409996032715
2460823604_7f6f786b1c.jpg,-1.721710205078125,6.1891889572143555
246094557_e174a5914f.jpg,3.272956132888794,8.775245666503906
2461372011_ebbf513766.jpg,8.74605655670166,-1.854954719543457
2461616306_3ee7ac1b4b.jpg,-0.7770711183547974,-0.7103404402732849
2461631708_decc5b8c87.jpg,-0.873899519443512,-2.438113212585449
2461990494_c5ece064cc.jpg,-7.396148204803467,0.18334951996803284
2462153092_e3f4d8f6a2.jpg,6.524814128875732,6.789376735687256
246231741_882b45c4e1.jpg,3.786325454711914,2.8818414211273193
2462702522_1b25654762.jpg,-3.445542812347412,2.25026798248291
2463067409_78188c584c.jpg,7.300625324249268,5.871426105499268
2464259416_238ef13a2e.jpg,4.883387088775635,5.09705114364624
246508774_1e9885f1b7.jpg,-3.4301974773406982,-0.18805457651615143
2465218087_fca77998c6.jpg,2.5707552433013916,-4.443821430206299
2465441099_a1761a1757.jpg,-8.225386619567871,0.18533949553966522
2465497494_43d74df57c.jpg,-0.4579004645347595,3.2422215938568115
2465691083_894fc48af6.jpg,7.273773670196533,-0.6321861147880554
2466093839_33bbc8cbd9.jpg,-1.9330326318740845,2.4918501377105713
2466171100_5e60cfcc11.jpg,6.194089889526367,6.012015342712402
2466171114_3fa51415a7.jpg,4.23502254486084,1.718814730644226
2466420387_86fe77c966.jpg,-1.333842158317566,1.6883357763290405
2466495935_623b144183.jpg,-0.5269360542297363,8.680644035339355
2467803152_70eeca1334.jpg,6.736548900604248,4.381842613220215
2467821766_0510c9a2d1.jpg,0.6226295828819275,-5.631017684936523
2467850190_07a74d89b7.jpg,3.36721134185791,4.20658016204834
2467853482_17009933e8.jpg,-3.5576345920562744,-3.4523463249206543
2467856402_0490413d38.jpg,-5.655933380126953,2.090852975845337
246901891_4c4ea49c3a.jpg,-4.07081413269043,-1.80832040309906
2469351714_d72becd21e.jpg,2.3960301876068115,-6.659881591796875
2469498117_b4543e1460.jpg,-1.468260645866394,2.7183618545532227
2469620360_6c620c6f35.jpg,-2.4716644287109375,4.945019721984863
2470486377_c3a39ccb7b.jpg,-2.840963363647461,2.0774011611938477
2470493181_2efbbf17bd.jpg,-1.360884428024292,0.9300805330276489
2470519275_65725fd38d.jpg,-0.2758467197418213,-0.865232527256012
2470588201_955132a946.jpg,-1.0740991830825806,-0.5743009448051453
247097023_e656d5854d.jpg,0.9199399352073669,-6.341702938079834
2471297228_b784ff61a2.jpg,-2.8933181762695312,2.2070369720458984
2471447879_6554cefb16.jpg,-4.798529148101807,1.3514606952667236
2471493912_2d4746b834.jpg,0.22900152206420898,-4.870881080627441
2471974379_a4a4d2b389.jpg,-3.9794552326202393,0.6567941904067993
2472250097_a3191a94b3.jpg,2.7951886653900146,-6.445442199707031
2472574160_8ce233f396.jpg,-0.13641846179962158,4.519611835479736
2472634822_7d5d2858c0.jpg,3.793750762939453,6.482990741729736
2472678549_67068a1566.jpg,-3.1925063133239746,3.8785018920898438
2472720629_d9a6736356.jpg,-1.0156031847000122,-1.5716283321380615
2472896179_245e7d142f.jpg,6.663896560668945,-6.249652862548828
2472980433_210ec62874.jpg,-4.059193134307861,0.02055092342197895
2473293833_78820d2eaa.jpg,-1.6016154289245605,1.6024649143218994
2473689180_e9d8fd656a.jpg,4.331606388092041,-5.712430953979492
2473737724_355599a263.jpg,-2.523048162460327,6.909842014312744
2473738924_eca928d12f.jpg,-7.230922222137451,3.4915874004364014
2473791980_805c819bd4.jpg,5.385138511657715,-6.681528091430664
2474047296_fd9179d438.jpg,-5.4626240730285645,-5.935798645019531
2474092890_6c0781a8ed.jpg,-4.63699197769165,0.036954596638679504
2474918824_88660c7757.jpg,1.0589594841003418,-4.8606157302856445
2475162978_2c51048dca.jpg,-3.0755302906036377,3.2557830810546875
2475300106_b8563111ba.jpg,9.605802536010742,6.482780933380127
247617035_9f2e821534.jpg,-4.322408676147461,-1.9506895542144775
247617754_4b1137de8c.jpg,-2.4639554023742676,-2.668123722076416
247618600_239eeac405.jpg,-3.3537802696228027,-0.9437263011932373
247619370_a01fb21dd3.jpg,-7.011437892913818,0.8756852746009827
2476214153_99a3998509.jpg,-3.000236749649048,1.2960394620895386
247637795_fdf26a03cf.jpg,1.3530114889144897,-3.1444170475006104
247652942_29ede19352.jpg,0.646138072013855,-4.268002510070801
247691240_3881777ab8.jpg,-0.9831634163856506,-6.475555419921875
247704641_d883902277.jpg,7.6563801765441895,-1.3927677869796753
247706586_7e25c7adf8.jpg,0.2866389751434326,-8.491565704345703
2477121456_1ac5c6d3e4.jpg,10.443679809570312,-1.7580417394638062
2477623312_58e8e8c8af.jpg,-5.6159234046936035,2.242243528366089
247778426_fd59734130.jpg,10.51221752166748,0.9300100207328796
2478929971_9eb6c074b6.jpg,-4.789466381072998,-1.0034152269363403
2479162876_a5ce3306af.jpg,5.6968092918396,0.2178208827972412
2479180530_7ebba2d8bf.jpg,6.6902618408203125,1.4387823343276978
2479553749_f7ac031940.jpg,-4.6044535636901855,2.498239278793335
2479652566_8f9fac8af5.jpg,-4.005784034729004,-1.941379427909851
2480021389_dda9fb2818.jpg,1.7460042238235474,-7.53738260269165
2480327661_fb69829f57.jpg,-5.595403671264648,4.29165506362915
2480664591_e6d22ed61c.jpg,4.012712478637695,-6.110650539398193
2480668859_6f9b46be6a.jpg,4.005744457244873,-6.991791248321533
2480820830_bdec1f5b76.jpg,13.815740585327148,-0.43731534481048584
2480832276_fa55480ecb.jpg,2.337700843811035,-5.245856285095215
2480850054_de3433b54a.jpg,1.0504441261291504,2.581061601638794
2481003841_06086eafc2.jpg,-3.536872625350952,2.756218194961548
2481367956_8577d2fa98.jpg,-4.988409996032715,2.579491138458252
2481490320_7978c76271.jpg,0.8478266000747681,-5.679083347320557
2481598514_05a65d1f72.jpg,-1.8032338619232178,2.150635004043579
248174959_2522871152.jpg,1.0813900232315063,-5.540429592132568
2482629385_f370b290d1.jpg,8.346261978149414,4.769879341125488
2483792149_a9b4ffecec.jpg,0.8949615955352783,0.5168165564537048
2483993772_f64e9e4724.jpg,4.571106910705566,2.949411153793335
2483993827_243894a4f9.jpg,0.16217179596424103,2.138092517852783
2484190118_e89363c465.jpg,-6.358087062835693,-1.9284456968307495
2485467050_1d5e2696d4.jpg,-4.937598705291748,1.580314040184021
2486364531_b482d7f521.jpg,-2.409809112548828,0.9133214354515076
248646530_03c6284759.jpg,-1.2588715553283691,-1.7541042566299438
248858242_1c33c54ada.jpg,6.433431148529053,5.110622882843018
2488795251_c108c77b13.jpg,-4.150513648986816,-0.09576334059238434
2489602993_896c1ea40a.jpg,0.5782856941223145,-2.912554979324341
248994078_a9257f448b.jpg,4.856311321258545,5.2936201095581055
2490179961_e842fda5eb.jpg,-5.612895488739014,1.5428519248962402
2490365757_b869282cb3.jpg,-1.1275227069854736,-0.5910660028457642
2490687446_9d46fdf5a9.jpg,7.058605670928955,1.9104883670806885
2490768374_45d94fc658.jpg,-0.6879748702049255,0.34462112188339233
2490863987_715383944a.jpg,-3.8851726055145264,0.4510026276111603
2491343114_a3e35a2a3a.jpg,6.24328088760376,-2.178912878036499
2492258999_5764124bba.jpg,-3.623412847518921,2.6870007514953613
2493469969_11b6190615.jpg,6.989835262298584,4.394176959991455
249394748_2e4acfbbb5.jpg,6.01244592666626,6.425972938537598
2493974889_50ae29f1e1.jpg,-0.7161922454833984,-2.6469311714172363
2495394666_2ef6c37519.jpg,8.68864917755127,-0.9160749316215515
2495931537_9b8d4474b6.jpg,0.7976388335227966,4.668121814727783
2496236371_61dec88113.jpg,-2.025876522064209,0.7449003458023071
2496370758_a3fbc49837.jpg,6.045044898986816,5.869475364685059
2496399593_a24954a5ca.jpg,-1.6621928215026855,-1.710852026939392
2497074804_b4f3e7fd90.jpg,-8.266522407531738,-0.6345763206481934
2497420371_74788d7ba1.jpg,-3.716667652130127,2.7251017093658447
2497608431_8dfefc7a1a.jpg,7.311680316925049,1.954666018486023
2498897831_0bbb5d5b51.jpg,-3.845663547515869,2.434676170349121
2500354186_0836309cc9.jpg,-0.4663669466972351,-2.6203038692474365
2500567791_101d5ddee3.jpg,2.81632661819458,4.082167148590088
2500826039_165e75b20c.jpg,-7.234884738922119,1.4706259965896606
2501595799_6316001e89.jpg,1.5468671321868896,0.47302883863449097
2501742763_b2cb322087.jpg,6.616203308105469,8.298730850219727
2501942587_e59b91d1da.jpg,-6.079585075378418,-2.253795862197876
2501968935_02f2cd8079.jpg,-6.369622707366943,-0.26807501912117004
2502007071_82a8c639cf.jpg,-5.13267183303833,2.561012029647827
2502079538_10ef2e976b.jpg,0.22842495143413544,-3.6439309120178223
2502354602_f4d6dcf42d.jpg,-3.690446138381958,-0.17080458998680115
2502782508_2c8211cd6b.jpg,-4.779520034790039,1.1195359230041504
2502835694_4fe121bbea.jpg,-6.5380072593688965,0.4950551390647888
2502856739_490db7a657.jpg,7.574082851409912,8.255770683288574
2502905671_c6039804ab.jpg,8.412575721740723,-2.562875747680664
2502935765_a0ae1fa7be.jpg,-1.6565814018249512,1.0709418058395386
2503629305_055e9ec4b1.jpg,5.085907459259033,5.048603057861328
2504056718_25ded44ecb.jpg,0.6243414878845215,4.126904487609863
250406927_a5028a31d4.jpg,1.9736615419387817,5.332282543182373
2504277798_936a09c74d.jpg,-7.544604301452637,0.796782374382019
2504764590_cf017c2a6e.jpg,10.652015686035156,-3.6236283779144287
2504991916_dc61e59e49.jpg,-3.560655355453491,-0.46078985929489136
2505056124_1276e8dbcb.jpg,-1.5723930597305298,-4.152613162994385
2505360288_c972bd29c4.jpg,6.085461616516113,5.844690322875977
2505465055_f1e6cf9b76.jpg,6.932331562042236,0.8124387264251709
2505988632_9541f15583.jpg,-2.552252769470215,0.07629010081291199
2506892928_7e79bec613.jpg,-1.1176482439041138,2.8309121131896973
2507182524_7e83c6de82.jpg,9.999506950378418,3.7528815269470215
2507312812_768b53b023.jpg,14.264328002929688,2.241748332977295
2508249781_36e9282423.jpg,-3.8542017936706543,-2.515148401260376
2508313118_524e93d48c.jpg,4.417441368103027,6.131473541259766
2508918369_2659db1cb6.jpg,3.9471874237060547,-4.669821262359619
250892549_1e06a06a78.jpg,6.733778476715088,6.350033283233643
2509824208_247aca3ea3.jpg,7.472870349884033,4.816520690917969
2510020918_b2ca0fb2aa.jpg,-2.711210012435913,-3.562371015548706
2510029990_7014f907cb.jpg,-2.476323127746582,0.9078857898712158
2510197716_fddca0ac75.jpg,-3.2953720092773438,1.076709508895874
2510560080_1439fe32f2.jpg,0.8512802720069885,0.4416273534297943
251056963_c8b67f0107.jpg,3.9109370708465576,4.262678146362305
2511019188_ca71775f2d.jpg,6.23998498916626,7.390603065490723
2511762757_bd0ab0a017.jpg,4.128966331481934,6.149219036102295
2512682478_b67cc525c7.jpg,-1.6427030563354492,5.458519458770752
2512683710_991c9d466d.jpg,0.6949678063392639,-5.5279693603515625
2512876666_9da03f9589.jpg,5.148656845092773,-4.775710105895996
2513260012_03d33305cf.jpg,7.695710182189941,1.4697682857513428
2514581496_8f4102377e.jpg,0.9534569382667542,4.177473068237305
2514612680_b0d2d77099.jpg,-8.743587493896484,-1.6637638807296753
2515247156_c1b759fc33.jpg,-2.1165287494659424,-0.6851861476898193
251586160_a31b187a37.jpg,1.9166569709777832,3.2170050144195557
2516317118_10ae66b87a.jpg,-3.705277442932129,3.241178274154663
2517082705_93bc9f73ec.jpg,-4.335389614105225,0.2603481411933899
2517284816_9b8fd3c6b6.jpg,-6.240579128265381,1.968724250793457
251792066_b5233b3d86.jpg,3.117213010787964,3.1792004108428955
2518094853_dfce24ce8c.jpg,6.556283473968506,5.023412704467773
2518219912_f47214aa16.jpg,3.0173699855804443,1.66592538356781
2518508760_68d8df7365.jpg,4.270805358886719,1.9216445684432983
2518853257_02f30e282e.jpg,-2.67472505569458,3.9590566158294678
2519483556_2b1632a18c.jpg,-7.530974388122559,3.464301347732544
251958970_fa6b423f23.jpg,-5.318472385406494,0.5308769345283508
2519594430_551225e5bd.jpg,4.810174465179443,5.758824348449707
2519812011_f85c3b5cb5.jpg,-4.807925224304199,-5.184994697570801
2520255786_b70a3ec032.jpg,-1.1310913562774658,-0.9926272034645081
2520909293_9bb7f7364e.jpg,-1.1570547819137573,-2.5287835597991943
2521062020_f8b983e4b2.jpg,-4.361477851867676,0.4157763719558716
2521213787_ca9b5a1758.jpg,-1.1274892091751099,1.2999210357666016
252124738_796599e94b.jpg,-6.7832441329956055,0.7269976139068604
2521770311_3086ca90de.jpg,-6.4615983963012695,2.0957226753234863
2521878609_146143708e.jpg,-4.370563507080078,2.3627378940582275
2521938720_911ac092f7.jpg,2.2662270069122314,7.597890377044678
2521938802_853224f378.jpg,0.12225519120693207,5.065105438232422
2521983429_33218366bd.jpg,7.644892692565918,-5.2287821769714355
2522230304_1581d52961.jpg,0.022517310455441475,-3.791200637817383
2522297487_57edf117f7.jpg,-4.889795303344727,2.5913162231445312
2522467011_cc825d89ac.jpg,-2.404550075531006,-1.4480793476104736
2522540026_6ee8ab4c6a.jpg,0.32267993688583374,-0.9248281121253967
2522809984_2e8a7df4fb.jpg,11.94054889678955,0.0650392696261406
2524003134_580e74328b.jpg,11.644692420959473,2.273474931716919
2524084967_a5e011b73d.jpg,-0.3257884979248047,-3.833181381225586
252504549_135b0db5a3.jpg,5.702024936676025,6.230735778808594
2525232298_cf42d415ab.jpg,0.1075693741440773,-5.587477684020996
2525270674_4ab536e7ec.jpg,1.145095705986023,4.026496410369873
2525455265_f84ba72bd7.jpg,1.4956703186035156,2.69844388961792
2525666287_638ab5e784.jpg,-4.237213134765625,1.575632929801941
2525716531_e6dedee421.jpg,0.23393689095973969,0.6514111161231995
252578659_9e404b6430.jpg,6.052669048309326,6.313403129577637
2526041608_a9775ab8d7.jpg,-3.016326904296875,6.073496341705322
2526585002_10987a63f3.jpg,0.28010839223861694,-2.9847919940948486
2527163162_d0fb802992.jpg,0.022467494010925293,-1.8543699979782104
2527303359_6c3dc3f282.jpg,-0.7352315783500671,-1.8733415603637695
2527713011_b0ec25aa54.jpg,0.4612204432487488,-0.9822783470153809
252802010_3d47bee500.jpg,5.0887131690979,7.1164937019348145
252846811_7b250935a7.jpg,6.321689128875732,6.972718238830566
2528489543_546c1ca81f.jpg,0.5433613657951355,-3.794816493988037
2528521798_fb689eba8d.jpg,-1.834513545036316,-0.4854681193828583
2528547068_7d37479b9b.jpg,-0.3805321753025055,-1.8156408071517944
2528552898_9e49a7033f.jpg,-2.232889413833618,-0.5408949851989746
2529116152_4331dabf50.jpg,-4.588847637176514,-0.9212469458580017
2529205842_bdcb49d65b.jpg,-3.490168333053589,3.016547679901123
2531531628_b4a5041680.jpg,-5.070144176483154,3.5612452030181885
2531837969_6f28637811.jpg,3.734362840652466,-9.821450233459473
2531942624_c3c072064e.jpg,-0.489602655172348,-1.3293384313583374
2532262109_87429a2cae.jpg,-6.177859783172607,-0.1261441558599472
2532294586_4cd76a837d.jpg,0.3418697118759155,2.119391918182373
2533010184_ef2fd71297.jpg,-2.087852716445923,0.9703670144081116
2533076864_d799996433.jpg,-3.4722135066986084,0.038669321686029434
2533414541_362bf043bb.jpg,-1.5062257051467896,1.697369933128357
2533424347_cf2f84872b.jpg,-1.2936291694641113,-1.6608227491378784
2533642917_a5eace85e6.jpg,3.597226858139038,-3.690448522567749
2534194182_ac53035cf4.jpg,-3.6832730770111084,0.3618481159210205
2534424894_ccd091fcb5.jpg,0.2875641882419586,-2.3029122352600098
2534502836_7a75305655.jpg,6.537391185760498,3.947953462600708
2534652796_c8a23288ab.jpg,-0.9400641918182373,6.041055679321289
2535746605_8124bf4e4f.jpg,-0.7173131108283997,1.3493512868881226
2537119659_fa01dd5de5.jpg,-2.059781551361084,0.48627880215644836
2537197415_af7c30dfc8.jpg,4.120765686035156,0.4243243634700775
2537583012_4a358a6a8a.jpg,-6.409592628479004,-0.7731559872627258
253762507_9c3356c2f6.jpg,-6.797647953033447,1.4801119565963745
2538423833_d1f492d1fb.jpg,0.8802915215492249,5.045281887054443
2538477523_1da77eb11c.jpg,-1.069938063621521,-2.2816898822784424
2539933563_17ff0758c7.jpg,-4.3224263191223145,-1.610246181488037
2540203582_9a9ac92a5d.jpg,-5.47899055480957,-2.2003376483917236
2540326842_bb26cec999.jpg,-6.21832799911499,1.320415735244751
2540360421_f7c2401da8.jpg,-0.24996261298656464,-3.641550302505493
2540750172_070250ece5.jpg,1.9160975217819214,-5.443338394165039
2540751930_d71c7f5622.jpg,-3.732562780380249,1.3705124855041504
2540757246_5a849fbdcb.jpg,-3.8276727199554443,0.4515901803970337
2540884723_03d60ef548.jpg,-5.834009170532227,1.0336319208145142
2541104331_a2d65cfa54.jpg,11.863821029663086,-2.258540153503418
2541701582_0a651c380f.jpg,-1.7828158140182495,-4.201696395874023
2541901399_0a57f4cc76.jpg,-3.605710506439209,-1.6997723579406738
2542037086_58c833699c.jpg,-2.8466434478759766,-4.034852981567383
2542415282_9240e1b5fc.jpg,1.0622732639312744,-0.7380967140197754
2542662402_d781dd7f7c.jpg,4.091098785400391,7.462918758392334
254295381_d98fa049f4.jpg,3.4179189205169678,3.636303424835205
2543017787_9720b4fa1c.jpg,-2.2351460456848145,0.47268712520599365
2543247940_083f1b7969.jpg,5.694756507873535,5.801238059997559
2543589122_ec3e55f434.jpg,6.037639617919922,3.8427822589874268
2543679402_9359e1ee4e.jpg,-6.746079444885254,1.3249081373214722
2544182005_3aa1332bf9.jpg,-1.316368579864502,-1.1409518718719482
2544246151_727427ee07.jpg,0.906817615032196,3.680018901824951
2544426580_317b1f1f73.jpg,-4.772716999053955,3.991920232772827
254475194_3d8f4dfd53.jpg,3.339901924133301,5.098636150360107
2545192257_142fe9e2de.jpg,3.4903769493103027,5.717350482940674
254527963_3f5824b0e8.jpg,7.208040714263916,2.3523268699645996
2545363449_1985903f82.jpg,-7.976598739624023,2.423166036605835
2546667441_bbe87a6285.jpg,3.750396728515625,5.252126693725586
2546959333_23b957988f.jpg,5.762120246887207,6.16738224029541
2547785434_f227bd3680.jpg,3.8933794498443604,5.473572254180908
2548777800_d7b9cf1c2b.jpg,-4.888975143432617,0.22482526302337646
254901702_67ada9867c.jpg,-3.9797005653381348,-0.2834247350692749
2549452277_873cb80d3e.jpg,-2.7606797218322754,-0.6335147619247437
2549968784_39bfbe44f9.jpg,0.5758380889892578,-3.2994372844696045
2550011909_6b95f11330.jpg,-4.148306846618652,0.4921066462993622
2550109269_bc4262bd27.jpg,4.073087692260742,7.249646186828613
255091927_2eb643beb2.jpg,-4.185685157775879,-1.753174901008606
255091930_aa2b5c0eb9.jpg,-3.2788496017456055,1.1037105321884155
2551344688_17a12a6948.jpg,-5.174993515014648,-1.2887426614761353
2551632823_0cb7dd779b.jpg,-6.388209819793701,0.5877628326416016
2552438538_285a05b86c.jpg,-1.2304694652557373,-2.6037890911102295
255266148_7ba7df1a88.jpg,4.819561958312988,6.914485454559326
2552723989_7bc93e0f7b.jpg,0.05347708985209465,-2.1912782192230225
2552816307_c7c8e7f6b4.jpg,9.880749702453613,-1.605421543121338
2552949275_b8cdc450cc.jpg,7.950057029724121,-0.8592566847801208
2553024095_735bc46267.jpg,-4.330621719360352,0.21223725378513336
2553188198_da1123a723.jpg,7.346834659576416,0.29548659920692444
255330891_86d65dfdbf.jpg,-0.5810763239860535,2.076923131942749
2553550034_5901aa9d6c.jpg,-0.022232791408896446,-3.5834085941314697
2553619107_d382a820f9.jpg,7.660009860992432,-10.12386703491211
2554081584_233bdf289a.jpg,-2.0117766857147217,-4.394774913787842
2554531876_5d7f193992.jpg,-0.8470463752746582,0.7686609625816345
2554570943_122da6438f.jpg,-3.122321605682373,-2.367171049118042
2555521861_fc36fd3ab0.jpg,4.567209720611572,-5.371585845947266
2555535057_007501dae5.jpg,2.9081308841705322,3.1681697368621826
2555622234_3e531e4014.jpg,8.618803977966309,1.7729963064193726
2555638166_2f0847d57d.jpg,2.343416690826416,-2.7756567001342773
2556392380_ee57514233.jpg,-4.975605010986328,1.3255865573883057
2557129157_074a5a3128.jpg,-0.4145837128162384,3.1977152824401855
255741044_1102982213.jpg,4.104041576385498,6.380597114562988
2557507575_b247f145bc.jpg,9.408709526062012,5.222520351409912
2557922709_24d2a9655a.jpg,-4.172976016998291,0.5846990346908569
2557972410_6925fe695c.jpg,-2.275412082672119,3.8058063983917236
2558312618_13d362df66.jpg,7.6863861083984375,4.941285610198975
2558911884_856dfc3951.jpg,-0.9632142186164856,-0.09867661446332932
2559114800_17310f3015.jpg,7.725049018859863,3.190308094024658
2559503010_84f20b3bc9.jpg,-6.485927581787109,0.8407427668571472
2559638792_a803ff63d1.jpg,6.822065353393555,-5.870161533355713
2559921948_06af25d566.jpg,3.7574586868286133,-4.535190105438232
2560278143_aa5110aa37.jpg,7.829012870788574,3.5001790523529053
2560388887_55abc9083d.jpg,-0.557639479637146,-5.802199840545654
256085101_2c2617c5d0.jpg,3.2302913665771484,4.705972194671631
2561212119_1af8cb9b5d.jpg,7.122246742248535,-1.4254645109176636
2561295656_4f21fba209.jpg,3.4987335205078125,-7.24039888381958
2561319255_ce5ede291e.jpg,-1.2200449705123901,4.2915239334106445
2561334141_0aacefa5e7.jpg,4.280808448791504,0.9081451892852783
2561341745_2d77d3ff7d.jpg,-2.7602603435516357,3.669548511505127
2561481438_447b852e4d.jpg,8.351834297180176,4.410715579986572
2561751298_320eef38ec.jpg,-2.8787591457366943,0.9169823527336121
2561849813_ff9caa52ac.jpg,1.7786052227020264,-4.030828952789307
2562166462_b43b141d40.jpg,-1.8052023649215698,-1.980942964553833
2562347802_c049a2ba88.jpg,8.459442138671875,2.2470908164978027
2562377955_8d670ccec6.jpg,-0.18026654422283173,7.012967586517334
2562463210_d0dfd545ca.jpg,-1.064800500869751,-2.0107309818267822
2562483332_eb791a3ce5.jpg,-0.5024969577789307,-0.7751220464706421
256283122_a4ef4a17cb.jpg,2.369903564453125,6.669552803039551
256292144_b53aadae27.jpg,5.95957088470459,4.229735851287842
2563578471_9a4e4c2ecc.jpg,1.81989324092865,-2.5677309036254883
256439287_990ac4a761.jpg,-6.407163143157959,-0.9407027959823608
256444892_efcb3bd824.jpg,-6.38808536529541,-0.24345193803310394
2564663851_3a9832e4fc.jpg,-5.593123435974121,-2.1731984615325928
2564888404_b57f89d3c7.jpg,11.580134391784668,-2.3136212825775146
2565237642_bdd46d7cef.jpg,3.708927631378174,5.6678466796875
2565350330_c7f305e7f7.jpg,-0.6316994428634644,2.7797341346740723
2565618804_8d7ed87389.jpg,1.8510515689849854,-5.980012893676758
2565657591_6c1cdfc092.jpg,-2.781477212905884,-2.27498459815979
2565685680_c30972455d.jpg,15.254376411437988,-4.569319725036621
2565703445_dd6899bc0e.jpg,-5.103214263916016,-1.5900554656982422
2567035103_3511020c8f.jpg,6.932319641113281,5.309930324554443
2567812221_30fb64f5e9.jpg,6.266289710998535,10.14239501953125
2568417021_afa68423e5.jpg,-5.345826625823975,1.871886134147644
2568656919_6e49d2a82b.jpg,9.316648483276367,-3.3386013507843018
256958382_b9006bfc5b.jpg,-2.847794771194458,3.0200412273406982
2569643552_23696a9ba5.jpg,5.797328948974609,7.520590782165527
2570365455_41cc9a7d2b.jpg,-5.968997955322266,0.7530790567398071
2570559405_dc93007f76.jpg,4.134716033935547,2.481247663497925
2571096893_694ce79768.jpg,-1.2206934690475464,1.8191696405410767
2572101672_4d699c8713.jpg,-7.138741493225098,1.3296629190444946
2573141440_28a762d537.jpg,-1.6583117246627808,4.727416038513184
2573625591_70291c894a.jpg,4.822911739349365,7.171887397766113
2573667207_a1bf49befc.jpg,2.6417770385742188,-7.236754417419434
2574084102_f2be3f73cb.jpg,-3.217991352081299,2.2045247554779053
2574194729_1f099647ee.jpg,8.302428245544434,5.857668876647949
2574230252_f5a1382dd4.jpg,11.105294227600098,0.8739994764328003
2574509968_e4692ae169.jpg,-6.273268699645996,0.2268446385860443
2575647360_f5de38c751.jpg,-5.47224760055542,0.3721667528152466
257588281_39e1c9d929.jpg,12.493010520935059,1.3324464559555054
2576878141_87f25a10f0.jpg,-5.3893632888793945,3.4646995067596436
2577972703_a22c5f2a87.jpg,-0.3063909411430359,1.3394092321395874
2578003921_e23b78e85f.jpg,0.3992488384246826,-3.47611403465271
2578161080_e007c9177a.jpg,-5.224619388580322,-0.5404193997383118
2578289278_01516d23a0.jpg,1.1264411211013794,1.5740724802017212
2578395598_6982734d46.jpg,3.0081889629364014,3.7687926292419434
2578834476_118585730d.jpg,2.125098466873169,-5.105675220489502
2579266054_1ec58aa92f.jpg,-2.942093849182129,-0.6922711730003357
2579268572_d78f8436cb.jpg,-2.3389222621917725,-1.5160707235336304
2579460386_94c489028d.jpg,6.2899861335754395,-2.2203972339630127
2579572274_826598b14a.jpg,-1.4500203132629395,1.958866000175476
2579899436_5086a33c7a.jpg,2.2871546745300293,-5.522421836853027
2580215443_4e64afe3d5.jpg,-6.4984450340271,-0.9760394096374512
2581066814_179d28f306.jpg,-5.105027675628662,-1.5776350498199463
2582390123_71120edb0c.jpg,7.506537914276123,5.324927806854248
2583001715_1ce6f58942.jpg,4.42633581161499,5.807741641998291
2584020755_14e2b3e8fc.jpg,-6.9732842445373535,1.2920655012130737
2584412512_6767593f24.jpg,2.3847603797912598,5.466313362121582
2584487952_f70e5aa9bf.jpg,7.383407115936279,6.627523422241211
258476074_f28f4a1ae6.jpg,2.020899772644043,-5.881211280822754
2584957647_4f9235c150.jpg,8.180068969726562,-1.6356232166290283
2585141045_b496a7b7c4.jpg,-3.7830445766448975,3.4801807403564453
2586028627_ddd054d8cc.jpg,-3.6577506065368652,0.9353125095367432
2586532797_dcf22a5021.jpg,3.5654304027557373,1.9173599481582642
2586911841_41b7a48c91.jpg,-1.3770065307617188,0.6895132064819336
2587017287_888c811b5a.jpg,10.959776878356934,2.6493115425109863
2587106431_1cc0e719c6.jpg,-3.246598720550537,-2.0181057453155518
2587696611_db0378710f.jpg,-2.4571433067321777,-0.15482567250728607
2587818583_4aa8e7b174.jpg,-4.647611618041992,-0.24058468639850616
2587846523_b177c9a3e3.jpg,5.697877407073975,5.676364421844482
2588456052_8842b47005.jpg,-0.7279130220413208,7.999592304229736
2588625139_fdf6610218.jpg,0.04960121214389801,4.347445487976074
2588927489_f4da2f11ec.jpg,-0.8499587774276733,1.2133312225341797
2589156742_c46bc82137.jpg,-3.57399582862854,0.986842155456543
2589241160_3832440850.jpg,8.683058738708496,3.217432737350464
2589308405_e208b5e745.jpg,1.2045576572418213,6.334096431732178
2590207488_ddd89037ba.jpg,9.307816505432129,4.437826633453369
2591110592_ef5f54f91c.jpg,-7.934948921203613,1.737298846244812
2591455200_2319651f2f.jpg,0.20797628164291382,-3.335775136947632
2591486448_48d5438343.jpg,1.4274446964263916,5.107128620147705
2591603141_33d6397e0a.jpg,7.918107509613037,0.7635201811790466
2592019072_a6c0090da4.jpg,-2.2702155113220215,3.664557933807373
2592711202_55f8c64495.jpg,-4.009396553039551,1.5560669898986816
259314892_a42b8af664.jpg,3.748922109603882,3.7363438606262207
2593406865_ab98490c1f.jpg,-3.0019569396972656,0.5459200739860535
2593695271_4d9cc9bd6f.jpg,-7.056725978851318,-0.13667121529579163
2594042571_2e4666507e.jpg,-3.704113245010376,1.6993762254714966
2594336381_a93772823b.jpg,-2.9125216007232666,0.8392270803451538
2594459477_8ca0121a9a.jpg,-0.8858169913291931,-6.710082530975342
2594902417_f65d8866a8.jpg,6.492199420928955,4.232402324676514
2595102568_347f6d4b07.jpg,-7.461940765380859,-1.3540960550308228
2595186208_9b16fa0ee3.jpg,6.598850727081299,-3.682020425796509
2595713720_30534e8de2.jpg,2.466205358505249,-0.05970543622970581
2596100297_372bd0f739.jpg,5.465598106384277,-9.497660636901855
2596474836_79468f23a0.jpg,6.743211269378662,-7.784106731414795
2596475173_58f11fc583.jpg,4.101345539093018,3.1394004821777344
2596514158_c516e57974.jpg,0.6844566464424133,-4.19845724105835
2596619849_7b635dd310.jpg,-2.2540597915649414,2.6006858348846436
2596876977_b61ee7ee78.jpg,1.0166572332382202,-4.321342945098877
2597308074_acacc12e1b.jpg,1.1906423568725586,-5.7542524337768555
2597737483_6518a230e4.jpg,-3.2779839038848877,-0.7248173356056213
2597873827_a5cb3e57ba.jpg,-4.071720600128174,-0.26263225078582764
2597958208_e03aa149c9.jpg,-2.4043099880218506,1.4315228462219238
2598012140_832863fcb9.jpg,2.7132644653320312,5.002915859222412
2598979962_c01811cfca.jpg,-0.9328197836875916,6.057747840881348
2599131872_65789d86d5.jpg,-3.883000612258911,2.101086139678955
2599444370_9e40103027.jpg,9.534976959228516,1.175274133682251
2599903773_0f724d8f63.jpg,-4.274130821228027,4.3991570472717285
2600170955_bf30c5d5c0.jpg,-1.38362455368042,-0.5836427807807922
2600386812_8790879d9a.jpg,12.56548023223877,-1.339443325996399
2600442766_e750ec9a56.jpg,7.587113380432129,2.5838229656219482
2600867924_cd502fc911.jpg,5.0333051681518555,6.403241157531738
2600883097_aca38cc146.jpg,9.846772193908691,1.021256446838379
2601008162_f00eeb5c14.jpg,-2.4912641048431396,1.1281198263168335
2601612082_4b9be27426.jpg,-2.472545623779297,1.4842909574508667
260162669_c79a900afb.jpg,3.6480929851531982,5.873480796813965
2602083686_e8a1af69cf.jpg,-4.164144515991211,2.155404567718506
2602085456_d1beebcb29.jpg,-4.524609565734863,0.508142352104187
2602258549_7401a3cdae.jpg,-4.8437676429748535,0.325433611869812
2602279427_191773c9e2.jpg,-7.862125873565674,-1.4627652168273926
2602306033_2b3100d36b.jpg,7.835224151611328,-2.310091495513916
260231029_966e2f1727.jpg,4.5151448249816895,1.3939639329910278
2602415701_7674eb19e4.jpg,0.26800546050071716,-3.6276440620422363
2602679255_785b851b46.jpg,-4.581815719604492,-0.7875186204910278
2602866141_be9928408d.jpg,-2.7346253395080566,5.482107639312744
2603033456_3584d95116.jpg,5.98146390914917,-3.5907351970672607
2603125422_659391f961.jpg,-6.18637228012085,-1.7173343896865845
2603334363_cfa32c4482.jpg,-2.670515775680542,5.896175384521484
2603690144_7a28b1d13c.jpg,1.1699979305267334,2.144972324371338
2603792708_18a97bac97.jpg,2.406648874282837,-7.7344818115234375
260392825_ea61660633.jpg,-2.39253830909729,0.8976573944091797
2604305843_ebe3e8a328.jpg,-3.257998466491699,2.367811679840088
2604825598_593a825b5b.jpg,5.319605350494385,5.174221038818359
260520547_944f9f4c91.jpg,-0.9276002049446106,-4.581630229949951
2606433181_f8f9d38579.jpg,4.840322494506836,4.042126655578613
2607099736_8681f601d9.jpg,-4.879828929901123,0.7560526132583618
2607130765_97833d6ce1.jpg,-2.376208782196045,7.418920516967773
2607383384_d9ce9de793.jpg,-6.657118797302246,2.800265073776245
2607462776_78e639d891.jpg,6.1588006019592285,-1.0196201801300049
260828892_7925d27865.jpg,3.240619659423828,-3.8612616062164307
2608289957_044849f73e.jpg,-3.8859400749206543,2.6756298542022705
260850192_fd03ea26f1.jpg,0.910317063331604,-6.4500603675842285
2609836649_b55831ed41.jpg,5.399966716766357,-0.10466442257165909
2609847254_0ec40c1cce.jpg,-6.548062324523926,-1.2965177297592163
2609900643_c07bcb0bae.jpg,-3.429741382598877,1.7725785970687866
2610447973_89227ff978.jpg,-0.9741069674491882,-4.180716514587402
2611651553_61f859837e.jpg,-2.9089322090148926,-0.11483299732208252
2612040125_0a93889f06.jpg,6.142533302307129,8.554787635803223
2612488996_9450de0e54.jpg,-4.170436859130859,1.494240403175354
2612608861_92beaa3d0b.jpg,-7.034521102905273,-0.17996715009212494
2612949583_f45b3afe33.jpg,-1.1739903688430786,1.9671655893325806
2613021139_4b0dc3d4c8.jpg,-1.9615495204925537,0.8382691740989685
2613209320_edf6a2b7e9.jpg,11.122294425964355,0.5380769968032837
2613889835_6f50a3b83b.jpg,2.791233777999878,-5.4360504150390625
2613920405_e91e6ebd7a.jpg,3.4320099353790283,0.47220149636268616
2613993276_3c365cca12.jpg,6.475704193115234,5.126957893371582
261490838_2f3ac98b12.jpg,4.592850208282471,0.40218687057495117
2615623392_ab2b9759ae.jpg,-6.644534587860107,-0.08030419796705246
2615811117_42b1838205.jpg,-3.023388624191284,0.9521999359130859
2616009069_82561da2e5.jpg,7.2279534339904785,4.192872047424316
2616284322_b13e7c344e.jpg,-0.6602693796157837,2.9932751655578613
2616508003_fa5ca5780d.jpg,-2.374408006668091,-1.0868219137191772
2616561200_ea079f285a.jpg,1.7723100185394287,5.018537521362305
2616643090_4f2d2d1a44.jpg,1.2625709772109985,2.578493356704712
2616673985_fa4354cc53.jpg,3.3012750148773193,8.890948295593262
261737543_b8fdc24671.jpg,-1.0414190292358398,-4.619359493255615
2618322793_5fb164d86a.jpg,-2.528445243835449,1.5256574153900146
2618538137_44fffe10c4.jpg,1.3768726587295532,1.8662302494049072
261883591_3f2bca823c.jpg,-6.173772811889648,-1.0854151248931885
2618866067_07cbc83dc5.jpg,3.228544235229492,5.720900535583496
2619267133_53a5904ef4.jpg,1.45085608959198,-0.8138464689254761
2619454551_c4bb726a85.jpg,2.056145191192627,4.236458778381348
2620113705_a8fa89b8f6.jpg,3.874464511871338,3.303257703781128
2621415349_ef1a7e73be.jpg,-3.944162130355835,1.4106589555740356
2621771656_09a620da6d.jpg,-0.8419062495231628,-1.5319823026657104
2622517932_57c52c376f.jpg,-4.309210300445557,1.0777479410171509
2622624460_207dbcc4cf.jpg,8.8864164352417,-4.4049553871154785
2622971954_59f192922d.jpg,-4.347886562347412,0.4150233864784241
2623146491_b64698b875.jpg,-4.057827949523926,2.2107114791870117
2623247254_3bfc795121.jpg,-7.230309009552002,0.9668949246406555
2623496164_68ffeb5067.jpg,0.1345057636499405,-7.268338203430176
2623560640_0445c9a138.jpg,-3.779630661010742,-4.063510894775391
2623930900_b9df917b82.jpg,-5.5636982917785645,2.1515719890594482
2623939135_0cd02ffa5d.jpg,-4.074357509613037,-0.7144306302070618
2623982903_58ec7c5026.jpg,2.111208200454712,4.642709732055664
2624044128_641b38c0cf.jpg,-0.5437340140342712,1.447473168373108
262439544_e71cd26b24.jpg,-2.1416752338409424,2.288698673248291
2624457062_89efc497a8.jpg,-5.944864749908447,-2.2336199283599854
262446581_06ef7d9445.jpg,1.6876884698867798,-3.226764440536499
262570082_6364f58f33.jpg,10.87019157409668,0.6164624691009521
2626158969_ac09aeb88d.jpg,0.09495139122009277,-5.300136566162109
262642489_f5c6b9e65b.jpg,13.697866439819336,1.6866763830184937
262681159_e5fed3acf0.jpg,-6.313148021697998,0.4286307692527771
2628331789_c7f7d90e5d.jpg,1.5885841846466064,-3.025589942932129
2629027962_9cc3b46527.jpg,-2.181955575942993,4.363832950592041
2629294578_853a08bb43.jpg,3.9189980030059814,4.860495567321777
2629295654_59ea1472a1.jpg,3.8419768810272217,4.35611629486084
2629334536_11f2d49e05.jpg,-1.8690831661224365,3.7758877277374268
2629346153_155ba73ae9.jpg,5.523858070373535,1.3883737325668335
2629402527_6dfc5c504b.jpg,5.293442726135254,6.217981338500977
2629445284_83390e83af.jpg,4.119321346282959,6.9936933517456055
262963190_a78b799e89.jpg,3.0657694339752197,-11.689766883850098
2630507245_bea4804288.jpg,1.7013665437698364,2.0986075401306152
2630806789_6835bbae95.jpg,5.568924903869629,-8.158732414245605
2631300484_be8621d17b.jpg,0.6857353448867798,2.5244479179382324
2631625732_75b714e685.jpg,2.7787468433380127,-8.043695449829102
2632111399_b3c1630f8e.jpg,1.1523168087005615,3.2600860595703125
263216826_acf868049c.jpg,-0.1295527070760727,-4.667855262756348
263231469_e85c74f5fd.jpg,1.319262146949768,-2.989168643951416
263233914_d25004e4cd.jpg,2.681037187576294,-4.380093097686768
2632366677_43dee456a5.jpg,6.329606533050537,5.363088607788086
2632381125_de32bdfdf6.jpg,12.426498413085938,0.396630197763443
2633082074_32c85f532c.jpg,0.22618167102336884,-1.448586106300354
2633201394_ee4a7666ed.jpg,10.389053344726562,1.2258262634277344
2633722629_5eeb649c09.jpg,-4.826984882354736,2.2753806114196777
2635023078_6dae04758f.jpg,-4.8480329513549805,-0.08327534794807434
2635164923_2a774f7854.jpg,-2.951941728591919,-1.0960886478424072
263522013_d118d46b2d.jpg,6.2987518310546875,-0.5540624260902405
2635400219_2e1a984fd3.jpg,-6.364910125732422,-0.8516910076141357
2635483351_bc1a8273aa.jpg,0.34560707211494446,2.4176974296569824
2635905544_dbc65d0622.jpg,3.4456403255462646,6.262794494628906
2635908229_b9fc90d3fb.jpg,-1.5739761590957642,-1.0521928071975708
2635938723_11b85e6763.jpg,-1.89651358127594,1.8415329456329346
2636514498_01fcc5f501.jpg,-6.269528865814209,4.8404154777526855
2636876892_9353521a1c.jpg,5.901864528656006,2.7396035194396973
2637510448_4521cf6f29.jpg,-0.2731117606163025,-6.10927152633667
2637904605_fc355816fc.jpg,4.95313835144043,3.097726345062256
2637959357_dd64a03efa.jpg,9.795531272888184,0.14412055909633636
2638369467_8fc251595b.jpg,-2.1466126441955566,4.111008167266846
263850317_5bb3a18a08.jpg,-8.839767456054688,1.7948209047317505
263854883_0f320c1562.jpg,3.80958890914917,4.4514031410217285
2638981862_6b23833f37.jpg,-5.3306779861450195,3.867558717727661
2640000969_b5404a5143.jpg,4.822905540466309,-2.423494338989258
2640153227_57cf1a3d92.jpg,-0.27553457021713257,4.773125648498535
2641288004_30ce961211.jpg,0.9700555205345154,4.079697132110596
264141937_585320617a.jpg,-4.194375514984131,-1.0514960289001465
2641770481_c98465ff35.jpg,1.2993600368499756,-6.3121843338012695
2642350864_099c0f2152.jpg,-6.128262042999268,3.1668577194213867
2642474867_4e6346f809.jpg,-3.0614771842956543,1.5208321809768677
2642475077_69d19deb74.jpg,-6.362775802612305,0.1597815603017807
2642688531_8fb68b2147.jpg,0.4295792877674103,0.011073829606175423
2643263887_a32ffb878f.jpg,-2.3108303546905518,0.48916369676589966
2643309379_2cde08516c.jpg,-1.9227344989776611,2.771406412124634
2644326817_8f45080b87.jpg,6.002953052520752,2.489863157272339
2644430445_47c985a2ee.jpg,-4.564303874969482,0.2678814232349396
2644916196_16f91dae54.jpg,0.46710363030433655,1.2660675048828125
2644920808_f5a214b744.jpg,3.0487518310546875,-5.674559593200684
2646046871_c3a5dbb971.jpg,-1.9088729619979858,6.1260528564453125
2646116932_232573f030.jpg,-2.0691373348236084,2.6943655014038086
2646540383_343e1ec9a4.jpg,-4.106604099273682,1.5036704540252686
2646615552_3aeeb2473b.jpg,4.975772857666016,-3.4213645458221436
2647049174_0fb47cee2e.jpg,-3.518328905105591,0.8261106610298157
2647062476_5ef31ba867.jpg,-3.5929861068725586,0.7047128677368164
2647229826_e0e0c65ef1.jpg,-4.58215856552124,-3.3717501163482666
2647394564_4843800cff.jpg,-2.5576353073120117,1.6895537376403809
2647593678_1fa3bb516c.jpg,2.760108709335327,7.3167548179626465
2648165716_02e2e74fd6.jpg,-2.702232837677002,2.529975175857544
2648310638_d6c576b5e4.jpg,0.3751191198825836,-4.351022720336914
264859622_f3a00ab409.jpg,-0.9399623870849609,0.7465087175369263
264928854_d9e61f3a8e.jpg,-9.084222793579102,-0.30049219727516174
2649406158_ded6be38de.jpg,4.614730358123779,2.469273567199707
2649705487_4605e879e9.jpg,1.444786548614502,-5.208872318267822
2649850541_59a6c7f01c.jpg,-2.0175700187683105,1.8665986061096191
2650485780_29d89268d7.jpg,-6.140801429748535,2.06760573387146
2650568697_ffb79bf2ea.jpg,-7.006587505340576,-3.0053744316101074
2650620212_0586016e0d.jpg,1.9480011463165283,2.504582405090332
2651915425_7a58e862e9.jpg,4.238391876220703,-3.8543009757995605
2652155912_8ba5426790.jpg,-2.965233325958252,-2.9036865234375
265223843_9ef21e1872.jpg,-0.8629702925682068,-1.5211492776870728
265223847_636ba039c1.jpg,-0.9830635190010071,-2.431640625
2652522323_9218afd8c2.jpg,-0.6459231376647949,5.3191423416137695
2653552905_4301449235.jpg,-3.969536066055298,-1.2905809879302979
2654514044_a70a6e2c21.jpg,6.613270282745361,6.119414806365967
2654943319_d17fee7800.jpg,-5.757223606109619,-1.9978761672973633
2655183854_5852790214.jpg,-3.7759640216827393,-1.2080439329147339
2655196158_5c878a4af0.jpg,1.8240188360214233,2.171712875366211
265528702_8653eab9fa.jpg,1.2285857200622559,-4.145627021789551
2655647656_ee450446ed.jpg,-1.6049150228500366,0.4856852889060974
2656039837_f46b29af92.jpg,-6.196653366088867,2.35097336769104
2656688132_d93be870e0.jpg,3.861923933029175,3.5622341632843018
2656749876_e32495bd8c.jpg,-5.362610340118408,-0.10426519811153412
2656890977_7a9f0e4138.jpg,-1.15394127368927,-0.9849331974983215
2656987333_80dcc82c05.jpg,1.829378366470337,3.0531153678894043
2657301826_aab4c36e6c.jpg,-1.8770818710327148,1.5350162982940674
2657484284_daa07a3a1b.jpg,4.473982334136963,-9.521178245544434
2657484970_610e18144f.jpg,3.7320079803466797,-9.295103073120117
2657643451_b9ddb0b58f.jpg,4.634716987609863,-1.2723783254623413
2657663775_bc98bf67ac.jpg,-0.7304917573928833,-5.17555046081543
2658009523_b49d611db8.jpg,11.572225570678711,5.84438943862915
2658360285_a0ec74ef48.jpg,-5.137284755706787,3.021251678466797
2659183350_730951f740.jpg,-3.8318140506744385,4.377516269683838
2659554389_ed3d15093f.jpg,0.2777363657951355,2.7969651222229004
2659606300_bea3feaf8b.jpg,-0.9564430713653564,-2.511037588119507
2660008870_b672a4c76a.jpg,5.614964485168457,-3.2353720664978027
2660480624_45f88b3022.jpg,-1.3548702001571655,0.5737151503562927
2661138991_d55aa0e5dc.jpg,-3.1451597213745117,0.9058963060379028
2661294481_b86058b504.jpg,-8.479934692382812,-0.6738531589508057
2661294969_1388b4738c.jpg,-5.958433628082275,2.1178624629974365
2661437618_ca7a15f3cb.jpg,2.776282787322998,6.133357524871826
2661489896_cc3425777e.jpg,-3.411921977996826,-1.4784010648727417
2661567396_cbe4c2e5be.jpg,-3.911245346069336,-0.40027835965156555
2662262499_3cdf49cedd.jpg,-1.373390555381775,3.3453402519226074
2662537919_18a29fca8a.jpg,-3.3252573013305664,1.2127139568328857
2662570182_350baa020f.jpg,-1.870827078819275,-1.9625556468963623
2662816021_ac474e0fde.jpg,5.968178749084473,0.8363847732543945
2662845514_8620aaee96.jpg,-1.2104432582855225,-0.060820549726486206
2662890367_382eaf83bd.jpg,2.693882942199707,4.8259196281433105
2663248626_f000f2661d.jpg,6.005922794342041,5.380692958831787
2663794355_e726ec7e05.jpg,4.601322650909424,-6.347521781921387
2664102751_d5a737a566.jpg,1.176864504814148,-2.3327255249023438
2664103423_c539f61016.jpg,1.747562289237976,-7.88586950302124
2665264979_df9c284bf8.jpg,-0.9415775537490845,0.05965432524681091
2665461736_595c87f0a3.jpg,0.28538408875465393,1.4919078350067139
2665586311_9a5f4e3fbe.jpg,-5.56121826171875,-1.8181272745132446
2665904080_8a3b9639d5.jpg,4.702818870544434,4.987273693084717
2666078276_f7b3056997.jpg,6.7246317863464355,4.134128570556641
2666179615_f05a9d8331.jpg,-7.12324857711792,1.756940245628357
2666205903_8d287669e1.jpg,-6.802481174468994,-1.5873578786849976
2667015110_1670324a33.jpg,-6.059566974639893,1.6646302938461304
2667549961_57e5e2c0a5.jpg,-4.666836261749268,2.4989569187164307
2667783499_3a4f38f636.jpg,-4.142862319946289,-1.6287634372711182
267015208_d80b3eb94d.jpg,-5.3170084953308105,-0.6651867032051086
2670560883_7e7b563092.jpg,-5.551736831665039,0.20627936720848083
2670637584_d96efb8afa.jpg,-2.109194755554199,0.09770313650369644
2671602981_4edde92658.jpg,1.3275402784347534,-3.9144115447998047
267162122_c3437414ec.jpg,2.1682825088500977,4.651676177978516
267164457_2e8b4d30aa.jpg,3.270631790161133,-9.442118644714355
2672354635_3a03f76486.jpg,6.586047649383545,6.943022727966309
2672445419_251ce9419a.jpg,-2.762422800064087,2.4876182079315186
2672588619_3849930e99.jpg,-2.215035915374756,-5.115522384643555
2673148534_8daf0de833.jpg,5.650852203369141,5.477677345275879
267325341_1a96ef436e.jpg,5.081697940826416,5.355997562408447
2673564214_3a9598804f.jpg,-0.17069971561431885,3.7123355865478516
2674784195_704f6b79d0.jpg,7.136713981628418,-8.758599281311035
2675190069_d5c3b2c876.jpg,3.2052557468414307,-6.926080703735352
2675397335_1dcdbd12f5.jpg,6.421075344085693,6.147374153137207
2675685200_0913d84d9b.jpg,-2.803334951400757,1.2207133769989014
2676015068_690b0fb2cd.jpg,3.155714988708496,-6.1980881690979
2676184321_858eff416b.jpg,-4.164182186126709,-3.7398407459259033
2676648667_cb055b4fc6.jpg,-2.16347074508667,-0.9610897302627563
2676649969_482caed129.jpg,-4.3359599113464355,-3.025451421737671
2676651833_3bb42bbb32.jpg,-3.6384081840515137,1.4759929180145264
2676764246_c58205a365.jpg,5.175759315490723,0.6925368905067444
2676937700_456134c7b5.jpg,-7.1515679359436035,-1.6473541259765625
2677614492_792023b928.jpg,4.811458110809326,8.740193367004395
2677656448_6b7e7702af.jpg,3.2326087951660156,1.8009400367736816
267836606_bbea2267c8.jpg,5.600216865539551,2.956571578979492
2678612999_893ed671f8.jpg,0.38709545135498047,7.513323783874512
2678798732_2998f9969c.jpg,-2.7786333560943604,0.2863427400588989
2679565682_91ecd283ff.jpg,-6.688976287841797,0.16365720331668854
2679851489_a58780291e.jpg,3.6425445079803467,5.206778049468994
2679926555_b11cf45595.jpg,-2.465449094772339,3.9942359924316406
2680619645_ab6645218d.jpg,5.836884498596191,1.0261296033859253
2680990587_eee6bd04fb.jpg,0.9428207278251648,2.3298048973083496
2681215810_00b0642f7b.jpg,3.0044214725494385,1.5318089723587036
2682194299_92005b26c6.jpg,1.797005295753479,4.994952201843262
2682382530_f9f8fd1e89.jpg,-2.7852678298950195,0.3036423623561859
268365231_a0acecdc45.jpg,-5.294063091278076,-2.264157295227051
2683963310_20dcd5e566.jpg,-3.8891284465789795,-0.0028596115298569202
2683985894_167d267dcb.jpg,-1.1122640371322632,4.383401870727539
2684322797_85406f571d.jpg,-5.2529072761535645,0.11482147872447968
2684323357_c7a6d05d05.jpg,-2.0764172077178955,1.3468176126480103
2684489465_32ba1d0344.jpg,5.374624729156494,8.655228614807129
2685139184_4ff45e0f76.jpg,-4.735280990600586,-1.1327779293060303
2685752892_9d5cd7f274.jpg,-3.6671719551086426,-4.41221809387207
2685788323_ceab14534a.jpg,-4.7749738693237305,1.4059276580810547
2686432878_0697dbc048.jpg,-1.8404552936553955,2.149669647216797
268654674_d29e00b3d0.jpg,-1.4012032747268677,-4.169335842132568
268704620_8a8cef4cb3.jpg,7.534361839294434,4.185714244842529
2687229880_97cfd8148e.jpg,-4.519478797912598,2.2275445461273193
2687328779_b4356dab16.jpg,2.909724712371826,5.543353080749512
2687529141_edee32649e.jpg,-3.3851404190063477,-0.8535192012786865
2687539673_d54a8dc613.jpg,-1.9735826253890991,-1.678346037864685
2687672606_275169c35d.jpg,-4.426330089569092,1.1036443710327148
2688102742_885e578a3f.jpg,-6.896508693695068,0.7323118448257446
2688902319_52ceaf4a2a.jpg,-5.380937576293945,-1.3854480981826782
2689001252_e0016c89f0.jpg,-0.6952990889549255,1.0002689361572266
2689163361_4939875be5.jpg,-4.15476131439209,3.6717605590820312
2689358407_9932f1b20c.jpg,-1.431096076965332,-2.103253126144409
2689491604_d8760f57b4.jpg,5.132338047027588,-2.6074254512786865
2690538407_7ca157be85.jpg,-4.777005195617676,1.9496538639068604
2690702549_cf81da8cf6.jpg,-4.619595050811768,-0.4563421308994293
2691966747_cfa154982b.jpg,4.919652938842773,4.654336452484131
2692635048_16c279ff9e.jpg,5.251712799072266,3.4825196266174316
2693425189_47740c22ed.jpg,0.9692054390907288,-3.088303565979004
2693539377_5442430f81.jpg,-3.9222137928009033,-1.9075390100479126
269361490_a22ae818bf.jpg,-5.432962894439697,-2.5508170127868652
2694178830_116be6a6a9.jpg,-1.8948675394058228,3.006150245666504
2694426634_118566f7ab.jpg,2.4204351902008057,-3.2491791248321533
2694890967_7c7a89de16.jpg,1.096078872680664,-1.3961834907531738
2695001634_127fe2f0d7.jpg,-7.394819259643555,1.3710877895355225
2695085448_a11833df95.jpg,-4.824207305908203,-1.0751091241836548
2695085632_10c4e6ea78.jpg,-5.588804721832275,0.7866998314857483
2695085862_2ed62df354.jpg,-5.444912910461426,0.8076866269111633
2695093520_5cfeb0729d.jpg,-6.687327861785889,-0.9760668873786926
2695961935_a2a6338f26.jpg,3.3569345474243164,9.599098205566406
2695962887_a1647c567b.jpg,4.442039489746094,7.957163333892822
2696060728_3043cfc38c.jpg,7.981386661529541,-6.404022693634033
269630255_c3ec75c792.jpg,9.506021499633789,4.760488033294678
2696394827_7342ced36f.jpg,12.946493148803711,-1.2074681520462036
269650644_059a84ece5.jpg,-3.0503430366516113,-4.4767560958862305
2696636252_91ef1491ea.jpg,-3.1294586658477783,-1.2605005502700806
2696866120_254a0345bc.jpg,7.441783905029297,3.8878908157348633
2696951725_e0ae54f6da.jpg,-0.9281347393989563,-3.971775531768799
2697909987_128f11d1b7.jpg,-6.354907989501953,1.8567252159118652
2698119128_62b4741043.jpg,5.446496963500977,-5.982790470123291
2698197294_ccd9327ef6.jpg,11.14204216003418,0.31288158893585205
2698487246_e827404cac.jpg,-2.872572898864746,2.6560888290405273
2698614194_b4e6e11dff.jpg,-2.649933338165283,4.138383388519287
2698666984_13e17236ae.jpg,-0.11267097294330597,-3.156588554382324
269898095_d00ac7d7a4.jpg,-1.6822949647903442,-2.0203170776367188
2699125097_c6801d80ed.jpg,-1.2275372743606567,-0.4743209481239319
2699342860_5288e203ea.jpg,-1.225412368774414,1.6182082891464233
2699426519_228719b1db.jpg,4.277297496795654,6.630039691925049
2699733386_c346c87ea6.jpg,12.263951301574707,3.412482976913452
269986132_91b71e8aaa.jpg,-0.2047320455312729,6.803734302520752
2700147489_f1664f2b61.jpg,-3.74495792388916,1.4786885976791382
2701042060_92508ea8fa.jpg,11.012934684753418,3.152784585952759
2701271123_6761bc5f26.jpg,7.710221767425537,2.372716188430786
2701487024_e866eb4550.jpg,8.295690536499023,-2.9723808765411377
2701603045_6cbdc4ce7c.jpg,5.214681625366211,-5.954072952270508
2701895972_8605c4e038.jpg,-5.610563278198242,2.63739275932312
2702506716_17a7fb3ba4.jpg,-0.006842330563813448,3.973573923110962
270263570_3160f360d3.jpg,7.3282341957092285,4.634505271911621
2703155733_19ac6f97a8.jpg,-3.73895263671875,-0.5306196212768555
2704257993_d485058a5f.jpg,-5.567787170410156,2.4433398246765137
2704362232_7d84503433.jpg,9.675948143005371,-3.090465545654297
2704379125_9c35650d16.jpg,5.948007583618164,3.2945311069488525
2704934519_457dc38986.jpg,4.17595911026001,-7.168375492095947
2705793985_007cc703fb.jpg,7.62311315536499,6.119295120239258
2705947033_5999147842.jpg,-2.9686038494110107,-1.776331901550293
2706023395_ac9eba0e42.jpg,-4.285768508911133,-1.2125287055969238
2706430695_3b5667741c.jpg,-0.9001731872558594,-0.5404828190803528
2706766641_a9df81969d.jpg,-3.821242332458496,1.9533112049102783
2707244524_d57120d74a.jpg,10.826244354248047,2.301487445831299
270724499_107481c88f.jpg,8.414961814880371,6.776314735412598
2707835735_6537b27e8f.jpg,-6.709834098815918,0.5482604503631592
2707873672_15e6b5d54b.jpg,-3.6230475902557373,0.15137988328933716
2707933554_f6dc5e0e3c.jpg,-1.827445387840271,1.2651338577270508
2707969386_94dde00ce4.jpg,3.861259937286377,7.192427158355713
270809922_043e3bef06.jpg,8.493131637573242,-8.149938583374023
270816949_ffad112278.jpg,2.5947978496551514,-6.555011749267578
2708176152_1634cb754d.jpg,-4.585583686828613,-1.321842074394226
2708582445_5e5999b956.jpg,0.717567503452301,0.33799082040786743
2708634088_a4686be24c.jpg,5.124353885650635,2.9032235145568848
270864951_1737ae5479.jpg,-2.893341541290283,1.4231324195861816
2708686056_1b8f356264.jpg,8.434952735900879,-5.156723499298096
2708744743_e231f7fcf9.jpg,-2.3914241790771484,5.054611682891846
2709275718_73fcf08c23.jpg,-6.228057384490967,0.4620366096496582
2709359730_13bca100af.jpg,4.480324745178223,3.087393283843994
2709536455_2a6046e38a.jpg,5.652709007263184,0.4620071053504944
2709648336_15455e60b2.jpg,3.250469207763672,4.431236267089844
2709683703_5385ea9ef4.jpg,-0.8814679384231567,5.601737022399902
2710280476_dcccb8745a.jpg,3.7396137714385986,4.645911693572998
2710416789_555180e399.jpg,-3.160849094390869,1.0479426383972168
2710563762_06d48329d7.jpg,-6.4440436363220215,2.3734471797943115
2710698257_2e4ca8dd44.jpg,2.414159059524536,-8.535256385803223
2711075591_f3ee53cfaa.jpg,-0.05974438041448593,-5.637640476226807
2711720095_0b98426d3c.jpg,-0.32566019892692566,-6.032879829406738
271177682_48da79ab33.jpg,2.088104009628296,-4.434712886810303
2712352554_1cafd32812.jpg,-5.279774188995361,1.3314127922058105
2712787899_d85048eb6a.jpg,-6.2280659675598145,-1.5326282978057861
2712974062_6d5b6aa7f0.jpg,-3.2548582553863525,0.2695689797401428
2713554148_64cd465e71.jpg,-5.362488269805908,-0.7771058678627014
2713897716_c8cd610360.jpg,3.6899616718292236,4.548089027404785
2714220101_c31db50b10.jpg,4.253302574157715,1.8780347108840942
2714674623_8cd05ac114.jpg,-4.573704719543457,0.09256864339113235
2714699748_c9270dd5aa.jpg,4.741729736328125,5.021495342254639
2714703706_d21c5cb8df.jpg,3.6799511909484863,4.7498931884765625
2714878018_1593c38d69.jpg,2.754711866378784,-0.49296146631240845
2715035273_8fc8b1291c.jpg,-6.576279163360596,-0.5732538104057312
2715155329_1ed1756000.jpg,-3.5793616771698,-1.8665796518325806
2715289538_d77c8d0a85.jpg,-3.8790669441223145,2.3249690532684326
2715337869_e4fe36db50.jpg,1.373107671737671,-1.6479655504226685
2716251485_d6113f4c8a.jpg,-3.420365333557129,0.8028597235679626
271637337_0700f307cf.jpg,0.6859851479530334,5.807364463806152
2716457668_187a6d2b1c.jpg,-2.7135822772979736,2.320070743560791
271660510_dd4ba34b35.jpg,-0.9270158410072327,-1.6332894563674927
2716903793_fb7a3d8ba6.jpg,-1.3557497262954712,0.5096177458763123
2717686269_80c4b5ac9e.jpg,-0.9194063544273376,-1.923885464668274
271770120_880e8d8e52.jpg,4.5471391677856445,5.417531967163086
2718024196_3ff660416a.jpg,0.2973358929157257,2.641791582107544
2718027742_70a72f99ae.jpg,3.7987704277038574,-1.0101518630981445
2718049631_e7aa74cb9b.jpg,5.610169887542725,2.479609966278076
2718376488_3c62f7642c.jpg,-5.2633233070373535,-2.737656593322754
2718495608_d8533e3ac5.jpg,-2.810173273086548,-1.7298203706741333
2719101587_4ba70dee14.jpg,-2.39441180229187,0.5813911557197571
2719102611_fef453bf30.jpg,-1.9608296155929565,1.864782691001892
2720215226_5a98ff2bd3.jpg,0.4263858497142792,3.784994125366211
2720985888_8f5920e8cf.jpg,-1.9091839790344238,4.819029331207275
272156850_c4445a53f4.jpg,-2.2794840335845947,-4.683938026428223
2721656220_5f4cda8bc1.jpg,-5.569964408874512,0.44443362951278687
272283076_2d4aa1d5cf.jpg,-0.4265197515487671,-0.6604198217391968
2723477522_d89f5ac62b.jpg,9.302711486816406,8.751887321472168
2723929323_70b93a74ea.jpg,4.5435333251953125,-6.57845401763916
2724485630_7d2452df00.jpg,-2.7523441314697266,2.5525596141815186
272546805_536c719648.jpg,7.792884826660156,4.777900218963623
2726262796_03bd63a155.jpg,9.396659851074219,-5.709839820861816
2726301121_95a2fbd22b.jpg,-4.385869979858398,1.122887372970581
2727051596_be65bfb3d3.jpg,-1.0448124408721924,1.0916218757629395
2728276857_3f83757ef2.jpg,-5.4066057205200195,1.1643149852752686
2728486640_cc2a31d2b0.jpg,3.3707122802734375,4.4908552169799805
2728813605_cfc943e1ab.jpg,-3.9373939037323,0.17286193370819092
2729147877_c3ec3445bf.jpg,-3.4425747394561768,6.372664451599121
272940778_a184dbea42.jpg,7.3713202476501465,4.220649719238281
2729655904_1dd01922fb.jpg,11.01323127746582,-2.0061445236206055
2729685399_56c0e104b1.jpg,-4.5296854972839355,-1.9589236974716187
272988646_1588bde6a8.jpg,-10.10409164428711,0.02187439799308777
2730819220_b58af1119a.jpg,-3.5126631259918213,0.8229788541793823
2730938963_c4ed3e2258.jpg,3.6992883682250977,-2.8493592739105225
2730994020_64ac1d18be.jpg,7.077906131744385,8.354761123657227
2731171552_4a808c7d5a.jpg,-0.40751534700393677,-2.0253748893737793
273248777_eaf0288ab3.jpg,-0.6991445422172546,3.76926851272583
2732625904_4fbb653434.jpg,-0.38872233033180237,-2.133213520050049
2733659177_d74a00995b.jpg,1.0458743572235107,-0.6736326813697815
2734219983_fe86a60bf9.jpg,-2.9142184257507324,-3.0356316566467285
2734669176_c272b42597.jpg,0.9127642512321472,7.741849422454834
2735158990_56ff6bf9b0.jpg,7.184436798095703,4.634676456451416
2735290454_1bd8bc5eac.jpg,3.643950939178467,1.3337881565093994
2735558076_0d7bbc18fc.jpg,-6.460692405700684,-0.319278359413147
2735792721_b8fe85e803.jpg,0.50596022605896,0.22907163202762604
2735979477_eef7c680f9.jpg,6.138035774230957,5.578969478607178
2736508369_fd9ff0b42f.jpg,-3.1991376876831055,3.988443374633789
2736902411_a0010f89ae.jpg,-2.98195219039917,0.7846973538398743
2737233999_34d60dc5c3.jpg,-5.096116542816162,-0.7034623026847839
2737609659_efce872c24.jpg,1.3867862224578857,-0.015868356451392174
2737729252_b3fd9c05b1.jpg,-3.034079074859619,-0.4083833396434784
2737759676_4bc9be2daf.jpg,-5.48525333404541,-0.3950277864933014
2738077433_10e6264b6f.jpg,7.301205158233643,2.368101119995117
2738255684_0324ed062d.jpg,4.219950199127197,1.2336970567703247
2739331794_4ae78f69a0.jpg,-1.7878727912902832,1.7564332485198975
2739332078_13d9acce59.jpg,-5.3369951248168945,1.4661012887954712
2741051940_89fb6b2cee.jpg,4.570991039276123,4.350387096405029
2741380826_cfe0ddf0a9.jpg,3.736964464187622,8.906685829162598
2742426734_291df6da08.jpg,-3.629185438156128,-0.35772839188575745
274313927_404d0e94ab.jpg,4.635310649871826,4.906923294067383
2743652730_d909c7ae82.jpg,-2.495980978012085,1.5397228002548218
2743709828_a795a75bfc.jpg,4.01201057434082,1.7367719411849976
2744321686_8811d8428c.jpg,-2.4478423595428467,3.006976366043091
2744330402_824240184c.jpg,2.3144948482513428,-6.352694988250732
2744600462_5804577296.jpg,-2.222949504852295,-3.623769998550415
2744690159_fe2c89e55b.jpg,10.511442184448242,3.105980634689331
2744705147_acd767d3eb.jpg,-4.3780646324157715,1.0725867748260498
2744705574_519c171ca0.jpg,4.795538425445557,-3.8734724521636963
2745441424_5659f6acc8.jpg,-0.11540982127189636,-0.22633787989616394
2745663684_650f84e1e6.jpg,-3.029783010482788,1.3076826333999634
2745811124_12c4426b8b.jpg,-5.0464348793029785,2.037506341934204
2746072388_b127f8259b.jpg,1.6371448040008545,1.286827802658081
2746839158_4195210d27.jpg,0.7396494746208191,-4.241212844848633
2746910139_77ba5be2c5.jpg,-1.2014727592468262,-4.347819805145264
2747436384_9470c56cb9.jpg,5.71008825302124,-9.586065292358398
2747640247_b54bfa6886.jpg,7.6953558921813965,-4.52495813369751
2747714500_49476225c6.jpg,-1.251444697380066,-3.9531800746917725
2748435417_ea7bbcc17c.jpg,-3.9098455905914307,-0.2705126702785492
2748729903_3c7c920c4d.jpg,2.8327279090881348,-3.7200841903686523
2749124446_d4432787b5.jpg,5.853973388671875,3.7510814666748047
275002371_5b200e6a92.jpg,2.9692137241363525,5.816424369812012
2750832671_4b39f06acf.jpg,4.5623908042907715,5.970375061035156
2750867389_4b815f793a.jpg,0.7987773418426514,-0.28028514981269836
2751466788_4fab701cc3.jpg,-9.10402774810791,-2.0120298862457275
2751567262_e089b33ed9.jpg,-4.262887001037598,1.6572167873382568
2751602672_ca5e1f6447.jpg,3.4057862758636475,5.260033130645752
2751694538_fffa3d307d.jpg,1.4228174686431885,1.1090548038482666
2752043092_f48ebfeaa2.jpg,-3.1895904541015625,1.6839489936828613
2752084369_52e7867da7.jpg,-4.227406978607178,3.450735330581665
2752175795_c9def67895.jpg,-5.528469085693359,-0.6590454578399658
2752230113_b5dab6f0f1.jpg,2.9722414016723633,-4.837174892425537
2752329719_868545b7d2.jpg,0.20501528680324554,-5.818480968475342
2752331711_cb18abba5a.jpg,1.2607522010803223,-5.934248447418213
2752341621_54490b9b09.jpg,-2.3583762645721436,-4.792500972747803
2752809449_632cd991b3.jpg,-4.899740695953369,3.95965576171875
2752919987_8bfca604ab.jpg,-6.232072353363037,-0.09579192101955414
2752923489_d3bceebacb.jpg,-5.104323863983154,1.5824049711227417
2752926645_801a198ff6.jpg,-6.997897148132324,2.5548205375671387
2753506871_dc38e7d153.jpg,7.312804698944092,1.7105019092559814
2753531542_ace2c870b7.jpg,5.833341121673584,-7.548686504364014
275401000_8829250eb3.jpg,1.2787243127822876,4.082493782043457
2754271176_4a2cda8c15.jpg,-6.705313682556152,-1.1177465915679932
2754898893_95239c1f19.jpg,1.7091903686523438,-4.917913436889648
2755053974_5cc157512e.jpg,-1.1341761350631714,2.1671903133392334
275516348_cbccebc125.jpg,6.276002407073975,5.194686412811279
2755314937_1e974bf2b5.jpg,-0.46976715326309204,1.0200061798095703
2755362721_368cbde668.jpg,4.9272003173828125,-0.03466019406914711
2755952680_68a0a1fa42.jpg,-0.34470799565315247,-4.448944091796875
2756591658_3ca6db1595.jpg,2.130340099334717,-7.486844539642334
2756636539_cc1eacbf4a.jpg,13.825928688049316,-0.48938900232315063
2756765580_9e57e10f0d.jpg,1.610060214996338,-1.42092764377594
2757779501_c41c86a595.jpg,1.2373939752578735,-10.860036849975586
2757803246_8aa3499d26.jpg,-2.6571390628814697,1.6597353219985962
2759089516_cbb993cb92.jpg,-2.9233334064483643,3.0053598880767822
2759211664_d21393b668.jpg,4.619409561157227,-0.8537591099739075
2759596272_e0ce0a965a.jpg,-5.239883899688721,3.7327167987823486
2759813381_73303113d9.jpg,6.223702430725098,4.155805587768555
2759860913_f75b39d783.jpg,3.3330881595611572,-8.0669584274292
2760371526_63f3d01760.jpg,8.727374076843262,-6.473214626312256
2760715910_87c7bdeb87.jpg,-7.818356037139893,1.159124732017517
2760716468_b541e9fd0f.jpg,-8.013870239257812,-3.0873117446899414
2761599088_8b39cc5f41.jpg,7.472132682800293,5.610544204711914
2762301555_48a0d0aa24.jpg,-3.0428311824798584,-0.5906136631965637
2762702644_2aa3bf9680.jpg,-6.358229637145996,1.4816102981567383
2763044275_aa498eb88b.jpg,6.088786602020264,8.169376373291016
276356412_dfa01c3c9e.jpg,8.23772144317627,0.6089114546775818
2763601657_09a52a063f.jpg,1.4278205633163452,-1.3584506511688232
2764178773_d63b502812.jpg,0.10941232740879059,-6.181356430053711
2764732789_1392e962d0.jpg,4.946296691894531,5.729490756988525
2765029348_667111fc30.jpg,-0.5820952653884888,-2.664895534515381
2765747519_2b851e01d6.jpg,-3.5720138549804688,1.4762401580810547
2766148353_70b2e8070f.jpg,-5.453322887420654,0.8302759528160095
2766291711_4e13a2b594.jpg,5.144193172454834,6.501434326171875
2766325714_189bbff388.jpg,-1.4599595069885254,2.375265598297119
2766630484_ce73f47031.jpg,4.932029724121094,4.319406032562256
2766726291_b83eb5d315.jpg,-3.5938680171966553,2.181729793548584
2766765386_4c0beb939d.jpg,4.5238938331604,-6.142452716827393
2766854400_640e2abe08.jpg,-2.741931915283203,-0.3641391098499298
2766926202_4201bf2bf9.jpg,-4.586105823516846,-4.261617183685303
276699720_fe6718fd03.jpg,1.558876633644104,-0.122767873108387
2768021570_46bc6325e3.jpg,4.653047561645508,5.404905319213867
2768248810_06d543c080.jpg,0.5000715255737305,-3.9568874835968018
2768662025_44001fe5d1.jpg,-4.9524946212768555,2.319956064224243
2768972186_92787cd523.jpg,7.1407599449157715,6.253891944885254
2769605231_dae8b30201.jpg,1.3448600769042969,3.8249752521514893
2769731772_18c44c18e2.jpg,-2.659539222717285,-6.385968208312988
2771424045_1fdf9617eb.jpg,-2.825251817703247,-2.125702381134033
2772084628_c0ae29d87a.jpg,-4.654655456542969,-0.17427945137023926
2772532341_c4597a94ed.jpg,-3.7793376445770264,1.3858197927474976
2773011586_6f4cd41e84.jpg,-4.646786689758301,-0.5245181918144226
2773400732_5b65a25857.jpg,-3.731411933898926,-0.2881254255771637
2773682293_3b712e47ff.jpg,-1.9497404098510742,-2.0206544399261475
2774362575_7543b8bf19.jpg,2.94974422454834,3.0519299507141113
2774430374_fee1d793e7.jpg,-1.2521116733551025,-2.823685646057129
2774554310_007e980a90.jpg,-3.5320534706115723,1.4423173666000366
2774581025_81a3074e2e.jpg,0.20653142035007477,-0.09947583824396133
2774705720_1cb85812dc.jpg,-2.687544107437134,-1.9819775819778442
2775249812_f4db95e818.jpg,-6.3069329261779785,-4.829152584075928
2775744946_1ab5d500a2.jpg,-1.0543591976165771,-4.1731276512146
2776029171_5abdd5a22f.jpg,1.808846116065979,0.3545239269733429
2777021428_0b2ac3e987.jpg,-3.452535390853882,3.516791343688965
27782020_4dab210360.jpg,-6.246088981628418,-1.800473928451538
2778290592_1910bb0431.jpg,8.592181205749512,3.4233951568603516
278002800_3817135105.jpg,-4.618340015411377,-1.064577579498291
278002875_d011ae9dc5.jpg,-2.377746105194092,0.24817289412021637
278002947_3fd22a2cb6.jpg,-2.4850845336914062,-2.327596426010132
2780031669_a0345cfc26.jpg,2.9553744792938232,-7.59688138961792
278007543_99f5a91a3e.jpg,7.286887168884277,3.057654857635498
2780087302_6a77658cbf.jpg,-5.718857765197754,0.5818923115730286
2780105274_52360c4cca.jpg,-6.121000289916992,3.1766345500946045
278105206_df987b0ca0.jpg,6.338221073150635,0.4439728260040283
2781296531_f6f0f6c0f5.jpg,-1.20566725730896,0.9190914630889893
2782433864_5a0c311d87.jpg,6.439164638519287,4.18404483795166
2782480767_064c95eff2.jpg,5.415566444396973,-6.271982192993164
2782850287_1408f7ec43.jpg,-1.9648255109786987,-3.0583205223083496
2783620390_02c166c733.jpg,-0.6869593262672424,-1.5293042659759521
278388986_78ba84eb8f.jpg,1.9223289489746094,-10.754471778869629
2784408839_53a25a21eb.jpg,6.246015548706055,-9.72266674041748
2784625888_71a421e171.jpg,5.789989948272705,6.166615962982178
278496691_c1fd93e2d8.jpg,-7.21218729019165,0.8500669002532959
2785108434_cd4a1c949c.jpg,1.8684228658676147,-4.549858570098877
2785115802_137fa30000.jpg,7.394756317138672,-0.9317865371704102
278559394_b23af734b9.jpg,-2.8663551807403564,-1.4640034437179565
278608022_4175813019.jpg,0.48939749598503113,6.059070587158203
2786245676_0a69543832.jpg,-3.58870792388916,1.3919780254364014
2786299623_a3c48bd318.jpg,4.963590145111084,-4.330422401428223
2787276494_82703f570a.jpg,2.6108932495117188,-6.231302261352539
2787868417_810985234d.jpg,-0.885086715221405,4.198741912841797
2788628994_61123c03d2.jpg,1.3597890138626099,-4.871162414550781
2788652511_4f10060e07.jpg,10.202166557312012,-7.084836959838867
2788945468_74a9618cfa.jpg,-5.638697624206543,1.5802959203720093
2789238858_14261dd25a.jpg,4.8857741355896,4.211564064025879
2789350645_96a2535b4d.jpg,2.332153558731079,4.4709792137146
2789648482_1df61f224a.jpg,-1.7511205673217773,-0.4562409520149231
2789688929_9424fceed1.jpg,-2.0195858478546143,3.0490057468414307
2789937754_5d1fa62e95.jpg,-5.39600133895874,0.1456710249185562
2790909995_8b7a03d9d1.jpg,6.7628936767578125,3.098240613937378
2792195540_af5fb95caa.jpg,-1.7175618410110474,-5.266798973083496
2792212974_23b1ef05fa.jpg,4.891579627990723,-2.308063268661499
279230262_e541f9b670.jpg,3.7375009059906006,2.7905712127685547
2792409624_2731b1072c.jpg,4.632149696350098,7.694863796234131
2795287622_da187a3e86.jpg,3.4903781414031982,-5.122406482696533
2795352290_9209b214f3.jpg,-6.488431930541992,3.095909595489502
279550225_d64d56158a.jpg,-3.3774425983428955,0.13081157207489014
2795866891_7559fd8422.jpg,-2.8550302982330322,-2.1802680492401123
2796801478_8ebd7e550b.jpg,-2.5352964401245117,-1.465298056602478
2797149878_bb8e27ecf9.jpg,0.7662168145179749,-1.6927512884140015
2797185895_4d9e1e9508.jpg,5.175648212432861,-7.188409805297852
2797188545_aeb26c54c0.jpg,6.619822978973389,-7.296131610870361
279728508_6bd7281f3c.jpg,-0.17702893912792206,-6.1279168128967285
2797438951_88a3ed7541.jpg,1.3323969841003418,-3.8138859272003174
2797511323_bf20acab45.jpg,5.924959659576416,4.715958595275879
2798651021_2566f2a47e.jpg,-3.8731822967529297,0.4042418897151947
2798880731_4f51634374.jpg,-3.060389280319214,1.5070558786392212
279901198_e7a88c855a.jpg,9.91507339477539,1.408503770828247
2799871904_3b3125518a.jpg,-4.604773044586182,-1.634668231010437
2800004913_c8394ba332.jpg,12.124124526977539,-4.476298809051514
2800758232_d7fa598065.jpg,1.640626311302185,-5.639780044555664
2800934095_b84a5009dd.jpg,2.889190912246704,3.8842036724090576
2800990525_a1f8427272.jpg,-4.842540264129639,-1.7179298400878906
2801146217_03a0b59ccb.jpg,-5.6586594581604,0.6919991374015808
2801851082_8c3c480c0f.jpg,-1.8513380289077759,-1.1276274919509888
2802337003_56e555cd30.jpg,10.798623085021973,-3.485395669937134
2804374083_311f98f5f2.jpg,5.965386390686035,-4.47995662689209
2804851816_9aae9071ca.jpg,7.30939245223999,5.973084926605225
2805101709_1c8916f63a.jpg,-0.7191885113716125,-0.17977827787399292
2805822564_6dee48e506.jpg,4.318722724914551,-3.0504977703094482
2805873509_4f68afc4b4.jpg,2.0438852310180664,-6.498188495635986
2806632713_edd6f6c893.jpg,-0.810079038143158,-1.879591703414917
2806710650_e201acd913.jpg,1.0909702777862549,-4.126036643981934
280706862_14c30d734a.jpg,7.423644065856934,1.6445039510726929
2807177340_bc85291df5.jpg,-2.994338274002075,-0.02071155607700348
2807209904_389d81f33a.jpg,-3.68580961227417,-1.342795491218567
2808098783_c56b44befa.jpg,4.031657695770264,5.371809005737305
2808870080_4ea4f3327e.jpg,3.5699286460876465,3.2906174659729004
280932151_ae14a67be5.jpg,6.160907745361328,4.82310676574707
2809793070_1a3387cd6e.jpg,10.626738548278809,2.5561187267303467
2810333931_47fd8dd340.jpg,-3.6696813106536865,1.8796669244766235
2810412010_f8b3bc1207.jpg,3.9628100395202637,-5.693821430206299
2812125355_5e11a76533.jpg,-2.9787228107452393,2.055701732635498
2812590023_50182bc417.jpg,-4.060949802398682,-2.184568405151367
2813033949_e19fa08805.jpg,1.2733463048934937,5.726328372955322
2813588204_69fe7deb14.jpg,4.465912342071533,4.050873756408691
2813784259_d201044d71.jpg,-4.196364402770996,-1.4166499376296997
2813992915_f732cf8539.jpg,-2.3797354698181152,-2.0464119911193848
2814028429_561a215259.jpg,0.5001422762870789,-5.773989677429199
2814037463_74de97da86.jpg,-4.3789801597595215,0.6405417323112488
281419391_522557ce27.jpg,-2.351365089416504,-0.5779956579208374
2814406547_a237ef0122.jpg,-5.755178451538086,0.6646665930747986
2815256108_fc1302117d.jpg,-3.8124239444732666,-0.8315320611000061
2815745115_c8479d560c.jpg,-6.295763969421387,3.4058189392089844
2815755985_0fa55544c0.jpg,-0.6505359411239624,0.33217090368270874
2815788792_d226215d10.jpg,0.17362159490585327,6.759546756744385
2816259113_461f8dedb0.jpg,1.3248767852783203,3.2606801986694336
2817230861_d27341dec0.jpg,0.42720356583595276,-0.6590392589569092
281754914_bc8119a0ed.jpg,-1.203951120376587,-1.9180773496627808
2817847072_5eb3bc30ac.jpg,-0.901651918888092,6.998307704925537
2818735880_68b3dfe1f5.jpg,9.457932472229004,2.1963510513305664
2819254573_9ecb5f4d5e.jpg,-2.8591346740722656,-1.6751834154129028
282116218_7fd7583d6e.jpg,3.1154255867004395,5.674813270568848
282131366_5f9a39c43c.jpg,0.11811859160661697,-1.4968926906585693
2822148499_eaa46c99d4.jpg,0.2584976255893707,2.5291638374328613
2822290399_97c809d43b.jpg,4.448002338409424,2.796218156814575
2822891602_ff61df2ece.jpg,4.988577365875244,-5.987112998962402
2823075967_be4c350e9e.jpg,3.7885637283325195,4.4456586837768555
2823200990_7b02b7cc36.jpg,-2.1531786918640137,2.199033498764038
2823575468_15f6c345fc.jpg,-0.9528054594993591,-0.21626457571983337
2824004868_1fc0a81173.jpg,-6.426499843597412,-1.0996856689453125
2824401212_8da8ab99d6.jpg,-4.551316261291504,-1.8272895812988281
2824922268_3fafb64683.jpg,8.435046195983887,4.430443286895752
2825483885_3f7c54db3e.jpg,0.2855185866355896,-3.1856913566589355
2825540754_5e0c13e6b8.jpg,6.76619291305542,-5.424188613891602
2825668136_107223182c.jpg,-0.9114029407501221,-5.574267387390137
2826030193_4278ccb833.jpg,-3.9694764614105225,1.1459095478057861
2826574228_c63009e473.jpg,2.290255546569824,-5.522604942321777
2826647354_650ff5eb03.jpg,-3.8695788383483887,0.02250770293176174
2826769554_85c90864c9.jpg,9.205526351928711,1.7699730396270752
2827964381_408a310809.jpg,5.281552314758301,5.446363925933838
2828583747_8cfb7217af.jpg,-3.8054704666137695,1.8332074880599976
282960970_574aa1ba49.jpg,-4.514802932739258,2.1648716926574707
2830309113_c79d7be554.jpg,-5.176993370056152,2.4522056579589844
2830755303_2b5444ab4c.jpg,2.2251803874969482,-3.016129970550537
2830869109_c4e403eae6.jpg,1.550654411315918,-1.391863465309143
2830880811_d7f66dd2cf.jpg,1.61330246925354,2.1320509910583496
2831215155_07ba8f1805.jpg,3.649034023284912,-0.20811809599399567
2831217847_555b2f95ca.jpg,3.8186709880828857,-3.8533811569213867
2831313661_1a328acb70.jpg,2.5621306896209717,-4.144210338592529
2831314869_5025300133.jpg,-2.8980252742767334,-1.402765154838562
2831578193_3c997ae330.jpg,1.5718040466308594,1.8147631883621216
2831656774_36982aafdb.jpg,-0.7042144536972046,3.761582612991333
2831672255_d779807c14.jpg,4.637113094329834,6.792145729064941
2831723637_30d4456665.jpg,1.820116639137268,7.022005081176758
2831846986_5534425cfa.jpg,0.22429685294628143,-4.182707786560059
2832033116_1677ea1e2e.jpg,-4.67598295211792,0.980463445186615
2832076014_ff08c92037.jpg,5.881701946258545,-6.790515422821045
2832453252_a06f7826a8.jpg,0.6430405378341675,-3.5277791023254395
2832487464_2d30634e1e.jpg,2.405263900756836,7.381749153137207
2832978253_8fcc72da3b.jpg,1.971927285194397,-8.534235000610352
2833431496_09d999db4d.jpg,-2.764233350753784,0.7363131642341614
2833560457_24aedf3bef.jpg,6.061563491821289,5.338308811187744
2833582518_074bef3ed6.jpg,3.8751611709594727,2.5721511840820312
2833820456_143ea6ce47.jpg,-2.724525213241577,-0.46309417486190796
2834103050_512e5b330a.jpg,-3.799692392349243,-2.081073760986328
283428775_a3665bee7c.jpg,7.006215572357178,4.653499126434326
2834752476_3177e617f1.jpg,-3.097824811935425,0.46268728375434875
2836325261_a3bf5c59be.jpg,-5.089397430419922,2.070570707321167
2836360729_6500249fe6.jpg,0.5688884258270264,-4.076484680175781
2836553263_b1a08c25ea.jpg,-1.472541093826294,-3.3566105365753174
2836703077_fa9c736203.jpg,0.2757408618927002,-1.903942346572876
2836808985_b26e4ca09e.jpg,-3.566134452819824,0.5344574451446533
2836864045_9a093cfd65.jpg,3.1840829849243164,6.589194297790527
2837127816_24441e5f7c.jpg,6.554216384887695,6.9897966384887695
2837640996_0183db8d93.jpg,-3.6830692291259766,-0.8866662979125977
2837799692_2f1c50722a.jpg,-4.339877128601074,3.268160104751587
2837808847_5407af1986.jpg,10.820025444030762,-2.2736079692840576
2837908308_8bc25c6b02.jpg,2.732428550720215,6.252913951873779
2838085973_42b6e9b5b1.jpg,-4.304462432861328,5.66426944732666
2838125339_3dd314e315.jpg,-0.5805224776268005,2.3581674098968506
2838619742_eed855d8a8.jpg,-2.3303844928741455,-3.219270706176758
2839038702_e168128665.jpg,5.973227024078369,-1.23751699924469
2839532455_36a7dc4758.jpg,5.358967304229736,4.213800430297852
2839789830_89668775a4.jpg,5.986270427703857,8.502772331237793
2839807428_efe42423f2.jpg,1.4209768772125244,7.562973976135254
2839890871_4b7c7dbd96.jpg,-5.86518669128418,2.992032051086426
2839932205_3c9c27cd99.jpg,3.0194289684295654,-6.600316524505615
2840344516_8e15fe2668.jpg,0.9702975153923035,-2.692410469055176
2841449931_84a05850ec.jpg,-2.19758677482605,-0.2241390347480774
2842032768_9d9ce04385.jpg,1.013498067855835,4.209320545196533
2842439618_fb20fe2215.jpg,8.636860847473145,-7.807889938354492
2842609837_b3a0b383f7.jpg,-4.252982139587402,1.5877095460891724
284279868_2ca98e3dcd.jpg,12.715385437011719,2.4789257049560547
2842849030_89548af61c.jpg,4.238109588623047,-4.742094993591309
2842865689_e37256d9ce.jpg,-2.6620147228240967,-0.9532240033149719
2843695880_eeea6c67db.jpg,5.915510654449463,-4.439583778381348
2844018783_524b08e5aa.jpg,-2.75469970703125,0.29428479075431824
284441196_8ebb216d0d.jpg,5.801720142364502,8.378353118896484
2844641033_dab3715a99.jpg,-0.2734593152999878,-4.034375190734863
2844747252_64567cf14a.jpg,7.000162601470947,5.657414436340332
2844846111_8c1cbfc75d.jpg,-0.9616933465003967,-7.821088790893555
2844963839_ff09cdb81f.jpg,-4.0176496505737305,2.455393075942993
2845246160_d0d1bbd6f0.jpg,-6.56537389755249,-0.30345579981803894
2845691057_d4ab89d889.jpg,-1.7288475036621094,-1.2098766565322876
2845845721_d0bc113ff7.jpg,-2.4430341720581055,1.9416582584381104
2846037553_1a1de50709.jpg,-2.9055886268615723,-1.52437424659729
2846785268_904c5fcf9f.jpg,-2.7715771198272705,0.4332720637321472
2846843520_b0e6211478.jpg,6.946764945983887,1.7095166444778442
2847514745_9a35493023.jpg,-3.343108654022217,0.18972034752368927
2847615962_c330bded6e.jpg,-0.15293164551258087,2.671783685684204
2847859796_4d9cb0d31f.jpg,1.7561794519424438,-4.476197719573975
2848266893_9693c66275.jpg,-6.136171817779541,1.7096198797225952
2848571082_26454cb981.jpg,3.3202245235443115,7.418365478515625
2848895544_6d06210e9d.jpg,0.24084635078907013,3.0188491344451904
2848977044_446a31d86e.jpg,3.407834768295288,4.060307502746582
2849194983_2968c72832.jpg,-0.006190359126776457,-3.144744634628296
2850719435_221f15e951.jpg,-2.0326924324035645,-3.5272209644317627
2851198725_37b6027625.jpg,5.240278720855713,-8.807758331298828
2851304910_b5721199bc.jpg,-2.0111641883850098,-3.2656238079071045
2851931813_eaf8ed7be3.jpg,-4.015139579772949,6.320789337158203
2852982055_8112d0964f.jpg,4.898997783660889,-3.5599706172943115
285306009_f6ddabe687.jpg,-5.87888765335083,1.0368956327438354
2853205396_4fbe8d7a73.jpg,8.549965858459473,2.8486979007720947
2853407781_c9fea8eef4.jpg,-6.434916973114014,-0.017662666738033295
2853743795_e90ebc669d.jpg,5.290720462799072,7.5388503074646
2853811730_fbb8ab0878.jpg,-6.485597133636475,2.216495990753174
2854207034_1f00555703.jpg,-2.2674810886383057,1.5015615224838257
2854234756_8c0e472f51.jpg,-7.147212505340576,1.5557222366333008
2854291706_d4c31dbf56.jpg,-6.203938961029053,0.727681040763855
2854959952_3991a385ab.jpg,4.381446838378906,6.084855079650879
2855417531_521bf47b50.jpg,-2.4876999855041504,2.8498501777648926
2855594918_1d1e6a6061.jpg,-1.7319738864898682,-4.310304641723633
2855667597_bf6ceaef8e.jpg,6.600264072418213,6.333676338195801
2855695119_4342aae0a3.jpg,10.570989608764648,-1.3440816402435303
2855727603_e917ded363.jpg,9.481669425964355,2.088366746902466
285586547_c81f8905a1.jpg,0.3983900845050812,0.33587226271629333
2855910826_d075845288.jpg,-2.573784828186035,4.99026346206665
2856080862_95d793fa9d.jpg,-2.7647013664245605,2.2178726196289062
2856252334_1b1a230e70.jpg,-4.31190824508667,-0.601008415222168
2856456013_335297f587.jpg,-1.4214966297149658,5.879883289337158
2856524322_1d04452a21.jpg,-1.2030245065689087,-4.044710159301758
2856699493_65edef80a1.jpg,-3.02927303314209,-3.1066794395446777
2856700531_312528eea4.jpg,-2.8972034454345703,-0.17670361697673798
2856923934_6eb8832c9a.jpg,6.748264312744141,-10.033452033996582
2857372127_d86639002c.jpg,-5.718836307525635,0.643890917301178
2857473929_4f52662c30.jpg,-5.253992557525635,-1.4590636491775513
2857558098_98e9249284.jpg,5.276956081390381,3.842069387435913
2857609295_16aaa85293.jpg,8.126029014587402,8.04831600189209
2858439751_daa3a30ab8.jpg,0.5197005867958069,-1.8077466487884521
2858759108_6e697c5f3e.jpg,0.1531635820865631,2.076214075088501
2858903676_6278f07ee3.jpg,-5.1086907386779785,-1.7608399391174316
2860035355_3fe7a5caa4.jpg,-7.690990924835205,-1.0849968194961548
2860040276_eac0aca4fc.jpg,-3.5031893253326416,1.0467714071273804
2860041212_797afd6ccf.jpg,7.506582260131836,6.409438610076904
2860202109_97b2b22652.jpg,-4.0344038009643555,-0.7806829810142517
2860372882_e0ef4131d4.jpg,-5.902673721313477,0.4658220410346985
2860400846_2c1026a573.jpg,4.872174263000488,5.020223140716553
2860667542_95abec3380.jpg,3.0777692794799805,-0.46817123889923096
2860872588_f2c7b30e1a.jpg,4.257081985473633,5.05094575881958
2861100960_457ceda7fa.jpg,-6.336513996124268,1.2524362802505493
2861413434_f0e2a10179.jpg,-5.05330228805542,3.799166440963745
2861932486_52befd8592.jpg,-4.343744277954102,1.0996222496032715
2862004252_53894bb28b.jpg,7.347416877746582,7.871158599853516
2862469183_a4334b904a.jpg,5.927342414855957,4.21901798248291
2862481071_86c65d46fa.jpg,-1.960971713066101,-0.7553758025169373
2862509442_4f5dc96dca.jpg,-5.7243523597717285,-1.4798249006271362
2862676319_a9dab1309f.jpg,-2.516911268234253,3.0982136726379395
2862931640_2501bd36c5.jpg,-2.196869134902954,-2.3809032440185547
2863027424_9c75105660.jpg,0.3622607886791229,-4.669156551361084
2863180332_372510aa49.jpg,-3.7438254356384277,-1.8194159269332886
2863349041_5eba6e3e21.jpg,-2.1594314575195312,-0.1735050082206726
2863848437_f2592ab42d.jpg,-0.8078351616859436,4.7191925048828125
2864340145_d28b842faf.jpg,12.843564987182617,0.5378566980361938
2864634088_d087494dff.jpg,-5.4936299324035645,-2.167116165161133
2865376471_43c5e6b941.jpg,1.7899291515350342,2.5882463455200195
2865409854_afedf98860.jpg,-5.3280415534973145,-3.3441336154937744
2865564810_5c63328cd4.jpg,-3.3330202102661133,0.32610341906547546
2865703567_52de2444f2.jpg,-1.7637637853622437,0.7276697158813477
2866093652_aa717eb9ce.jpg,-6.226583003997803,-2.1395037174224854
2866254827_9a8f592017.jpg,-1.1352858543395996,-0.9311005473136902
2866529477_7e0c053ebc.jpg,9.750382423400879,-5.87580680847168
286660725_ffdbdf3481.jpg,-3.4702534675598145,-1.2294222116470337
2866686547_0a67eb899d.jpg,-1.081199049949646,7.486481189727783
2866696346_4dcccbd3a5.jpg,-0.18614642322063446,-1.404233455657959
2866820467_ae699235a7.jpg,-3.0323288440704346,-0.6111119985580444
2866974237_e3c1e267c0.jpg,-0.4345068335533142,-2.611262798309326
2867026654_38be983b44.jpg,3.3820607662200928,6.446321487426758
2867699650_e6ddb540de.jpg,4.56229829788208,4.557250022888184
2867736861_43c9487a65.jpg,14.841216087341309,1.3954808712005615
2867845624_22e4fe0a23.jpg,13.303377151489258,1.0863876342773438
2867937005_91c092b157.jpg,-2.135286569595337,0.4157435894012451
2867968184_908d87cf2c.jpg,-4.441702842712402,-1.3585140705108643
2868136205_3cf679208d.jpg,-4.339012622833252,2.0949554443359375
2868324804_5cc8030484.jpg,-2.5422556400299072,4.455593585968018
2868575889_2c030aa8ae.jpg,-2.413261890411377,1.3839250802993774
2868668723_0741222b23.jpg,0.2925986349582672,-0.13421908020973206
2868776402_aef437e493.jpg,-5.09657096862793,-3.1071557998657227
2869009633_ea3cafd437.jpg,1.5330811738967896,-2.980727195739746
2869253972_aa72df6bf3.jpg,-4.9187541007995605,-0.6232413053512573
2869491449_1041485a6b.jpg,6.00885009765625,3.7679972648620605
2869765795_21a398cb24.jpg,9.241753578186035,1.2982882261276245
2870194345_0bcbac1aa5.jpg,-3.653078317642212,2.7477452754974365
2870426310_4d59795032.jpg,-0.3009321689605713,2.9559695720672607
2870875612_2cbb9e4a3c.jpg,7.254540920257568,-4.445728302001953
2871962580_b85ce502ba.jpg,-3.514284133911133,4.883062362670898
2872197070_4e97c3ccfa.jpg,5.613114833831787,0.7951199412345886
2872743471_30e0d1a90a.jpg,0.29516127705574036,3.31730580329895
2872806249_00bea3c4e7.jpg,-5.647822856903076,-1.9605320692062378
2872963574_52ab5182cb.jpg,-3.259815216064453,1.663515329360962
2873065944_29c01782e2.jpg,-2.248756170272827,2.902097463607788
2873070704_2141a7a86a.jpg,0.37531721591949463,-6.534018516540527
2873188959_ff023defa9.jpg,2.3583474159240723,-6.5843281745910645
2873252292_ebf23f5f10.jpg,0.06233783811330795,-4.907691955566406
2873431806_86a56cdae8.jpg,-2.5336480140686035,0.0059440238401293755
2873445888_8764699246.jpg,-0.17423413693904877,-6.652065753936768
2873522522_829ea62491.jpg,0.4536892771720886,7.740535736083984
2873648844_8efc7d78f1.jpg,2.9210774898529053,2.1696925163269043
2873837796_543e415e98.jpg,4.200727939605713,3.4478609561920166
2874728371_ccd6db87f3.jpg,7.674635410308838,4.9691877365112305
2874876837_80d178ba9b.jpg,-6.509759426116943,1.9181807041168213
2874984466_1aafec2c9f.jpg,3.9139599800109863,6.1651763916015625
2875528143_94d9480fdd.jpg,-2.9463329315185547,2.4658753871917725
2875583266_4da13ae12d.jpg,0.26792675256729126,-0.24002310633659363
2875658507_c0d9ceae90.jpg,3.534956216812134,0.9917846322059631
2876494009_9f96d7eaf2.jpg,-1.672658920288086,-5.831668376922607
2876848241_63290edfb4.jpg,-1.0879967212677002,-0.3983895778656006
2876993733_cb26107d18.jpg,-5.099623680114746,0.9155987501144409
2876994989_a4ebbd8491.jpg,-5.508438587188721,2.9641172885894775
2877088081_7ca408cb25.jpg,-3.9429399967193604,-3.833637237548828
2877159456_ea4a46b0d2.jpg,-0.8235330581665039,-1.7961935997009277
2877424957_9beb1dc49a.jpg,-1.5421561002731323,-1.4936130046844482
2877503811_4e311253ec.jpg,-4.811215400695801,1.4690500497817993
2877511986_c965ced502.jpg,2.5297691822052,-2.948805570602417
2877637572_641cd29901.jpg,6.865714073181152,4.039013385772705
2878190821_6e4e03dc5f.jpg,-6.116212844848633,0.4585922956466675
2878272032_fda05ffac7.jpg,8.106590270996094,2.8648152351379395
2878578240_caf64c3b19.jpg,-3.0120441913604736,-7.147457122802734
2878705136_609dfbf318.jpg,-0.23944754898548126,-3.940793514251709
2879241506_b421536330.jpg,-5.945969104766846,-0.49646106362342834
287999021_998c2eeb91.jpg,1.4250051975250244,-11.268054008483887
2880051254_e0ca96b6be.jpg,2.116097927093506,5.425027847290039
288025239_5e59ba9c3b.jpg,0.15770822763442993,-5.140354633331299
2880874989_a33b632924.jpg,-3.305032968521118,1.985355019569397
2881087519_ca0aa79b2b.jpg,-2.320552110671997,-2.5681333541870117
2881441125_b580e3dd4b.jpg,-0.747985303401947,-1.2077689170837402
2881468095_d4ce8c0c52.jpg,-3.8667519092559814,-1.0767940282821655
288177922_b889f2e1fe.jpg,-3.231233835220337,-0.13835816085338593
2882056260_4399dd4d7c.jpg,0.12952616810798645,1.724911093711853
2882483779_73c171ac19.jpg,0.9487611055374146,3.689650297164917
2882589788_cb0b407a8d.jpg,-0.03198632970452309,1.9422029256820679
2882743431_c3e6cd1b5c.jpg,3.159109115600586,4.280651092529297
2882893687_1d10d68f2b.jpg,-1.561767816543579,2.9252028465270996
2883099128_0b056eed9e.jpg,-1.8698759078979492,-0.5451017618179321
2883324329_24361e2d49.jpg,-4.2583513259887695,-0.7553288340568542
2883907436_82bf4a36b8.jpg,1.5556279420852661,2.5975539684295654
2883950737_3b67d24af4.jpg,3.1294214725494385,-3.7517004013061523
2884092603_786b53a74b.jpg,-3.8820738792419434,0.5750673413276672
2884252132_5d8e776893.jpg,-0.4873320460319519,0.7860047817230225
2884301336_dc8e974431.jpg,9.197396278381348,0.7233153581619263
2884400562_e0851014fc.jpg,-6.555851459503174,1.6110776662826538
2884420269_225d27f242.jpg,-5.356367111206055,1.6469577550888062
2884651479_12e400ee58.jpg,5.7167277336120605,-0.9344543218612671
288508162_1727873924.jpg,1.5349417924880981,2.1629106998443604
2885111681_dc328ecfff.jpg,-7.001715660095215,-1.6762524843215942
2885382946_f541ea5722.jpg,-0.10473315417766571,-7.035246849060059
2885387575_9127ea10f1.jpg,5.0968427658081055,8.417698860168457
2885891981_6b02620ae9.jpg,-2.5949461460113525,-1.8701525926589966
2885912662_a3a2dfde45.jpg,-0.27093401551246643,2.198148488998413
2886411666_72d8b12ce4.jpg,5.416368007659912,7.436324119567871
2886533440_dfa832f2fa.jpg,2.984037160873413,-2.5712342262268066
2886837407_a4510ab1ef.jpg,-5.932955741882324,1.4565660953521729
2887103049_a867e74358.jpg,-5.303092956542969,-2.4824612140655518
2887171449_f54a2b9f39.jpg,-5.239937782287598,1.0978831052780151
2887614578_ed7ba21775.jpg,5.76545524597168,4.0186357498168945
2887744223_029f2fd5fe.jpg,-4.699557304382324,0.2710247039794922
2887750774_920eb171aa.jpg,10.137887954711914,0.4135514795780182
2887798667_ce761d45e8.jpg,-3.3436524868011475,0.1492927521467209
2888386138_578d21033a.jpg,-4.897772312164307,0.5101738572120667
2888408966_376c195b3f.jpg,-5.713141918182373,0.2785871922969818
2888658480_e922a3dec2.jpg,3.1595537662506104,-9.64845085144043
2888702775_0939a6680e.jpg,-8.275155067443848,-0.9533665776252747
2888732432_7e907a3df1.jpg,-0.8372367024421692,-1.4696124792099
288880576_818b6ecfef.jpg,1.9775710105895996,-8.942566871643066
2890057168_c712f932e0.jpg,-5.628820896148682,0.018728969618678093
2890075175_4bd32b201a.jpg,3.1561312675476074,5.367459774017334
2890113532_ab2003d74e.jpg,6.135545253753662,4.908660888671875
2890731828_8a7032503a.jpg,-3.851625919342041,-3.3629724979400635
2891162278_fbf96be4f4.jpg,-1.304856300354004,1.1940809488296509
2891185857_54942809cf.jpg,-6.412980079650879,-1.3135411739349365
2891240104_6755281868.jpg,-4.205408573150635,1.1849188804626465
2891617125_f939f604c7.jpg,0.2591581642627716,-2.7641923427581787
2891924845_92f69b0f18.jpg,-5.554708480834961,2.9184134006500244
2891961886_b7a2f0b0fd.jpg,-4.619412899017334,-1.6757409572601318
2892395757_0a1b0eedd2.jpg,-0.8867861032485962,-2.453941822052002
2892413015_5ecd9d972a.jpg,0.07930544763803482,1.4599034786224365
2892467862_52a3c67418.jpg,2.1035501956939697,-7.241276264190674
2892989340_bb7e0e5548.jpg,8.78101921081543,-7.913938045501709
2892992529_f3335d0a71.jpg,2.7880613803863525,9.421221733093262
2892995070_39f3c9a56e.jpg,9.145527839660645,1.500386357307434
2893238950_8a027be110.jpg,-0.35365065932273865,-1.1659231185913086
2893374123_087f98d58a.jpg,-3.9716460704803467,-1.1234358549118042
2893476169_f38dd32051.jpg,-1.6006463766098022,-0.4433705806732178
2893515010_4a3d9dcc67.jpg,-3.435112237930298,5.390763282775879
2894008505_a445ccaaff.jpg,-5.369420528411865,-3.2384696006774902
2894217628_f1a4153dca.jpg,-2.20932936668396,6.670822620391846
2894229082_ddc395f138.jpg,-0.34306418895721436,2.56022310256958
2894576909_99c85fd7a7.jpg,14.773236274719238,-7.485538482666016
2894850774_2d530040a1.jpg,-4.71596097946167,-2.815948724746704
2895403073_906768cafa.jpg,6.469589710235596,3.4673898220062256
2895700779_fac1d9d278.jpg,-5.73319149017334,0.7453734874725342
2895966469_53e0b29295.jpg,7.520131587982178,-8.955564498901367
289599470_cc665e2dfb.jpg,-2.6250526905059814,1.6431496143341064
289616152_012a9f16c6.jpg,-5.60117244720459,-0.9469715356826782
2896180326_88785fe078.jpg,0.49888208508491516,0.4999803304672241
2896298341_92d718366a.jpg,-1.0863970518112183,-0.6713200807571411
2896483502_6f807bae9e.jpg,5.0771684646606445,5.985601902008057
2896640216_761a47f006.jpg,3.5463573932647705,7.017284393310547
2896668718_0c3cff910f.jpg,-3.641897201538086,3.7294094562530518
2897832422_0cbdb1421e.jpg,-5.502726078033447,-0.25106754899024963
2898304260_a4099a193a.jpg,-1.5309349298477173,-2.055327892303467
289860281_94d699f36d.jpg,1.7462371587753296,-5.076381206512451
2898810636_84fb5c0b63.jpg,-2.409968852996826,3.452481269836426
2899089320_3e7f6bbaca.jpg,-1.451102614402771,-0.24346721172332764
2899276965_a20b839cfd.jpg,-2.4986631870269775,-1.2518818378448486
2899374885_f3b2b1a290.jpg,-1.6439080238342285,-1.1124376058578491
2899501488_90d5da5474.jpg,-3.2832324504852295,0.5339613556861877
2899594400_61b4f6c114.jpg,4.938397407531738,-7.369168281555176
2899622876_b673b04967.jpg,3.2898077964782715,-7.555735111236572
2900048238_74bd69d87d.jpg,-2.8877835273742676,1.3592512607574463
290019324_23582048d4.jpg,3.7726359367370605,4.836598873138428
2900274587_f2cbca4c58.jpg,1.9399409294128418,-6.732239723205566
2901074943_041aba4607.jpg,-5.665619373321533,1.5821712017059326
2901880865_3fd7b66a45.jpg,7.887722969055176,-7.489742755889893
2902269566_419d9f1d8e.jpg,-0.17932811379432678,-1.2198668718338013
2902486045_6298eb22ef.jpg,6.38667631149292,4.332653522491455
2902661518_1513be3ea6.jpg,-5.53310489654541,-2.527698278427124
2902844125_4186bf3ab6.jpg,-2.5525124073028564,0.0987132340669632
2903469015_a1e7d969c2.jpg,1.8484461307525635,5.069141387939453
2903617548_d3e38d7f88.jpg,-0.09726922959089279,3.8481361865997314
2904129133_e6ae5a1ec6.jpg,-3.517040967941284,1.9732946157455444
2904601886_39e9d317b1.jpg,5.983889579772949,6.200582504272461
2904997007_23d4b94101.jpg,-1.8195796012878418,3.3491132259368896
2905942129_2b4bf59bc0.jpg,-4.823361396789551,1.187651515007019
2905948395_ca3e6b3c9a.jpg,-3.3765671253204346,-3.6100077629089355
2905975229_7c37156dbe.jpg,-1.0850541591644287,0.17295001447200775
2906054175_e33af79522.jpg,-5.822673320770264,1.288081407546997
290650302_ade636da35.jpg,-6.3357625007629395,1.0698765516281128
2906802485_dfebf09173.jpg,2.134321451187134,-8.301802635192871
2907073768_08fd7bdf60.jpg,-0.4208345115184784,-4.768738746643066
2907244809_07ab2c6b6c.jpg,-4.5951104164123535,-3.440749168395996
2908466042_bf07cb52c7.jpg,3.8460466861724854,3.363626480102539
2908512223_7e27631ed4.jpg,-8.488236427307129,0.05154242739081383
2908859957_e96c33c1e0.jpg,0.3507184684276581,5.060285568237305
2909081008_9a7bfc599a.jpg,-5.408564567565918,0.5484623908996582
2909609550_070eea49b5.jpg,1.8674414157867432,4.496849060058594
2909811789_ed8f3fd972.jpg,-3.813009262084961,-4.586807727813721
290982269_79fc9f36dc.jpg,-2.6976158618927,1.3253949880599976
2909875716_25c8652614.jpg,1.3300936222076416,0.0997217521071434
2909955251_4b326a46a7.jpg,2.484279155731201,-7.23581075668335
2910758605_73a3f5a5c2.jpg,-7.193075656890869,0.43424418568611145
2911107495_e3cec16a24.jpg,-3.7967607975006104,0.26369383931159973
2911238432_33ec2d8cec.jpg,2.8890466690063477,-5.448195457458496
2911245290_b2c79f328a.jpg,4.933569431304932,-9.07059097290039
2911552402_5166bc173b.jpg,-1.0918022394180298,-3.822885274887085
2911658792_6a6ef07e3a.jpg,-5.3734846115112305,0.842507541179657
2911919938_6bb6587a36.jpg,-3.4359753131866455,-2.0981903076171875
2911928620_06c3fa293e.jpg,0.11149122565984726,0.7020543217658997
2912476706_9a0dbd3a67.jpg,9.742980003356934,1.2404537200927734
2913207978_9e9624e249.jpg,-5.6247758865356445,0.6832147836685181
2913818905_8e4d9aa82a.jpg,9.465984344482422,4.150871276855469
2913965136_2d00136697.jpg,-1.3320260047912598,6.112277030944824
2913972180_547783dd3d.jpg,6.284544467926025,-1.2757855653762817
2914206497_5e36ac6324.jpg,-0.029517944902181625,1.286461353302002
2914331767_8574e7703d.jpg,-1.0080838203430176,6.880863189697266
2914737181_0c8e052da8.jpg,7.241812705993652,-8.130342483520508
2914800692_0c512d27b8.jpg,-2.99038028717041,-4.064609527587891
2915183095_4ed4aa4f37.jpg,-7.169060707092285,1.5727996826171875
2915538325_59e11276dd.jpg,-4.108564376831055,-4.5313873291015625
2916009941_34a0013803.jpg,-7.847813606262207,0.9482439160346985
2916586390_664f0139ea.jpg,-4.231933116912842,0.1546325832605362
2917057791_3d68a055ca.jpg,-5.082174777984619,-1.6119576692581177
2917843040_7c9caaaa8a.jpg,0.9669913053512573,-4.364208221435547
2918653119_f535fc25c4.jpg,-3.683750867843628,-1.8161171674728394
2918769188_565dd48060.jpg,5.862623691558838,-5.051048278808594
2918880895_e61f74f2f0.jpg,-4.898234844207764,2.091249465942383
2919459517_b8b858afa3.jpg,-0.932813823223114,-3.3075544834136963
291952021_f111b0fb3d.jpg,-1.5874128341674805,1.8936172723770142
2920305300_a5b1b2329a.jpg,-0.5664684772491455,-0.9512093663215637
2920516901_23d8571419.jpg,0.6086605787277222,3.216214656829834
2920969723_83918fe909.jpg,-5.3712921142578125,-2.5980794429779053
2921094201_2ed70a7963.jpg,-3.07140851020813,2.0167031288146973
2921112724_5cb85d7413.jpg,-2.930607557296753,1.0302734375
2921198890_6f70dfbf4c.jpg,1.8533192873001099,3.6710023880004883
2921430836_3b4d062238.jpg,-2.1836180686950684,8.189621925354004
2921578694_a46ae0d313.jpg,3.2608933448791504,-5.348310470581055
2921670682_6a77a6c3e9.jpg,-4.260319232940674,-2.0546162128448486
2921793132_ef19f1dd44.jpg,-2.5851852893829346,5.777667045593262
2922222717_12195af92d.jpg,3.680294990539551,4.550228118896484
2922512807_d382528a93.jpg,-2.9119491577148438,-2.156618118286133
2922807898_b5a06d5c70.jpg,3.8382015228271484,4.589015007019043
2922973230_5a769ef92a.jpg,1.4653658866882324,-0.3771480917930603
2922981282_203f04bf9b.jpg,-2.606769323348999,1.2445013523101807
2923475135_a6b6e13d26.jpg,-3.3403306007385254,-0.36906805634498596
2923497185_c64004ff2d.jpg,3.307239532470703,6.201918125152588
2923825744_ca125353f0.jpg,-4.235645771026611,3.574890613555908
2923891109_ea0cc932ed.jpg,2.899920701980591,4.22666072845459
2924259848_effb4dcb82.jpg,0.4541102349758148,-1.2362587451934814
2924483864_cfdb900a13.jpg,0.9423463940620422,4.007952690124512
2924870944_90ff9eca1a.jpg,5.353297233581543,2.604217767715454
2924884815_63826aa60d.jpg,-3.6028382778167725,2.762740135192871
2924884899_f512c84332.jpg,-2.997191905975342,0.17922911047935486
2924908529_0ecb3cdbaa.jpg,-3.280550956726074,0.14793384075164795
2925242998_9e0db9b4a2.jpg,0.6672219038009644,-6.265567302703857
2925577165_b83d31a7f6.jpg,-2.73647403717041,-3.123810291290283
2925737498_57585a7ed9.jpg,-3.647611141204834,0.9083595871925354
2925760802_50c1e84936.jpg,-4.896179676055908,1.3450616598129272
2926233397_71e617f3a3.jpg,5.858407974243164,0.7195698022842407
2926595608_69b22be8d4.jpg,-2.4725847244262695,1.8400605916976929
2926786902_815a99a154.jpg,3.5858466625213623,-6.746744632720947
292780636_72e1968949.jpg,-5.6723246574401855,-0.4733445644378662
2927878881_90b42fc444.jpg,4.738350868225098,-6.46520471572876
2928152792_b16c73434a.jpg,-0.21214129030704498,1.6673924922943115
2928835996_88b9f9503d.jpg,-5.746962070465088,-2.076284408569336
292887910_f34ac101c8.jpg,3.791896104812622,4.699162483215332
2929006980_9f9f8f3d21.jpg,2.952721357345581,3.3595077991485596
2929272606_2a5923b38e.jpg,-1.7816647291183472,-2.915022850036621
2929405404_1dff5ab847.jpg,-2.396641969680786,1.4758148193359375
2929506802_5432054d77.jpg,1.074650764465332,2.396399974822998
2929669711_b2d5a640f0.jpg,6.63397216796875,-7.007450103759766
2930318834_8366811283.jpg,-2.142279863357544,-0.791618287563324
2930514856_784f17064a.jpg,7.436097145080566,-9.858209609985352
2930580341_d36eec8e3c.jpg,2.136141538619995,-3.979459047317505
2930616480_7fd45ca79b.jpg,-8.155561447143555,1.7111196517944336
2930622766_fa8f84deb1.jpg,-5.665387153625488,-2.52937650680542
2931254547_e97c6d0d63.jpg,-5.165233135223389,0.49019014835357666
293151893_ee7249eccb.jpg,8.439495086669922,2.15108323097229
2931950813_93145c4746.jpg,-6.700722694396973,-0.30180424451828003
2932498509_27cb0038ec.jpg,7.693380832672119,-4.190855026245117
2932519416_11f23b6297.jpg,-2.2549960613250732,-2.7945902347564697
2932740428_b15384f389.jpg,1.582359790802002,-4.837891101837158
293327462_20dee0de56.jpg,5.218876361846924,5.620004177093506
2933637854_984614e18b.jpg,-3.3148999214172363,2.5729236602783203
2933643390_1c6086684b.jpg,-2.022603750228882,4.042716979980469
2933912528_52b05f84a1.jpg,10.589432716369629,4.845773696899414
2934000107_d2ff15c814.jpg,11.621809005737305,-0.07177706807851791
2934022873_3fdd69aee4.jpg,0.7400380373001099,-2.369069814682007
2934121315_4969eeda1b.jpg,14.175349235534668,0.49397602677345276
2934325103_e9b8d7430f.jpg,-1.5857608318328857,-5.464895248413086
2934359101_cdf57442dc.jpg,-3.3587193489074707,-0.13922378420829773
2934379210_4e399e3cac.jpg,-1.8618159294128418,0.10620048642158508
2934573544_7ffe92a2c9.jpg,5.479179859161377,8.123699188232422
2934628301_41ea2e6cf9.jpg,15.014317512512207,-1.614073634147644
2934801096_230ae78d7e.jpg,-6.604623317718506,-0.5948361754417419
2934837034_a8ca5b1f50.jpg,-5.614016056060791,0.2282199263572693
2935649082_1ca60180c6.jpg,4.526801109313965,-8.289543151855469
2935703360_4f794f7f09.jpg,4.32227087020874,2.078479051589966
2935986346_29df6cf692.jpg,5.952763557434082,3.591920852661133
2936590102_25036069a6.jpg,1.5452914237976074,3.093182325363159
2936707421_8e629874b8.jpg,1.069928526878357,5.727977275848389
2937178897_ab3d1a941a.jpg,-3.7777788639068604,-0.8328449726104736
2937461473_11bbace28c.jpg,-6.039394855499268,2.578967332839966
2937497894_e3664a9513.jpg,-5.785680770874023,-3.393803596496582
2937697444_2367ff0e28.jpg,5.451686382293701,-8.543135643005371
2937942758_712be5c610.jpg,-3.7023675441741943,-0.9449666738510132
2938072630_d641b63e4d.jpg,-5.541872501373291,0.6028616428375244
2938120171_970564e3d8.jpg,2.8628485202789307,5.292707443237305
2938316391_97382d14aa.jpg,2.457167863845825,-5.273113250732422
2938747424_64e64784f0.jpg,13.018852233886719,1.3733046054840088
293879742_5fe0ffd894.jpg,6.327423572540283,8.735125541687012
293881927_ac62900fd4.jpg,5.537133693695068,6.257441997528076
2938875913_0ed920a6be.jpg,-2.5014634132385254,8.639230728149414
2939007933_8a6ef2d073.jpg,0.05565788224339485,-1.9079340696334839
2939197393_93dc64c4bb.jpg,0.3769775629043579,-2.9998865127563477
2939371251_f923569a72.jpg,-3.520552158355713,6.624370574951172
2939464283_fc1a834976.jpg,-3.9482369422912598,6.852609157562256
2939475047_84585ea45c.jpg,-3.044886589050293,4.569406986236572
2940366012_1ef8ab334e.jpg,-1.2120096683502197,-0.1751594990491867
2940594396_20c40947b0.jpg,-2.6544299125671387,1.095245361328125
294098577_c10f32bcfa.jpg,-5.3125739097595215,-3.8444156646728516
2942094037_f6b36fd3db.jpg,-2.647581100463867,3.099271059036255
2942133798_e57c862a90.jpg,4.194565296173096,6.396692752838135
2942311160_a154104c62.jpg,4.475521087646484,-2.77043080329895
2942798367_022df04b49.jpg,-3.2983763217926025,1.2091172933578491
2943023421_e297f05e11.jpg,2.028242826461792,-4.705361366271973
2943079526_e9033a6556.jpg,-6.2310028076171875,3.1508097648620605
2943334864_6bab479a3e.jpg,-0.6676745414733887,-3.748152494430542
2943384009_c8cf749181.jpg,-2.203526258468628,-0.7106904983520508
294353408_d459bdaa68.jpg,1.1398087739944458,4.339395523071289
2944025729_5aecda30ee.jpg,-2.5061097145080566,-3.6645965576171875
2944193661_7b255af9cc.jpg,-5.581601142883301,1.066704511642456
2944362789_aebbc22db4.jpg,-1.4564332962036133,-3.8942089080810547
2944836001_b38b516286.jpg,-0.16501212120056152,2.46795916557312
2944952557_8484f0da8f.jpg,0.17212428152561188,2.9322407245635986
2945036454_280fa5b29f.jpg,4.163115501403809,6.041089057922363
294549892_babb130543.jpg,0.6739721298217773,-7.166545391082764
2946016853_ceca4f5a07.jpg,1.4781160354614258,4.960877418518066
294709836_87126898fb.jpg,1.7677761316299438,4.898798942565918
2947172114_b591f84163.jpg,-4.568264484405518,3.3702635765075684
2947274789_a1a35b33c3.jpg,-5.168591022491455,1.6416436433792114
2947452329_08f2d2a467.jpg,-2.0527381896972656,8.308464050292969
2949014128_0d96196261.jpg,-0.7261619567871094,6.078554153442383
2949337912_beba55698b.jpg,4.484233856201172,-4.286966800689697
2949353587_64c54e9589.jpg,2.784707546234131,4.694765567779541
2949497756_be8e58e6bd.jpg,5.459609508514404,6.326174736022949
2949762776_52ece64d28.jpg,-3.853226661682129,4.422642230987549
2949880800_ca9a1bb7e6.jpg,2.4437179565429688,-4.166170120239258
2949982320_c704b31626.jpg,-4.874063968658447,-1.4768704175949097
2950393735_9969c4ec59.jpg,-1.1291807889938354,-0.0638628602027893
2950637275_98f1e30cca.jpg,-7.064913749694824,0.4743953347206116
2950905787_f2017d3e49.jpg,1.4471083879470825,-8.075758934020996
2951092164_4940b9a517.jpg,-2.8883042335510254,1.708541989326477
2951750234_a4741f708b.jpg,-0.6768651008605957,3.380872964859009
2952141476_fc9a48a60a.jpg,7.138980865478516,-4.785586833953857
2952320230_26601173be.jpg,-0.6164109110832214,6.6463165283203125
295258727_eaf75e0887.jpg,5.823451995849609,5.0265092849731445
2952751562_ff1c138286.jpg,-8.247238159179688,0.3239744305610657
2953015871_cae796b6e7.jpg,5.800801753997803,6.389857769012451
2953861572_d654d9b6f2.jpg,7.285245895385742,0.7276557087898254
295433203_8185c13e08.jpg,5.474252223968506,3.858901023864746
2954525375_9d5ca97341.jpg,-6.695003986358643,-0.8215759992599487
2954584849_3c2899f319.jpg,-1.6353824138641357,5.976807117462158
2955099064_1815b00825.jpg,-1.6745035648345947,3.7249598503112793
2955673642_4279b32097.jpg,-3.80515718460083,-2.586688995361328
2955985301_e4139bc772.jpg,-1.4982881546020508,1.1138949394226074
2956413620_d59de03a06.jpg,-3.2215616703033447,-0.4156196415424347
2956562716_5aa3f6ef38.jpg,5.187780857086182,8.721699714660645
2956895529_ec6275060e.jpg,-2.3036201000213623,-2.5912187099456787
2957071266_1b40ec7d96.jpg,4.373608112335205,2.5063223838806152
295729735_8360f2e64c.jpg,-3.0571389198303223,4.74180269241333
2959500257_3621429a37.jpg,1.8793067932128906,-2.6158969402313232
2959581023_54402c8d88.jpg,2.1653835773468018,-7.5388665199279785
2959737718_31203fddb5.jpg,-6.487826824188232,3.471203565597534
2959941749_fa99097463.jpg,-3.526109457015991,-0.021273862570524216
2960033435_c20cc7399a.jpg,5.090137004852295,4.958899974822998
2960422620_81889a3764.jpg,-4.08018159866333,2.0206756591796875
2960759328_2d31e4af9b.jpg,0.7995297908782959,2.011720657348633
2962977152_9d6958fdd5.jpg,-2.603691577911377,8.670722961425781
2963573792_dd51b5fbfb.jpg,-3.1823673248291016,-0.4024900197982788
2963672852_c28043bb2c.jpg,-0.885383129119873,-3.656888246536255
2964438493_413667c04a.jpg,3.457213878631592,3.5355162620544434
2965604928_435dc93bf7.jpg,6.945048809051514,2.4349379539489746
2966190737_ceb6eb4b53.jpg,0.8043296933174133,4.917877674102783
2966552760_e65b22cd26.jpg,-3.675992727279663,0.844620406627655
2967549094_d32422eb01.jpg,-2.213632345199585,0.28646671772003174
2967630001_cdc5560c0b.jpg,9.36441421508789,-0.9410086870193481
2968135512_51fbb56e3e.jpg,-4.692966938018799,-0.6121718883514404
2968182121_b3b491df85.jpg,1.2977420091629028,3.104170560836792
2968216482_ede65b20a8.jpg,-1.377575397491455,-5.341363430023193
2968693931_52d161b8e7.jpg,-1.2204575538635254,-3.6140620708465576
296873864_4de75de261.jpg,3.5120298862457275,5.120693683624268
2968885599_0672a5f016.jpg,8.677743911743164,-0.3825733959674835
2969380952_9f1eb7f93b.jpg,0.35780787467956543,2.8482248783111572
2970067128_8842ab3603.jpg,-3.4177873134613037,-2.30133318901062
2970183443_accd597e0a.jpg,-0.3774668872356415,2.2028231620788574
2970461648_fe14ba0359.jpg,-3.079737663269043,-1.5681521892547607
2971211296_2587c3924d.jpg,0.0322374664247036,4.6114115715026855
2971298546_dd595cf297.jpg,-5.551526069641113,1.922683596611023
2971431335_e192613db4.jpg,-0.34299537539482117,-2.534409761428833
2971478694_79e46ea7e5.jpg,-6.469733715057373,-3.791067361831665
297169473_d3974e0275.jpg,5.141481399536133,4.825490951538086
297285273_688e44c014.jpg,6.917704105377197,-5.340536594390869
2972864304_481aeffe50.jpg,0.7204753756523132,2.355599880218506
2972929655_04233b5489.jpg,7.222797870635986,-5.011015892028809
2973269132_252bfd0160.jpg,6.608458042144775,4.650530815124512
2973272684_4d63cbc241.jpg,-4.743109703063965,2.126361131668091
2973638173_0dc21fd443.jpg,1.4987618923187256,-5.441408634185791
2974501005_346f74e5d8.jpg,-2.777355194091797,-3.7269539833068848
2974587819_742fb7c338.jpg,-5.449311256408691,0.7415248155593872
2975018306_0e8da316f5.jpg,4.6367621421813965,3.846459150314331
2975073156_7543ed326f.jpg,-4.0319013595581055,-0.658807635307312
2975118353_5af5a5df54.jpg,-0.06285727769136429,-3.597766160964966
2975253472_0f0c2dea70.jpg,-0.4582826495170593,7.66047477722168
2975807155_5a8610c297.jpg,-6.00161075592041,0.604737401008606
2976155358_b4dd4407cf.jpg,-2.4308812618255615,1.5449023246765137
2976350388_3984e3193d.jpg,-1.0481066703796387,-2.9479498863220215
2976537455_f3988c2d46.jpg,-4.492817401885986,1.2225456237792969
2976684095_ce7ccfd423.jpg,-0.8735803365707397,3.313887357711792
2976946039_fb9147908d.jpg,6.2764129638671875,-6.205342769622803
297724467_e8918a6f90.jpg,10.952081680297852,2.12579345703125
2977246776_b14be8290d.jpg,-4.934009075164795,3.198491334915161
2977379863_2e8d7a104e.jpg,-4.550860404968262,0.936358630657196
2978024878_a45b282bf4.jpg,4.669282913208008,3.883497476577759
2978236380_fb24c43f1e.jpg,-5.019763469696045,0.43710166215896606
2978271431_f6a7f19825.jpg,-1.9816573858261108,-1.085160493850708
2978394277_4572967b97.jpg,-1.1096075773239136,-3.102144241333008
2978409165_acc4f29a40.jpg,4.449223518371582,-4.983455657958984
2978735290_7464b12270.jpg,-1.680429458618164,6.044599533081055
2978810122_183e60ff2d.jpg,2.839272975921631,-9.45930004119873
2979914158_5906470b8f.jpg,-3.821094512939453,0.31786128878593445
2980118787_2099de53ec.jpg,-0.3231138288974762,-6.169968605041504
2980348138_91cc6f6d0f.jpg,0.2731178104877472,-5.259129047393799
2980445969_a86f4e6a0e.jpg,0.39548560976982117,3.4105563163757324
2981372647_2061278c60.jpg,4.564692497253418,4.954715728759766
2981702521_2459f2c1c4.jpg,-5.218157768249512,-0.5006214380264282
2982881046_45765ced2c.jpg,-6.7454705238342285,-1.4724406003952026
2982928615_06db40f4cd.jpg,6.042883396148682,5.555329322814941
2983555530_a89f1f5ed7.jpg,-3.164635181427002,2.6816084384918213
2984174290_a915748d77.jpg,9.790374755859375,-5.928971290588379
2984704498_29b53df5df.jpg,-2.778804302215576,0.7628307342529297
2985439112_8a3b77d5c9.jpg,-3.339592933654785,-0.1807287335395813
2985679744_75a7102aab.jpg,-4.997640609741211,1.8836787939071655
2986280913_13fb2d472e.jpg,6.272101879119873,4.951699256896973
2986620935_e97763983d.jpg,0.5385679006576538,-2.0050692558288574
2986671935_0c60bbb3fa.jpg,-3.395962953567505,-4.04379415512085
2986716822_e220754d32.jpg,8.95449161529541,3.5010950565338135
2987096101_a41896187a.jpg,2.2416141033172607,-7.84375524520874
2987121689_f9de6c479b.jpg,-1.8033089637756348,7.786397457122803
2987195421_e830c59fb6.jpg,-2.4119372367858887,2.3961029052734375
2987328689_96a2d814f1.jpg,1.6818033456802368,-4.2882537841796875
2987576188_f82304f394.jpg,-3.692662000656128,-0.35820767283439636
2987775031_3f9ac69319.jpg,-1.923393726348877,-0.9464403986930847
2988244398_5da7012fce.jpg,-4.530589580535889,-0.33491453528404236
2988439935_7cea05bc48.jpg,0.008537588641047478,8.710115432739258
298920219_9a3f80acc5.jpg,6.819828510284424,-3.899064064025879
2990471798_73c50c76fb.jpg,-3.2666513919830322,-0.41505223512649536
2990563425_2f7246f458.jpg,1.4210542440414429,-6.814375877380371
2990977776_1ec51c9281.jpg,-5.300205230712891,-1.1964725255966187
2991375936_bf4b0a7dc0.jpg,-1.2296401262283325,-0.024768564850091934
2991575785_bd4868e215.jpg,-4.238130569458008,0.6536853313446045
2991771557_d98fa0a69f.jpg,-3.2739179134368896,-4.941460132598877
299178969_5ca1de8e40.jpg,-0.7805812954902649,1.058694839477539
299181827_8dc714101b.jpg,-2.1671664714813232,2.4569220542907715
2991993027_36ac04e9a0.jpg,-8.556145668029785,0.04525003582239151
2991994415_504d1c0a03.jpg,-4.561196804046631,0.25919127464294434
2991994607_06f24ec7a6.jpg,-5.899176120758057,-0.7869943380355835
2992614450_b5a6692239.jpg,-2.689162254333496,-3.1424221992492676
2992658871_ac786d37a6.jpg,-3.9801559448242188,-2.873683214187622
2992808092_5f677085b7.jpg,-0.08308182656764984,4.807973861694336
2992999413_018f48aabc.jpg,-5.4138007164001465,-1.515223503112793
2993049054_611f900644.jpg,-7.095716953277588,1.4197920560836792
2993167183_2bda95fa3d.jpg,-4.975547790527344,3.3305280208587646
2993167197_e5d0a73530.jpg,-3.991109848022461,3.775134801864624
2993388841_6746140656.jpg,-4.291926383972168,3.3948471546173096
2994104606_bc2df6c1f4.jpg,5.234558582305908,7.005712985992432
2994107810_af56326389.jpg,-5.901002883911133,3.8458902835845947
2994179598_a45c2732b5.jpg,-3.7862532138824463,1.1170588731765747
2994205788_f8b3f2e840.jpg,-2.4720330238342285,0.607455849647522
2995461857_dd26188dcf.jpg,-1.3083773851394653,-2.3722124099731445
299572828_4b38b80d16.jpg,-2.3620479106903076,-1.8294166326522827
2995935078_beedfe463a.jpg,-1.7168378829956055,7.448559284210205
299612419_b55fe32fea.jpg,1.862792730331421,-7.199000835418701
299676757_571ee47280.jpg,-4.6521315574646,0.2912575304508209
2998024845_1529c11694.jpg,-0.3973357379436493,-3.018718719482422
2998185688_8d33e4ce38.jpg,-3.3390064239501953,0.020167484879493713
2998277360_9b4c0192f1.jpg,-2.2437100410461426,-0.6670978665351868
2998504949_1022fec53b.jpg,-5.705875396728516,1.5224202871322632
2998861375_02817e0147.jpg,-3.0028374195098877,-0.3329535722732544
2998945968_86f236d1e8.jpg,1.4408767223358154,-3.0690956115722656
2999162229_80d17099b6.jpg,-3.1438732147216797,1.415015697479248
2999638340_75bc8b165d.jpg,6.485354423522949,0.22338739037513733
2999730677_0cfa1c146e.jpg,6.591915607452393,6.070608615875244
2999735171_87ca43c225.jpg,-5.563854694366455,0.25308799743652344
3000428313_8a1e65e20e.jpg,8.811915397644043,-7.100322246551514
3000722396_1ae2e976c2.jpg,6.551708221435547,3.1752846240997314
300148649_72f7f0399c.jpg,-4.516709327697754,2.0441572666168213
3001612175_53567ffb58.jpg,-4.164968490600586,-1.8662647008895874
300222673_573fd4044b.jpg,-2.989389657974243,2.2001819610595703
3002448718_a478c64fb4.jpg,-4.672126293182373,0.4887743592262268
300274198_eefd8e057e.jpg,2.185429573059082,3.841665267944336
3002920707_5d2e6e6aac.jpg,-7.001270771026611,1.88404381275177
3003011417_79b49ff384.jpg,-0.5897008776664734,-4.246822834014893
300314926_0b2e4b64f5.jpg,6.5732574462890625,-7.499295234680176
3003612178_8230d65833.jpg,-3.4991941452026367,-2.619858503341675
3003691049_f4363c2d5c.jpg,-0.1654030829668045,3.1221089363098145
300371487_daec5d11ab.jpg,5.767537593841553,5.382812023162842
3004287781_c041c09c16.jpg,-6.588411331176758,0.7200852036476135
3004290523_d1319dfdb4.jpg,-5.10531759262085,0.4062590003013611
3004291093_35d6fd8548.jpg,-6.714748382568359,-0.4671667814254761
3004291289_c4892898ae.jpg,-3.3376431465148926,2.5012943744659424
3004359992_f6b3617706.jpg,-2.6809582710266113,4.282380104064941
3004823335_9b82cbd8a7.jpg,4.2763142585754395,5.120720386505127
300500054_56653bf217.jpg,-1.239060878753662,-1.250018835067749
3005123298_d3017d5f5d.jpg,-3.689859628677368,-0.29477018117904663
3005124440_c096b310fb.jpg,-1.6321576833724976,-1.3462344408035278
3005126574_49c28ffbee.jpg,-4.320871829986572,-1.5845279693603516
300539993_eede2d6695.jpg,6.86712121963501,2.2817556858062744
300550441_f44ec3701a.jpg,0.3850077688694,0.2706167697906494
300577374_bfccb0430b.jpg,-6.617496967315674,-0.6202431321144104
300577375_26cc2773a1.jpg,-4.432821750640869,0.5691496729850769
3005872315_e6771763bd.jpg,2.047983169555664,1.2573797702789307
300594071_3450444752.jpg,-2.4917266368865967,-0.20424394309520721
3006093003_c211737232.jpg,-5.919215679168701,0.917266309261322
3006094603_c5b32d2758.jpg,-6.386377334594727,2.6816487312316895
3006095077_1992b677f8.jpg,-6.014080047607422,-0.5031799674034119
3006217970_90b42e6b27.jpg,-0.23946617543697357,-2.2957489490509033
3006926228_cf3c067b3e.jpg,-7.2440924644470215,0.2086639404296875
3007214949_a4b027f8a3.jpg,-3.534263849258423,0.5413468480110168
300765528_8c8f709dda.jpg,-5.539551258087158,-0.6763055324554443
3008370541_ce29ce49f0.jpg,9.296343803405762,1.0092116594314575
3009018821_ba47396e24.jpg,3.9800026416778564,-4.267127513885498
3009035153_715e39b440.jpg,-3.2090702056884766,-3.071148157119751
3009047603_28612247d2.jpg,1.0476056337356567,6.516381740570068
300922408_05a4f9938c.jpg,6.40860652923584,-5.553414344787598
3009383694_e045c6169e.jpg,0.2634482681751251,-1.65298593044281
3009644534_992e9ea2a7.jpg,4.840428352355957,6.082016944885254
3012513414_86180c44cb.jpg,2.0004615783691406,-9.716307640075684
3013469764_30e84e9a0d.jpg,-1.712856411933899,0.7126893401145935
3014015906_fdba461f36.jpg,3.139665126800537,-10.45691967010498
3014080715_f4f0dbb56e.jpg,4.368875980377197,-2.3971190452575684
3014169370_fc4059352e.jpg,6.578998565673828,-6.46876859664917
3014546644_d53db746ec.jpg,5.683375835418701,2.0991873741149902
3014773357_f66bd09290.jpg,2.300609827041626,-3.5242438316345215
3014986976_0e7b858970.jpg,-3.937124729156494,-0.9214150905609131
3015368588_ef0a06076d.jpg,-0.6567082405090332,3.4997951984405518
3015863181_92ff43f4d8.jpg,-6.395401477813721,2.5244832038879395
3015891201_2c1a9e5cd7.jpg,-5.325368404388428,1.3950926065444946
3015898903_70bebb8903.jpg,-6.173020362854004,2.4017155170440674
3016178284_ec50a09e8c.jpg,-2.542572259902954,-3.933135986328125
3016200560_5bf8a70797.jpg,3.383502721786499,4.187090873718262
3016521240_2ef20834b6.jpg,-3.549865484237671,4.312978744506836
3016606751_0e8be20abd.jpg,1.018675446510315,-5.4369916915893555
3016651969_746bd36e68.jpg,-6.603328704833984,0.17497608065605164
3016708786_3591106cca.jpg,-5.793516159057617,1.5069149732589722
3016726158_4d15b83b06.jpg,-5.140647888183594,-0.8021714091300964
3016741474_72b4355198.jpg,-5.501924514770508,3.0867176055908203
3016759846_062663f8ab.jpg,-5.572932720184326,-0.40765661001205444
3017203816_5dc2a6b392.jpg,-3.489203929901123,-1.4161362648010254
3017220118_6a9212dfdb.jpg,-6.005053520202637,1.5036916732788086
3017373346_3a34c3fe9d.jpg,13.092058181762695,2.5967442989349365
3017521547_f5ef8848e3.jpg,-2.829228639602661,4.204411506652832
3017656907_c3b137e070.jpg,-3.5052309036254883,-0.941149115562439
3018304737_0a46fc5f1d.jpg,10.153851509094238,-7.427957057952881
3018467501_a03d404413.jpg,-5.112049579620361,0.979226291179657
3018847610_0bf4d7e43d.jpg,-4.364198684692383,0.034854281693696976
3019199755_a984bc21b1.jpg,-1.7862884998321533,-1.2837263345718384
3019473225_8e59b8ec4e.jpg,4.684220790863037,5.897844314575195
3019609769_c7809177f6.jpg,-3.608395576477051,-4.236912727355957
3019667009_20db160195.jpg,-5.673865795135498,-2.6629374027252197
3019842612_8501c1791e.jpg,-3.758303642272949,0.33631184697151184
3019857541_3de3e24f54.jpg,3.7738845348358154,5.502503871917725
3019917636_4e0bb0acc4.jpg,1.036428451538086,-3.9895236492156982
3019923691_3b3c5a4766.jpg,9.08096694946289,-0.3856096565723419
3019986034_7453777274.jpg,-4.045310020446777,0.4049523174762726
3021318991_fa28e3bca7.jpg,-1.7469309568405151,2.8391001224517822
3021780428_497542a072.jpg,-6.232981204986572,0.13079603016376495
302241178_a582c1b953.jpg,6.521362781524658,0.4803706407546997
3023178539_836b50cd43.jpg,-1.893348217010498,6.056561470031738
3024022266_3528c16ed8.jpg,7.674726486206055,-8.150996208190918
3024172109_a10198e1dd.jpg,-8.053211212158203,-0.30422794818878174
3025315215_a5d367971a.jpg,2.1855275630950928,2.9225640296936035
3025334206_76888792e5.jpg,5.328944683074951,2.3605551719665527
3025438110_40af7e6a80.jpg,0.9189245104789734,-4.863865852355957
3025495499_b15797b452.jpg,-2.9589948654174805,6.93847131729126
3025513877_1a6160070d.jpg,5.494702339172363,-9.102078437805176
3025546819_ce031d2fc3.jpg,6.931228160858154,5.529072284698486
3025549604_38b86198f5.jpg,-3.1664602756500244,0.421739786863327
3026102616_3cf350af9e.jpg,-0.4896446466445923,3.55900502204895
3027009366_c8362521e8.jpg,-2.0116922855377197,6.095724105834961
3027365101_3818be6e16.jpg,-0.9923673868179321,-4.38786506652832
3027397797_4f1d305ced.jpg,-3.853436231613159,-1.5891344547271729
3027399066_ca85495775.jpg,0.8734549880027771,3.567246437072754
3027850131_a7772e0ba0.jpg,8.587443351745605,-7.227080345153809
3028095878_07341efc9c.jpg,-1.7800750732421875,4.674534320831299
3028404926_2bd27e3e83.jpg,-1.7481536865234375,-0.460244745016098
3028561714_83fb921067.jpg,4.728362560272217,5.533900737762451
3028969146_26929ae0e8.jpg,5.454492092132568,6.311041355133057
3029043380_b28644ea5d.jpg,-2.6369998455047607,1.769379734992981
3029463004_c2d2c8f404.jpg,8.980673789978027,-6.0107011795043945
3029472296_d429b1586c.jpg,-4.364360332489014,-0.5793589949607849
3029715635_43ab414dfb.jpg,6.967904567718506,5.1703338623046875
302983277_69a4e732e4.jpg,1.541408658027649,-4.80665397644043
3029928396_99ac250788.jpg,-1.18906831741333,-0.4027353823184967
3030079705_0dee8a3e89.jpg,-0.11586324125528336,-0.31942957639694214
3030223792_02b6f2be99.jpg,-1.915746808052063,1.6692503690719604
3030294889_78b2ccbe51.jpg,2.052263021469116,-3.844200849533081
3030566410_393c36a6c5.jpg,1.0856612920761108,-4.597366809844971
3030793171_55cd646eed.jpg,5.309452533721924,7.090112209320068
3030823649_3b7b6c728d.jpg,4.079160690307617,5.715009689331055
3030824089_e5a840265e.jpg,3.9637653827667236,5.131906509399414
3030962048_f71948226c.jpg,-6.293497562408447,-0.2007688283920288
3031263767_2e3856130e.jpg,0.6548654437065125,-2.238184928894043
3032790880_d216197d55.jpg,0.23583891987800598,6.802265644073486
3033210806_3ffc0a231a.jpg,0.8156391382217407,0.4614357054233551
3033257301_e2c8a39b04.jpg,-4.075149059295654,-1.2463688850402832
3033612929_764d977bd5.jpg,7.299517631530762,7.973411560058594
3033668641_5905f73990.jpg,1.368791103363037,-8.900555610656738
3033686219_452b172ab0.jpg,4.228496551513672,1.4279751777648926
3033741581_136889ac73.jpg,3.6431920528411865,-2.4060909748077393
3033825101_44a4390f16.jpg,0.6350187659263611,4.013643741607666
3034585889_388d6ffcc0.jpg,0.3773735761642456,-3.041578769683838
3035118753_69287079dc.jpg,-2.7257323265075684,3.9614508152008057
3035785330_2fd5e32bb1.jpg,-4.890422821044922,0.1299854815006256
3035949542_cb249790f5.jpg,2.148501396179199,10.446553230285645
3036033157_522a43a550.jpg,3.2752513885498047,6.315036773681641
303607405_f36edf16c6.jpg,4.76799201965332,0.5959269404411316
3036382555_30b7312cf3.jpg,-2.2735023498535156,1.0102170705795288
3036596725_541bbe0955.jpg,3.4271578788757324,3.5619161128997803
3036641436_d6594fc45f.jpg,-2.141446352005005,2.1213619709014893
3036971334_78187a9570.jpg,2.437509775161743,-4.706939697265625
3037558954_20115165e3.jpg,3.7161223888397217,-4.8869404792785645
303795791_98ebc1d19a.jpg,4.063539981842041,4.719061374664307
3038045802_93f2cd5fbc.jpg,1.0561689138412476,-7.865152359008789
3038760935_9a713510eb.jpg,3.513585329055786,4.016612529754639
3038941104_17ee91fc03.jpg,-4.454277992248535,0.6781070232391357
3039209547_81cc93fbec.jpg,-4.078994274139404,0.03719119727611542
3039214579_43ef79f931.jpg,-4.264612674713135,-1.3792601823806763
3039675864_0b7961844d.jpg,-5.468231678009033,-1.5706119537353516
3040033126_9f4b88261b.jpg,9.012001991271973,-1.3166673183441162
3040051410_6205682ba3.jpg,-6.491330623626709,2.9164388179779053
3040575300_0e4328d205.jpg,9.873371124267578,-7.446922779083252
3041170372_c4376cd497.jpg,1.396209955215454,-6.15226936340332
3041348852_872c027c16.jpg,5.1372880935668945,5.774548530578613
3041384194_04316bd416.jpg,-5.837697505950928,1.026220440864563
3041487045_b48ac7ed08.jpg,5.613949775695801,4.621580600738525
3041645937_ff7591d134.jpg,-2.898348808288574,-1.351554274559021
3041689520_c481bdb20e.jpg,3.685734748840332,-5.692668914794922
3042173467_14394234da.jpg,-5.614419937133789,-1.411818504333496
3042380610_c5ea61eef8.jpg,-4.738971710205078,-0.8576735258102417
3042381160_ffe2b16808.jpg,-4.474493026733398,2.1072070598602295
3042405316_ba3a01926b.jpg,-0.3100338578224182,1.4996979236602783
3042483842_beb23828b9.jpg,-4.055263519287109,0.5091605186462402
3042484940_0975a5e486.jpg,-5.4688825607299805,1.1166038513183594
3042488474_0d2ec81eb8.jpg,-4.09576940536499,0.8461693525314331
3042679440_010b2c596c.jpg,-7.2211432456970215,-0.369798868894577
3043266735_904dda6ded.jpg,-5.857929706573486,0.07322107255458832
3043501068_be58ac47e1.jpg,-3.7568366527557373,-2.6885805130004883
3043685748_130db75e3b.jpg,-3.8997812271118164,0.6577752232551575
3043904009_3b5e0412cd.jpg,-4.933752536773682,1.7466366291046143
3043908909_bb54d2c08e.jpg,-6.626267910003662,-0.1633116453886032
304408047_98bab3ea64.jpg,4.486169815063477,4.139604568481445
3044359043_627488ddf0.jpg,6.953272342681885,4.152509689331055
3044500219_778f9f2b71.jpg,-6.19871711730957,0.03928973898291588
3044536048_e615466e7f.jpg,6.255875110626221,-8.238471031188965
3044745642_1d0784ff29.jpg,-3.5699663162231445,-4.674910068511963
3044746136_8b89da5f40.jpg,-6.915029525756836,0.5576027631759644
3045613316_4e88862836.jpg,-1.8689663410186768,-2.775110960006714
3046190891_05c6ecd9b6.jpg,7.137739181518555,-7.072302341461182
3046259614_614394e024.jpg,-5.764426231384277,0.4476899206638336
3046286572_d2050ab0d9.jpg,-3.60843825340271,-1.8308757543563843
3046429283_08de594901.jpg,-6.561661720275879,0.44281280040740967
3046430047_d7b10123d0.jpg,-6.155084609985352,-0.6344679594039917
3046431231_dc48851062.jpg,-7.047231674194336,2.676117420196533
3046916429_8e2570b613.jpg,-6.459084510803223,3.7347376346588135
3046949818_245b05f507.jpg,-1.742118239402771,7.601032733917236
3047144646_2252ff8e04.jpg,3.5271904468536377,1.7670964002609253
3047264032_14393ecea8.jpg,-6.575326442718506,1.492624044418335
3047264346_e24601bfbf.jpg,-4.916738033294678,-1.6963915824890137
3047749814_621ed0786b.jpg,-1.5367413759231567,-1.1212650537490845
3047751696_78c2efe5e6.jpg,-5.387452125549316,4.002222061157227
3048211972_db71d104c2.jpg,1.8147008419036865,-3.912031888961792
3048380686_732db55281.jpg,-5.568681716918945,1.9849480390548706
3048461682_e89f81b1c7.jpg,2.0194332599639893,4.948256015777588
3048597471_5697538daf.jpg,8.51430606842041,-1.3328461647033691
3048821353_83d4c0cbb9.jpg,-0.2455291599035263,3.1732184886932373
3049649128_d83d847168.jpg,1.9867972135543823,2.3287353515625
3049770416_0fb1954315.jpg,-7.533746719360352,0.9309698939323425
3050114829_18bc5a6d7c.jpg,2.6993610858917236,-7.849922180175781
3050264832_4215f2b398.jpg,-4.580699443817139,-1.3294832706451416
3050606344_af711c726c.jpg,5.240278720855713,-8.807758331298828
3050650135_23f9d9d2f8.jpg,-1.764794111251831,4.74472188949585
3050976633_9c25cf6fa0.jpg,-0.7623826861381531,6.897863388061523
3051125715_db76cebd1e.jpg,7.451138496398926,-10.93313217163086
3051341320_1d0166e775.jpg,-0.7877490520477295,-2.093057155609131
3051384385_c5c850c1f8.jpg,-4.998716831207275,3.004079818725586
3051754615_3d6494c2ae.jpg,2.964690923690796,-5.875760555267334
305199420_89f6ddd778.jpg,1.7520533800125122,3.3300225734710693
3051998298_38da5746fa.jpg,2.0497348308563232,-4.851280212402344
3052038928_9f53aa2084.jpg,-5.950990200042725,1.2946422100067139
3052104757_d1cf646935.jpg,-3.9810547828674316,1.8837940692901611
3052196390_c59dd24ca8.jpg,3.3963749408721924,-1.0935930013656616
3053415073_5b667230ed.jpg,-0.9557343125343323,-4.80565071105957
3053743109_a2d780c0d2.jpg,-7.170687198638916,1.3608506917953491
3053785363_50392f2c53.jpg,-4.420097351074219,4.356182098388672
3053813297_7ce5f87710.jpg,4.190985679626465,4.207905292510986
3053916979_848d32261b.jpg,-4.962518215179443,-0.5706163048744202
3054200086_657d4398e8.jpg,-5.411986351013184,0.5269472002983093
3054989420_3e755ca352.jpg,-1.0208574533462524,0.8247138857841492
3054997030_797096dd12.jpg,0.2480870485305786,2.7444605827331543
3055716848_b253324afc.jpg,-3.5675766468048096,-2.5633909702301025
3056530884_27766059bc.jpg,-3.6119418144226074,-1.7404301166534424
3056569684_c264c88d00.jpg,-1.1412508487701416,-0.7277936339378357
3057497487_57ecc60ff1.jpg,-4.50946569442749,0.1081346794962883
305749904_54a612fd1a.jpg,-5.241065979003906,3.9110987186431885
3057618932_3b80ae85de.jpg,-2.9559996128082275,-2.6569998264312744
3057770908_3fd97f79f9.jpg,-2.8944144248962402,1.8843445777893066
3057862887_135c61816a.jpg,-4.2675933837890625,0.7862957119941711
3058439373_9276a4702a.jpg,-6.561599254608154,-1.7307541370391846
3058627443_1d57ff0a2c.jpg,9.837990760803223,-6.119321823120117
3060519665_4d6b9a51b2.jpg,-2.4017138481140137,-2.3132917881011963
3060594966_030658d318.jpg,-4.442263603210449,-1.5620934963226318
3060969260_08f43e4f4f.jpg,0.24386751651763916,-3.7704646587371826
3061481868_d1e00b1f2e.jpg,-1.4389724731445312,-0.7715403437614441
3062173277_bfb5ef4c45.jpg,6.043485164642334,-8.956599235534668
3062273350_fd66106f21.jpg,-3.5891048908233643,-3.1817727088928223
306315650_e064f5c677.jpg,-7.81958532333374,0.3632796108722687
306318683_5f1f875191.jpg,-1.815335750579834,-1.3618055582046509
3063544435_10516c6937.jpg,2.8275957107543945,-4.61074686050415
3064097919_e536ab9693.jpg,-4.8771867752075195,-3.673506021499634
3064383768_f6838f57da.jpg,7.0782928466796875,-8.229869842529297
3064716525_b8418d4946.jpg,5.458983898162842,7.431812763214111
3065468339_4955e90fd3.jpg,7.741825103759766,1.5601921081542969
3065560742_f6e266ccd9.jpg,-3.6335413455963135,1.671071171760559
3066338314_2c3fb731d1.jpg,-6.076010227203369,0.8595772385597229
3066429707_842e50b8f7.jpg,0.3095628619194031,3.9747207164764404
3066491113_86569e15be.jpg,6.931922435760498,5.648106098175049
3067500667_0fce8f28d4.jpg,-1.6718394756317139,4.439855575561523
3067885047_f69d90c35b.jpg,4.071344375610352,1.949651837348938
3067971348_69af5bb309.jpg,-7.005259037017822,-0.8181254863739014
3068407619_5207b26986.jpg,3.530118942260742,-5.971035957336426
3068735836_872fba3068.jpg,-3.354806900024414,-0.9159238934516907
3068945309_ff0973e859.jpg,-6.530794143676758,1.376214861869812
3068994801_b2bc079e67.jpg,-2.6662633419036865,-2.3559725284576416
3069037969_bb7319e0dc.jpg,7.85179328918457,-0.5099309682846069
3069216757_c419b3898e.jpg,-4.067276954650879,-0.19047953188419342
3069282021_e05e1829f3.jpg,-3.746946334838867,-1.6176097393035889
3069786374_804e1123ac.jpg,-5.306589126586914,6.1675615310668945
3069937639_364fc11e99.jpg,5.602331161499023,3.715907335281372
3070011270_390e597783.jpg,6.171039581298828,0.5964881777763367
3070031806_3d587c2a66.jpg,9.292943000793457,3.2204959392547607
3070130228_67dcfee9ae.jpg,-2.0980629920959473,0.5026835203170776
3070274658_fc39fd4f84.jpg,-3.978883743286133,-3.9634482860565186
3070485870_eab1a75c6f.jpg,3.8671538829803467,-5.126972198486328
3070713991_8696796937.jpg,-2.7001190185546875,0.5130201578140259
3071676551_a65741e372.jpg,7.215411186218262,-8.403216361999512
3072114570_e1c0127529.jpg,-2.4323642253875732,-1.837629795074463
3072172967_630e9c69d0.jpg,-4.880693435668945,4.925020217895508
3072611047_109bf8b7c3.jpg,4.85092830657959,-4.297351837158203
3072730593_b7322d2e05.jpg,-4.952003002166748,1.2006922960281372
3072782873_3278f3b3a7.jpg,-7.661638259887695,-0.30461791157722473
307301755_48919ef1b2.jpg,-1.3374212980270386,-3.5070900917053223
307321761_606fc91673.jpg,0.04863709211349487,1.9711251258850098
307327914_f98f576adb.jpg,-5.090000152587891,0.193093404173851
3073535022_4af81f360c.jpg,5.9699602127075195,-7.856914043426514
3073579130_7c95d16a7f.jpg,-5.312743186950684,0.5686942338943481
3074265400_bf9e10621e.jpg,-7.099396705627441,-1.0243231058120728
3074617663_2f2634081d.jpg,6.1206374168396,1.9120155572891235
3074842262_62b1b2168c.jpg,0.5165053009986877,3.466423749923706
3075068274_2a28a5263b.jpg,-3.8250732421875,-2.39404034614563
3076052114_233f42ae5b.jpg,6.577707290649414,6.86126184463501
3076928208_5763e9eb8c.jpg,5.3657684326171875,4.262915134429932
3077166963_fe172c709d.jpg,2.184952735900879,-7.574044227600098
3077781040_bc27778609.jpg,-2.5398917198181152,-2.4479050636291504
3078229723_2aa52600de.jpg,-3.9655001163482666,0.5961916446685791
3078844565_16e9cdcea2.jpg,-3.8575100898742676,-6.700613498687744
3079073247_97e88e2eb7.jpg,-4.220807075500488,-2.2870588302612305
3079341641_f65f6b0f8b.jpg,-5.422060966491699,1.8941128253936768
3079786914_fe598b0e54.jpg,-4.274445056915283,1.1368659734725952
3079787482_0757e9d167.jpg,-3.379983901977539,2.1629154682159424
3079917032_3cfacb2fd7.jpg,-7.248743057250977,1.2557172775268555
307994435_592f933a6d.jpg,-8.378726959228516,1.1915340423583984
3080056515_3013830309.jpg,-2.9250192642211914,0.8766469359397888
308014594_f1d5e75507.jpg,-3.7029919624328613,-0.7383166551589966
3080891382_edf83dde18.jpg,-3.4543263912200928,-0.7002888321876526
3081182021_22cfa18dd4.jpg,-3.520754098892212,-2.357393741607666
3081330705_7a1732e12c.jpg,1.937370777130127,-8.60200309753418
3081363964_d404eccae8.jpg,3.1158688068389893,6.309452056884766
3081734118_6f2090215c.jpg,3.796710252761841,3.903083086013794
3082196097_2d15455b00.jpg,-6.271687030792236,-1.3429415225982666
3082474922_9c3533eaf6.jpg,2.886658191680908,-6.587152481079102
3082934678_58534e9d2c.jpg,6.786052227020264,2.530851364135742
3083016677_5782bc337c.jpg,-2.1640572547912598,-3.037860870361328
308307853_5a51fbdecc.jpg,4.391125679016113,1.884363055229187
3084001782_41a848df4e.jpg,-4.523122310638428,2.917722225189209
3084010872_cbc3ea8239.jpg,-3.3062729835510254,0.48128411173820496
3084011028_d1e2c40d7d.jpg,-1.544762372970581,-0.29563090205192566
3084011664_76d37c6559.jpg,-4.2360520362854,1.9649916887283325
3084018061_df66d98325.jpg,-6.949927806854248,1.6953109502792358
3084034954_fe5737197d.jpg,-5.837767124176025,1.7115362882614136
3084149186_4bc08b0752.jpg,-1.6331754922866821,-7.459497928619385
3084380974_268a0f9236.jpg,8.331852912902832,-6.394119739532471
3084711346_fda0f5a3e6.jpg,-1.6293578147888184,-2.6201062202453613
3084731832_8e518e320d.jpg,8.78264331817627,2.7770345211029053
308487515_7852928f90.jpg,0.00019552199228201061,1.3549630641937256
3085226474_62aba51179.jpg,-6.4548163414001465,0.9699490070343018
3085357792_efcf297c71.jpg,-0.964548647403717,-2.148604154586792
3085667767_66041b202e.jpg,7.884693145751953,-5.617918968200684
3085667865_fa001816be.jpg,3.7317240238189697,-2.4992144107818604
3085973779_29f44fbdaa.jpg,-5.281211853027344,-0.9356716275215149
3086507638_d8a2cd0ac3.jpg,12.247293472290039,0.14436914026737213
3086523890_fd9394af8b.jpg,3.132251501083374,5.974069595336914
3086526292_f799d237c7.jpg,-6.13696813583374,-0.6872435212135315
3086790344_9487c58624.jpg,7.35493803024292,-5.541035175323486
3086810882_94036f4475.jpg,1.6057896614074707,-1.4169738292694092
3087095548_6df7c2a8ed.jpg,-1.495632290840149,-3.7243807315826416
3087485737_cb09bc80b6.jpg,1.278926968574524,-5.391091823577881
3088074124_481139dc92.jpg,-5.746038913726807,0.6733656525611877
3088322308_b0c940b3a3.jpg,4.287168025970459,-5.850587368011475
3088399255_1bd9a6aa04.jpg,-0.9128285050392151,3.534329414367676
3088572348_264c47f78c.jpg,5.3841328620910645,-4.961893081665039
3088677667_4a8befb70e.jpg,-5.919566631317139,0.24917858839035034
3088922727_4bdf2ccc94.jpg,-6.938918113708496,0.8535053133964539
3089107423_81a24eaf18.jpg,-7.0741729736328125,-0.8379552960395813
308956341_642589e9cc.jpg,3.251816987991333,-0.6850804090499878
3089742441_d42531c14f.jpg,-6.947803497314453,2.546201705932617
3089842255_359ccf5c40.jpg,-2.300459623336792,6.346418380737305
3090386315_87ed417814.jpg,7.158875942230225,4.693384647369385
3090398639_68c0dfa9a5.jpg,0.5356011390686035,-3.0491013526916504
309049466_1d7e7d5fc2.jpg,8.757394790649414,0.8230495452880859
3090593241_93a975fe2b.jpg,-9.132701873779297,-0.8092761039733887
3090600019_8808fe7a9d.jpg,-6.659104347229004,0.5418969392776489
3090957866_f1b2b7f214.jpg,-6.864786148071289,0.6490994095802307
3091177347_58c85c1c3b.jpg,-6.3892035484313965,-0.5432701110839844
3091338773_9cf10467b4.jpg,3.5233407020568848,1.3831027746200562
3091382602_60b9b53ed1.jpg,-4.7489542961120605,1.0126498937606812
3091580843_178042c50b.jpg,-5.390009880065918,-0.6727648973464966
3091594712_2166604334.jpg,-7.680203914642334,0.3333859443664551
3091912922_0d6ebc8f6a.jpg,6.120569229125977,4.491021156311035
3091916691_b1c96669c6.jpg,-6.187114715576172,0.6512977480888367
3091921457_83eee69591.jpg,-2.5900936126708984,-1.3649635314941406
3091962081_194f2f3bd4.jpg,-4.258854866027832,2.9684088230133057
3092200805_dd1f83ddbe.jpg,2.0201268196105957,-6.069561958312988
3092370204_029b6bc10a.jpg,-4.474157333374023,0.0670914426445961
309238565_2d5d8dc8bf.jpg,-9.344968795776367,1.3837006092071533
3092756650_557c5f2d03.jpg,-9.211584091186523,1.577641487121582
3093970461_825b0cac2f.jpg,-2.996091365814209,-2.6276752948760986
3093971101_543237971d.jpg,4.544473648071289,-8.278810501098633
3094064787_aed1666fc9.jpg,5.4429521560668945,4.857293605804443
3094278545_febac56382.jpg,2.028883695602417,-4.80063533782959
309430053_cc58bcc36a.jpg,5.793796062469482,-6.3949761390686035
3094317837_b31cbf969e.jpg,7.157034397125244,-8.34640884399414
3094568845_d0b56c5651.jpg,-0.6847293376922607,-4.302961826324463
3095137758_bdd1e613dd.jpg,-2.9432644844055176,-0.079059898853302
3095225232_2e6e6dc92e.jpg,-5.218197345733643,-2.199702501296997
3096163135_584901a5ae.jpg,-5.326296806335449,0.18597406148910522
309687244_4bdf3b591f.jpg,-0.7881301641464233,-6.6047492027282715
3096918227_f9d26a7db2.jpg,-2.7835443019866943,0.47567835450172424
3097171315_0ba7d283b1.jpg,-6.201794147491455,0.22237958014011383
3097196395_ec06075389.jpg,3.8221800327301025,1.2924233675003052
309771854_952aabe3cc.jpg,-7.5907063484191895,0.07905854284763336
3097776588_312932e438.jpg,-3.349135160446167,0.6547580361366272
3098336319_a7e5b061d0.jpg,-1.5483019351959229,-5.378767013549805
3098707588_5096d20397.jpg,-0.7705322504043579,2.842470645904541
3098714492_19939e3b19.jpg,-4.11548376083374,0.7393893003463745
3098824948_23c31df031.jpg,-5.449712753295898,1.1103971004486084
3099091086_f75f0ce09d.jpg,-9.465658187866211,-2.891929864883423
3099264059_21653e2536.jpg,-1.2133324146270752,-4.083221912384033
3099504809_565e17e49d.jpg,-2.138838052749634,-2.9023194313049316
3099694681_19a72c8bdc.jpg,-8.24055004119873,1.7742183208465576
3099923914_fd450f6d51.jpg,-6.38485050201416,-1.075300693511963
3099965396_2a0018cb9e.jpg,-6.457630157470703,-1.0114548206329346
3100251515_c68027cc22.jpg,-8.308019638061523,-2.3534233570098877
3100442775_6e2659b973.jpg,-1.451174020767212,-5.859526634216309
3101378069_f8caa14c0a.jpg,4.398677825927734,-4.550528526306152
3101796900_59c15e0edc.jpg,6.118749141693115,3.9871582984924316
310213587_778fe8fb5b.jpg,-4.504647254943848,-0.14951235055923462
3102204862_f1d220230b.jpg,-3.9588711261749268,1.797408938407898
3102363657_dc95fe6850.jpg,-4.2271647453308105,1.1457427740097046
310260324_7f941814bc.jpg,-5.058719635009766,2.513503074645996
3103185190_eb8729c166.jpg,0.21023862063884735,-6.8957343101501465
3103231330_db98b14501.jpg,-4.674585819244385,0.3446228802204132
3103264875_2a8d534abc.jpg,5.028319835662842,6.50823450088501
3103340819_46de7954a9.jpg,-4.1170806884765625,-0.8653411269187927
3103587323_7f093d5b90.jpg,2.1075799465179443,-0.31119605898857117
3104182973_5bb1c31275.jpg,-5.76509952545166,-2.938934087753296
3104400277_1524e4f758.jpg,0.06405063718557358,-4.313545227050781
3104690333_4314d979de.jpg,6.173007965087891,-2.6577603816986084
3104909823_0f41dd8be6.jpg,-6.416284561157227,-1.8336937427520752
3105315670_5f86f73753.jpg,-4.53754997253418,-3.536378860473633
3105623068_392b767a7b.jpg,-5.220499038696289,-1.608120322227478
3105691757_817083b0a6.jpg,-8.128164291381836,-0.25470149517059326
3105929913_94a6882e25.jpg,-5.276942729949951,2.410703659057617
3106026005_473a7b1c8c.jpg,-5.026485919952393,-0.6240090727806091
3106223494_52d4d2d75d.jpg,-6.960903644561768,0.3767467737197876
3106340185_80d0cb770a.jpg,-1.7982420921325684,0.2162100076675415
3106562372_e349a27764.jpg,-4.43179988861084,1.7232089042663574
3106782647_b078830a9e.jpg,-0.1943672001361847,-4.672983646392822
3106787167_e5f2312622.jpg,-1.915824055671692,2.2674918174743652
3106791484_13e18c33d8.jpg,-2.817939043045044,-0.8026146292686462
3106857210_07a92577fc.jpg,-6.53795051574707,-0.43263018131256104
3106883334_419f3fb16f.jpg,4.780698299407959,4.194371700286865
3107059919_0594269f72.jpg,2.493278741836548,-2.6310901641845703
310715139_7f05468042.jpg,4.890845775604248,0.9940567016601562
310728631_155c3bbeea.jpg,-3.214486837387085,-0.8850904107093811
3107368071_724613fc4f.jpg,-5.47771692276001,1.6186974048614502
3107463441_7c68606450.jpg,-3.479944944381714,-0.5962284207344055
3107513635_fe8a21f148.jpg,-4.228023052215576,-2.8379263877868652
3107558821_f3b205d4ed.jpg,-3.959904909133911,-5.663037300109863
3107592525_0bcd00777e.jpg,-5.177472114562988,-2.073976755142212
3107889179_106d223345.jpg,-5.043590545654297,2.5371999740600586
3108197858_441ff38565.jpg,-7.574655532836914,1.7158753871917725
3108378861_d2214d971e.jpg,0.0893319770693779,-3.7124722003936768
3108544687_c7115823f5.jpg,-1.6151845455169678,-8.70325756072998
3108732084_565b423162.jpg,2.0570855140686035,-5.205310344696045
3109124656_626b596d5e.jpg,-3.78779673576355,-0.09202331304550171
3109136206_f7d201b368.jpg,8.205570220947266,2.621000051498413
3109268897_d43797fc6a.jpg,-6.502967357635498,-0.4595845341682434
3109688427_d2e702456c.jpg,0.9048411250114441,-1.1679441928863525
3109704348_c6416244ce.jpg,-0.019694827497005463,5.819921970367432
3109780402_dbae082dc5.jpg,-5.284942150115967,0.9511964917182922
3110018626_307a123b59.jpg,9.315749168395996,4.2505950927734375
3110174991_a4b05f8a46.jpg,-5.479270935058594,2.4040660858154297
3110614694_fecc23ca65.jpg,6.9950032234191895,2.4067986011505127
3110649716_c17e14670e.jpg,-5.108214855194092,-1.9476714134216309
3111208043_dbe8e87fa1.jpg,-5.571073055267334,1.5486572980880737
3111402233_6285bcba7a.jpg,11.202359199523926,4.269495010375977
311146855_0b65fdb169.jpg,-4.6868767738342285,-1.3038579225540161
3111482098_11c0f4f309.jpg,-0.13614901900291443,-4.174279689788818
3111502208_71e2a414f5.jpg,-4.9494309425354,-2.208348035812378
3111897772_5211a37a02.jpg,-8.379632949829102,0.3456268310546875
311196733_03966b4836.jpg,0.9898123741149902,-2.2615208625793457
3112635165_2d614d7c1a.jpg,3.542059898376465,3.834749460220337
311267421_e204e643cf.jpg,6.8154706954956055,1.583120346069336
3112821789_1f7c3bbb99.jpg,-7.659487247467041,-0.8303717374801636
3113322995_13781860f2.jpg,6.755539894104004,-1.6611254215240479
3113682377_14fc7b62b0.jpg,-4.091642379760742,-0.45238441228866577
3113769557_9edbb8275c.jpg,-5.530325889587402,2.9415643215179443
3114944484_28b5bb9842.jpg,-7.536121368408203,-0.5315474271774292
3115174046_9e96b9ce47.jpg,-4.444218158721924,-0.6861456036567688
3115354165_44dbeec6c1.jpg,-4.040791034698486,-1.5295319557189941
3115901702_f07aa0ef74.jpg,-7.204384803771973,2.6638264656066895
3116011063_f4071ccce6.jpg,7.179732799530029,-9.73961067199707
3116039960_54d1d68145.jpg,-5.064572811126709,1.602542757987976
311619377_2ba3b36675.jpg,-2.6530840396881104,0.8265093564987183
3116379964_86986750af.jpg,0.6579973101615906,4.6580810546875
3116731299_6139b25c18.jpg,4.814196586608887,2.9027159214019775
3116769029_f5a76f04ba.jpg,-4.6341094970703125,0.842709481716156
3116985493_04b1dc3345.jpg,12.906310081481934,-5.246313571929932
3117336911_a729f42869.jpg,13.156956672668457,-4.260256290435791
3117562746_62f57a02b5.jpg,5.682461738586426,1.9881105422973633
3118425885_f0cc035032.jpg,-2.729165554046631,2.3086485862731934
3118505332_b0792489b5.jpg,-4.764016151428223,-0.45354950428009033
3118534315_cc03e5ddab.jpg,-8.77001667022705,-0.314787358045578
3119076670_64b5340530.jpg,-3.4172565937042236,-1.6061946153640747
3119696225_b289efaec8.jpg,-0.23271527886390686,-7.757693767547607
3119875880_22f9129a1c.jpg,-0.6692909002304077,-6.683425426483154
3119887391_212f379797.jpg,-3.302471876144409,-0.9979552030563354
3119887967_271a097464.jpg,-3.0132555961608887,1.3076839447021484
3119903318_d032141839.jpg,-1.4985865354537964,-1.314495325088501
3119913014_688d4997d7.jpg,-6.828948974609375,0.8121235370635986
3120189281_1938460e85.jpg,4.314813613891602,-1.0775091648101807
3120266797_47e7d91614.jpg,0.9801934361457825,-5.952665328979492
3120648767_812c72eabe.jpg,2.03439998626709,-3.0122389793395996
3120953244_b00b152246.jpg,-1.5859158039093018,-0.38303160667419434
3121482932_f77ca12c01.jpg,1.6685214042663574,-1.2684012651443481
3121521593_18f0ec14f7.jpg,-4.109238624572754,0.5195251703262329
312156254_ef31dca5ed.jpg,6.541187763214111,7.10290002822876
3122497129_d08f5729b8.jpg,7.442558765411377,0.3889366090297699
3122579598_14841c038a.jpg,2.5905516147613525,1.8382558822631836
3122606953_a979dd3d33.jpg,7.6270670890808105,3.66416335105896
3122773470_b622205948.jpg,0.7129615545272827,-2.571171522140503
3122888809_9ae9b4b9b2.jpg,6.924350261688232,5.2125372886657715
3122938209_2b2c6c1fab.jpg,-5.1627421379089355,0.07536620646715164
3123351642_3794f2f601.jpg,-1.3520079851150513,-7.136780261993408
3123463486_f5b36a3624.jpg,5.5925517082214355,6.903585433959961
3123526484_02952e40fc.jpg,-7.9560866355896,-1.6003243923187256
3123770450_cedc16d162.jpg,5.507144451141357,2.1863200664520264
312427606_defa0dfaa8.jpg,-1.5064964294433594,3.2686309814453125
3124549928_10904a5a83.jpg,0.43132323026657104,-2.8694586753845215
3124838157_7ef96745b7.jpg,-7.778043746948242,0.3536510169506073
3124964754_2e8a98fb09.jpg,-2.286754846572876,-2.627028465270996
3125041578_c1f2d73b6d.jpg,-3.087029457092285,1.0922342538833618
3125158798_0743dae56e.jpg,-4.123087406158447,1.3058857917785645
3125309108_1011486589.jpg,-1.8757461309432983,3.236030340194702
3125628091_25a31709df.jpg,-1.74055814743042,3.002199411392212
3126225245_96cd2c053f.jpg,-8.675363540649414,0.5799895524978638
3126681108_f88128699c.jpg,1.3751578330993652,-2.539151191711426
3126724531_f483e1b92a.jpg,6.601077556610107,-8.702162742614746
3126752627_dc2d6674da.jpg,-4.986968517303467,4.891887187957764
3126773489_7ae425af17.jpg,-3.2218496799468994,4.792092800140381
3126795109_73920ed5dc.jpg,-4.061905860900879,3.553746461868286
3126981064_1e803c3d7f.jpg,6.668370246887207,-9.801677703857422
3127142756_bf0bfcb571.jpg,8.652766227722168,1.7303112745285034
3127614086_9f1d3cf73d.jpg,-3.951141834259033,4.549449443817139
3127629248_a955b5763b.jpg,-5.288954257965088,3.3343076705932617
3127888173_9a9a8ac3bd.jpg,-3.9509291648864746,0.9411465525627136
3128164023_ebe8da4c32.jpg,6.645627021789551,3.920210123062134
3128514681_a51b415c31.jpg,-5.200344085693359,-3.2291765213012695
3128856481_86e5df4160.jpg,2.080371618270874,-2.4326045513153076
3130064588_6d1d3fa2dd.jpg,-1.191701889038086,-3.6816258430480957
3130093622_362f32f2bb.jpg,7.098354339599609,3.4738733768463135
313051099_1bb87d6c56.jpg,4.345044136047363,4.363899230957031
3130970054_04a3865c43.jpg,-0.29201820492744446,-4.0188798904418945
3131107810_7e9b96cddc.jpg,-3.6291821002960205,0.263747900724411
3131160589_dc73c209b7.jpg,-3.756248950958252,-0.45418182015419006
3131632154_098f86f4cb.jpg,9.214842796325684,1.9599251747131348
3131990048_369b081021.jpg,2.967829942703247,2.565518856048584
3132006797_04822b5866.jpg,-3.9951038360595703,4.736519813537598
3132619510_7dfc947d25.jpg,4.534483909606934,3.9739837646484375
3132760860_3e743a935d.jpg,-1.2648053169250488,0.6966450810432434
3132832452_c354c6396c.jpg,-7.015029430389404,3.4266655445098877
3132903412_b4780d0ccf.jpg,-0.5376928448677063,-5.513408184051514
3133044777_8cc930a4ec.jpg,-3.1612110137939453,1.268696904182434
313326614_b2adbe59e0.jpg,-4.108091831207275,-0.8107069730758667
3133403457_95dfe11da1.jpg,-5.6107096672058105,2.693511724472046
3133825703_359a0c414d.jpg,-4.317857265472412,-1.8542718887329102
3134092148_151154139a.jpg,3.994844436645508,-5.3051533699035645
3134341610_3c55e373a7.jpg,0.03016120195388794,5.315896987915039
3134385454_4f1d55333f.jpg,0.441628634929657,-2.124631643295288
3134387321_3a253224c1.jpg,-5.928503513336182,0.39351916313171387
3134387513_ceb75bea0a.jpg,-5.807319164276123,0.6761593818664551
3134585858_a8c3493ca5.jpg,-3.9317193031311035,-1.3036606311798096
3134586018_ae03ba20a0.jpg,-6.215237140655518,1.2645145654678345
3134644844_493eec6cdc.jpg,-6.5966668128967285,2.299375057220459
3135504530_0f4130d8f8.jpg,-6.330674648284912,2.2229666709899902
3135826945_f7c741e5b7.jpg,-3.421830415725708,3.534893035888672
3136043366_b3f8607a0e.jpg,-5.067956924438477,-3.880411386489868
3136404885_f4d8f1d15a.jpg,-4.682971954345703,-0.119588203728199
3136674757_57406c305c.jpg,-3.5666983127593994,2.681994676589966
3136688093_568b053bdf.jpg,-3.3382058143615723,-3.0964696407318115
3137061312_eb5fdcf3fd.jpg,-5.884427547454834,-0.8485585451126099
3138399980_d6ab8b2272.jpg,-1.9838083982467651,0.9551408290863037
3138433655_ea1d59e5b7.jpg,-4.414031028747559,2.5838212966918945
3138504165_c7ae396294.jpg,-4.953629970550537,-0.5618200302124023
3138562460_44227a35cf.jpg,3.1061036586761475,3.579310417175293
3138746531_f6b816c126.jpg,-1.966469645500183,-2.1609108448028564
3139118874_599b30b116.jpg,-4.768789768218994,3.141709566116333
3139160252_75109e9e05.jpg,-7.247525691986084,2.0282628536224365
3139238055_2817a0c7d8.jpg,-5.744463920593262,-0.3458985686302185
3139389284_f01bd4c236.jpg,1.570823311805725,4.181765556335449
3139393607_f0a54ca46d.jpg,2.7604243755340576,-2.635164976119995
3139837262_fe5ee7ccd9.jpg,-0.1959386020898819,-3.4066033363342285
3139876823_859c7d7c23.jpg,0.631400465965271,-10.078187942504883
3139895886_5a6d495b13.jpg,6.182471752166748,5.183459758758545
3141293960_74459f0a24.jpg,-5.527435302734375,-0.7702277302742004
3141440149_00becbbb93.jpg,-5.136419296264648,3.058710813522339
3141613533_595723208d.jpg,2.2386813163757324,-4.543331623077393
3142055158_01b9e4caa4.jpg,-1.3222066164016724,4.879740238189697
3143155555_32b6d24f34.jpg,-4.386280059814453,3.0145375728607178
3143159297_6f2f663ea6.jpg,-4.923806190490723,3.3087799549102783
3143574389_8a4048fbe2.jpg,-5.1724467277526855,-0.16486389935016632
3143765063_a7761b16d3.jpg,-5.209866046905518,0.13954663276672363
3143953179_1c08c023a5.jpg,-2.393606662750244,-2.6784145832061768
3143978284_ac086be9a3.jpg,-3.804041624069214,3.350261688232422
3143980056_7a64a94b58.jpg,-2.9130196571350098,3.8788328170776367
3143982558_9e2d44c155.jpg,-0.3295854330062866,4.472477436065674
3143991972_7193381aeb.jpg,-3.442328929901123,-2.0269196033477783
3144705706_391d7b77c7.jpg,-0.7801679372787476,-2.3028292655944824
3145869775_85dfae43bd.jpg,-5.9358930587768555,0.4028046429157257
3145967019_1a83ebf712.jpg,-4.7120184898376465,1.6247947216033936
3145967309_b33abe4d84.jpg,-6.280094623565674,1.5564466714859009
314603661_51e05e0e24.jpg,2.6562769412994385,4.1441731452941895
3146232740_df3da0163b.jpg,8.754538536071777,-1.6999092102050781
3146355833_1b7fc80210.jpg,-7.468005657196045,0.3436662554740906
3146630574_05d9ebbed1.jpg,8.803350448608398,1.9102369546890259
314685044_da4390728e.jpg,-7.05196475982666,-0.08908309787511826
3146937399_8c046b7b1a.jpg,1.7575832605361938,-4.584318161010742
3147217787_ed21cd4990.jpg,-6.694368839263916,2.820295810699463
3147758035_e8a70818cb.jpg,-5.0462565422058105,1.0966026782989502
3147913471_322ea231d9.jpg,-2.886589765548706,2.6473584175109863
3148193539_de9dd48fc8.jpg,-3.3647000789642334,2.170114040374756
3148286846_40ae914172.jpg,1.0233349800109863,-3.220082998275757
3148571800_c5515e6c3d.jpg,-2.9892618656158447,-3.220698595046997
3148647065_2d6cd88cf6.jpg,6.842042446136475,5.210656642913818
3148811252_2fa9490a04.jpg,-4.20365571975708,4.529545307159424
3149038044_c7c94688c6.jpg,1.3183844089508057,6.15476131439209
314904143_5a216a192b.jpg,0.4033506214618683,-7.061086654663086
314940358_ec1958dc1d.jpg,-2.5674827098846436,3.176968812942505
3149804151_1cc8d10783.jpg,1.1051552295684814,-8.21493148803711
3149919755_f9272b10b3.jpg,10.376803398132324,2.203007936477661
315021440_122d56ebd7.jpg,6.935182094573975,3.327131748199463
3150252702_828a570d46.jpg,3.9292445182800293,-10.030989646911621
3150315970_8f045c41a4.jpg,-4.409893989562988,0.1794285923242569
3150380412_7021e5444a.jpg,12.61262321472168,1.0204497575759888
3150440350_b0f2a9e774.jpg,-2.6847262382507324,-2.8656625747680664
3150659152_2ace03690b.jpg,0.9266311526298523,-3.473464250564575
3150742439_b8a352e1e0.jpg,-7.296806812286377,-2.8603975772857666
315125146_d9a8e60061.jpg,1.13468337059021,5.502862930297852
3151365121_e2a685a666.jpg,8.94434642791748,1.5916061401367188
3151492269_28d8edaa68.jpg,4.171497821807861,5.403126239776611
3151860914_46e30cd5ea.jpg,4.856041431427002,3.4998364448547363
3152317129_177b4678b7.jpg,6.4049835205078125,-6.186695098876953
3153067758_53f003b1df.jpg,-5.014890193939209,0.5967555046081543
3153828367_5fc2c37c07.jpg,-2.793246030807495,1.3269383907318115
3154152744_4e93ec8a62.jpg,6.348219394683838,0.5831051468849182
3154293126_e52bd07524.jpg,4.080063819885254,-8.218815803527832
315436114_6d386b8c36.jpg,7.563204765319824,1.4718756675720215
3154528397_89112faf4b.jpg,1.211203694343567,-3.506333827972412
3154641421_d1b9b8c24c.jpg,-4.361044406890869,3.447641134262085
3154693053_cfcd05c226.jpg,-5.464186668395996,5.300088405609131
3154709407_9b0778cbeb.jpg,-3.3706350326538086,3.897429943084717
3154813159_58a195236d.jpg,0.5735672116279602,5.457746505737305
3154886184_ac842655b6.jpg,-3.127695322036743,-1.568916916847229
3155279929_d1cddbe7cf.jpg,7.562745571136475,1.633495807647705
3155361712_2cbf59c78e.jpg,3.2593495845794678,-2.932274103164673
3155365418_43df5486f9.jpg,3.494199514389038,-5.884720325469971
3155390408_8e1a81efb2.jpg,0.37419578433036804,5.644995212554932
3155400369_69e3d6d70f.jpg,-0.20379890501499176,-1.7008517980575562
3155451946_c0862c70cb.jpg,-5.811187267303467,1.8054792881011963
3155501473_510f9c9f6b.jpg,-4.181678295135498,3.0380501747131348
3155657768_b83a7831e5.jpg,-5.582819938659668,4.5942487716674805
3155987659_b9ea318dd3.jpg,1.8932507038116455,5.380530834197998
3156113206_53c2a7b5d8.jpg,2.0404703617095947,-8.688474655151367
3156406419_38fbd52007.jpg,5.722650527954102,-8.102837562561035
3156991513_3bf03333d8.jpg,3.257967472076416,-2.320189952850342
3157039116_d82da4e66b.jpg,2.123854398727417,-8.918254852294922
3157220149_cc3c8cc84d.jpg,-6.2299957275390625,-0.041846852749586105
3157622277_9f59b4f62f.jpg,-4.98691987991333,-0.22912757098674774
3157744152_31ace8c9ed.jpg,-0.8669002056121826,4.675278663635254
3157847991_463e006a28.jpg,-3.3814942836761475,0.7004967331886292
3158327361_6f1a518228.jpg,3.4009017944335938,-4.261415958404541
3158680604_c1f99b3946.jpg,-6.39838171005249,1.8094968795776367
315880837_90db309bab.jpg,8.23829460144043,0.5326581001281738
3159092624_66af4e207e.jpg,-1.5671700239181519,3.8802409172058105
3159424456_f316bdc1d5.jpg,-6.358399391174316,1.2937471866607666
3159447439_c1496cbaea.jpg,6.081284999847412,5.831136226654053
3159569570_dff24e7be9.jpg,-4.513555526733398,-2.5869457721710205
3159641529_c2c74f3eaf.jpg,5.293663024902344,7.678281784057617
3159995270_17334ccb5b.jpg,-0.7912495732307434,-4.763833522796631
3160531982_37f5636b8a.jpg,1.9366028308868408,-3.3001110553741455
3161044966_27bf6f9dec.jpg,3.5800867080688477,6.3564863204956055
3162045919_c2decbb69b.jpg,8.85393238067627,-9.779004096984863
3162095736_cc41dd41ff.jpg,3.380148410797119,-6.35681676864624
3162289423_4ca8915d0c.jpg,-2.65775465965271,-7.031696796417236
3162442331_c9711857c6.jpg,-0.2876715362071991,-1.0639735460281372
3163068926_d28ed3ef53.jpg,-7.634853363037109,-0.7634786367416382
3163198309_bbfe504f0a.jpg,4.192135810852051,-11.53161907196045
3163273640_8d3ef22eaf.jpg,-2.976043224334717,-0.11291263997554779
3163281186_e2f43dfb5f.jpg,-1.3505076169967651,-0.6011528968811035
3163323414_d1ce127aa6.jpg,-4.833096504211426,-0.055325061082839966
3163477256_073605e06e.jpg,-3.7671780586242676,3.064978837966919
3163563871_cef3cf33ea.jpg,-2.104562759399414,3.534749984741211
3164328039_2c56acf594.jpg,7.395072937011719,6.942686557769775
3164347907_2813f8ff0b.jpg,-3.148256778717041,-3.7140536308288574
3164415865_612f9fd8bc.jpg,4.24098014831543,-5.851325988769531
3164423279_9b27cb6a06.jpg,4.076813220977783,-5.895998477935791
3165123595_8db9f918bf.jpg,5.251774311065674,-10.209964752197266
3165750962_e2e3843679.jpg,8.086852073669434,-1.305998682975769
316577571_27a0e0253e.jpg,5.272354602813721,1.1104071140289307
3165826902_6bf9c4bdb2.jpg,-3.24108624458313,-1.7032537460327148
3165936115_cb4017d94e.jpg,-6.784567356109619,2.307960033416748
3166366760_e43cf66eda.jpg,6.145493507385254,0.1360737532377243
3166578139_33500f7e8a.jpg,6.796877861022949,-8.833090782165527
3166969425_b5ace2f9c2.jpg,8.499820709228516,-3.348299980163574
3167365436_c379bda282.jpg,-4.771007537841797,0.14572688937187195
3167379087_927ff05a35.jpg,-0.07894138991832733,-4.649349212646484
3168123064_d1983b8f92.jpg,8.48779582977295,-9.431549072265625
316833109_6500b526dc.jpg,6.576820373535156,8.601667404174805
3168354472_866fe70d36.jpg,-4.48799467086792,3.5071446895599365
3168796547_0c14b368f9.jpg,0.12626145780086517,-0.6693986058235168
3168841415_c0705a327a.jpg,2.558722734451294,1.1704065799713135
3169276423_6918dd4da1.jpg,-5.652061462402344,0.6945891976356506
3169394115_2193158cee.jpg,-0.40122008323669434,2.802928924560547
3169591322_d0b6d0cd04.jpg,-1.649249792098999,-2.345975399017334
3169777863_d745865784.jpg,-3.5916409492492676,-1.7282025814056396
3170110692_d1e0e66cee.jpg,-4.458170413970947,-0.626228392124176
3170551725_1276644eab.jpg,3.52486515045166,-7.112091064453125
3170802797_3c851bb475.jpg,1.1639089584350586,-7.521829128265381
3170856184_efabfd0297.jpg,-1.9275723695755005,6.944309711456299
3170897628_3054087f8c.jpg,3.279017686843872,-3.290349006652832
3171035252_dba286ae5c.jpg,3.3548178672790527,-7.213561534881592
3171066023_ec60ba30f3.jpg,2.1716768741607666,-3.4479236602783203
317109978_cb557802e1.jpg,4.928955078125,4.362424850463867
3171188674_717eee0183.jpg,-8.240801811218262,-1.3640438318252563
3171250845_5ae0d2a8bc.jpg,3.9111385345458984,-0.7786973714828491
3171347658_f0d5469c56.jpg,-3.0568125247955322,0.3295827805995941
3171451305_f87b9e09ee.jpg,-2.9150922298431396,0.5604377388954163
3171651115_e07b9d08f6.jpg,7.029997825622559,-6.01320219039917
3172280520_e7655fb596.jpg,-3.1525025367736816,-0.3059404790401459
3172283002_3c0fc624de.jpg,-3.757674217224121,0.39010554552078247
3172369593_eb4d787ffb.jpg,-5.696489334106445,-0.9759144186973572
3172384527_b107385a20.jpg,-8.720808029174805,-0.09619633853435516
3173014908_b3e69594b6.jpg,3.67887020111084,-2.9134368896484375
3173157541_70b16b4318.jpg,-6.4381866455078125,1.3047358989715576
3173215794_6bdd1f72d4.jpg,-8.988469123840332,-0.756287157535553
3173461705_b5cdeef1eb.jpg,7.461552143096924,5.395232677459717
317383917_d8bfa350b6.jpg,8.768145561218262,0.2933628559112549
3173928684_4ea0ee5114.jpg,7.441043376922607,4.823975563049316
3173976185_8a50123050.jpg,5.614070415496826,4.976069450378418
3174156702_95a1cda2d9.jpg,4.758094310760498,-6.376789093017578
3174196837_800689a2f3.jpg,7.887255668640137,-0.28053444623947144
3174228611_6cf9d2266b.jpg,-3.007784843444824,3.1060638427734375
3174417550_d2e6100278.jpg,-2.22328519821167,-3.7968974113464355
3174431688_ae84778db0.jpg,-3.233370065689087,-3.1519522666931152
3174453534_fcc927c647.jpg,-1.7753455638885498,3.053858518600464
3174713468_e22fa7779e.jpg,4.068614959716797,6.803595066070557
3174726084_c108de0a64.jpg,-3.7562255859375,2.3406662940979004
317488612_70ac35493b.jpg,9.465702056884766,0.07658406347036362
3175434849_859f09fe07.jpg,-3.3590080738067627,3.1505930423736572
3175446111_681a89f873.jpg,-4.636706829071045,2.1938905715942383
3175712926_5a470d0886.jpg,1.1322860717773438,-0.7465506792068481
3175849727_bf30b892cb.jpg,3.5722854137420654,-8.023764610290527
3176072448_b84c99cf7f.jpg,-4.055259704589844,3.0921967029571533
3176131893_7181c733aa.jpg,3.8650832176208496,-0.9788037538528442
3176277818_235486a3cd.jpg,-6.9023542404174805,-1.596770167350769
3176278670_195eea071c.jpg,-5.506130218505859,1.6547690629959106
317641829_ab2607a6c0.jpg,-4.96196174621582,0.25686976313591003
3176498130_52ab9460b2.jpg,-3.2905778884887695,2.0472140312194824
3176968956_d942a93513.jpg,3.914525032043457,-5.196540355682373
3177298173_78cea31d64.jpg,-3.2476184368133545,4.360959053039551
3177468217_56a9142e46.jpg,1.8499424457550049,6.992988109588623
3177799416_5bd0382370.jpg,5.731025695800781,-9.900206565856934
3178005751_fca19815ac.jpg,-5.580142021179199,0.10605602711439133
3178300150_d4605ff02c.jpg,-4.582960605621338,2.9600343704223633
3178371973_60c6b8f110.jpg,-2.5342648029327393,1.6581828594207764
3178489390_13a6ae7524.jpg,-1.1588932275772095,-0.8216586709022522
3178599352_c57fdebcd2.jpg,-3.083883762359619,-0.020132308825850487
3179336562_c3d0c0a3bd.jpg,-2.6377615928649902,-3.4911696910858154
3179952488_c1c812a03b.jpg,0.6831304430961609,3.8121445178985596
318070878_92ead85868.jpg,-0.35290664434432983,-5.434486389160156
3180806542_49b6de312d.jpg,-3.161198139190674,-5.189092636108398
3181322965_ce9da15271.jpg,4.440777778625488,-1.7686711549758911
3181328245_7c04ce1691.jpg,-4.339430332183838,3.2258663177490234
3181409177_edb09c2718.jpg,0.3157912492752075,0.3418896198272705
3181599388_68559cfc17.jpg,-4.6988935470581055,1.8300572633743286
3181701312_70a379ab6e.jpg,-7.141497611999512,0.6207903027534485
3182121297_38c99b2769.jpg,0.39837944507598877,-4.487122058868408
3182161610_4d349b257f.jpg,-1.8067668676376343,3.7618143558502197
3182258223_5b9c8a8c55.jpg,-6.587459564208984,0.733111560344696
3182405529_7692256746.jpg,3.2798869609832764,-4.344502925872803
3182558164_488b819f14.jpg,-5.9501872062683105,3.65627384185791
3182570190_48214e54c7.jpg,-4.216816425323486,-0.47636350989341736
3182996527_70d9c323d5.jpg,-4.798767566680908,0.12720103561878204
3183060123_ea3af6278b.jpg,-0.4137647747993469,0.7168728709220886
3183195185_cd0ff994a1.jpg,-3.549152135848999,-4.508270263671875
3183195653_11b66acb34.jpg,-5.920594692230225,0.7097868919372559
3183519385_311555d5f5.jpg,4.499969959259033,-5.293150424957275
3183777589_460a4f445b.jpg,2.1664483547210693,3.6463193893432617
3183875944_b2be694e06.jpg,13.576382637023926,-0.4833631217479706
3183883750_b6acc40397.jpg,-3.6326045989990234,1.1777163743972778
3184031654_34b5c4ffe1.jpg,-2.711729049682617,-2.2969439029693604
3184112120_6ddcd98016.jpg,-4.219709873199463,1.082216501235962
3184206563_5435f2b494.jpg,1.0728480815887451,-0.6771143674850464
3184891327_8785194e3c.jpg,-2.735595464706421,1.483553409576416
3185371756_ff4e9fa8a6.jpg,-0.6355167627334595,-1.0336885452270508
3185409663_95f6b958d8.jpg,4.760509490966797,-1.743030071258545
3185645793_49de805194.jpg,1.4763233661651611,-2.8970680236816406
3185662156_c877583c53.jpg,6.2804388999938965,-7.943308353424072
3185695861_86152b2755.jpg,2.806119680404663,5.335562229156494
3185787277_b412d7f5b7.jpg,-3.928905725479126,0.023693092167377472
3186073578_6e115f45f5.jpg,-8.894403457641602,1.6482148170471191
3186412658_2ab2ebd397.jpg,-3.7310922145843506,4.488111972808838
3186527735_6e9fe2cf88.jpg,-8.648412704467773,0.7995273470878601
3186556417_b2d6921a20.jpg,-2.785550117492676,-3.087911367416382
318667317_108c402140.jpg,-4.421338081359863,0.5213011503219604
3186863842_5832573c5e.jpg,-6.555859565734863,2.418994903564453
3187096035_65dc416291.jpg,-5.577150821685791,0.34547871351242065
3187117682_986ffd6b67.jpg,2.6369214057922363,2.033308982849121
3187364311_4c2a87083b.jpg,3.3166282176971436,2.440258741378784
3187395715_f2940c2b72.jpg,-2.788304328918457,-2.350919485092163
3187492926_8aa85f80c6.jpg,2.3628158569335938,-5.026302337646484
3187924573_203223e6c0.jpg,5.178414344787598,-2.843956232070923
3188036349_8e4e2d6ca8.jpg,-3.8363072872161865,-0.9773797988891602
3188044631_ca3a9cc737.jpg,-5.271016597747803,1.8698811531066895
3188319076_71724fcc07.jpg,7.513394355773926,2.006664752960205
3189002057_3ef61b803e.jpg,3.146066188812256,-7.116213321685791
3189251454_03b76c2e92.jpg,7.29172420501709,1.4198684692382812
3189293145_35dea42679.jpg,2.7050163745880127,-2.422866106033325
3189307452_aebc12380b.jpg,7.331627368927002,0.7362253069877625
3189521080_133777bce5.jpg,6.660469055175781,-7.6050896644592285
3189941492_a3f4347b1a.jpg,1.8355265855789185,-1.1938426494598389
3189964753_a95536ced9.jpg,-5.027141094207764,-2.5179593563079834
3190677999_60bbd330fd.jpg,5.717512607574463,-5.132904052734375
3191027142_33e86636ca.jpg,-5.837571144104004,-1.7574354410171509
3191135894_2b4bdabb6d.jpg,-3.586590528488159,-2.539888858795166
3191805046_77c334b506.jpg,-1.5138728618621826,-2.6078715324401855
319185571_56162796da.jpg,9.951886177062988,1.291515588760376
3191982761_88793192ed.jpg,-7.17664098739624,-3.305042028427124
3192069971_83c5a90b4c.jpg,-2.965364456176758,-2.053300619125366
3192266178_f9bf5d3dba.jpg,4.113816738128662,0.4910511076450348
3192311620_99bda27fbd.jpg,6.474266529083252,2.071208953857422
3193335577_9bdbaf9f70.jpg,0.2175348550081253,-4.268787384033203
3193511842_82549c21fb.jpg,-6.469486236572266,-0.8209670782089233
3194134352_bc1b2a25d7.jpg,-3.2735788822174072,2.098095417022705
3195040792_a03954a19f.jpg,8.330982208251953,1.9481651782989502
3195147187_a073d59fa8.jpg,3.219817876815796,5.37054443359375
3195188609_01afbe46e6.jpg,-4.016273498535156,0.19076034426689148
3195701071_81879257f5.jpg,4.061746120452881,5.9578633308410645
3195969533_98f5de0fab.jpg,9.716400146484375,2.427222967147827
3196100539_102fe877b3.jpg,-4.386632919311523,0.2629369795322418
3196995975_3e38eabf01.jpg,8.55270004272461,2.653038501739502
3197247245_9c93b60b8a.jpg,-3.7981226444244385,-1.7587069272994995
3197482764_2f289cb726.jpg,-0.8865465521812439,1.6039421558380127
3197791645_601908f26b.jpg,2.0688087940216064,-5.024837017059326
3197891333_b1b0fd1702.jpg,-4.77896785736084,3.746734142303467
3197917064_e679a44b8e.jpg,9.283082962036133,1.6783101558685303
3197981073_3156963446.jpg,-5.629458427429199,0.0967019647359848
3198231851_6b1727482b.jpg,6.265015602111816,2.931835889816284
3198237818_cb5eb302f0.jpg,1.4009343385696411,-5.0397047996521
3198247669_7493af04a7.jpg,5.437417984008789,-6.17289924621582
319847643_df7c2a1d25.jpg,-4.281965255737305,1.0484436750411987
319847657_2c40e14113.jpg,-1.913674235343933,0.3074444830417633
319851847_7212423309.jpg,-3.1514029502868652,-1.6014678478240967
319869052_08b000e4af.jpg,0.6714746952056885,-6.88399076461792
319870744_0e0138d205.jpg,3.494107484817505,-6.7177205085754395
3198962089_e647d1b0cd.jpg,1.4238667488098145,-6.238775730133057
319938879_daf0857f91.jpg,-8.718109130859375,0.6047321557998657
3199460792_deef518c01.jpg,8.273584365844727,1.37837815284729
3199645963_a681fe04f8.jpg,-3.9818618297576904,2.315979480743408
3199895624_4f01798c6f.jpg,-6.566688537597656,2.623645782470703
3200120942_59cfbb3437.jpg,-1.1437385082244873,-2.8349311351776123
320093980_5388cb3733.jpg,2.594006061553955,1.7515217065811157
3201427741_3033f5b625.jpg,-3.96309494972229,1.819466233253479
3201594926_cd2009eb13.jpg,-9.34578800201416,2.6525096893310547
3201666946_04fe837aff.jpg,-5.013581275939941,-0.055153749883174896
3202255152_08973fa3d7.jpg,-2.5972344875335693,-2.0117504596710205
3202360797_2084743e90.jpg,7.269730567932129,-2.108022689819336
3203453897_6317aac6ff.jpg,-4.63975191116333,1.3407878875732422
3203707977_cc9448fecb.jpg,-3.9738693237304688,-1.3791227340698242
3203742047_6a55065411.jpg,2.433403968811035,-8.174741744995117
3203872773_6c30f64be3.jpg,-0.49286457896232605,0.15554459393024445
3203878596_cbb307ce3b.jpg,10.162070274353027,2.4650633335113525
3203908917_53e53c03d1.jpg,-5.064065933227539,-0.5910653471946716
3204081508_0e7f408097.jpg,1.5769598484039307,-5.600400447845459
3204354161_caf89ec784.jpg,-1.8771682977676392,-2.0541603565216064
3204525212_d548c7fca7.jpg,1.2256442308425903,6.896764278411865
3204686006_88f04547b9.jpg,3.2642672061920166,-6.092414855957031
3204712107_5a06a81002.jpg,-4.421925067901611,-1.0528392791748047
3204922011_185e48949a.jpg,9.63857650756836,-4.107850074768066
3205214191_29b42b9b09.jpg,-0.29716092348098755,-4.409956932067871
3205336477_037d4b6bd9.jpg,1.3896496295928955,2.49529767036438
3205754736_32c29b5208.jpg,-5.794023513793945,-0.31767308712005615
3205839744_24504ba179.jpg,4.502551555633545,3.986255645751953
3206058778_7053ee6b52.jpg,-1.8145533800125122,-1.4171754121780396
3206919175_e3a11b6874.jpg,-5.7802228927612305,2.268350601196289
3206999917_e682672cbc.jpg,2.9417262077331543,-0.6821050047874451
3207264553_8cd4dcde53.jpg,3.6944541931152344,-8.783557891845703
3207343907_995f7ac1d2.jpg,-2.2420897483825684,-4.204047203063965
3207358897_bfa61fa3c6.jpg,-3.862239122390747,-2.7692935466766357
3207654194_43d6bebd68.jpg,7.385927200317383,3.933892250061035
3207676216_48478bce97.jpg,6.137693405151367,-2.9235877990722656
3207775692_bb897d9afd.jpg,2.14357328414917,4.226037979125977
3208032657_27b9d6c4f3.jpg,-3.9230432510375977,-2.4689297676086426
3208074567_ac44aeb3f3.jpg,3.219214916229248,-3.9839587211608887
3208188198_2b271d2a2e.jpg,1.1232728958129883,-1.4322353601455688
3208553539_2bf6c6d162.jpg,-6.955927848815918,0.07299991697072983
3208571574_6dc1a461c5.jpg,-7.513161659240723,1.020452618598938
3208987435_780ae35ef0.jpg,-6.826390266418457,2.222144603729248
3208999896_dab42dc40b.jpg,-4.7265238761901855,1.4101678133010864
3209350613_eb86579ee8.jpg,-6.05442476272583,-0.5683214068412781
3209523192_05a4cef844.jpg,1.8701342344284058,-6.082788944244385
3209564153_077ed4d246.jpg,2.6514692306518555,-5.938288688659668
3209620285_edfc479392.jpg,0.2860719859600067,-7.128543376922607
3209966887_5b744bd050.jpg,-4.06149959564209,1.2259774208068848
3210359094_ee51285301.jpg,4.075204849243164,-4.021547794342041
3210419174_d083a16f77.jpg,-4.979874610900879,0.5680540800094604
3210457502_c6030ce567.jpg,2.598555564880371,-1.9475020170211792
3210705660_2b14b7fb36.jpg,0.5364017486572266,3.623544216156006
3211029717_2affe6bbd5.jpg,-2.9393744468688965,-5.1313395500183105
3211199368_ca78387f72.jpg,-4.710689544677734,0.3259927034378052
3211210739_3dea005fde.jpg,-6.902948379516602,2.4768855571746826
3211289105_e0360a9c7f.jpg,-6.437742710113525,-0.3282601535320282
3211316116_a2462e327d.jpg,5.690054893493652,-8.999307632446289
3211437611_bd4af3730b.jpg,-5.033978462219238,0.5527858138084412
3211453055_05cbfe37cd.jpg,-1.096173644065857,-3.9833648204803467
3211556865_d1d9becf69.jpg,2.4266366958618164,-4.9942121505737305
3211577298_14296db6fd.jpg,8.401034355163574,-7.1520209312438965
3211581957_df2f7e2236.jpg,-2.1082022190093994,0.8150221109390259
3212085754_35fdc9ccaa.jpg,-2.839444875717163,-0.16980914771556854
321229104_3cbaf0f51c.jpg,2.9174399375915527,-1.8553189039230347
3212456649_40a3052682.jpg,8.653867721557617,0.35445210337638855
3212465975_b657f40eed.jpg,-3.849046468734741,-3.4070630073547363
3212625256_685bc4de99.jpg,-1.6077016592025757,-1.2581777572631836
3213395965_2a823c6865.jpg,-6.473164081573486,-0.9939219355583191
3213622536_31da7f6682.jpg,-6.329349994659424,-2.4147794246673584
3213992947_3f3f967a9f.jpg,-0.19637800753116608,-5.643371105194092
3214100656_80cda1b86b.jpg,-2.7386279106140137,-2.4050354957580566
3214151585_f2d0b00b41.jpg,2.616410255432129,-9.587159156799316
3214237686_6566b8b52f.jpg,2.790531873703003,-6.6781325340271
3214381315_b54f5c9be4.jpg,-2.4844143390655518,-2.056586980819702
3214573346_d3a57f0328.jpg,2.497548818588257,2.549966335296631
3214579977_fa9fb006a6.jpg,5.425412654876709,4.661188125610352
3214885227_2be09e7cfb.jpg,4.126405715942383,-6.322866439819336
3215081286_d55541aa6b.jpg,-8.237297058105469,-0.5491160154342651
3215108916_0473007b47.jpg,0.7480683922767639,-4.336954116821289
3215117062_6e07a86352.jpg,-5.266297340393066,0.4587177336215973
3215238223_29de2b35cb.jpg,-3.3432698249816895,-1.9695805311203003
3215315009_47577bf8f7.jpg,-1.8985002040863037,-7.68926477432251
3215695965_69fbeba3d5.jpg,1.2219918966293335,1.6656690835952759
3215847501_c723905ba4.jpg,-2.145573854446411,-9.189295768737793
3215870337_c92a1a1b2f.jpg,-7.534688472747803,-2.9336211681365967
3215896272_e9b4b547a9.jpg,6.551220417022705,-0.7350121736526489
3216085740_699c2ce1ae.jpg,-5.20269250869751,-0.3946380913257599
3216762979_813c45a8ec.jpg,1.8274844884872437,2.307683229446411
3216829599_366a43f05e.jpg,7.852008819580078,-7.998598575592041
3216901052_269ace7b3c.jpg,-0.5726853609085083,-2.5853466987609863
3216926094_bc975e84b9.jpg,3.941584587097168,3.546048879623413
3217056901_fe2c70377d.jpg,-5.4663405418396,-0.7861825227737427
3217187564_0ffd89dec1.jpg,0.9627712368965149,4.620909690856934
3217240672_b99a682026.jpg,-4.102646350860596,-1.2515588998794556
3217266166_4e0091860b.jpg,-1.7290675640106201,-2.514896869659424
3217291172_10ef70af88.jpg,-4.610981464385986,-2.3214468955993652
3217620013_8b17873273.jpg,-4.36629056930542,2.9148664474487305
3217893350_57be430d06.jpg,2.7093088626861572,-3.4998927116394043
3217909454_7baa0edbb2.jpg,-4.518528938293457,3.781902551651001
3217910740_d1d61c08ab.jpg,-7.381402492523193,3.204888343811035
3218480482_66af7587c8.jpg,-4.256765842437744,3.2222635746002197
3218481970_1fa627b3da.jpg,-3.1619279384613037,-0.20704075694084167
3218861747_5c5c547b66.jpg,-0.4926643669605255,-3.9642510414123535
3218889785_86cb64014f.jpg,-6.41093635559082,-1.169725775718689
3219065971_702c4e8c34.jpg,-1.9172121286392212,4.013913154602051
3219122000_bd6b4ae5ff.jpg,6.244811534881592,5.565593242645264
3219210794_4324df188b.jpg,-4.1915178298950195,-1.8146717548370361
3220009216_10f088185e.jpg,-3.8377950191497803,-3.869262456893921
3220126881_b0a4f7cccb.jpg,-3.8978562355041504,-1.994564414024353
3220140234_e072856e6c.jpg,-2.465125799179077,2.306382894515991
3220151692_d398ef9779.jpg,1.6514216661453247,0.11149895936250687
3220161734_77f42734b9.jpg,-6.013096332550049,0.6632944941520691
3220200084_3ea129336e.jpg,-5.63383150100708,0.1648622304201126
322050103_145f7233c6.jpg,-5.283390998840332,-1.5252599716186523
3220650628_4ed964e5b4.jpg,-5.398087978363037,-2.6650595664978027
322103537_184367bf88.jpg,4.766825199127197,-1.1017675399780273
3221036999_3f7b152d8a.jpg,1.1351921558380127,-2.623234272003174
3221128704_d1205db79b.jpg,-1.524418830871582,7.371042251586914
3221815947_76c95b50b7.jpg,3.260202646255493,1.0317566394805908
3222041930_f642f49d28.jpg,-5.588566780090332,-1.080397367477417
3222055946_45f7293bb2.jpg,-6.453381538391113,3.2062416076660156
3222250187_ef610f267e.jpg,2.856445074081421,-1.9554717540740967
3222496967_45d468ee66.jpg,-5.580933094024658,1.602439522743225
3222702477_34d2d24f1f.jpg,-2.556494951248169,7.153204441070557
3222749441_3bdfe088e3.jpg,-5.092530250549316,-2.2680246829986572
3222842866_cb85243ce4.jpg,5.230426788330078,2.1528584957122803
3223055565_68973f5d20.jpg,7.489930629730225,-1.5848034620285034
3223224391_be50bf4f43.jpg,4.914241790771484,2.207836627960205
3223302125_f8154417f4.jpg,0.5851057767868042,-4.8078107833862305
3223606402_bb2aa6db95.jpg,-1.8701542615890503,0.7163206338882446
3223709894_97824ba76f.jpg,2.522650718688965,3.2363598346710205
3223809913_ae15d14d9a.jpg,-1.8910443782806396,-3.082484006881714
3223973114_6c15538ce9.jpg,5.291177272796631,6.2246317863464355
3224227640_31865b3651.jpg,4.270031452178955,4.8108696937561035
3224560800_8fefd52510.jpg,-2.1809017658233643,-1.1324646472930908
3224578187_749882c17f.jpg,5.342019557952881,2.770658016204834
3224904543_679fe05c41.jpg,-5.399556636810303,-3.272583484649658
3225025519_c089c14559.jpg,-5.077386379241943,1.3120665550231934
3225037367_a71fa86319.jpg,-7.272506237030029,-0.8982222080230713
3225058391_a12d38d911.jpg,-2.5099103450775146,-0.219184011220932
3225226381_9fe306fb9e.jpg,8.204191207885742,5.9761433601379395
3225296260_2ee72b4917.jpg,-1.8043755292892456,0.7443655133247375
3225310099_d8e419ba56.jpg,0.7366734147071838,-4.455172538757324
3225478803_f7a9a41a1d.jpg,2.68608021736145,-9.092138290405273
3225880532_c8d5d1d798.jpg,-3.192873001098633,0.42481935024261475
3225998968_ef786d86e0.jpg,1.915656566619873,-8.754724502563477
3226254560_2f8ac147ea.jpg,5.604600429534912,1.608152151107788
3226541300_6c81711e8e.jpg,-6.0346479415893555,-1.2184498310089111
3226796100_08c49cfa5c.jpg,0.6875298619270325,1.6779550313949585
3227111573_c82f7d68b1.jpg,-0.5231555104255676,-11.806593894958496
3227140905_1d7e30e4c4.jpg,-2.9740586280822754,3.2041966915130615
3227148358_f152303584.jpg,3.662472724914551,-1.8586876392364502
3227423095_5049951eab.jpg,-2.8789451122283936,-1.4019497632980347
3227499174_07feb26337.jpg,-6.966774940490723,0.8100880980491638
3227594168_3351722aae.jpg,0.8221981525421143,2.339092969894409
322791392_aa3b142f43.jpg,5.733259201049805,5.772192001342773
3228069008_edb2961fc4.jpg,1.7853347063064575,2.115001916885376
3228517564_74b00a923b.jpg,-0.42910468578338623,-3.5608139038085938
3228793611_8f260ea500.jpg,7.172524452209473,4.047079086303711
3228960484_9aab98b91a.jpg,-5.53649377822876,-2.129246711730957
3229282764_a4a515f4e2.jpg,3.7312839031219482,-3.418060302734375
3229442620_fd47d01b59.jpg,4.288633823394775,-0.6709902286529541
3229519418_040f05ced1.jpg,-4.273715019226074,0.6506667733192444
3229730008_63f8ca2de2.jpg,-4.942838668823242,-2.4842562675476074
3229821595_77ace81c6b.jpg,-1.4339168071746826,-6.543260097503662
3229898555_16877f5180.jpg,0.9857880473136902,5.618930339813232
3229913073_e7857a5966.jpg,1.0193626880645752,4.02941370010376
3230101918_7d81cb0fc8.jpg,-3.8144986629486084,0.7278290390968323
3230132205_dccfafa5ee.jpg,-4.765162467956543,-0.41688311100006104
3231237864_8cb1c6d863.jpg,0.6917818784713745,3.6422884464263916
3231575742_31732664cf.jpg,0.43496572971343994,-2.2764523029327393
3231596071_f0c522a639.jpg,-6.2279372215271,2.6263935565948486
3231751379_10ebf7150c.jpg,-4.593803882598877,0.6636812090873718
3231880001_193a579b97.jpg,-2.5557968616485596,0.8664497137069702
3232030272_b2480a5fe7.jpg,-6.198183536529541,1.6376606225967407
3232252882_05db7c2216.jpg,8.394179344177246,2.7578625679016113
3232470286_903a61ea16.jpg,-3.0770773887634277,3.2478606700897217
3234115903_f4dfc8fc75.jpg,-4.353017330169678,0.5458637475967407
3234375022_1464ea7f8a.jpg,2.144740581512451,-2.8181586265563965
3234401637_84e0d14414.jpg,-3.116161823272705,-5.297074794769287
3234719720_5bb2fc5ffa.jpg,-5.743325710296631,-0.015419071540236473
3234890865_bb3c316968.jpg,-6.068630695343018,-1.1232311725616455
3235076435_1eaa40bd0a.jpg,7.532580852508545,-6.803302764892578
3235542079_2fcf4951a1.jpg,2.5272743701934814,-7.420171737670898
3235746553_a40416c00e.jpg,10.463216781616211,0.5454325079917908
3236447445_eecafdf4f0.jpg,2.3190360069274902,-2.6346781253814697
323657582_b6b6d8f7bd.jpg,4.8916015625,2.1099507808685303
3236677456_75821e3583.jpg,2.325039863586426,5.329127311706543
3237760601_5334f3f3b5.jpg,0.16660793125629425,-7.060748100280762
3238654429_d899e34287.jpg,6.9367523193359375,-7.197301387786865
3238951136_2a99f1a1a8.jpg,-0.15500310063362122,-3.9559545516967773
3239021459_a6b71bb400.jpg,1.3583251237869263,-5.631513595581055
3239480519_22540b5016.jpg,8.022202491760254,3.2572550773620605
3239866450_3f8cfb0c83.jpg,-3.052347183227539,-1.134191870689392
3240014971_ee2ea8406f.jpg,-5.841989517211914,-0.4995720684528351
3240048764_acce8af2a5.jpg,-2.5248687267303467,-6.970025539398193
3240090389_97a8c5d386.jpg,-5.28641939163208,-2.609421968460083
3240094420_a9eea11d39.jpg,-6.969034671783447,0.2698000371456146
3240351042_5d29c94b0e.jpg,-0.4287528991699219,-6.029047012329102
3240558825_cd859d6230.jpg,1.5323244333267212,-5.103076457977295
3241487502_f4f0cc4a8a.jpg,5.073925018310547,3.314988851547241
3241726740_6d256d61ec.jpg,-6.944557189941406,-2.5547194480895996
3241892328_4ebf8b21ce.jpg,3.4926891326904297,0.5441741347312927
3241965735_8742782a70.jpg,-1.2413878440856934,-4.969699859619141
3242007318_01e82171aa.jpg,-5.048135757446289,0.17951440811157227
324208502_674488bcea.jpg,-6.073946952819824,1.1284021139144897
3242088278_43eea5d17e.jpg,4.0843000411987305,-3.694244146347046
3242263536_a436f19257.jpg,-4.548304080963135,-5.235543727874756
3242354561_54e5a34925.jpg,7.283563613891602,0.8379552960395813
3242718240_3358f2d6e6.jpg,-5.924140930175781,0.1677541583776474
3242808166_8638150274.jpg,4.090681552886963,-9.72236442565918
3242919570_39a05aa2ee.jpg,9.152569770812988,0.9248784184455872
3243020805_2bafc36c45.jpg,-3.1351728439331055,4.852176666259766
3243094580_ccd01679f5.jpg,-3.9622089862823486,-6.235617637634277
3243233886_235a80e8c7.jpg,-1.7360341548919678,2.9855856895446777
324355356_859988a710.jpg,9.057646751403809,2.3427963256835938
3243588540_b418ac7eda.jpg,-5.948315143585205,0.7869330048561096
3243591844_791cfa62eb.jpg,-1.4157809019088745,0.4722723662853241
3244171699_ace4b5d999.jpg,-6.771059513092041,2.520416498184204
3244470342_c08f6bb17e.jpg,3.5783514976501465,-8.76345157623291
3244586044_205d5ae2ba.jpg,2.5089728832244873,5.077918529510498
3244734844_c318c29c23.jpg,-3.0162301063537598,1.7306861877441406
3244747165_17028936e0.jpg,-3.0105936527252197,1.0310100317001343
3244910944_612b8ce98f.jpg,-1.7867571115493774,-3.509612798690796
3245070961_8977fdd548.jpg,-0.619376540184021,3.271064043045044
3245250964_9d3e37111e.jpg,-5.631638526916504,4.494556903839111
3245266444_2e798096e6.jpg,-1.9546222686767578,3.39548659324646
3245460937_2710a82709.jpg,-5.1391096115112305,5.551164627075195
3245504245_27931f5ec1.jpg,-3.9999427795410156,2.0616543292999268
3245912109_fdeef6b456.jpg,-6.650627136230469,-5.4206223487854
3245939062_8ffe1d2be5.jpg,-3.8487894535064697,-1.8004423379898071
3246190363_68d903bfcb.jpg,9.37781810760498,0.19753792881965637
3246773992_89bf86937b.jpg,-5.25315523147583,-0.25089144706726074
3246804978_ea2c9e56f2.jpg,4.6202802658081055,3.132578134536743
3246991821_750a3097e2.jpg,-6.421243667602539,-0.24049127101898193
3247052319_da8aba1983.jpg,2.148756742477417,-3.0494232177734375
3247168324_c45eaf734d.jpg,-2.915069818496704,-0.048244014382362366
3247341210_5d1e50df23.jpg,-3.5503571033477783,0.7767410278320312
3247423890_163f00a2cb.jpg,-3.806640148162842,1.2523565292358398
3247500085_c4f641aa84.jpg,-5.084799766540527,-0.17760702967643738
3247598959_5b2348444c.jpg,8.570938110351562,6.1369757652282715
3247693965_845b3b4349.jpg,6.7520294189453125,0.09916723519563675
3248220732_0f173fc197.jpg,4.971255779266357,-7.686239242553711
3248352729_ab264b2222.jpg,3.905379295349121,-5.461251735687256
3248408149_41a8dd90d3.jpg,3.4319283962249756,4.818355083465576
3248752274_96740ed073.jpg,5.970144271850586,-1.11884343624115
3249014584_21dd9ddd9d.jpg,-0.15642014145851135,-6.004281044006348
3249062399_0dafe5e4f5.jpg,-5.103804588317871,-0.2089548259973526
3249125548_700d874380.jpg,-2.3236918449401855,-2.9287173748016357
3249278583_95cd8206da.jpg,5.165409088134766,-5.507637023925781
3249597269_935e0a375a.jpg,7.0904340744018555,-0.9454007148742676
3249738122_decde6c117.jpg,3.195770502090454,0.7655156850814819
3249865395_dceaa59f54.jpg,-8.110984802246094,0.9042410254478455
3249891130_b241591e89.jpg,-5.727431297302246,2.9434123039245605
3249891874_6a090ef097.jpg,-3.6719727516174316,2.0941028594970703
325005410_e1ff5041b5.jpg,-5.958820819854736,3.9943432807922363
3250076419_eb3de15063.jpg,5.683403015136719,5.071466445922852
3250589803_3f440ba781.jpg,-6.347630977630615,-0.990459680557251
3250593457_9049a73b61.jpg,-3.4016335010528564,2.0868961811065674
3250695024_93e8ab7305.jpg,-7.264792442321777,0.3285514712333679
3251088971_f4471048e3.jpg,-6.356228828430176,0.441741943359375
3251234434_d01e25a50a.jpg,1.6933701038360596,1.9944392442703247
3251460982_4578a568bb.jpg,7.172736167907715,1.6626595258712769
3251646144_d9f4ccca3f.jpg,-4.24092435836792,0.9674778580665588
3251648670_9339943ba2.jpg,-5.186699390411377,-0.3722788691520691
3251906388_c09d44340e.jpg,6.247132778167725,1.3508830070495605
3251976937_20625dc2b8.jpg,10.033503532409668,-0.3799699544906616
3252457866_b86614064c.jpg,7.184022903442383,8.891243934631348
3252588185_3210fe94be.jpg,2.936309814453125,-2.8700714111328125
3252985078_c4ee2aca4e.jpg,-3.9154860973358154,0.5829603672027588
3253060519_55d98c208f.jpg,-4.593906879425049,-2.7757112979888916
3254640083_eb34b8edfe.jpg,-3.108846426010132,-2.812086582183838
3254645823_a7c072481c.jpg,-0.783209502696991,-7.780066967010498
3254662117_b2e7dede6e.jpg,-3.895738363265991,-0.2962009012699127
3254817653_632e840423.jpg,-4.027198314666748,3.527449131011963
3255017708_2b02bfcdcf.jpg,-6.061185836791992,-0.7083214521408081
3255482333_5bcee79f7e.jpg,6.805723667144775,-5.1060967445373535
3255620561_7644747791.jpg,3.8847832679748535,-8.316166877746582
3255732353_fbc487aefc.jpg,1.545861840248108,-5.529384136199951
3255737244_1f8948fc07.jpg,-7.547760009765625,0.37306293845176697
325576658_59f68bdbd6.jpg,-5.5793561935424805,1.5959364175796509
3256043809_47258e0b3e.jpg,8.361675262451172,5.106647491455078
3256272547_5ae6c66293.jpg,-2.570903778076172,-10.600496292114258
3256274183_4eab3b2322.jpg,-0.030814630910754204,3.005753755569458
3256275785_9c3af57576.jpg,-0.9700705409049988,-2.735307216644287
3256456935_664a7a5bba.jpg,-5.450416088104248,2.376915693283081
3256603992_67312b5a36.jpg,-0.14834608137607574,-1.4469897747039795
3257103624_e76f25ff9e.jpg,7.318853855133057,-6.174520015716553
3257107194_f235c8f7ab.jpg,1.5259873867034912,-4.727035999298096
3257182199_5fda78d870.jpg,2.6458194255828857,-6.232237815856934
3257207516_9d2bc0ea04.jpg,-4.161373138427734,2.1291871070861816
3257277774_aba333a94c.jpg,7.575612545013428,1.7846132516860962
3258391809_38fc6211f7.jpg,-3.5770440101623535,2.1154584884643555
3258394043_a0b6a94dce.jpg,-5.251100540161133,-1.7464566230773926
3258395783_2de3a4ba27.jpg,-6.713685035705566,-1.1640421152114868
3258396041_69717247f7.jpg,-5.290107727050781,0.1922377496957779
3258397351_1a70f1993d.jpg,-5.131832122802734,0.22741255164146423
3258472448_75cfab5e6f.jpg,-5.997909069061279,-0.4525548219680786
3258874419_23fec1bdc1.jpg,1.6802695989608765,5.437366008758545
3259002340_707ce96858.jpg,4.848034858703613,5.016359329223633
3259110412_9908c45144.jpg,-1.2298706769943237,-4.549314498901367
3259119085_21613b69df.jpg,3.6597909927368164,-7.836523056030273
3259160693_067ec7ebc3.jpg,-7.786758899688721,-0.14878064393997192
3259222690_69737f2a6e.jpg,-2.955500364303589,0.27240312099456787
3259222980_04fb62df97.jpg,-5.686790943145752,1.3281387090682983
3259225196_750c4ce0f9.jpg,-5.038948059082031,2.845024347305298
3259228898_cefd04580b.jpg,-3.580761432647705,0.6599242687225342
3259229498_2b5708c0c6.jpg,-7.264549732208252,-2.320823907852173
3259231890_16fe167b31.jpg,-6.601563930511475,-0.3089580535888672
3259579174_30a8a27058.jpg,8.503210067749023,-8.271158218383789
3259666643_ae49524c81.jpg,-4.975609302520752,5.313938140869141
3259694057_fae7484b0a.jpg,3.908231019973755,2.185415267944336
3259757648_71edb4347b.jpg,2.853454351425171,4.068922519683838
3259883609_6a1b46919e.jpg,4.607664585113525,1.0139259099960327
3259991972_fce3ab18b2.jpg,-7.38753604888916,-0.7728933691978455
3259992164_94600858b3.jpg,-8.260972023010254,-0.5803528428077698
3259992638_0612a40288.jpg,-7.325843811035156,0.5749514698982239
3259992722_4c5e895734.jpg,-6.983068466186523,-0.9563465118408203
3260088697_af9b6d2393.jpg,5.819673538208008,-7.908066272735596
3260191163_6c1551eee8.jpg,7.047961711883545,6.036686420440674
3260214530_7179346407.jpg,-2.232989549636841,1.3050404787063599
326028454_fb396167e6.jpg,-6.7893967628479,1.5502514839172363
3260768565_2b725be090.jpg,-7.172237396240234,-2.02287220954895
3260975858_75d0612a69.jpg,4.907824516296387,-2.02758526802063
3261493263_381a4c5cc7.jpg,3.0464253425598145,-0.6365944147109985
3261666285_86fceb762d.jpg,-4.870950698852539,4.163901329040527
3262075846_5695021d84.jpg,-2.10048246383667,6.068912029266357
3262301835_9f1a49b80a.jpg,-8.025510787963867,-0.05742531642317772
3262386960_14f5d857db.jpg,-5.269903659820557,2.9548122882843018
3262475923_f1f77fcd9f.jpg,2.747724771499634,5.114848613739014
3262647146_a53770a21d.jpg,-2.6785662174224854,-0.48541179299354553
3262760716_1e9734f5ba.jpg,-6.0666422843933105,1.1415801048278809
3262793378_773b21ec19.jpg,-3.1292693614959717,-1.7117546796798706
3262849619_0bc4f88ef9.jpg,4.876121520996094,0.38739126920700073
3263141261_db3a4798b5.jpg,-2.4400947093963623,1.0499320030212402
3263215700_e27f81f8b9.jpg,8.663603782653809,0.3531019389629364
326334188_8850b7bfd4.jpg,-1.2159090042114258,-12.232999801635742
3263395801_5e4cee2b9e.jpg,-2.287295341491699,-3.6410908699035645
3263497678_8bb688ca01.jpg,-3.63631534576416,2.0212743282318115
3263741906_6e4508d1c8.jpg,6.497398376464844,2.881801128387451
3263946591_a1558b77d3.jpg,-0.411273330450058,-5.419880390167236
3264337159_e1680a35ba.jpg,10.082414627075195,-3.9201924800872803
3264350290_f50494e835.jpg,-3.625877618789673,-4.849414825439453
3264397357_72f084cac1.jpg,-0.0030064149759709835,-5.531964302062988
3264464625_c711cc40c6.jpg,6.422673225402832,-6.412725925445557
326456451_effadbbe49.jpg,6.394741535186768,2.7269508838653564
3264650118_be7df266e7.jpg,3.650813579559326,-6.0641069412231445
3264678536_46601d25f0.jpg,7.682248592376709,4.578782081604004
3264937930_9623496b64.jpg,-1.1750924587249756,-0.4353191554546356
3265162450_5b4e3c5f1b.jpg,8.822121620178223,2.1009156703948975
3265209567_b3b9c8e0fe.jpg,3.160104274749756,2.922316551208496
3265527323_6431f00692.jpg,3.923816442489624,1.2428903579711914
3265578645_4044a7049a.jpg,-4.62703800201416,-0.015219496563076973
326585030_e1dcca2562.jpg,1.5496348142623901,-4.7599029541015625
3265864834_e0229020dd.jpg,9.138317108154297,-2.0695505142211914
3265964840_5374ed9c53.jpg,1.6696505546569824,-6.577341079711914
3266261886_36e1323d2f.jpg,-3.1529479026794434,0.978341281414032
3266306177_7994dc2865.jpg,9.394696235656738,2.4637210369110107
3266399073_40820596d5.jpg,-6.501739501953125,-1.7633113861083984
3266406566_d64e57e65a.jpg,-3.9019269943237305,-1.389821171760559
3267644370_f2728d6c7a.jpg,1.5876857042312622,-8.805134773254395
3268175963_113d90d178.jpg,-4.806807518005371,-0.9117575287818909
3268191118_ba25fabab6.jpg,-5.1694536209106445,-1.0494508743286133
3268407162_6274e0f74f.jpg,-0.9824607968330383,3.190549373626709
3268443910_b36dbc1e5c.jpg,-2.247067928314209,1.5649408102035522
3268908792_c24529fe88.jpg,-3.751077651977539,-0.8238397240638733
3269087421_1d489abeae.jpg,-6.003121852874756,0.8766626119613647
3269380710_9161b0bd00.jpg,-3.5879862308502197,0.384994775056839
3269661567_faf190885a.jpg,-5.81223201751709,-0.3816378712654114
3269895626_7b253c82ed.jpg,-0.7783283591270447,-2.583761692047119
3270047169_2ed289a9af.jpg,-2.9350216388702393,-1.6612354516983032
3270083123_fcc1208053.jpg,9.103172302246094,-3.9223196506500244
3270273940_61ef506f05.jpg,-4.356590270996094,-5.034257888793945
3270691950_88583c3524.jpg,5.196757793426514,-5.206177234649658
3271061953_700b96520c.jpg,-0.10477104783058167,-2.317629098892212
3271084924_4778d556cc.jpg,7.048409461975098,9.84699821472168
3271178748_630d269811.jpg,-4.910004615783691,5.461306095123291
3271252073_0a1b9525fc.jpg,-4.32143497467041,1.6805040836334229
3271385712_ffd34f2de5.jpg,-9.314784049987793,1.2406967878341675
3271468462_701eb88d3b.jpg,2.916548013687134,3.8539302349090576
3271495320_bca47795fb.jpg,0.2842752933502197,-0.6158825159072876
3272002857_ace031f564.jpg,5.091574192047119,0.7854023575782776
3272071680_648a99f7d2.jpg,-5.021482944488525,3.221966028213501
3272541970_ac0f1de274.jpg,-4.321769714355469,-1.7838685512542725
3272847211_9e8a4f8308.jpg,-6.94828987121582,2.7128312587738037
3273091032_98f724b36b.jpg,2.9434611797332764,2.781777858734131
3273163189_dece7babf4.jpg,8.401565551757812,3.171870470046997
3273325447_81c94000da.jpg,-0.05960632860660553,-0.9778216481208801
3273403495_fcd09c453e.jpg,3.1832900047302246,-7.397848606109619
3273489163_8209545810.jpg,-3.4436655044555664,2.3630146980285645
3273625566_2454f1556b.jpg,1.2289848327636719,4.433833122253418
3273969811_42e9fa8f63.jpg,2.7691493034362793,-2.3767645359039307
327415627_6313d32a64.jpg,4.236839771270752,3.3217246532440186
3274375509_4fe91a94c0.jpg,-7.199466705322266,1.8941694498062134
3274691778_94bb57bba3.jpg,-6.556467056274414,-4.592319011688232
3274879561_74997bbfff.jpg,6.377780914306641,1.6533513069152832
3275065565_9e2a640fbc.jpg,5.740180969238281,7.771059513092041
3275527950_41aca690a1.jpg,3.6081666946411133,-3.501471757888794
3275537015_74e04c0f3e.jpg,2.2655227184295654,-2.470808982849121
3275627207_0b41e44597.jpg,-2.787003517150879,2.3435287475585938
3275704430_a75828048f.jpg,-2.9424195289611816,-0.03417527303099632
3275711232_e261143664.jpg,-1.8304334878921509,-0.41066887974739075
327621377_0bc3b7fd26.jpg,4.0886149406433105,4.941274166107178
3276448136_0d9f5069c5.jpg,-7.066234111785889,-1.9073607921600342
3276475986_66cd9cc7e4.jpg,-6.900386810302734,0.14917819201946259
3276895962_c053263d01.jpg,7.915081024169922,6.030165195465088
3277162496_dff7eeb59e.jpg,6.781655788421631,5.120944023132324
3277824093_299cbb3138.jpg,-5.215156555175781,-6.036478042602539
3278189732_f750cb26b7.jpg,6.9957804679870605,7.434699058532715
3278581900_8ce75a5332.jpg,4.433833599090576,-3.9628989696502686
3278777548_290b881018.jpg,0.7901909351348877,-4.1595001220703125
3278811919_d5a3432af6.jpg,7.209982395172119,-6.756215572357178
3279025792_23bfd21bcc.jpg,8.318675994873047,0.2921452522277832
3279228339_71deaa3d9b.jpg,-3.8535640239715576,3.2715253829956055
3279524184_d5e2ffbaed.jpg,8.756491661071777,6.480961322784424
327997381_55f90dc834.jpg,-6.982029438018799,0.9183810353279114
3279988814_d3693dcb6c.jpg,-4.942901611328125,1.496808648109436
3280052365_c4644bf0a5.jpg,-8.776494979858398,1.1195229291915894
3280173193_98c2d6a223.jpg,4.568357467651367,0.3943038582801819
3280644151_3d89cb1e0e.jpg,-4.039331436157227,1.2610746622085571
3280672302_2967177653.jpg,-0.12058848887681961,0.6266446709632874
3281078518_630a7a7f4f.jpg,1.7442675828933716,1.9656847715377808
3281580623_8c3ba0fdb2.jpg,4.807858467102051,3.8302924633026123
3281611946_f42deed2e1.jpg,-4.440832614898682,1.4264050722122192
3282121432_648dac8a29.jpg,-0.7981637120246887,-6.163079261779785
3282434895_1c1efc1475.jpg,-4.006744384765625,-0.9270241856575012
3282634762_2650d0088a.jpg,6.346593856811523,-2.1413283348083496
3282897060_8c584e2ce8.jpg,-5.035706043243408,1.2185672521591187
3282925526_535ff9f2b2.jpg,0.452004611492157,0.8691335916519165
3283368342_b96d45210e.jpg,4.887080669403076,4.173502445220947
3283626303_8e23d4a842.jpg,3.032630443572998,-6.048723220825195
3283897411_af9d0b497d.jpg,-2.814060926437378,-3.696159839630127
3283913180_7d4e43602d.jpg,-4.478823661804199,-1.2942758798599243
3284460070_6805990149.jpg,2.3807551860809326,-3.8705124855041504
3284887033_e2e48f1863.jpg,2.4785757064819336,4.874958038330078
3284899112_f11ab3cfe6.jpg,-6.807605743408203,-1.0146833658218384
3284955091_59317073f0.jpg,-2.2591638565063477,-3.353192090988159
3285180819_a9712fd2bc.jpg,-4.32433557510376,5.025552749633789
3285214689_f0219e9671.jpg,-3.9750139713287354,3.206895589828491
3285298241_9b1ed98d19.jpg,-5.386102199554443,4.028522968292236
3285993030_87b0f1d202.jpg,6.342565059661865,1.0809029340744019
3286017638_c688c83e3d.jpg,1.2302240133285522,9.448005676269531
3286045254_696c6b15bd.jpg,-3.8803751468658447,3.5128774642944336
3286111436_891ae7dab9.jpg,-3.223775863647461,2.999171257019043
3286193613_fc046e8016.jpg,2.9312398433685303,4.148241996765137
3286198467_8880be127e.jpg,5.948126792907715,5.323620319366455
3286222970_1fa445e38f.jpg,-5.742433071136475,0.4077717065811157
3286406057_a1668655af.jpg,-4.2825422286987305,0.8445829749107361
3286543624_7a327f79ae.jpg,-4.5511579513549805,0.6066235303878784
3286620180_4b00e93e8e.jpg,-5.774377346038818,-0.6448851823806763
3286761458_34af7e4499.jpg,-5.70958137512207,0.8570201396942139
3286822339_5535af6b93.jpg,-8.804908752441406,-1.526309847831726
3287236038_8998e6b82f.jpg,-5.488574981689453,3.4083943367004395
3287549827_04dec6fb6e.jpg,-5.2459282875061035,-5.578821659088135
3287904625_f68ca5cea7.jpg,3.92039155960083,-8.826603889465332
3287963317_186491ee78.jpg,5.346826076507568,-11.410357475280762
3287969199_08e775d896.jpg,5.353513240814209,-2.0011725425720215
3288173388_03bc2a844d.jpg,-5.7160964012146,-3.9911739826202393
3288174272_2daa06d360.jpg,-3.470790386199951,-0.007122259121388197
3288274849_07ff76ee93.jpg,1.6912827491760254,-3.51871919631958
3288839246_fdb00395ae.jpg,0.4185798168182373,-8.705793380737305
328916930_e4d4be1730.jpg,-2.44640851020813,0.3750263750553131
3289433994_4c67aab384.jpg,6.608403205871582,2.5333375930786133
3289817083_4e78e1c05a.jpg,-2.8913094997406006,3.055044412612915
3289893683_d4cc3ce208.jpg,-5.2712483406066895,3.6899659633636475
3290105461_7590f23371.jpg,-0.7884432077407837,4.447920799255371
3290465391_258429e2f9.jpg,-6.815475940704346,-0.8769180178642273
3291255271_a185eba408.jpg,0.6398875117301941,2.3857452869415283
3291587911_81fc33300e.jpg,2.468095302581787,2.027161121368408
3292016893_24d14c8b4f.jpg,5.1654276847839355,2.7929561138153076
3292277400_f95cdd13d1.jpg,5.4338297843933105,2.158207416534424
3293018193_e4e0c8db7c.jpg,-4.951458930969238,0.5945384502410889
3293596075_973b0bfd08.jpg,6.533584117889404,-1.581016182899475
3293642024_e136b74a55.jpg,6.547441005706787,-7.858062267303467
3293751136_b0ce285dc3.jpg,-7.745851039886475,-0.9538310170173645
3293751640_d81a6f3a0c.jpg,-5.795339584350586,-0.7954159379005432
3293753378_7a8ddb98b2.jpg,-6.132287979125977,2.7304182052612305
3293945284_6a04e477a9.jpg,-2.2279446125030518,1.3540745973587036
3294179574_4f67e67d6f.jpg,-3.255648612976074,-1.2499868869781494
3294202771_e8ee78a439.jpg,7.93671178817749,0.12986738979816437
3294209955_a1f1e2cc19.jpg,4.057222366333008,5.291722297668457
3294717824_3bb7b5d1c8.jpg,7.475785255432129,-6.9669976234436035
3294830188_e46bd9b93c.jpg,0.12456735968589783,-0.43520721793174744
3294952558_96bb8c8cf3.jpg,4.2377543449401855,5.2799763679504395
3294964868_16f4f9fa9d.jpg,0.8048584461212158,-4.854109764099121
3295024992_887a95c700.jpg,3.0467796325683594,-7.0820841789245605
3295391572_cbfde03a10.jpg,-7.206149578094482,1.1373417377471924
3295418287_5d590dac43.jpg,-5.035276412963867,-1.2775468826293945
3295452057_0c987f895f.jpg,3.186460256576538,2.7921090126037598
3295671644_0e10891b6d.jpg,6.485849857330322,6.396550178527832
3295680663_af21ea648b.jpg,-2.877911329269409,-0.009885065257549286
3296124052_6f1d1c9f8d.jpg,-6.040131568908691,-3.2359514236450195
3296150666_aae2f64348.jpg,3.1094119548797607,-2.8390936851501465
3296226598_1c892c4351.jpg,-5.764793872833252,-0.002542233094573021
3296500180_0d7a6650dc.jpg,-6.709193229675293,-4.162384986877441
3296584432_bef3c965a3.jpg,4.7069993019104,-0.4314769506454468
3296715418_29542dcdc2.jpg,3.6901612281799316,3.0992255210876465
3297272270_285b8878b2.jpg,-3.571659803390503,2.2608447074890137
3297323827_f582356478.jpg,7.563239574432373,-7.168249607086182
3298175192_bbef524ddc.jpg,2.4268946647644043,4.066786766052246
3298199743_d8dd8f94a0.jpg,-1.9456045627593994,1.533605933189392
3298233193_d2a550840d.jpg,4.804401874542236,0.896856427192688
3299418821_21531b5b3c.jpg,-3.398421049118042,-2.9624898433685303
3299820401_c2589186c5.jpg,1.084105372428894,-5.2664875984191895
3300019891_8f404d94a1.jpg,-7.7159929275512695,0.5422350764274597
3300679815_2c6c2301cb.jpg,-4.7099289894104,0.8969174027442932
3301021288_95935b7a74.jpg,-2.9126012325286865,0.14646461606025696
3301438465_10121a2412.jpg,-2.436751127243042,3.9595818519592285
3301744710_b51280eb56.jpg,-7.167375087738037,-0.3707343339920044
3301754574_465af5bf6d.jpg,1.9706673622131348,-1.0659204721450806
3301811927_a2797339e5.jpg,-4.002565383911133,3.572287082672119
3301822808_f2ccff86f4.jpg,-5.319662570953369,0.07730273902416229
3301854980_233cc2f896.jpg,3.165670156478882,-3.467158079147339
3301859683_2d5e4b40a3.jpg,5.6511359214782715,-6.137989044189453
3301935788_2bb7bbc515.jpg,3.0965704917907715,-4.885698318481445
3302804312_0272091cd5.jpg,3.9965577125549316,5.377012252807617
330325191_63e11d9c93.jpg,4.845952033996582,-5.777531623840332
3303648823_53cf750acd.jpg,5.715069770812988,-6.299600124359131
3303787342_b258b377b6.jpg,7.3280415534973145,-8.266254425048828
3303797949_339bb969ba.jpg,-2.4425604343414307,4.085005760192871
3304030264_da3dd18c7b.jpg,-3.6129422187805176,-0.23647499084472656
3304484212_b950233c30.jpg,0.3451484739780426,-4.493438243865967
3304511635_113beaf458.jpg,-3.4192116260528564,1.5652040243148804
3304556387_203b9d4db0.jpg,5.653925895690918,5.397483825683594
3304712466_18cbdb85fe.jpg,-2.326697826385498,-3.2988922595977783
3305767464_d64a336f60.jpg,-6.038254737854004,-0.3717156946659088
3305895920_100a67d148.jpg,-5.969928741455078,3.0934908390045166
3306212559_731ba9bd05.jpg,-2.6132283210754395,-7.53620719909668
3306464579_1b16a0caf2.jpg,-3.1892824172973633,1.818879246711731
3306951622_93b82cac21.jpg,7.068790912628174,-9.318302154541016
3307077951_dd31f1971c.jpg,3.3757803440093994,5.531678676605225
3307147971_5b3abf61f9.jpg,3.2596709728240967,-1.5115941762924194
3307563498_e2b4f19272.jpg,1.9335277080535889,-6.034893989562988
3307667255_26bede91eb.jpg,-4.834179401397705,-1.7931004762649536
3307978046_92fef4dfa9.jpg,-1.88602614402771,-3.4881296157836914
3308018795_68a97a425c.jpg,-4.934281826019287,-3.1994447708129883
3308171165_20f93d2fba.jpg,-6.728586673736572,1.4809327125549316
3308488725_f91d9aba27.jpg,-6.443985939025879,-0.9284343719482422
330849796_c575c3108a.jpg,-3.030818462371826,-0.19484473764896393
3308997740_91765ecdcc.jpg,-6.83717679977417,1.1868888139724731
3309042087_ee96d94b8a.jpg,3.2178032398223877,-5.484813690185547
3309082580_7228067ee0.jpg,-3.720973491668701,-3.0524954795837402
3309578722_1765d7d1af.jpg,-0.8860659003257751,-4.375985145568848
3310067561_b92017acab.jpg,-0.2594812214374542,3.8935437202453613
3310551665_15b79ef4ea.jpg,-7.279626369476318,-1.4376416206359863
33108590_d685bfe51c.jpg,-5.655889511108398,1.467221975326538
3312096605_f458757418.jpg,0.8299523591995239,-6.088454723358154
3312779887_7682db7827.jpg,1.005608320236206,-4.006799697875977
3313232606_4ce7e16b87.jpg,-2.9996464252471924,2.3881304264068604
3313620862_0c65c645f5.jpg,-3.20068621635437,-0.1319730430841446
3314180199_2121e80368.jpg,-2.7949297428131104,4.544837474822998
3314517351_69d70e62bd.jpg,9.596809387207031,-6.593106269836426
3314900697_c5c5ae9af6.jpg,-0.4406653046607971,-0.4478813707828522
3315033940_e91f87b7f2.jpg,5.683375835418701,-6.68709135055542
3315110972_1090d11728.jpg,3.663609266281128,-1.0423086881637573
3315250232_83e24a2d51.jpg,2.4838085174560547,3.270174741744995
3315323307_bd148a8964.jpg,9.542570114135742,2.055023670196533
3315353266_70f0bbb1c3.jpg,-4.944003582000732,0.7639257311820984
3315616181_15dd137e27.jpg,-6.298578262329102,-0.17887702584266663
3315726723_64c9b0a945.jpg,0.6973025798797607,4.570230960845947
3316046339_8e504be038.jpg,-1.2311244010925293,-5.077695846557617
3316725440_9ccd9b5417.jpg,0.9168635010719299,-2.0754234790802
3317073508_7e13565c1b.jpg,-2.49009370803833,6.788078308105469
3317145805_071b15debb.jpg,3.7509453296661377,4.969358921051025
3317333893_9d0faa8d30.jpg,8.509784698486328,3.7895264625549316
3317960829_78bbfafbb6.jpg,-4.322691917419434,1.686654806137085
3318564834_4ccea90497.jpg,-4.884500980377197,1.458970069885254
3318995586_c2bc50b92e.jpg,-4.505905628204346,3.3014490604400635
3319020762_d429d56a69.jpg,10.002327919006348,-6.155236721038818
3319058642_885d756295.jpg,-4.952457904815674,0.04580853134393692
3319177177_130a72b8ae.jpg,-0.2074008733034134,0.31763210892677307
3319338707_892ae2a660.jpg,-2.5663199424743652,-6.04856538772583
3319388517_5609ae9805.jpg,-5.3626298904418945,0.0046988180838525295
3319405494_58dee86b21.jpg,0.1860085129737854,-9.009072303771973
3319489465_c65c91e4f2.jpg,0.8465510010719299,2.3337981700897217
3319586526_3994e9cd58.jpg,-7.238921642303467,3.4112913608551025
3319723910_af5b5f1fae.jpg,-3.0895512104034424,-3.0457775592803955
3319899418_4bcf1b00d8.jpg,2.1575655937194824,-3.537290573120117
3320032226_63390d74a6.jpg,-1.1634891033172607,-1.5690398216247559
3320154278_c67e01b8d1.jpg,-2.9505105018615723,1.0575981140136719
3320209694_db579cb607.jpg,-2.9467408657073975,-4.184550762176514
3320356356_1497e53f80.jpg,2.969203472137451,-4.3404860496521
3320411267_df70b90501.jpg,-0.09858980774879456,-5.301710605621338
332045444_583acaefc3.jpg,2.4212229251861572,2.715489149093628
3320680380_b0d38b3b4a.jpg,-1.501417875289917,-7.922120571136475
3320756943_9d004f9824.jpg,-4.776764869689941,-1.4276247024536133
3321063116_4e5deeac83.jpg,4.149654865264893,-0.8968555927276611
3321334180_8f764e0e0f.jpg,2.372828245162964,-1.278602123260498
3321516504_5ee97771cb.jpg,-1.9065061807632446,1.9095110893249512
3321956909_7b5ddf500f.jpg,0.963107168674469,-2.810492515563965
3322200641_c2e51ff37b.jpg,9.654748916625977,-1.7414798736572266
3322389758_394c990b6a.jpg,8.300738334655762,0.8718523383140564
3322443827_a04a94bb91.jpg,-6.201235294342041,1.4287950992584229
3323076458_3ce72a1dae.jpg,3.793833017349243,3.549624443054199
3323419265_7fefaa9d5d.jpg,-3.7442378997802734,3.4566972255706787
3323498985_fd9d2803fd.jpg,9.407357215881348,-4.028659820556641
3323514651_3efdbd63ed.jpg,-4.949310302734375,2.335679054260254
3323528927_7b21081271.jpg,-4.4451584815979,1.1700879335403442
3323661814_1e8e1ae88c.jpg,-4.986877918243408,2.2101333141326904
3323952123_deb50b0629.jpg,6.787483215332031,3.055537223815918
3323988406_e3c8fce690.jpg,-3.5404093265533447,-1.9661768674850464
3324056835_84904fe2f8.jpg,9.320184707641602,-3.321444272994995
3324375078_9441f72898.jpg,5.101513385772705,1.8872566223144531
3324746155_71e14f60ce.jpg,-1.9828402996063232,5.542557716369629
3325129757_7a1979ac11.jpg,3.1566944122314453,-6.432676792144775
3325157569_8084ab3293.jpg,-5.97681999206543,3.508742332458496
3325497914_f9014d615b.jpg,-5.218099117279053,2.6530251502990723
3325578605_afa7f662ec.jpg,4.82319974899292,-2.344172954559326
3325910784_5ecb88310c.jpg,3.3919994831085205,3.1493802070617676
3325974730_3ee192e4ff.jpg,0.12587805092334747,-6.386265754699707
3326024473_4c16e4fbfc.jpg,-0.08117406815290451,-3.5033786296844482
3326086533_23a0a54a8e.jpg,6.858641624450684,3.953643560409546
3326204251_2f9e446a2f.jpg,1.2387670278549194,-3.5206778049468994
3326249355_e7a7c71f06.jpg,0.3212539255619049,-3.7667739391326904
3326273086_e09e845185.jpg,7.198956489562988,2.1308131217956543
3326376344_3306bf439e.jpg,11.40831470489502,0.9698780179023743
3326454455_960e5442e9.jpg,-0.6316822171211243,4.488643169403076
3326588088_172d1b2584.jpg,-6.612889289855957,0.9596055150032043
3327487011_1372c425fb.jpg,-8.682701110839844,0.05515484884381294
3327563443_870a33f748.jpg,-1.9897719621658325,0.3575863838195801
3328247381_a9f7fb4898.jpg,6.659930229187012,-7.220494270324707
3328397409_092de2bd32.jpg,3.298194646835327,-5.206441402435303
3328495660_ed0e3f29cf.jpg,-4.372896194458008,-2.0155718326568604
3328535573_33c3cd5b59.jpg,2.6297311782836914,-1.5154250860214233
3328646934_5cca4cebce.jpg,2.0275378227233887,-1.5519096851348877
3329169877_175cb16845.jpg,1.4158596992492676,-3.858675241470337
3329254388_27017bab30.jpg,0.3974669575691223,-5.77886962890625
3329289652_e09b80e2f3.jpg,-3.9397835731506348,1.6048133373260498
3329777647_5e1fd503ac.jpg,7.435372352600098,6.9712090492248535
3329793486_afc16663cc.jpg,2.611452579498291,-8.751177787780762
3329858093_0ec73f2190.jpg,-4.511305809020996,1.4545649290084839
3330007895_78303e8a40.jpg,-4.389298439025879,0.7413859963417053
3330019493_fd36fbc2ea.jpg,-0.3611189126968384,-4.589820384979248
3330102093_1d6e35e78d.jpg,1.6581684350967407,-5.028039455413818
333031366_a0828c540d.jpg,12.047207832336426,0.03688838332891464
3330333217_1a69497a74.jpg,-7.501632213592529,1.5361964702606201
3330654550_3efe9a71af.jpg,-4.084013938903809,-2.029428482055664
3330675488_8692476a4a.jpg,2.4285998344421387,-5.352445125579834
3330680118_4e541889c1.jpg,3.9763641357421875,-4.946666240692139
3330935489_9cb67ca36b.jpg,6.692504405975342,4.671924591064453
3331009729_d3b14738e6.jpg,-4.865114688873291,0.7734195590019226
3331102049_bc65cf6198.jpg,0.9517530798912048,1.3013447523117065
3331190056_09f4ca9fd2.jpg,-3.064389228820801,1.1265177726745605
3331525712_af1dcc47f2.jpg,-7.662195205688477,0.6620296239852905
3331797838_b3e33dbe17.jpg,-1.6907670497894287,-6.000730991363525
3331900249_5872e90b25.jpg,5.179488658905029,-6.993070125579834
3332136681_9aecf101fd.jpg,-0.888146162033081,-0.7994797825813293
3332202255_a30c522664.jpg,-6.980567455291748,0.21675828099250793
3332248667_617606714b.jpg,-6.802060127258301,2.3380990028381348
3332467180_d72f9b067d.jpg,-3.739002227783203,-1.8227530717849731
3333017828_b930b9d41b.jpg,7.721621990203857,2.972417116165161
3333039854_461329aac2.jpg,-8.054717063903809,-0.4160821735858917
3333675897_0043f992d3.jpg,-0.31148508191108704,6.444577693939209
3333826465_9c84c1b3c6.jpg,-4.3623175621032715,1.6809604167938232
3333921867_6cc7d7c73d.jpg,9.395853996276855,3.753948450088501
3334057289_68ece38a85.jpg,7.02236270904541,4.250777244567871
3334300164_e75e0479ae.jpg,5.146662712097168,-5.1539082527160645
3334537556_a2cf4e9b9a.jpg,4.42399263381958,-1.6844300031661987
3334866049_f5933344aa.jpg,0.42308756709098816,-6.229675769805908
3334953664_a669038795.jpg,-2.9412171840667725,1.4194899797439575
3335097235_538f4777c3.jpg,6.730386734008789,3.879108190536499
3335370208_460fc19bfa.jpg,3.828887939453125,-4.216683864593506
3335375223_b4da8df523.jpg,-3.9937326908111572,-1.702435851097107
3335501468_628655d608.jpg,5.501662731170654,1.0075465440750122
3335547029_74d620fa6c.jpg,1.4725464582443237,-6.911392688751221
3335692531_dd4a995f91.jpg,6.8923659324646,2.571026086807251
3335773346_ac0d97efeb.jpg,7.859065532684326,-7.746650218963623
3335885203_a3fe8e541f.jpg,-0.16863323748111725,2.8498661518096924
3335997221_254366c400.jpg,-6.791848182678223,-1.2378685474395752
3336065481_2c21e622c8.jpg,-3.056079387664795,-0.301463782787323
3336211088_4c294a870b.jpg,-5.707926273345947,-2.345628261566162
3336361161_c06cdd160e.jpg,1.6274378299713135,4.215975761413574
3336374196_f6eaca542f.jpg,0.8648500442504883,-2.7187509536743164
3336682980_1082a66878.jpg,-4.096858501434326,2.048062562942505
3336759846_5220e27deb.jpg,-6.766620635986328,0.5718954801559448
3336808362_c17837afd8.jpg,-6.2515130043029785,0.9170178174972534
3336831820_5c5df4b033.jpg,-6.743364334106445,0.11706458777189255
3337046794_296bd2c7e0.jpg,7.855884552001953,1.3503307104110718
3337332770_5eda5cceb7.jpg,7.276533603668213,0.5168426632881165
3337461409_e4e317853d.jpg,3.6248903274536133,5.401909828186035
3338217927_3c5cf3f7c6.jpg,5.222776412963867,-7.384700298309326
3338291921_fe7ae0c8f8.jpg,4.933121681213379,1.685729742050171
3338474677_7376e426c2.jpg,-2.8922905921936035,-1.0306593179702759
3338590946_f25b76cbc7.jpg,4.524374485015869,-7.892575740814209
3339105374_cc41e0b7d7.jpg,4.333553791046143,-5.429165840148926
3339140382_2e49bc324a.jpg,1.458539605140686,-3.7601306438446045
3339263085_6db9fd0981.jpg,9.055596351623535,0.31612592935562134
3339319023_5dcc3ef81a.jpg,-2.924745559692383,1.3232916593551636
3339558806_b4afdc8394.jpg,-2.30477237701416,0.7956355810165405
3339586622_a7676b30e1.jpg,-3.2055904865264893,-3.125701665878296
333973142_abcd151002.jpg,7.965727806091309,1.7152847051620483
3339747039_1a8455c210.jpg,1.9084479808807373,-7.765819072723389
3339751521_7a8768be27.jpg,-0.6038483381271362,-2.3048789501190186
3339768802_8ab768558a.jpg,-3.3468658924102783,0.05150117725133896
3339916063_63b960ed46.jpg,-0.8650903105735779,6.9488749504089355
3340575518_137ce2695f.jpg,1.8962775468826294,-7.477285385131836
3340857141_85d97a7466.jpg,7.349460124969482,2.285179615020752
3341077091_7ca0833373.jpg,-4.4080986976623535,-1.4703906774520874
3341084434_db5e7d1fdc.jpg,4.444882392883301,-7.765420436859131
3341477531_4e37450f35.jpg,-4.481831073760986,-2.3780763149261475
3341489212_a879e1544a.jpg,4.935727596282959,-4.599297523498535
3341782693_426bf7139b.jpg,7.694998741149902,-6.299925327301025
3341961913_9a9b362f15.jpg,-3.706240653991699,1.6991159915924072
3342271377_446ffc34c0.jpg,-6.320367336273193,1.4129899740219116
3342272425_804316cb3d.jpg,-4.6098246574401855,-1.1892919540405273
3342309960_c694b2cce9.jpg,-4.446415424346924,-1.3940207958221436
3342487512_fd33971dea.jpg,-0.01855100877583027,-3.581096887588501
3342822192_082f932ef2.jpg,-3.5128297805786133,-1.5334573984146118
3342855466_44038a8aa3.jpg,-2.4005513191223145,-5.328530788421631
3343106500_27176fc544.jpg,-3.640685558319092,1.6396563053131104
3343116398_59a5341f7f.jpg,-4.001903533935547,4.280126571655273
3343197133_9256848fa9.jpg,0.5057395696640015,-5.196049213409424
3343311201_eeb1a39def.jpg,0.36757349967956543,3.698514461517334
3343900764_2a4c0405f9.jpg,-6.485357761383057,1.8077255487442017
3344233740_c010378da7.jpg,-4.917194843292236,-1.398800015449524
3344411431_6f4917bb2f.jpg,-8.871679306030273,-1.1349745988845825
3344526059_4a097af285.jpg,-3.823526382446289,1.55375075340271
3344531479_03c69750e9.jpg,-4.272770881652832,3.763202428817749
3344632789_af90d54746.jpg,-3.1943228244781494,-0.6346043348312378
3344798356_5cc41f7939.jpg,4.085348129272461,-7.835959434509277
3344948183_5b89379585.jpg,-4.637954235076904,2.0423521995544434
3345025842_bc2082a509.jpg,1.4223439693450928,4.616383075714111
3346040664_5b584e6133.jpg,-4.494616508483887,4.022060394287109
3346289227_198fced308.jpg,-2.6058669090270996,-2.221710443496704
3346614841_698f9aa486.jpg,-3.776577949523926,-1.310833215713501
3346711367_5e7b29e20f.jpg,5.134958744049072,6.597453594207764
3346918203_986dca6641.jpg,-0.9279969930648804,-3.9123470783233643
334737767_7f344eee16.jpg,9.187828063964844,10.904143333435059
3347500603_13670ee6bf.jpg,-3.5941455364227295,1.0904507637023926
3347666612_659e6e2207.jpg,-0.05213253200054169,2.7679245471954346
334768700_51c439b9ee.jpg,0.5488935112953186,4.579984188079834
3347701468_bb0001b035.jpg,-2.7361016273498535,1.2311025857925415
3347798761_5c5260b000.jpg,2.695282459259033,-2.7212283611297607
3348191949_b0b925e5f1.jpg,-1.4733871221542358,-4.014795780181885
3348208268_6d97d951eb.jpg,-4.617090702056885,0.523559033870697
3348384389_73b6647017.jpg,4.003835201263428,2.7628276348114014
3348385580_10b53391f9.jpg,-1.83048677444458,-3.619872570037842
3348785391_c243faf6bb.jpg,-3.3183717727661133,-1.4397501945495605
3348811097_0e09baa26f.jpg,-2.724691390991211,-3.7897465229034424
3349194268_0ee555c9a2.jpg,-3.539897918701172,-0.17773449420928955
3349258288_5300c40430.jpg,-2.036679267883301,-2.1620311737060547
3349307529_c1a516b9dc.jpg,4.568290710449219,-8.916196823120117
3349308309_92cff519f3.jpg,3.038487672805786,-1.8782391548156738
3349309109_4024a09a17.jpg,1.854119896888733,-1.459703803062439
3349451628_4249a21c8f.jpg,-1.2196276187896729,-2.2552335262298584
3349528565_0bc013b70a.jpg,-4.195961952209473,-0.4594530463218689
3349955993_a04aea97d8.jpg,-5.316958427429199,-3.0526468753814697
3349968447_b5d4a477b2.jpg,6.518792152404785,2.463472366333008
3350260112_fcb47ff6b2.jpg,1.1261900663375854,-5.965056896209717
3350614753_5624e181b3.jpg,-6.32665491104126,-0.7633009552955627
3350671534_2a5d45a961.jpg,-4.272778034210205,-1.860459327697754
3350785999_462f333c44.jpg,-4.659618377685547,-0.5939543843269348
3350786891_6d39b234e9.jpg,-5.262576580047607,-0.011615687049925327
3351111378_b5d80783a1.jpg,7.345343112945557,-7.02822208404541
3351357065_a6a9b3d485.jpg,3.8922500610351562,-9.17361831665039
3351360323_91bb341350.jpg,-4.782805442810059,1.4365830421447754
3351370405_e417e38f52.jpg,3.925483465194702,-9.245567321777344
3351418768_596ef7fd6f.jpg,-6.368889808654785,-4.5405402183532715
3351493005_6e5030f596.jpg,-2.0209572315216064,-1.089597463607788
3351586010_7ffaa90ea8.jpg,-0.45860591530799866,-2.46364688873291
3351596152_bf283f03d1.jpg,-5.280112266540527,-1.7816210985183716
3351667632_00f586a30c.jpg,-3.7790377140045166,-2.4268088340759277
3351667846_ac43118ae5.jpg,-3.9277279376983643,1.5037726163864136
3351704877_28dea303aa.jpg,3.2284512519836426,-0.47522348165512085
3352199368_b35f25793e.jpg,3.5696029663085938,-9.306638717651367
3352531708_a65dd694b1.jpg,0.8563743233680725,0.19008223712444305
3352697012_751b079bbb.jpg,-1.7464326620101929,4.197656154632568
3352791995_8db4979aca.jpg,-5.117969989776611,3.286713123321533
3352871762_c9e88592d3.jpg,-6.612884044647217,-1.8515543937683105
3353036763_4cbeba03b2.jpg,-0.18322429060935974,0.519038200378418
3353278454_2f3a4d0bbc.jpg,-6.422484874725342,-2.6903936862945557
3353328134_dd9ed0edab.jpg,1.8188893795013428,-2.187763214111328
3353400143_8b9543f7dc.jpg,-2.2839770317077637,-0.10853473842144012
3353950389_1153d5e452.jpg,-6.818481922149658,-0.7512564063072205
3353962769_ba48691bc6.jpg,1.152305245399475,-1.8745853900909424
3354063643_1d8814eb13.jpg,5.598598003387451,1.8597074747085571
3354075558_3b67eaa502.jpg,-0.15113288164138794,2.2248072624206543
3354200211_35348e47d8.jpg,-5.664793491363525,-1.7276897430419922
3354330935_de75be9d2f.jpg,1.812857985496521,-7.317709445953369
3354414391_a3908bd4ff.jpg,2.5484418869018555,5.701295852661133
3354474353_daf9e168cf.jpg,8.020886421203613,2.153996229171753
3354489242_dd529ffa1f.jpg,-4.507358074188232,0.28996965289115906
3354883962_170d19bfe4.jpg,8.218997955322266,3.2076289653778076
3355494822_61353a224d.jpg,6.90496826171875,-5.174981117248535
3355683198_715fb1a2ac.jpg,-4.3489556312561035,-0.018053555861115456
3355756569_b430a29c2a.jpg,-0.20463062822818756,-6.479460716247559
3355827928_c96c0c3e88.jpg,-1.4306925535202026,-4.810100555419922
335588286_f67ed8c9f9.jpg,5.817244529724121,0.44692090153694153
3356284586_21c6f155a5.jpg,-4.551687717437744,3.3900556564331055
3356369156_074750c6cc.jpg,0.5778393149375916,-4.322866439819336
3356494271_6103d0b556.jpg,1.9107204675674438,0.6442926526069641
3356642567_f1d92cb81b.jpg,-3.951925277709961,1.6302404403686523
3356700488_183566145b.jpg,-6.05518913269043,0.7311913371086121
3356748019_2251399314.jpg,-1.9469902515411377,-1.809641718864441
3356901257_83811a19eb.jpg,6.516400337219238,-0.4970114529132843
3356938707_d95ba97430.jpg,-5.492260932922363,-2.584672451019287
3357194782_c261bb6cbf.jpg,-3.5155398845672607,0.9456454515457153
3357416302_fcfcdd7b86.jpg,-0.24261875450611115,-6.249685764312744
3357708906_fb3a54dd78.jpg,6.2047648429870605,4.4966959953308105
3357937209_cf4a9512ac.jpg,3.2255101203918457,3.86879301071167
3358380484_b99b48f0c9.jpg,5.364747047424316,6.786506652832031
3358558292_6ab14193ed.jpg,-5.209996700286865,0.9442706108093262
3358621566_12bac2e9d2.jpg,-7.966567516326904,1.1285276412963867
3358682439_be4b83544c.jpg,3.3462510108947754,5.208223819732666
3359089834_263e529c71.jpg,6.730712413787842,2.55464506149292
3359530430_249f51972c.jpg,-1.6660889387130737,-6.979494571685791
3359551687_68f2f0212a.jpg,-6.668936729431152,1.2810567617416382
3359563671_35b67898e7.jpg,-0.9385682940483093,-2.5101139545440674
3359587274_4a2b140b84.jpg,0.7954142689704895,-7.452989101409912
3359636318_39267812a0.jpg,-9.34156322479248,-0.48219922184944153
3360730513_211e1a4db6.jpg,-5.592306613922119,2.1125590801239014
3360823754_90967276ec.jpg,1.1666728258132935,-4.9343743324279785
3360876049_9047edeab9.jpg,1.5592846870422363,-2.3905372619628906
3360930596_1e75164ce6.jpg,-4.729527473449707,4.812531471252441
3360994630_d4616c1b14.jpg,3.474668502807617,-1.4743173122406006
3361210233_962d630ec5.jpg,4.940191745758057,1.8125439882278442
3361411074_83f27d2a1c.jpg,5.84866189956665,1.9359320402145386
3361882891_6e610ffdbb.jpg,-1.1263091564178467,-6.596324443817139
3361990489_92244a58ef.jpg,-2.7819035053253174,0.06976661086082458
3362049454_ea0c22e57b.jpg,6.5909504890441895,6.706462860107422
3362189985_fbae8f860a.jpg,-4.76671838760376,0.47479042410850525
3362592729_893e26b806.jpg,-7.109557151794434,2.251152753829956
3362805914_72f60ee8cb.jpg,1.0726202726364136,1.2883847951889038
3362871440_6c0f27c480.jpg,10.040478706359863,-2.3628695011138916
3363750526_efcedc47a9.jpg,5.940807342529297,4.439444065093994
3363836972_c87b58c948.jpg,-1.7278432846069336,6.90569543838501
3364026240_645d533fda.jpg,4.825372695922852,-9.494813919067383
3364151356_eecd07a23e.jpg,6.130591869354248,4.74360466003418
3364160101_c5e6c52b25.jpg,-1.7114815711975098,3.895052671432495
3364258732_9942c557e5.jpg,-7.736025333404541,3.3362250328063965
336460583_6c8ccb7188.jpg,6.630385875701904,6.394824981689453
3364715316_df8c20bac1.jpg,3.3683791160583496,-7.243898391723633
3364796213_b8948913b5.jpg,-4.509622097015381,-3.2250659465789795
3364797223_1f0b2f98ed.jpg,-7.492467880249023,-0.7896291613578796
3364861247_d590fa170d.jpg,-7.974623203277588,0.5291446447372437
3365198533_539073002b.jpg,4.308867454528809,6.390225410461426
3365348059_9773165302.jpg,-4.840737819671631,2.691304922103882
336551609_1385ab139e.jpg,7.849355220794678,-6.2980146408081055
336551615_a01418bc53.jpg,2.777157783508301,-9.330628395080566
3365602213_dd3287a633.jpg,-0.5118676424026489,-3.387871026992798
3365783912_e12c3510d8.jpg,-6.151366710662842,-0.9734429121017456
3366105287_49a4bf71c6.jpg,-3.557433605194092,-2.295022487640381
3366571152_20afb88ac1.jpg,-6.388265132904053,-0.6608230471611023
3366904106_e996320d20.jpg,-2.056039333343506,0.3157798647880554
3367034082_31658a89bb.jpg,-6.64211368560791,-2.0020699501037598
3367053761_8ec5834bf3.jpg,-4.64035701751709,0.8969520926475525
3367758711_a8c09607ac.jpg,-2.5242257118225098,0.6779531836509705
3367851138_757d6bd2ef.jpg,0.5597392320632935,-3.963303804397583
3368207495_1e2dbd6d3f.jpg,7.637612819671631,6.696450233459473
3368569524_a9df2fc312.jpg,-6.8143720626831055,4.031712532043457
3368671163_0171259581.jpg,4.157907485961914,3.746351480484009
3368819708_0bfa0808f8.jpg,-0.03693293780088425,-4.7602314949035645
3368865171_597d51cdd5.jpg,-7.376608848571777,-0.3831862211227417
3369258147_03db257f0f.jpg,-6.190834045410156,1.307928442955017
3369354061_2bab79f91f.jpg,-2.1407947540283203,0.5786040425300598
3370085095_6abbb67c1d.jpg,-4.220539569854736,1.2875162363052368
3370308329_7f2de5bb58.jpg,-0.8588929176330566,-9.58147144317627
3371266735_43150bce52.jpg,2.9104132652282715,-10.347674369812012
3371279606_c0d0cddab2.jpg,-4.692647457122803,1.1824008226394653
3371533654_73a12a35a4.jpg,-4.875544548034668,-1.8736323118209839
3371567346_b6522efdb8.jpg,-4.938079357147217,2.0467121601104736
3371567529_606fa3452b.jpg,11.181802749633789,-5.059201240539551
3371887001_44ab0c2f17.jpg,1.014678716659546,-4.989487648010254
3372022051_132b8e6233.jpg,-5.751575469970703,-1.4300330877304077
3372167201_f7f909d480.jpg,-3.974937677383423,1.9585245847702026
3372214646_cc2ceb182f.jpg,2.611893653869629,3.172619581222534
3372215826_b3e6403b2e.jpg,-3.3098132610321045,-2.002596616744995
3372251830_baa3665928.jpg,-2.920414447784424,1.5373671054840088
3372340429_91c4f4af30.jpg,6.572765350341797,3.566330671310425
3373069977_bc73e9e409.jpg,3.6586146354675293,-7.653733730316162
3373243733_9aba7740ed.jpg,1.3954931497573853,-4.760958194732666
3373481779_511937e09d.jpg,-3.8703784942626953,0.49261903762817383
3373544964_c9f1253b7d.jpg,5.208436012268066,2.9282922744750977
3373870185_f79163fa51.jpg,2.717270612716675,-0.31133130192756653
3373946160_1c82d54442.jpg,5.1646623611450195,5.411919116973877
3374054694_fa56f29267.jpg,3.988464117050171,6.690391540527344
3374223949_90776ba934.jpg,-3.825564384460449,2.2047278881073
3374384485_751f719be4.jpg,1.4373482465744019,-1.7035884857177734
3374722123_6fe6fef449.jpg,-4.721344470977783,2.0215044021606445
3374759363_d6f7a0df41.jpg,-5.561020851135254,2.428424835205078
3375014075_157388f8a9.jpg,7.110218048095703,4.316728115081787
3375070563_3c290a7991.jpg,3.5303006172180176,-1.6223933696746826
3375134059_7e9eb2ef01.jpg,5.787578582763672,4.306503772735596
3375534917_62350bd06b.jpg,6.138305187225342,0.3359525501728058
3375549004_beee810e60.jpg,-5.771876811981201,-1.017326831817627
3375843443_8d9b242aa5.jpg,-3.1761131286621094,-2.4212231636047363
3375920709_ef7370fa09.jpg,6.7509307861328125,2.3062491416931152
3375991133_87d7c40925.jpg,4.497164249420166,-8.474987983703613
3376014640_ff5b00769f.jpg,1.1495649814605713,-5.067144870758057
3376435746_1593d9b243.jpg,4.977984428405762,-10.291234016418457
3376439178_159e4126de.jpg,4.119869709014893,-7.663021087646484
337647771_3b819feaba.jpg,-0.5276762843132019,4.20552396774292
3376809186_4e26d880b7.jpg,3.2835724353790283,-9.141427040100098
3376898612_41c91de476.jpg,-5.190126895904541,0.49476680159568787
3376942201_2c45d99237.jpg,2.706711530685425,6.2785749435424805
3376972502_35e3e119cd.jpg,4.132218837738037,-6.369218349456787
3377117696_af91f13058.jpg,3.8048884868621826,-7.441504955291748
3377344932_6dfce93248.jpg,3.406709671020508,3.089215040206909
3377570617_d2f2225a74.jpg,-2.8203868865966797,-0.28109216690063477
337793983_ac5b2e848e.jpg,-5.124196529388428,1.863817811012268
3378553508_e37e281d25.jpg,-3.1930084228515625,-3.0919368267059326
3379839396_0cd84b55f1.jpg,-6.690389156341553,-1.6984694004058838
3380072636_4cd59385fd.jpg,-3.004020929336548,2.706639528274536
3380364224_2626d9d354.jpg,2.820467472076416,-5.984488010406494
3380407617_07b53cbcce.jpg,1.0293043851852417,-5.233891487121582
3380519003_9f91d5a7fb.jpg,3.8595662117004395,8.180036544799805
3380643902_7e0670f80f.jpg,-2.87044095993042,-0.6697739958763123
3381038951_225bb163af.jpg,-1.0008022785186768,-5.428264141082764
3381161854_af8b05243c.jpg,3.893071174621582,4.711370944976807
3381392182_db2c42430e.jpg,-2.1569535732269287,-0.18231932818889618
3381584882_341ee3092f.jpg,2.098224401473999,-3.7959461212158203
3381788544_2c50e139dd.jpg,-6.377921104431152,-0.8293523192405701
3382105769_b1a4e4c60d.jpg,10.912328720092773,-2.805546283721924
3382303178_69b6d1bdd2.jpg,-4.071310043334961,-4.5365118980407715
3382679230_baef3d1eaa.jpg,-4.851256847381592,-1.1589329242706299
3383037991_8f07784b81.jpg,2.453164577484131,3.713804006576538
3383388869_a14552e551.jpg,11.221395492553711,-0.508389413356781
3383491811_fd9d3a891d.jpg,2.656407356262207,3.712141990661621
3383545083_1d7c95b003.jpg,5.4530510902404785,4.248628616333008
3384314832_dffc944152.jpg,2.7986762523651123,4.089259147644043
3384528359_e920154177.jpg,2.5082361698150635,-1.9436116218566895
3384742888_85230c34d5.jpg,6.471169471740723,7.142756462097168
3385246141_a263d1053e.jpg,-3.6815264225006104,-2.1508700847625732
3385593926_d3e9c21170.jpg,6.028442859649658,1.4920190572738647
3385956569_a849218e34.jpg,3.6310250759124756,-7.835245132446289
3386060324_b98fdfa449.jpg,-1.5830787420272827,-4.568087577819824
3386375153_20c56d0aae.jpg,-0.3415181338787079,-3.755877733230591
3386893620_5f0bb4e794.jpg,-5.0480217933654785,0.3830559551715851
3386953179_84c2d7922f.jpg,6.895865440368652,-6.192094326019287
3387542157_81bfd00072.jpg,-2.605712890625,3.5603859424591064
3387630781_f421a94d9d.jpg,-1.8636990785598755,-0.4101948142051697
3387661249_33e5ba0bc5.jpg,3.9793450832366943,1.4608354568481445
3388094307_5a83be64a5.jpg,-5.989511966705322,5.0425333976745605
3388330419_85d72f7cda.jpg,-5.463675498962402,3.3150033950805664
3388836914_c267cf3a59.jpg,-4.158536911010742,3.563704013824463
3389321512_b11f499dab.jpg,-2.216493606567383,1.8165619373321533
3389448506_7025e7cc12.jpg,6.65291166305542,3.595247268676758
3391209042_d2de8a8978.jpg,-3.5364766120910645,-1.44808030128479
3391924827_53b31542ce.jpg,-0.42221346497535706,-4.512207508087158
3392019836_c7aeebca1c.jpg,-4.439228534698486,2.182687520980835
3392293702_ccb0599857.jpg,8.820818901062012,-0.42480024695396423
3392851587_a638ff25e2.jpg,-3.4711217880249023,-3.089357852935791
3393035454_2d2370ffd4.jpg,0.28409823775291443,-3.2008421421051025
3393152604_27bd1037f2.jpg,6.974956035614014,1.9090867042541504
3393343330_b13df4d8ec.jpg,-6.773862838745117,3.10990834236145
3393394134_0caac47e1c.jpg,4.05668306350708,5.787659645080566
3393446245_37dd3f3b59.jpg,-2.7257797718048096,-2.4921414852142334
339350939_6643bfb270.jpg,7.669750213623047,-4.87938117980957
3393926562_66cc01b001.jpg,-7.825994968414307,0.6410881280899048
3394070357_cb2a3243fc.jpg,8.46144962310791,-0.9576467871665955
3394586927_eae7732b64.jpg,-6.106139659881592,0.10812512785196304
3394654132_9a8659605c.jpg,-1.3226065635681152,3.4327807426452637
3394750987_a32ecc477e.jpg,-4.188478946685791,-2.033634662628174
3395173129_f0ac0a1ed4.jpg,-4.875733375549316,0.15346650779247284
3396036947_0af6c3aab7.jpg,0.4425705373287201,0.11701136827468872
3396043950_12783c5147.jpg,-5.186745643615723,5.307253837585449
3396153660_f729d9f9b9.jpg,-4.838657855987549,1.4973094463348389
3396157719_6807d52a81.jpg,1.8850769996643066,4.82332181930542
3396251819_1efa69310f.jpg,-2.914050579071045,1.7322607040405273
3396275223_ee080df8b5.jpg,-5.862921237945557,-0.01961882784962654
339658315_fbb178c252.jpg,-6.683299541473389,-1.9259428977966309
3396817186_b299ee0531.jpg,4.165270805358887,4.025418758392334
3397220683_4aca010f86.jpg,4.14036226272583,0.7943416237831116
3397228832_8ce5b1c26f.jpg,5.882833003997803,-9.010570526123047
3397259310_1ed1a346b5.jpg,-2.549928903579712,-2.9650516510009766
3397310901_cbef5c06ef.jpg,-3.2011666297912598,-3.5345799922943115
3397633339_d1ae6d9a0e.jpg,11.0903902053833,-7.720633506774902
3397803103_8a46d716f4.jpg,8.361577033996582,0.2944691479206085
339822505_be3ccbb71f.jpg,-4.855886459350586,1.7106512784957886
3398276602_c7d106c34f.jpg,-4.412237167358398,-0.016741542145609856
3398745929_8cd3bbb8a8.jpg,5.354346752166748,-3.7916457653045654
3398746625_5199beea71.jpg,1.341260313987732,-5.246346950531006
3398788809_25c71ba018.jpg,-4.755435466766357,-1.2698572874069214
3399028417_50a621274c.jpg,-6.664261341094971,-1.0014152526855469
3399284917_721aefe2a7.jpg,-3.567735195159912,1.1047844886779785
3399312265_9c74378692.jpg,5.259765148162842,1.8257592916488647
3399616238_77acf4ee12.jpg,-5.225050926208496,0.5668668150901794
3399618896_9ef60cd32c.jpg,-6.32032585144043,-1.7983677387237549
3399798295_a452963365.jpg,-1.7279579639434814,1.7044789791107178
3399843227_3b9d2a8dbf.jpg,-3.209317684173584,2.422631025314331
3399906919_bc8562b257.jpg,-2.7295665740966797,-1.0287741422653198
3399944164_ec24123945.jpg,-4.302998065948486,0.609409749507904
3400041870_4e7732b40f.jpg,-3.4074270725250244,-2.9310929775238037
3400082864_9c737c1450.jpg,-4.367921829223633,3.488341808319092
3400135828_0ac128b6eb.jpg,8.322718620300293,1.3258434534072876
3400186336_37043a2f5b.jpg,-1.27353835105896,-0.3549623489379883
3400385314_a5bc062e97.jpg,-4.34498405456543,1.1873128414154053
3401039304_424ffc7dbf.jpg,1.526146650314331,-8.231644630432129
3401333624_4b6af8c1d7.jpg,-0.420332133769989,-9.711807250976562
3401437960_7da856e004.jpg,6.59856653213501,4.730016708374023
3401548798_3a93f2caa5.jpg,2.4368672370910645,-6.7864885330200195
3401647850_685c03ffff.jpg,11.819186210632324,-1.5473010540008545
3401902253_cd27e6d0fe.jpg,12.360950469970703,2.1031856536865234
3402081035_a54cfab1d9.jpg,1.371738076210022,-3.1785073280334473
3402638444_dab914a3de.jpg,-5.611372947692871,0.9921061396598816
3403263046_3cc701a07a.jpg,-3.8224895000457764,4.883617401123047
3403370354_5d266873b4.jpg,9.244318962097168,-6.9400177001953125
3403797144_53e49412ec.jpg,8.360407829284668,-6.4968180656433105
3404012438_9baf8dcbaf.jpg,8.252898216247559,-2.680027961730957
340425915_490293058f.jpg,9.606231689453125,2.2893550395965576
3404408360_430f73b034.jpg,-4.052338600158691,-2.9807159900665283
3404552106_f516df0f5b.jpg,-6.85015869140625,-0.7058146595954895
3404870997_7b0cd755de.jpg,-2.7988266944885254,-3.7674548625946045
3404906655_bc51c69c1e.jpg,5.712278842926025,0.10070272535085678
3404978479_8a81843e17.jpg,-1.1616288423538208,5.0059967041015625
3405011838_f81117c99f.jpg,-6.867302417755127,-3.120978832244873
3405100926_e96308ce89.jpg,-2.811103343963623,-1.539741039276123
3405113041_4b72c24801.jpg,2.0460469722747803,-1.5738976001739502
3405720825_b6991005eb.jpg,7.965585708618164,1.2684099674224854
3405759441_fb31c80240.jpg,3.666492223739624,0.41711533069610596
3405942945_f4af2934a6.jpg,-0.30069220066070557,2.771498918533325
3406116788_c8f62e32d1.jpg,-3.7243454456329346,1.7112112045288086
3406409018_03de95181e.jpg,-3.3692467212677,-1.2833976745605469
340667199_ecae5f6029.jpg,-4.750673294067383,-0.3190755546092987
3406802138_ef77bbddd0.jpg,6.666950225830078,1.976549744606018
3406930103_4db7b4dde0.jpg,9.373626708984375,1.5267181396484375
3407317539_68765a3375.jpg,8.395742416381836,2.9303035736083984
3407357681_5aeaab5b59.jpg,12.103282928466797,-0.3331659734249115
3407584080_c6abf71ae3.jpg,3.0918307304382324,-4.177520751953125
3408130183_f038bdaa4f.jpg,6.558635234832764,5.175902843475342
3408274796_0dc62225e9.jpg,9.985217094421387,1.9133031368255615
3409326324_a704565e8f.jpg,-0.5300815105438232,-3.963955879211426
3409506817_775e38d219.jpg,-6.797433853149414,0.2698207199573517
3409740108_1505489537.jpg,1.947320580482483,0.45337313413619995
3409947123_a8d07edecf.jpg,-7.9699554443359375,1.3253406286239624
3410215754_5d5caeffaf.jpg,-4.450125694274902,-1.368069052696228
3410899419_4f8dca6f3f.jpg,0.3027762770652771,-4.592388153076172
3410902181_b2a3c6eec9.jpg,-4.7531352043151855,-0.05978836864233017
3411022255_210eefc375.jpg,-8.368194580078125,1.1554886102676392
3411393875_a9ff73c67a.jpg,-4.577888488769531,-0.1901092231273651
3411579899_0f8ed09142.jpg,2.0760669708251953,-4.7701416015625
3411595210_8e0893b266.jpg,9.178110122680664,-0.42594650387763977
3412036192_d8cd12ed3f.jpg,4.886775016784668,7.59372091293335
3412249548_00820fc4ca.jpg,-4.029219627380371,-0.2564447522163391
3412450683_7da035f2de.jpg,4.8494954109191895,-0.6216436624526978
3412822878_5d961492e5.jpg,-1.422188401222229,-3.8746883869171143
3413019648_e787f0cb88.jpg,8.18990707397461,-11.14664077758789
3413571342_b9855795e2.jpg,6.758047580718994,-8.218897819519043
3413669228_ec64efeb34.jpg,-3.5955028533935547,-0.015503485687077045
3413806271_17b7e102aa.jpg,2.447854518890381,-1.819625973701477
3413973568_6630e5cdac.jpg,9.87569522857666,-6.610260486602783
341430859_4519802e8f.jpg,9.538275718688965,0.9910722374916077
3414734842_beb543f400.jpg,-0.5022760033607483,-2.6159512996673584
3415003392_139c0f3586.jpg,0.9742836356163025,-3.1147568225860596
3415113018_7b95ddcd11.jpg,-2.330878734588623,3.174572467803955
3415165462_e1cb536d08.jpg,2.5826308727264404,3.1109657287597656
3415178926_909db9400b.jpg,5.9760870933532715,4.155593395233154
3415228562_4efa9c9b70.jpg,-4.722537040710449,-0.30854013562202454
3415287719_3c776f370e.jpg,0.6798969507217407,-0.06718813627958298
3415311628_c220a65762.jpg,1.0224822759628296,2.835620403289795
3415578043_03d33e6efd.jpg,-0.5569730997085571,-2.7354254722595215
3415589320_71a5bf64cf.jpg,2.8991730213165283,4.252651691436768
3415646718_f9f4e23a66.jpg,2.288099765777588,3.7463645935058594
3415809168_af9dabdba5.jpg,6.409449577331543,6.091044902801514
3416013671_98b5c75046.jpg,-5.45347785949707,0.4580431282520294
3416091866_a96003d652.jpg,-7.712134838104248,1.9595952033996582
3416246113_1745559b6b.jpg,-2.036162853240967,3.561964988708496
3416339125_0860d3d1eb.jpg,-5.4499711990356445,1.019842267036438
3416460533_d5819fbf69.jpg,1.8311949968338013,-6.9273481369018555
341665272_80d4d61376.jpg,8.514764785766602,0.38436558842658997
3417037373_67f7db2dd2.jpg,-7.560163974761963,0.4418868124485016
3417102649_5c0b2f4b4d.jpg,1.8123595714569092,1.3981831073760986
3417143124_6feb8290cc.jpg,4.347968101501465,5.327558517456055
3417231408_6ce951c011.jpg,-3.6955530643463135,0.7845737934112549
3417662443_2eaea88977.jpg,-3.117262601852417,1.8423631191253662
3417672954_46b75dea8d.jpg,-3.087254762649536,-1.4207655191421509
3417788829_cfdbc34d2c.jpg,-5.172782897949219,-2.3728489875793457
3418504074_083f0bb68d.jpg,6.479034423828125,3.992521047592163
3419197575_aa5b84a9f0.jpg,-5.710030555725098,1.4165751934051514
3419238351_ac18b440c0.jpg,-4.556826114654541,0.8016819357872009
3419634480_c390f62a6e.jpg,6.4231767654418945,5.370017051696777
3419916411_72934edcdb.jpg,4.227149486541748,0.7630477547645569
3420064875_0349a75d69.jpg,1.1040514707565308,0.4362751841545105
3420260768_26a600b844.jpg,-4.446202278137207,6.591603755950928
3420278866_1d17c12713.jpg,-4.100074768066406,5.08111572265625
3420284416_a90af1fb7a.jpg,-4.869414329528809,3.6997337341308594
3420323191_d66e003264.jpg,4.185836315155029,-5.8312273025512695
3420338549_bd78d35243.jpg,-6.080599308013916,0.5178317427635193
3420469425_2980b4cd30.jpg,-8.025074005126953,3.3466527462005615
3421104520_6a71185b3c.jpg,-2.272233247756958,3.948397397994995
3421129418_088af794f7.jpg,0.8491637110710144,-0.43813008069992065
3421131122_2e4bde661e.jpg,8.35689926147461,-6.035995960235596
3421177332_a05741cfa4.jpg,-1.8688119649887085,0.6696826219558716
3421480658_b3518b6819.jpg,-2.250178098678589,3.65914249420166
3421547427_53411b6278.jpg,-3.5095906257629395,5.445888042449951
3421706363_a3e22a4908.jpg,0.335621178150177,-4.691033363342285
3421789737_f625dd17ed.jpg,-0.6279945969581604,1.1858669519424438
3421928157_69a325366f.jpg,7.670021057128906,-5.310481071472168
3422146099_35ffc8680e.jpg,1.741397738456726,6.59250020980835
3422219732_3d0be52cc3.jpg,3.621786594390869,-9.206475257873535
3422394336_e465f60b7c.jpg,5.491443634033203,1.6098004579544067
3422458549_f3f3878dbf.jpg,-2.047353506088257,4.704850196838379
3422979565_e08cd77bfe.jpg,-2.546583652496338,0.007299693766981363
3423225860_16e26eef74.jpg,-2.873487949371338,1.4627771377563477
3423249426_02bedf9260.jpg,-0.18645672500133514,-5.857124328613281
3423509305_e399d005db.jpg,4.434470176696777,6.947654724121094
3423802527_94bd2b23b0.jpg,-6.169490814208984,1.9847294092178345
3424424006_98f9d1921c.jpg,-6.524133682250977,-2.572633743286133
3424605029_53078d3505.jpg,-6.406990051269531,2.0415289402008057
3424851862_0f51c42922.jpg,0.22219893336296082,-3.6192843914031982
3424927725_c4d1fcfac3.jpg,3.1260735988616943,-7.7638349533081055
3424934891_69f18da66e.jpg,5.44275426864624,4.174275875091553
3425061393_d093edb8da.jpg,-2.127531051635742,5.8959574699401855
3425069551_aba046a1b6.jpg,-3.604095458984375,2.8191137313842773
3425071001_e7c9809ef2.jpg,1.941126823425293,8.374022483825684
3425127583_611200619a.jpg,-2.7937753200531006,6.036019802093506
3425414048_fa14d33067.jpg,-4.718398094177246,0.9158158302307129
3425573919_409d9e15b2.jpg,-5.804852485656738,-0.6384615898132324
3425662680_41c7c50e8d.jpg,-1.0831094980239868,-2.054386854171753
3425685827_03683e8e5a.jpg,-1.0769002437591553,2.7225780487060547
3425756814_13909354d4.jpg,-4.170229434967041,6.28866720199585
3425835357_204e620a66.jpg,-5.5589728355407715,1.385340929031372
3425846980_912943b4f9.jpg,-4.054644584655762,6.141247272491455
3425851292_de92a072ee.jpg,-3.719137668609619,5.358277320861816
3425853460_bfcd0b41f6.jpg,-2.321465253829956,2.3889386653900146
3425887426_bf60b8afa3.jpg,-3.015465259552002,1.684952974319458
3425918361_3b890d9575.jpg,-3.294034957885742,-1.9068055152893066
3426144752_28d63615ca.jpg,-5.379746913909912,1.5559262037277222
3426724811_137855b4f7.jpg,-5.45924711227417,-0.8331607580184937
3426789838_8771f0ed56.jpg,5.399959564208984,-3.918146848678589
3426933951_2302a941d8.jpg,-6.962619304656982,0.28462091088294983
3426962078_13e87e10de.jpg,-6.397918224334717,1.2234411239624023
3426964258_67a0cee201.jpg,-6.850812911987305,-1.9753049612045288
3426966595_c8c4e1e872.jpg,-6.130270481109619,-0.8833491802215576
3427023324_f1f6504bf4.jpg,-7.825209617614746,2.017334222793579
3427118504_93126c83e0.jpg,-3.5677812099456787,2.5246217250823975
3427233064_6af01bfc5c.jpg,-5.5925750732421875,0.4737194776535034
3427301653_4ff0d6fd93.jpg,-1.710419774055481,1.3179032802581787
3427402225_234d712eeb.jpg,-3.6832871437072754,-0.22159640491008759
3427540832_c882fded1d.jpg,-6.204535484313965,2.5913097858428955
3427614912_b147d083b2.jpg,-4.711136341094971,-0.47255322337150574
3427852996_d383abd819.jpg,-3.4068195819854736,-2.2918174266815186
3428038648_993a453f9e.jpg,-0.2610118091106415,-1.703703761100769
3428386573_670f5362f0.jpg,-6.161129951477051,3.245739698410034
342872408_04a2832a1b.jpg,1.2465870380401611,-5.00424337387085
3429142249_d09a32e291.jpg,0.1802499145269394,-5.856671333312988
3429194423_98e911a101.jpg,2.5323452949523926,-6.996016025543213
3429351222_17ae744daf.jpg,-5.100502014160156,-2.383251667022705
3429351964_531de1bf16.jpg,-3.2218894958496094,1.917353630065918
3429391520_930b153f94.jpg,1.3477121591567993,-6.394354820251465
3429465163_fb8ac7ce7f.jpg,-2.561274528503418,1.981698751449585
3429581486_4556471d1a.jpg,6.836513996124268,7.584651470184326
3429641260_2f035c1813.jpg,-6.162926197052002,-1.9098881483078003
3429956016_3c7e3096c2.jpg,3.9454424381256104,-8.531526565551758
3430100177_5864bf1e73.jpg,-6.3932600021362305,1.2890024185180664
3430287726_94a1825bbf.jpg,6.496715068817139,-8.760123252868652
3430526230_234b3550f6.jpg,9.634276390075684,2.845266103744507
3430607596_7e4f74e3ff.jpg,7.509608745574951,-6.063323974609375
343073813_df822aceac.jpg,9.70715045928955,1.8134628534317017
3430779304_43a2146f4b.jpg,0.9363443851470947,3.2800722122192383
3430782104_34da558eba.jpg,-2.164031744003296,0.33489957451820374
3431101934_99a6c55914.jpg,-2.498655080795288,1.6873695850372314
3431121650_056db85987.jpg,9.940141677856445,-4.401346683502197
3431194126_ca78f5fde6.jpg,-3.2470250129699707,-0.47432848811149597
3431261634_c73360406a.jpg,10.054793357849121,-7.394228935241699
3431487300_0123195f9b.jpg,-2.603097677230835,0.21089595556259155
3431671749_e8e3a449ac.jpg,-1.31348717212677,0.42380204796791077
3431860810_44277cd360.jpg,6.983276844024658,1.7404910326004028
343218198_1ca90e0734.jpg,3.7677204608917236,5.723790168762207
3432495898_a5859f06b6.jpg,1.9671094417572021,2.044703245162964
3432550415_e7b77232de.jpg,-3.0862812995910645,-3.251518726348877
3432586199_e50b0d6cb7.jpg,0.8340762257575989,-4.442944526672363
3432634159_1eb9a73306.jpg,-3.127967119216919,0.09814465790987015
3432637363_3ba357e2da.jpg,-3.157700777053833,-0.07479306310415268
3432656291_a6c7981f6e.jpg,-3.5045955181121826,-1.2326738834381104
3432730942_4dc4685277.jpg,-3.54295015335083,0.39174941182136536
3433259846_800a6079f0.jpg,-5.065448760986328,3.758373260498047
3433470650_a8b1c27173.jpg,-7.808071136474609,-0.9517684578895569
3433567526_00b5a70319.jpg,4.555892467498779,3.422088861465454
3433982387_3fa993cf5a.jpg,-7.202032566070557,1.0540155172348022
3434452829_62cee280bc.jpg,-5.993710517883301,0.9230579733848572
3434526008_02359881a0.jpg,-3.505669355392456,-3.4553275108337402
3435015880_eda46ff50f.jpg,-0.4107154309749603,-2.682283401489258
3435035138_af32890a4c.jpg,3.455585241317749,5.296900749206543
3435233065_3411f2d29d.jpg,-0.6512885689735413,-1.4920915365219116
3435648640_b2f68efb78.jpg,8.121437072753906,4.466378211975098
3435653630_3b6cca2c40.jpg,-4.8175740242004395,-0.7179964780807495
3436063693_15c8d377a2.jpg,4.585708141326904,6.194924831390381
3436074878_21515a6706.jpg,4.603466987609863,4.712076187133789
3436259762_43709321ff.jpg,2.600442409515381,3.464895486831665
3436313241_6c73153fb6.jpg,7.023581504821777,4.57230281829834
3436395540_63bc8f2fe0.jpg,6.1904520988464355,9.621590614318848
3436418401_b00ceb27c0.jpg,2.976526975631714,-4.637618541717529
343662720_39e4067cd1.jpg,-5.393584728240967,1.7443236112594604
3437034427_6df5e9fbf9.jpg,-6.337120532989502,3.74778151512146
3437107047_715c60e9c8.jpg,-4.025671482086182,0.452151358127594
3437147889_4cf26dd525.jpg,0.7227622270584106,-0.8754804134368896
3437273677_47d4462974.jpg,-2.494501829147339,2.6953442096710205
3437315443_ba2263f92e.jpg,-6.185116767883301,0.6930249929428101
3437654963_c4fdc17e8b.jpg,3.9611599445343018,-1.6658766269683838
3437693401_202afef348.jpg,2.9481985569000244,7.404715538024902
3437781040_82b06facb3.jpg,-3.0774805545806885,-0.31989413499832153
3438858409_136345fa07.jpg,-7.12762451171875,1.8536686897277832
3438981089_2ef1a6353c.jpg,-0.6670407056808472,-5.184781074523926
3439128755_84409b8823.jpg,10.268037796020508,7.254051685333252
3439243433_d5f3508612.jpg,2.541820526123047,1.3951270580291748
3439331800_e71e1d808f.jpg,-6.338723659515381,1.5434741973876953
3439382048_d2e23b2b4c.jpg,-6.8119940757751465,1.0688436031341553
3439414478_8038ba9409.jpg,4.032783508300781,3.978940486907959
3439560988_f001f96fc9.jpg,5.983908176422119,3.707376003265381
3439982121_0afc6d5973.jpg,0.10915340483188629,3.49100661277771
3440104178_6871a24e13.jpg,4.768033504486084,6.216823101043701
3440160917_4524cfd9f6.jpg,0.8056096434593201,3.1175618171691895
3440724965_03d6ca5399.jpg,-4.962252616882324,2.471459150314331
344078103_4b23931ce5.jpg,11.331005096435547,0.7639241218566895
3440952969_608eb5e42b.jpg,-3.710203170776367,-1.6116729974746704
3441104823_33cdae5a56.jpg,-6.152510643005371,0.12175310403108597
3441145615_b4fcd9eea0.jpg,-1.9595977067947388,-3.471252918243408
3441399292_60c83bd5db.jpg,3.642662525177002,8.35098934173584
3441511444_b031585b45.jpg,-3.0168378353118896,0.669621467590332
3441531010_8eebbb507e.jpg,10.049430847167969,0.6407283544540405
3441701164_6dbbdf1bce.jpg,-0.2914011478424072,-2.466468334197998
3442138291_3e75f4bdb8.jpg,-1.9902008771896362,3.121718168258667
3442242092_e579538d82.jpg,-7.6342363357543945,1.0429139137268066
3442272060_f9155194c2.jpg,6.310348987579346,6.907114028930664
3442540072_b22ca2410f.jpg,-2.63942551612854,-2.220182180404663
3442622076_c3abe955e5.jpg,-5.677676200866699,1.2297767400741577
3442844140_15aa45e9b8.jpg,-1.5333484411239624,-1.698420524597168
3442978981_53bf1f45f3.jpg,-4.666440010070801,1.8953533172607422
3443030942_f409586258.jpg,4.223302841186523,-11.580162048339844
3443161359_65544fd732.jpg,2.136303186416626,-6.769711017608643
3443326696_fe0549c5be.jpg,-4.216567039489746,-0.6493926644325256
3443351431_7b4061df5c.jpg,0.20181843638420105,1.6689040660858154
3443460885_46115463b4.jpg,3.837925434112549,-4.377697944641113
3443703471_14845d8850.jpg,5.965221881866455,3.3823723793029785
3443853670_6c79fcfcb2.jpg,1.0010579824447632,2.4589717388153076
3444684583_6656e38088.jpg,-2.253798007965088,-1.413351058959961
3444974984_963fb441a0.jpg,-4.751499652862549,1.0202968120574951
3444982197_0ff15cc50b.jpg,-4.891982555389404,-0.012709112837910652
3445296377_1e5082b44b.jpg,2.0732221603393555,-4.3216552734375
3445428367_25bafffe75.jpg,-2.2264695167541504,-5.466447353363037
3445544288_68fdb25969.jpg,-3.79826021194458,-2.0345377922058105
3446191973_1db572ed8a.jpg,-6.634194374084473,-1.8036407232284546
3446347599_0ecc49a9d5.jpg,5.136692523956299,-4.398195266723633
3446586125_cafa0bfd67.jpg,4.278329372406006,4.006122589111328
3446762868_06e9d9d899.jpg,-2.3735551834106445,-0.46297135949134827
3447007090_08d997833a.jpg,-5.667526721954346,-0.0765375941991806
3447155358_5b5b59b15e.jpg,-2.6470987796783447,3.1019160747528076
3447876218_4ccf42d7a0.jpg,6.87921142578125,-9.38381290435791
344841963_8b0fa9784c.jpg,-6.677943229675293,-2.7855279445648193
3448490813_f9623e864d.jpg,-4.286072731018066,-1.405635118484497
3448855727_f16dea7b03.jpg,-4.973107814788818,0.4141417145729065
3449114979_6cdc3e8da8.jpg,-4.212862014770508,-0.6804699301719666
3449170348_34dac4a380.jpg,-1.3334217071533203,1.9760793447494507
3449718979_e987c64e2d.jpg,5.018704414367676,1.7067794799804688
3449846784_278bc1ba92.jpg,3.3295881748199463,2.9073712825775146
3450776690_38605c667d.jpg,-3.1086294651031494,2.9018592834472656
3450874870_c4dcf58fb3.jpg,1.7533210515975952,-5.981062412261963
3451085951_e66f7f5d5c.jpg,6.993326663970947,1.2276184558868408
3451344589_6787bd06ef.jpg,-4.764437198638916,-1.765090823173523
3451345621_fe470d4cf8.jpg,-4.27849817276001,0.4353884756565094
3451523035_b61d79f6a8.jpg,-1.570455551147461,2.33884596824646
3451984463_37ac1ff7a8.jpg,-2.4525504112243652,-3.0560989379882812
3452127051_fa54a902b3.jpg,2.6201717853546143,6.413656234741211
3452341579_0147d2199b.jpg,-0.44313880801200867,-4.3672637939453125
3452411712_5b42d2a1b5.jpg,-4.806748867034912,1.4543179273605347
345284642_77dded0907.jpg,9.273821830749512,1.0563485622406006
3452982513_36f2bc81fa.jpg,-0.4785812199115753,-5.115427017211914
3453019315_cfd5c10dae.jpg,0.8972558379173279,-3.844505548477173
3453259666_9ecaa8bb4b.jpg,-2.5378193855285645,4.187634468078613
3453284877_8866189055.jpg,3.4020841121673584,-7.298249244689941
3453313865_1ebff5393c.jpg,-3.2994213104248047,-0.5108528137207031
3453544202_3855ab34b6.jpg,-0.1905355304479599,0.6981384754180908
3454149297_01454a2554.jpg,-1.6399120092391968,2.249934673309326
3454199170_ae26917dcd.jpg,4.207909107208252,4.994225025177002
3454315016_f1e30d4676.jpg,2.567336320877075,-2.1371333599090576
3454355269_6185e29f95.jpg,1.6219063997268677,-6.82440185546875
3454621502_73af6742fb.jpg,6.803101539611816,0.35546863079071045
3454754632_977c1523be.jpg,-2.6803882122039795,4.037231922149658
3454988449_1de1ef4f20.jpg,-2.0418758392333984,1.8985213041305542
3455405300_aa3069ecaa.jpg,-6.2857537269592285,2.701831340789795
3455419642_894d03f153.jpg,3.0907158851623535,3.209094762802124
3455757720_7aeba57056.jpg,5.409529209136963,0.6240717172622681
3455898176_f0e003ce58.jpg,4.99516487121582,6.8808722496032715
3455920874_6fbec43194.jpg,5.481822490692139,7.971253871917725
3456251289_c4ae31d817.jpg,1.0193065404891968,0.554302990436554
3456362961_d8f7e347a8.jpg,-4.048981189727783,0.807407021522522
3456579559_b5c8927938.jpg,-2.0693602561950684,-3.893305540084839
345684566_235e8dfcc1.jpg,4.055576324462891,0.6633840799331665
3456862740_7550bcddc2.jpg,0.036994531750679016,-2.1573588848114014
3457045393_2bbbb4e941.jpg,-1.6767572164535522,1.2082897424697876
3457210101_3533edebc8.jpg,-5.5250163078308105,2.5332038402557373
3457315666_b943111dec.jpg,1.0654499530792236,5.294482231140137
3457364788_3514a52091.jpg,-3.799142599105835,1.3699153661727905
3457455611_94ee93929f.jpg,-1.8359895944595337,-0.06783920526504517
3457460673_800d7f7dd9.jpg,-3.4164347648620605,1.512832760810852
3457572788_e1fe4f6480.jpg,4.202296257019043,-8.075308799743652
3457604528_302396c08c.jpg,-4.5011396408081055,0.788646936416626
3457784061_8f77f43a9c.jpg,-5.768219470977783,-0.1167316883802414
3457856049_2de173e818.jpg,10.193310737609863,-5.457045078277588
345785626_9fa59f38ce.jpg,4.757475852966309,-6.896992206573486
3458211052_bb73084398.jpg,0.9847810864448547,-7.799744129180908
3458215674_2aa5e64643.jpg,1.2046605348587036,-2.5776987075805664
3458379941_657182bb09.jpg,-7.577869892120361,-0.8628454804420471
3458434150_2b0d619244.jpg,2.919126272201538,-5.430870056152344
3458559770_12cf9f134e.jpg,-0.7329573631286621,-3.9454619884490967
3458577912_67db47209d.jpg,2.02557373046875,6.461085319519043
3458625738_297857369c.jpg,-3.7541210651397705,0.06509120017290115
3459156091_c1879ebe28.jpg,-2.9151980876922607,-0.7123856544494629
3459362347_c412ef9901.jpg,-3.8277816772460938,-2.8207805156707764
3459419203_cd7c68ce4d.jpg,4.558465003967285,-4.590666770935059
3459492423_c881f12c9f.jpg,2.4872093200683594,-5.478665351867676
3459570613_3932816d3f.jpg,-0.6048383712768555,2.8976714611053467
3459858555_c3f0087a72.jpg,0.3941808044910431,-7.633965492248535
3459871361_92d1ecda36.jpg,3.0595641136169434,0.1413678228855133
3460458114_35037d4d4c.jpg,2.629120111465454,-0.5262731313705444
3460551728_63255cec18.jpg,6.781631946563721,-5.53929328918457
3461041826_0e24cdf597.jpg,8.85558032989502,0.7458979487419128
3461049169_e068ae4f25.jpg,-4.021459102630615,-1.7299553155899048
3461106572_920c8c0112.jpg,-5.449177265167236,0.45750918984413147
3461110860_37ef15af8e.jpg,-8.111818313598633,0.612401008605957
3461114418_c27b4043a2.jpg,1.1235190629959106,-1.5498381853103638
3461437556_cc5e97f3ac.jpg,7.268829822540283,7.613379001617432
3461583471_2b8b6b4d73.jpg,2.26078724861145,-6.459179878234863
3461677493_5bfb73038e.jpg,-4.210737228393555,1.9675612449645996
3462165890_c13ce13eff.jpg,-7.2174835205078125,-0.657653272151947
3462396164_ba9849c14b.jpg,-7.0944647789001465,-1.2615760564804077
3462454965_a481809cea.jpg,7.03662633895874,2.7705888748168945
3462512074_2b4db1ffd6.jpg,3.2306017875671387,-7.185077667236328
346253487_687150ab04.jpg,-3.605694055557251,2.506044387817383
3463034205_e541313038.jpg,-1.4167793989181519,-2.7040393352508545
3463268965_f22884fc69.jpg,-4.975041389465332,-0.302577406167984
3463523977_f2ed231585.jpg,-3.3038949966430664,2.0403194427490234
3463922449_f6040a2931.jpg,2.361077070236206,5.749131679534912
3464708890_3cab754998.jpg,-4.679459095001221,-1.2483651638031006
3464871350_3f2d624a9c.jpg,-1.1666396856307983,-0.0989665687084198
3465000218_c94e54e208.jpg,-5.28584098815918,-1.1194179058074951
3465396606_5ba1574128.jpg,-1.0702552795410156,6.61182975769043
3465473743_7da0c5d973.jpg,-0.26990267634391785,-5.624414920806885
3465606652_f380a38050.jpg,-3.3614304065704346,5.819437026977539
3465791729_5bf9bd8635.jpg,-4.819270610809326,-0.9679631590843201
3466353172_deb128bbb0.jpg,5.956573009490967,2.256753921508789
3466891862_9afde75568.jpg,3.195251703262329,5.441572666168213
3467073304_aefe553c4d.jpg,-2.0354790687561035,0.5139974355697632
3467219837_7d62213dec.jpg,4.666098117828369,0.40427711606025696
3467282545_273a97b628.jpg,-6.101911544799805,1.5496574640274048
3467510271_0f57e52768.jpg,4.167337894439697,-4.775238037109375
3467843559_a457ce37b6.jpg,-2.648564338684082,4.070319652557373
3467941308_ae6989e29c.jpg,5.528563022613525,7.429711818695068
3468023754_8a07d4c56e.jpg,-1.3114349842071533,-1.1174511909484863
3468130925_2b1489d19a.jpg,-1.6375945806503296,4.8537373542785645
3468275336_61936db92d.jpg,-6.317803859710693,1.6551575660705566
3468346269_9d162aacfe.jpg,0.4870831370353699,-3.020676851272583
3468694409_a51571d621.jpg,-8.139880180358887,-1.5501933097839355
3469585782_e708496552.jpg,-2.109433889389038,2.731945276260376
3469711377_bc29d48737.jpg,-3.4394543170928955,2.427297830581665
3470008804_0ca36a7a09.jpg,7.123898029327393,0.9429603815078735
3470129475_9e58b6742c.jpg,-3.391638994216919,-2.145245313644409
3470303255_fbb41b8dd0.jpg,-3.8055434226989746,3.3164267539978027
3470951932_27ed74eb0b.jpg,-0.6263266205787659,4.651063442230225
3471066276_fb1e82e905.jpg,9.221790313720703,4.151449203491211
3471117376_40585c3fd1.jpg,-5.151803493499756,2.1641550064086914
3471463779_64084b686c.jpg,-2.073023796081543,5.549849033355713
3471571540_b4ab77f20d.jpg,1.5137546062469482,4.835264682769775
3471841031_a949645ba8.jpg,-2.2888288497924805,0.2987513840198517
347186933_880caaf53b.jpg,-3.186760663986206,-0.5808115601539612
3472066410_065b4f99d3.jpg,-6.68947172164917,0.06508059054613113
3472270112_0a7cb7b27c.jpg,-1.1222710609436035,4.291232109069824
3472364264_dbde5a8d0a.jpg,9.55119514465332,0.12666019797325134
3472449219_eb927f05b8.jpg,0.35356155037879944,-1.8122650384902954
3472485022_5d03e9852d.jpg,7.599284648895264,8.587387084960938
3472540184_b0420b921a.jpg,-2.2732536792755127,5.114354610443115
3472703856_568d9778b5.jpg,-5.085807800292969,4.2389817237854
3473264983_67917a931f.jpg,-0.8627933859825134,1.0237433910369873
3473320907_3884a7203b.jpg,0.15774235129356384,2.7378032207489014
3473534758_1ae3847781.jpg,5.221405029296875,4.833015441894531
3474176841_cde2bee67c.jpg,1.409651279449463,-4.697558879852295
3474265683_43b1033d94.jpg,-5.369993686676025,1.0100165605545044
3474330484_a01d8af624.jpg,7.491004467010498,5.144253730773926
3474406285_01f3d24b71.jpg,5.5843658447265625,5.400043487548828
3474912569_7165dc1d06.jpg,-6.696775436401367,-0.7361612915992737
3474958471_9106beb07f.jpg,3.345104932785034,-6.417494297027588
3474985008_0a827cd340.jpg,0.7943310141563416,-4.155854225158691
3474985112_24ef46e82d.jpg,0.5018794536590576,-3.081433057785034
3474985382_26e1560338.jpg,2.8937697410583496,-8.785606384277344
3474999131_788cbf253f.jpg,5.930120944976807,6.583662509918213
3475005101_6f6e437459.jpg,-3.738530397415161,2.3888444900512695
3475092236_cf45d383c7.jpg,-5.536663055419922,-0.5299303531646729
3475111806_f0d2927707.jpg,-6.946651935577393,0.02370034158229828
347543966_b2053ae78c.jpg,-8.285736083984375,-0.868876576423645
3475552729_a3abd81ee6.jpg,-3.0382978916168213,1.1222338676452637
3475581086_a533567561.jpg,-1.7229382991790771,-0.6451013088226318
3476237185_9389c536a3.jpg,4.9040069580078125,6.4977641105651855
3476381830_3751dd9339.jpg,-6.581424713134766,-0.3211197257041931
3476451861_5b9c9ce191.jpg,-3.8260598182678223,-2.9564077854156494
3476709230_6439305bf2.jpg,-2.380669355392456,1.3677043914794922
3477315700_52a4d740a5.jpg,-0.16858921945095062,-2.4585916996002197
3477369101_8e0c61d8f4.jpg,6.726007461547852,7.6529035568237305
3477672764_7f07657a26.jpg,1.6226972341537476,8.434281349182129
3477681171_b1bb8b211d.jpg,-4.020163536071777,3.103750467300415
3477683327_d9e6a2a64f.jpg,1.1655213832855225,-4.752248764038086
3477712686_8428614c75.jpg,-0.9104501605033875,0.26313382387161255
3477715432_79d82487bb.jpg,-5.078872203826904,2.2949166297912598
3477778668_81ff0a68e0.jpg,-3.910057783126831,1.2128043174743652
3477977145_4df89d69a1.jpg,2.2069225311279297,1.1287682056427002
3478084305_9e1219c3b6.jpg,-1.9159138202667236,-1.2992582321166992
3478176372_7c510a0cef.jpg,-2.3583688735961914,6.715120792388916
3478591390_b526580644.jpg,-3.9806056022644043,0.7948323488235474
3478877323_0a507a601b.jpg,-3.9498112201690674,2.1875863075256348
3479050296_65bcea69a0.jpg,-5.301761627197266,2.6119790077209473
3479245321_6a5bc470f8.jpg,-2.4757657051086426,-0.9024106860160828
3479423813_517e93a43a.jpg,0.05618814378976822,-4.323543548583984
3480051754_18e5802558.jpg,-3.3343420028686523,-0.6398686766624451
3480052428_c034b98a08.jpg,-4.270967483520508,-0.8353433012962341
3480126681_52cea26bda.jpg,7.09020471572876,5.781895637512207
3480379024_545e8ec818.jpg,-2.826012372970581,-1.523897409439087
3481859121_3d3e566ec0.jpg,-4.233964920043945,-1.78972327709198
3481884992_45770ec698.jpg,10.573342323303223,-7.385679244995117
3482062809_3b694322c4.jpg,-3.3528969287872314,-2.240739583969116
3482237861_605b4f0fd9.jpg,-3.7003695964813232,0.4720383584499359
3482314155_bd1e668b4e.jpg,0.6591487526893616,4.2318115234375
3482474257_a88bfe5c57.jpg,-0.6868833899497986,3.048327922821045
3482668767_66004ce736.jpg,-4.83716344833374,1.6499440670013428
3482787182_a5c6d4b386.jpg,-3.6485326290130615,1.8784124851226807
3482859574_3908de3427.jpg,-6.92368745803833,-0.20535583794116974
3482879314_d3387e95b1.jpg,-5.511430263519287,-4.051309585571289
3482974845_db4f16befa.jpg,7.8901567459106445,4.5782365798950195
3483140026_e14f64fdf5.jpg,-3.685856342315674,0.19666486978530884
348380010_33bb0599ef.jpg,6.614197731018066,7.575583457946777
3484019369_354e0b88c0.jpg,-4.697505950927734,0.2401033192873001
3484070900_3e76d7fd30.jpg,1.2795149087905884,-6.461686134338379
3484365373_98d5304935.jpg,-0.926777720451355,4.607213973999023
3484576025_a8c50942aa.jpg,1.201249361038208,3.1024060249328613
3484625231_5b1a1a07b8.jpg,-1.149816632270813,7.436021327972412
3484649669_7bfe62080b.jpg,2.6466963291168213,-2.6395041942596436
3484820303_7be0e914b4.jpg,-2.1303036212921143,-1.240280032157898
3484832904_08619300d9.jpg,-2.528585195541382,5.444344997406006
3484841598_e26ee96aab.jpg,-1.4510254859924316,4.5517578125
3484842724_ef1124c87a.jpg,0.3434898853302002,5.901404857635498
3484906808_ee20714408.jpg,-6.3201727867126465,1.1943116188049316
3485425825_c2f3446e73.jpg,-4.178628444671631,-0.8040972948074341
3485486737_953f9d3be2.jpg,-4.599189758300781,-1.3910225629806519
3485599424_94de8ede51.jpg,3.065026044845581,1.6975888013839722
3485657956_7481582565.jpg,5.022935390472412,7.166842460632324
3485816074_363cab4bff.jpg,-2.629183292388916,6.698209285736084
3486135177_772628d034.jpg,-2.5104377269744873,-3.237609386444092
3486154327_8be7c78569.jpg,-1.951256513595581,-2.0308847427368164
3486324591_9f5eeb24b9.jpg,-0.8505668044090271,4.515444755554199
3486340101_ff01d8f3f9.jpg,-0.6576730608940125,-4.7886857986450195
3486538055_bcf4d3dfda.jpg,5.733087539672852,5.952739238739014
3486831913_2b9390ebbc.jpg,8.016963958740234,5.220945835113525
3487015378_2e90a79f4b.jpg,-3.699589729309082,1.0490705966949463
3487131146_9d3aca387a.jpg,-0.5623234510421753,-5.402817249298096
3487261028_30791528ec.jpg,5.5071821212768555,4.045708656311035
3487378989_c051d2715b.jpg,-2.2971959114074707,-3.5630595684051514
3487419819_e3f89444ce.jpg,5.2414116859436035,-2.077346086502075
3487820317_3728e7569e.jpg,-1.8625329732894897,-1.0596123933792114
3487979741_5f244c0c4b.jpg,-1.0953704118728638,-3.0949745178222656
3488087117_2719647989.jpg,3.630218267440796,4.506875038146973
3488512097_e500cb499f.jpg,-1.2617530822753906,-1.927592396736145
3488837187_0c7264a16c.jpg,-2.66493558883667,4.807234764099121
3489774350_a94e6c7bfc.jpg,0.7801931500434875,2.6855058670043945
3490044563_8eb551ef59.jpg,-6.756150722503662,2.1665217876434326
3490186050_4cb4193d4d.jpg,-0.0012058356078341603,7.1137237548828125
3490517179_76dbd690de.jpg,-1.5195163488388062,-3.4124162197113037
3490528249_6aae9b867b.jpg,-3.1262714862823486,-0.8214280605316162
3490597800_8f94f7d353.jpg,12.917805671691895,2.1572182178497314
3490736665_38710f4b91.jpg,3.7635068893432617,8.074296951293945
3490867290_13bcd3a7f0.jpg,-2.550711154937744,-1.8452764749526978
3490874218_babb404b39.jpg,-1.6812399625778198,-3.8975718021392822
3491013009_572cf2c18a.jpg,-5.984750747680664,1.872191309928894
3491607076_922ec561d9.jpg,-2.9781341552734375,-1.9924737215042114
3492180255_0bd48a18f8.jpg,-3.93678617477417,4.428339958190918
3492383096_5bbc08f0da.jpg,7.213059902191162,2.7442216873168945
3492734013_e6b177ed99.jpg,-5.9444475173950195,-1.8334547281265259
3493000349_81c540e828.jpg,0.8133662343025208,-4.109210014343262
3493255026_5fdaa52cbe.jpg,4.051886081695557,6.206484317779541
3493479159_609ebe1b35.jpg,1.8761037588119507,-3.4301886558532715
3493844822_c315a11275.jpg,2.038909435272217,-5.754518985748291
3494105596_f05cb0d56f.jpg,-2.293307065963745,5.419460296630859
3494345896_dd6b32cfa3.jpg,2.957352876663208,4.647820472717285
3494394662_3edfd4a34c.jpg,-4.820466995239258,1.7819088697433472
3494723363_eaa6bc563b.jpg,8.463841438293457,-6.845826148986816
3495349745_1b29a63571.jpg,-2.072453260421753,-0.208225280046463
3495453699_1c9faedf3c.jpg,-3.8695013523101807,0.5122459530830383
3495490064_8db40a83af.jpg,0.1822928786277771,2.331756830215454
3496028495_431cfdc042.jpg,9.088760375976562,-0.07070529460906982
3496983524_b21ecdb0c7.jpg,-4.3386125564575195,1.2031152248382568
3497069793_2d4baf5b4b.jpg,0.46136823296546936,-0.5384822487831116
3497106366_d1a256e723.jpg,4.793294429779053,-8.985563278198242
3497224764_6e17544e0d.jpg,-6.635058403015137,0.7708701491355896
3497234632_6ec740fc1e.jpg,-7.027686595916748,0.2174120992422104
3497236690_a48bf7ac42.jpg,-4.997219085693359,0.3311622142791748
3497237366_366997495d.jpg,-3.920332908630371,-0.19465208053588867
3497238310_2abde3965d.jpg,-5.223161697387695,1.6511362791061401
3497255828_f27e009aac.jpg,-6.011647701263428,0.98716801404953
3497485793_e36c1d2779.jpg,-7.172590255737305,0.7049011588096619
3497502407_ec566442c9.jpg,-0.5914538502693176,-2.4938902854919434
3498240367_cbd8c6efbf.jpg,-1.3377647399902344,1.2116297483444214
3498327617_d2e3db3ee3.jpg,11.261564254760742,-2.5202224254608154
3498354674_b636c7992f.jpg,-1.0121777057647705,-3.897265911102295
3498417123_3eae6bbde6.jpg,0.10243455320596695,2.6536436080932617
3498423815_5b8fc097f4.jpg,0.2994217872619629,-0.33743733167648315
3498482871_4e02f31c35.jpg,1.8306015729904175,-0.6146527528762817
349889354_4b2889a9bd.jpg,4.532519817352295,-6.245497226715088
3498997518_c2b16f0a0e.jpg,-2.5275096893310547,5.362089157104492
3499720588_c32590108e.jpg,-7.924307346343994,0.14822249114513397
3500115252_9404c066a8.jpg,3.903761625289917,6.455508708953857
3500136982_bf7a85531e.jpg,-5.458935737609863,-3.414029836654663
3500139659_b2a60b0141.jpg,0.4912674129009247,-1.5567529201507568
3500342526_393c739e2f.jpg,6.1472697257995605,5.327946186065674
3500399969_f54ce5848f.jpg,2.314150094985962,-3.6365902423858643
3500505549_d848209837.jpg,-6.608619689941406,-1.5717182159423828
3500829879_a643818d84.jpg,-0.3579508364200592,-1.1935945749282837
3501083764_cf592292a6.jpg,-2.2792627811431885,-3.2639284133911133
3501206996_477be0f318.jpg,5.451983451843262,4.6696577072143555
3501313414_ae865b6fdf.jpg,5.43710470199585,2.5582492351531982
3501386648_e11e3f3152.jpg,-3.5544273853302,-1.8370167016983032
350176185_b8c5591e36.jpg,-0.5031960010528564,3.6267924308776855
3501781809_88429e3b83.jpg,-6.302602767944336,-1.74336838722229
3501936223_6122a13d27.jpg,4.03605842590332,-6.965503692626953
3502343542_f9b46688e5.jpg,2.246767520904541,-5.438388824462891
3502459991_fdec2da131.jpg,-5.1862006187438965,-0.4875231981277466
3502563726_30d1ce29c8.jpg,5.3957061767578125,4.681032180786133
3502897880_8392d0e4de.jpg,0.08765828609466553,0.28798356652259827
3502993968_4ee36afb0e.jpg,-1.2345350980758667,-4.294582366943359
3503011427_a4ee547c77.jpg,-6.037946701049805,-1.9636377096176147
3503471307_464a8f588c.jpg,-3.7566640377044678,-3.4775688648223877
3503544012_1771be9d3a.jpg,-4.645394325256348,0.09431219846010208
3503623999_bbd5dcfb18.jpg,-5.403337478637695,-0.5556209087371826
3503624011_733d745d5a.jpg,-4.771579742431641,2.5064101219177246
3503689049_63212220be.jpg,-3.046241521835327,0.16625776886940002
3504158556_1d410c8ff7.jpg,-2.830012083053589,-0.026788558810949326
3504275465_604ce2ef34.jpg,8.210921287536621,1.640523910522461
350443876_c9769f5734.jpg,-3.929272413253784,-0.5178228616714478
3504479370_ff2d89a043.jpg,-5.170933723449707,-1.7410486936569214
3504881781_6a842e043b.jpg,-5.175256729125977,0.8669474720954895
3504940491_94c43792ed.jpg,-2.898353099822998,-1.2121697664260864
350529848_9569a3bcbc.jpg,13.5010986328125,1.4884699583053589
3505657604_8899161734.jpg,-5.731155872344971,1.454303503036499
350588129_6aef7b7fe2.jpg,5.383326053619385,-0.42582809925079346
3506096155_13632955e8.jpg,-1.2255146503448486,-2.7057297229766846
3506216254_04d119cac7.jpg,-6.02468729019165,2.388808488845825
3506468593_7e41a6d9f1.jpg,-1.1063264608383179,-1.858712911605835
3506560025_8d0f4f9ac4.jpg,-5.180468559265137,-0.2619028389453888
3506607642_40037b3fbf.jpg,0.9851837158203125,9.416532516479492
3506869953_802f463178.jpg,-0.9022098779678345,-2.680889368057251
3507076266_8b17993fbb.jpg,0.4897773861885071,3.2449657917022705
3507670136_2e5f94accf.jpg,1.6764553785324097,-2.993896245956421
3508051251_82422717b3.jpg,-5.22030782699585,0.10615256428718567
3508522093_51f6d77f45.jpg,1.2313703298568726,-1.653828501701355
3508637029_89f3bdd3a2.jpg,-1.1972748041152954,7.602253437042236
3508882611_3947c0dbf5.jpg,1.8650751113891602,5.022249221801758
3509575615_653cbf01fc.jpg,-8.278508186340332,-0.21347075700759888
3509611207_7645b1d28d.jpg,-6.504026889801025,-4.839249610900879
3510218982_318f738b76.jpg,-7.39841890335083,0.6833862662315369
3510219078_670b6b3157.jpg,6.229151725769043,9.96611499786377
3510695264_ef460fa6cc.jpg,-4.8065643310546875,-2.05216908454895
3511062827_cd87871c67.jpg,3.5936226844787598,3.8780384063720703
3511890331_6163612bb9.jpg,1.6785303354263306,3.244953155517578
3512033659_7e8a0c2ffa.jpg,-8.159995079040527,-1.3494194746017456
3512033861_a357bb58b6.jpg,-6.002045154571533,-1.28414785861969
3512127856_18a4c7aace.jpg,-4.434960842132568,1.3747559785842896
3512791890_eb065b460a.jpg,-2.308457851409912,0.6272766590118408
3513265399_a32e8cfd18.jpg,-1.0831403732299805,0.9622979760169983
3513362553_5fc5779e20.jpg,-1.5461708307266235,3.069779872894287
3514019869_7de4ece2a5.jpg,10.738731384277344,13.946428298950195
3514179514_cbc3371b92.jpg,-1.64468514919281,4.506319046020508
3514184232_b336414040.jpg,1.1524155139923096,3.2277469635009766
3514188115_f51932ae5d.jpg,-2.0680696964263916,-3.0365912914276123
3514194772_43ba471982.jpg,5.504495143890381,6.798097610473633
3514278386_de2343577e.jpg,-0.6903960704803467,5.082313537597656
3514297698_0512623955.jpg,12.539721488952637,-0.2174452692270279
3515358125_9e1d796244.jpg,5.682920932769775,8.931722640991211
3515451715_ac5ac04efa.jpg,0.15506123006343842,2.8256916999816895
3515665835_22e6fb1193.jpg,-2.020298480987549,-2.1847171783447266
3515904775_f8acc5909e.jpg,11.066062927246094,-1.034982681274414
3516267455_ca17cc1323.jpg,8.858521461486816,1.5095187425613403
3516285214_59823b341e.jpg,6.503039836883545,-10.047069549560547
3516299821_8f0375d221.jpg,-1.4487802982330322,2.183180093765259
3516312179_f520469038.jpg,-0.7905534505844116,3.2837889194488525
3516521516_9950340b96.jpg,0.38588017225265503,2.1431784629821777
3516653997_98ec551a67.jpg,-6.777415752410889,-1.6250110864639282
3516825206_5750824874.jpg,-1.9532846212387085,-1.629115104675293
3516935867_78cf63c69c.jpg,2.043079376220703,4.8088579177856445
3516960094_87fb4889de.jpg,-0.8156959414482117,0.8174592852592468
3517023411_a8fbd15230.jpg,-2.0195350646972656,-2.222686290740967
3517040752_debec03376.jpg,-2.7485220432281494,5.627700328826904
3517056462_483ee5a914.jpg,-3.0694074630737305,4.146368503570557
3517124784_4b4eb62a7a.jpg,-4.057748317718506,5.019027233123779
3517127930_5dbddb45f6.jpg,-3.4764771461486816,3.4553983211517334
3517362674_0f5296de19.jpg,-1.4589853286743164,1.3419028520584106
3517466790_17c7753a1a.jpg,-5.760567665100098,-2.384932041168213
3518118675_5053b3f738.jpg,-4.580452919006348,-0.38052451610565186
3518126579_e70e0cbb2b.jpg,-5.285740852355957,-0.7284541726112366
3518334317_bc40bae18d.jpg,-9.04212760925293,-2.0007123947143555
3518443604_6da641f07d.jpg,-7.285983562469482,-0.5836091041564941
3518608016_46453d8b18.jpg,1.1428451538085938,2.692077875137329
3518675890_2f65e23ff9.jpg,9.125204086303711,7.700371265411377
3518687038_964c523958.jpg,-1.6339269876480103,7.610447406768799
3518755601_cebf11e515.jpg,5.275661468505859,-2.9998950958251953
351876121_c7c0221928.jpg,3.2762629985809326,3.84840989112854
3519155763_045a6a55e2.jpg,5.315634727478027,4.091364860534668
3519815055_304dc8e8d6.jpg,-3.6438920497894287,-1.1938804388046265
3519942322_b37d088aae.jpg,6.058401584625244,4.798160552978516
3520079657_b828d96d50.jpg,5.48456335067749,-4.436975479125977
3520199925_ca18d0f41e.jpg,-6.053208351135254,1.3769900798797607
3520321387_710ab74cda.jpg,-2.076514959335327,1.2859426736831665
3520617304_e53d37f0af.jpg,-0.15933293104171753,4.8732476234436035
3520869880_2e8b7d7842.jpg,-6.002400875091553,1.7890775203704834
3520922312_e58a6cfd9c.jpg,-6.673369407653809,0.29624056816101074
3520936130_9e90872560.jpg,-5.2238616943359375,-3.493124008178711
3521201948_9049197f20.jpg,5.450380325317383,8.47024154663086
3521374954_37371b49a4.jpg,-3.759732484817505,1.3390473127365112
3522000960_47415c3890.jpg,7.281341075897217,-9.930235862731934
3522025527_c10e6ebd26.jpg,-2.199601650238037,0.021912945434451103
3522076584_7c603d2ac5.jpg,-2.4212520122528076,-1.6998622417449951
3522349685_f046f0e250.jpg,-4.119435787200928,2.5977089405059814
3522749949_fb615cee47.jpg,0.9039304852485657,8.533181190490723
3522989916_f20319cc59.jpg,4.577298164367676,6.983086585998535
3523471597_87e0bf3b21.jpg,-6.070089340209961,0.04473080113530159
3523474077_16e14bc54c.jpg,-5.559960842132568,-0.082273468375206
3523559027_a65619a34b.jpg,-1.7001986503601074,0.4387088119983673
3523819210_99782628fc.jpg,-3.1303064823150635,-2.426013946533203
352382023_7605223d1c.jpg,7.874107360839844,-2.9635066986083984
3523874798_9ba2fa46e3.jpg,-2.7074620723724365,-1.7113465070724487
3523920786_0eb63993fd.jpg,5.473941326141357,0.6285473704338074
3523950181_414978964e.jpg,-5.2349419593811035,1.063236117362976
3523972229_d44e9ff6d7.jpg,-4.816042900085449,-2.7284176349639893
3524436870_7670df68e8.jpg,5.972696781158447,6.265575885772705
3524519277_bd0c3e7382.jpg,-2.1999311447143555,-1.8600143194198608
3524612244_64f00afec5.jpg,-6.20042085647583,-0.7196382284164429
3524914023_4e96edb09f.jpg,3.541372299194336,4.944268703460693
3524975665_7bec41578b.jpg,-5.933234214782715,0.9264089465141296
3525403875_7f95e0cbfe.jpg,5.575620174407959,1.5894396305084229
3525417522_7beb617f8b.jpg,7.33635950088501,6.264573574066162
3525453732_f74a38f111.jpg,1.8322765827178955,3.1190760135650635
3525841965_7814484515.jpg,-2.7600760459899902,-1.1968199014663696
3526018344_450c517a72.jpg,8.265997886657715,8.724861145019531
3526150930_580908dab6.jpg,-4.371429443359375,2.1927123069763184
3526431764_056d2c61dc.jpg,-3.736206293106079,-0.6256704330444336
3526805681_38461c0d5d.jpg,3.0655717849731445,4.484228134155273
3526897578_3cf77da99b.jpg,5.236234188079834,4.009838104248047
3527184455_1a9c074ff2.jpg,-6.940424919128418,2.7143940925598145
3527261343_efa07ea596.jpg,-0.6041558384895325,-0.36179792881011963
3527524436_a54aca78a9.jpg,2.461782455444336,-4.187699794769287
3527590601_38d56abc29.jpg,-0.9544137716293335,-7.022125720977783
3527682660_c5e9fa644a.jpg,-6.821697235107422,-0.5105454921722412
3527715826_ea5b4e8de4.jpg,-4.539525032043457,3.0037178993225098
3527926597_45af299eee.jpg,-3.993284225463867,-0.518782913684845
3528105511_12ff45dc9c.jpg,-0.8116021156311035,-1.0620230436325073
3528251308_481a28283a.jpg,-3.5138916969299316,-1.9005730152130127
3528902357_be2357a906.jpg,-1.0246384143829346,-2.1977248191833496
3528966521_2e871ff6a1.jpg,-2.483745574951172,-7.74043083190918
3529211822_1dabdb3a9c.jpg,4.78466796875,5.552374839782715
3529314899_b4e533bb76.jpg,-3.606450080871582,2.909654140472412
3529721084_4b405baf54.jpg,-3.7808871269226074,-1.123838186264038
352981175_16ff5c07e4.jpg,2.0429880619049072,-6.359955787658691
3530087422_7eb2b2c289.jpg,-0.7514129281044006,1.0065128803253174
3530342993_a4a1f0e516.jpg,-1.6233054399490356,-2.5954573154449463
3530502404_f8c3a3f61c.jpg,-4.2795867919921875,0.09364359825849533
3530504007_3272c57e21.jpg,-5.306467533111572,-0.32704275846481323
3530687486_6e6be53602.jpg,1.6972450017929077,2.130668878555298
3530843182_35af2c821c.jpg,-2.3252997398376465,-1.2823587656021118
353180303_6a24179c50.jpg,-6.594411849975586,0.09678982198238373
3531811969_49af4c22f0.jpg,-3.424938201904297,-1.9927793741226196
3532028205_9ddd7599f8.jpg,-1.2314436435699463,0.5273817181587219
3532098999_4e07a0a17e.jpg,4.679744720458984,8.091695785522461
3532192208_64b069d05d.jpg,-6.136834621429443,0.413250207901001
3532194771_07faf20d76.jpg,6.5794477462768555,-7.289210796356201
3532200762_b28c39d311.jpg,4.300695896148682,-5.863989353179932
3532205154_5674b628ea.jpg,-4.870893955230713,1.2403171062469482
3532412342_e0a004b404.jpg,-1.7774744033813477,-1.2319172620773315
3532539748_795d16ef07.jpg,-3.645533561706543,1.4084694385528564
3532587748_7e64bb223a.jpg,-2.6897566318511963,1.4676902294158936
3532593368_be10432e92.jpg,-4.785573959350586,-1.8598687648773193
3532761259_14026c1e96.jpg,-2.8259623050689697,1.314845085144043
3532782283_341f0381a3.jpg,0.6483618021011353,-5.380041599273682
3533145793_5d69f72e41.jpg,-4.350638389587402,0.4233182370662689
3533394378_1513ec90db.jpg,0.010155524127185345,-0.6670123934745789
3533451027_b078e4631b.jpg,-1.6052801609039307,6.932459831237793
3533470072_87a5b595ba.jpg,-4.287627220153809,3.1183114051818848
3533484468_0787830d49.jpg,-4.685166358947754,-0.2628929615020752
3533660418_f3a73a257c.jpg,-6.5308027267456055,-2.5262982845306396
3533775651_9d7e93dacf.jpg,-4.122437000274658,0.2798905372619629
3533922605_a2b1e276f6.jpg,-3.8898816108703613,-1.9272316694259644
3534046564_4f8546e364.jpg,6.039149284362793,7.370522499084473
3534183988_3763593dfb.jpg,-5.534908771514893,2.2800662517547607
3534512991_f9fd66f165.jpg,-3.168996572494507,2.0007410049438477
3534548254_7bee952a0e.jpg,0.24403516948223114,5.325190544128418
3534668485_6887629ff0.jpg,-6.98641300201416,0.5448766946792603
3534824784_7133119316.jpg,-5.809629440307617,1.5904825925827026
3534952095_975cca0056.jpg,-4.343984603881836,-0.2260090410709381
3535056297_e16f014cb7.jpg,-3.9265787601470947,1.2029380798339844
3535084928_858544f49a.jpg,3.857163667678833,6.099093914031982
3535284878_f90f10236e.jpg,6.434866428375244,2.7915732860565186
3535304540_0247e8cf8c.jpg,-0.025538764894008636,-1.755342960357666
3535372414_4c51c86fc4.jpg,-0.18180397152900696,0.701651930809021
3535664885_c848c0faee.jpg,-4.568939685821533,-1.2149722576141357
3535768334_a3924bcccd.jpg,-1.9929845333099365,-5.369684219360352
3535879138_9281dc83d5.jpg,-8.982030868530273,-1.822501540184021
3536561454_e75993d903.jpg,-1.6948988437652588,-1.4996840953826904
3537201804_ce07aff237.jpg,-5.070035934448242,-1.1262569427490234
3537218226_478d2e4f26.jpg,-1.6284950971603394,-7.205259799957275
3537400880_8f410d747d.jpg,-0.8182613849639893,-3.866795778274536
3537452619_3bd79f24e0.jpg,-4.672569751739502,0.9194150567054749
3537474810_cf676b3259.jpg,-1.0287048816680908,7.133124351501465
3537520829_aab733e16c.jpg,-3.585603952407837,-2.2011938095092773
3537806062_c50d814aba.jpg,4.95766019821167,7.995739459991455
3537920947_6c5a956f47.jpg,-4.794983863830566,-1.544548511505127
3538021517_b930dc76fc.jpg,0.9310584664344788,9.327383041381836
3538213870_9856a76b2a.jpg,-4.898481369018555,-0.053465962409973145
3538527033_df13112d51.jpg,-7.822494983673096,-0.9490676522254944
3538686658_30afc75f02.jpg,-2.5155560970306396,-4.221992492675781
3539767254_c598b8e6c7.jpg,2.94417142868042,-3.9152214527130127
3539817989_5353062a39.jpg,3.7918763160705566,4.999551296234131
3539840291_1c3eed701d.jpg,0.8015760779380798,5.493288040161133
3540155303_08225a4567.jpg,-2.8383889198303223,-2.8005475997924805
3540241710_a4f49cde52.jpg,-3.5257325172424316,-1.1083959341049194
3540416139_c884f38351.jpg,10.769798278808594,8.9189453125
3540416981_4e74f08cbb.jpg,7.031057357788086,7.072062015533447
3540515072_8c951b738b.jpg,3.136397361755371,2.831127405166626
3540598210_972f0ff573.jpg,-2.945002794265747,-2.4046497344970703
3541141771_67d305c873.jpg,-0.37637653946876526,-7.6461663246154785
3541162969_68fa4a60df.jpg,3.2566258907318115,-5.1112775802612305
3541474181_489f19fae7.jpg,6.015848159790039,-7.915258884429932
3541483943_9776baee7c.jpg,-5.3452653884887695,-2.8739991188049316
3541491057_61a49588d9.jpg,4.820014476776123,2.9944891929626465
3541915243_956c1aa8ef.jpg,-6.064160346984863,1.8760340213775635
3541962817_78bcd3835b.jpg,0.5573862195014954,3.3296587467193604
3542341321_faa2d2d48a.jpg,5.4845991134643555,2.608766794204712
3542418447_7c337360d6.jpg,5.612005710601807,7.03161096572876
3542425197_2ef81c6051.jpg,-5.286673545837402,-2.340583086013794
3542484764_77d8920ec9.jpg,-3.7605929374694824,5.967333793640137
3542771548_fcb8fa0cba.jpg,0.18573926389217377,3.9411120414733887
3543294190_0037c59607.jpg,-1.6039072275161743,-1.6948834657669067
3543378438_47e2712486.jpg,-7.087611675262451,-0.16867700219154358
3543600125_223747ef4c.jpg,-6.312825679779053,0.3747459053993225
3544233095_4bca71df1d.jpg,2.9552345275878906,-5.011831760406494
3544312930_3a0b8d70c1.jpg,-3.773651123046875,0.7806052565574646
3544483327_830349e7bc.jpg,-5.816946506500244,-1.0614094734191895
3544573946_e03aebbfde.jpg,-2.0640060901641846,2.818828582763672
3544669026_1b5c0e6316.jpg,3.779107093811035,5.480119228363037
3544673666_ffc7483c96.jpg,3.8646552562713623,4.7634735107421875
3544793763_b38546a5e8.jpg,-5.976423740386963,1.6666538715362549
3544803461_a418ca611e.jpg,-2.8441972732543945,1.288523554801941
3545427060_c16a8b7dfd.jpg,9.268012046813965,-3.4173424243927
3545586120_283d728a97.jpg,-4.179997444152832,0.8610396385192871
3545652636_0746537307.jpg,0.973213791847229,6.965713024139404
3545779287_8f52e06909.jpg,5.409417629241943,3.823855400085449
3545793128_af3af544dc.jpg,-5.469789981842041,0.42018043994903564
3546027589_253553252a.jpg,-7.445550441741943,0.29994136095046997
354642192_3b7666a2dd.jpg,6.664818286895752,-8.332366943359375
3546474710_903c3c9fd3.jpg,-5.814070224761963,-3.2366254329681396
3546720729_38fff1bbd9.jpg,-3.734229326248169,2.303328037261963
3546891929_f31a99cd0d.jpg,-5.025264263153076,-1.4698048830032349
3547000169_40191e02ca.jpg,-3.9896233081817627,1.0204683542251587
3547313700_39368b9a2f.jpg,6.517847537994385,6.58787202835083
3547368652_0d85c665d3.jpg,-1.956785798072815,-0.8508865833282471
3547499166_67fb4af4ea.jpg,-5.132719039916992,1.2049219608306885
3547524138_4157f660b0.jpg,-4.011073589324951,1.5795533657073975
3547600292_6f8aac7f2e.jpg,4.363925457000732,2.771451473236084
3547647914_4dd56a8c1b.jpg,-5.249159812927246,1.3581234216690063
3547704737_57d42d5d9d.jpg,-3.953613042831421,0.9001065492630005
3548191125_514f47e493.jpg,-2.9615070819854736,2.941669225692749
3549006919_3604bc813e.jpg,-2.136627435684204,-5.237046718597412
3549011001_26cace3646.jpg,-1.619048833847046,-2.42118239402771
3549140234_e99b07c739.jpg,-2.362058162689209,-1.34950590133667
3549277110_24d4064ccd.jpg,-5.336019992828369,2.810760974884033
3549408779_4d453db080.jpg,8.059393882751465,-1.1246305704116821
3549464203_8ab9c6160b.jpg,-6.531334400177002,3.3069913387298584
3549583146_3e8bb2f7e9.jpg,-1.511277198791504,0.2565890848636627
3549614763_42f34f3d1e.jpg,-6.614371299743652,1.7797154188156128
3549673305_4dfd44e04a.jpg,-6.184381484985352,-0.8671689629554749
354999632_915ea81e53.jpg,-2.977951765060425,-5.4198899269104
3549997413_01388dece0.jpg,3.2113428115844727,-8.988861083984375
3550253365_27d4c303cf.jpg,0.15732955932617188,-6.1341142654418945
3550255426_4ab03c0d6e.jpg,-2.7023766040802,-0.016160309314727783
3550276904_19de3561c5.jpg,-5.620232105255127,3.1775074005126953
3550459890_161f436c8d.jpg,2.6046218872070312,3.812833309173584
35506150_cbdb630f4f.jpg,-1.192375898361206,-1.6299529075622559
3550763985_800cfee7e4.jpg,-2.717874526977539,1.3224414587020874
3551003620_0b02d76f65.jpg,-1.293434500694275,-0.32705679535865784
3551170666_01df31412d.jpg,2.019226312637329,0.019490383565425873
3551281733_b43bf6f870.jpg,1.775169014930725,1.8405722379684448
3551447084_becc6a4666.jpg,-2.2180070877075195,-2.683842420578003
3551787566_b5ebbe2440.jpg,1.3241939544677734,-4.398014068603516
3552206648_123bf4ac82.jpg,3.25698184967041,-3.7276737689971924
3552435734_04da83b905.jpg,7.492818832397461,0.5635899901390076
3552796830_2dd2aa9c2c.jpg,-3.9885621070861816,2.280888557434082
3553056438_4e611a7a2a.jpg,-1.7816553115844727,0.4140153229236603
3553225222_f5ebe44af1.jpg,-2.468770980834961,1.141335129737854
3553374585_25b1bd6970.jpg,-2.6749427318573,0.12344954162836075
3553476195_fb3747d7c1.jpg,6.110422611236572,6.221863746643066
3554210976_fbd0ef33a3.jpg,-0.2559434175491333,-11.696654319763184
3554634863_5f6f616639.jpg,-5.678546905517578,-0.45283275842666626
3555231025_73fa54fa29.jpg,-1.0257303714752197,1.9805411100387573
3555573680_41c1540a86.jpg,2.4174389839172363,-4.918271541595459
3555729342_cc7a3b67fd.jpg,-2.2602646350860596,-4.976955413818359
3556037801_3992ce6826.jpg,-5.108264923095703,0.5218082666397095
3556390715_65c6d1e88b.jpg,4.871896266937256,2.4569156169891357
3556485995_9cd40269e9.jpg,-0.8673809170722961,1.473798155784607
3556571710_19cee6f5bd.jpg,-2.3271193504333496,-0.05727308988571167
3556598205_86c180769d.jpg,2.4807088375091553,-2.4513742923736572
3556792157_d09d42bef7.jpg,-4.776180744171143,0.07745109498500824
3557148230_7fc843e5de.jpg,-0.08161186426877975,0.835565447807312
3557295488_600d387347.jpg,-0.9239677786827087,7.442671298980713
3557316485_574a5f7a89.jpg,-1.4808322191238403,-4.798800945281982
3557324238_6ba58831d9.jpg,-0.7570299506187439,-1.2781320810317993
3558251719_3af5ae2d02.jpg,2.977586030960083,0.11610615998506546
3558370311_5734a15890.jpg,-3.364743947982788,-3.5506880283355713
3558438174_d8f41438a4.jpg,-2.2660341262817383,-0.2536488175392151
3558683579_8fb36b55a6.jpg,-5.773266315460205,1.567878007888794
3558796959_fc4450be56.jpg,-2.4916152954101562,6.121918678283691
3559374748_f18c7caa55.jpg,-0.35858890414237976,-1.2337478399276733
3559425864_0462d7613f.jpg,-1.9143577814102173,-4.95852518081665
3559429170_3183c404b9.jpg,0.134099543094635,-5.568148136138916
3559781965_d4ec00e506.jpg,6.021275997161865,4.827950954437256
3559993787_c49644dcc5.jpg,-0.30230653285980225,-5.694656848907471
3560081723_62da0035bd.jpg,0.1929730474948883,-1.0955040454864502
3560125106_691c292893.jpg,0.8210210204124451,1.56889808177948
3560726559_4c4bed9f2d.jpg,-2.2041590213775635,-0.8869551420211792
3560771491_2a18b6241e.jpg,2.8924508094787598,-0.913882315158844
3560891822_7d4c1e3580.jpg,-6.2166643142700195,0.1886528581380844
3560977956_e08d2cd531.jpg,5.095326900482178,-6.253558158874512
3561130207_d1ed166daa.jpg,-6.290343284606934,-1.744519591331482
3561314880_ea9a7e245f.jpg,-3.392652988433838,1.3498728275299072
3561433412_3985208d53.jpg,4.918137550354004,5.467839241027832
356143774_ef3e93eede.jpg,6.7473626136779785,-6.265229225158691
3561537309_e271d57492.jpg,6.829180717468262,-7.942671775817871
3561543598_3c1b572f9b.jpg,-3.924370527267456,0.40821534395217896
3561639055_5ac66ae92f.jpg,-2.841028928756714,-2.5172791481018066
3561734666_344f260cce.jpg,0.22006523609161377,2.7701170444488525
3562001359_65c63aeda3.jpg,4.3255181312561035,-5.665355682373047
3562050678_4196a7fff3.jpg,-1.1167263984680176,-6.04287052154541
3562169000_6aa7f1043d.jpg,-0.8945925831794739,-1.6542657613754272
3562282690_cd2a95fe9e.jpg,8.150520324707031,6.33419132232666
3562302012_0cbcd01ff9.jpg,-4.043611526489258,-0.6093608736991882
3562470436_6e193643ce.jpg,1.9313703775405884,0.7243281602859497
3562816250_6e14d436b1.jpg,2.3443691730499268,-4.639389514923096
3562903245_85071bb5f9.jpg,-1.8895761966705322,-1.158097267150879
3563059800_c073081ce3.jpg,-5.72910737991333,1.5362695455551147
3563461991_de05537878.jpg,0.2552970051765442,-4.666817665100098
3563668905_689ed479c5.jpg,0.13436725735664368,-4.108526706695557
3563673070_71fa0903ed.jpg,6.183154582977295,-5.929680347442627
3563871276_c8b2a00df5.jpg,-0.15154212713241577,-3.6718993186950684
3563924606_5914392cd8.jpg,4.284306526184082,4.774181842803955
3564007203_df2b8010f1.jpg,-2.6807196140289307,1.5159919261932373
3564148252_aa4cb36a32.jpg,-1.6153295040130615,-0.18598714470863342
3564157681_03a13b7112.jpg,2.985490322113037,6.075387954711914
3564312955_716e86c48b.jpg,6.167131423950195,-6.19627046585083
3564385317_1bf5094068.jpg,-1.8272404670715332,-2.288656711578369
3564436847_57825db87d.jpg,-3.494861364364624,-0.02260442264378071
3564543247_05cdbc31cf.jpg,2.546696424484253,-3.015005111694336
3564738125_10400f69c0.jpg,4.742648124694824,-7.983149528503418
3564742915_5f940b95b4.jpg,3.0079734325408936,-9.561760902404785
3564907603_14ccc655f1.jpg,-5.510828971862793,0.966210126876831
3565021218_d2bc1aa644.jpg,-4.104531764984131,0.962410569190979
3565598162_56044bc2f7.jpg,-6.325379848480225,-1.098724603652954
3565654691_22b97d3994.jpg,1.5569325685501099,-9.16215705871582
3565655045_8eb00b7423.jpg,3.841517448425293,-11.476784706115723
3565749152_7924d15b04.jpg,2.749466896057129,4.545021057128906
3566111626_9a35a7b2c0.jpg,-1.807094693183899,-3.704977512359619
3566225740_375fc15dde.jpg,-2.003051280975342,-1.4179081916809082
3567061016_62768dcce1.jpg,2.006080150604248,4.6854567527771
3567214106_6ece483f8b.jpg,5.752025604248047,4.355067729949951
3567604049_da9e1be4ba.jpg,1.5470494031906128,-4.910791397094727
3568065409_1c381aa854.jpg,-3.7020750045776367,2.3310394287109375
3568197730_a071d7595b.jpg,-4.126189231872559,-2.3688015937805176
3568219100_dfbffddccd.jpg,1.9369925260543823,-7.689987659454346
3568225554_73cdb19576.jpg,2.3655428886413574,-8.372838973999023
3568505408_4e30def669.jpg,1.2981786727905273,0.5347514152526855
3568605391_54ec367d88.jpg,-2.901632070541382,-0.3469298183917999
3569126684_a68b29a57f.jpg,6.653873920440674,8.499639511108398
3569284680_44fef444ef.jpg,-3.7396609783172607,1.7698407173156738
356929855_6bbf33d933.jpg,6.545003414154053,0.8627229928970337
3569329986_1f468729b2.jpg,-0.8678234219551086,6.812214374542236
3569406219_f37ebf7b92.jpg,-6.169074058532715,0.32476603984832764
3569420080_72fbe84751.jpg,-4.151485443115234,-0.6022787094116211
3569667295_6e51db08ef.jpg,15.31210994720459,-4.197341442108154
3569755200_cef7ee2233.jpg,-4.8374505043029785,-0.8884528875350952
3569979711_6507841268.jpg,5.925618648529053,0.2863980531692505
3570800810_978c993133.jpg,2.1665377616882324,-3.259948492050171
3571039224_b34fa2f94c.jpg,10.051615715026855,-2.098334550857544
3571147934_d1c8af1d6e.jpg,-7.463248252868652,0.7684104442596436
3571193625_835da90c5e.jpg,5.677977561950684,2.0012688636779785
3571675421_7e07ac07c5.jpg,11.532354354858398,0.6711351275444031
357191373_a1cb5696e8.jpg,2.663529396057129,-0.11937987059354782
3572144280_ea42bbd927.jpg,-1.718680500984192,-3.208275556564331
3572267708_9d8a81d4a4.jpg,-6.365535736083984,-1.5343525409698486
3572346664_e1e6c77f11.jpg,-2.9062376022338867,-2.6754508018493652
3572942419_16ebdc3d46.jpg,-6.272889137268066,3.2739925384521484
3573202338_f43dd22d28.jpg,4.445183753967285,-4.096882343292236
3573436368_78f0ccdf01.jpg,-0.4538519084453583,-4.072538375854492
3574244361_715ac347cd.jpg,1.5695829391479492,2.172954797744751
3574627719_790325430e.jpg,-4.514815330505371,-1.5549131631851196
3574930742_9081bd2426.jpg,-4.469167232513428,3.9780259132385254
3576060775_d9121519cc.jpg,11.472416877746582,1.251360297203064
3576250302_14779632bd.jpg,3.019901990890503,-3.7762610912323
3576259024_9c05b163aa.jpg,-1.2770816087722778,-1.8796124458312988
3576312396_799c873f3e.jpg,6.244467735290527,-7.6572113037109375
3576536763_3c8c4f232e.jpg,5.821049213409424,-2.645735263824463
3576741633_671340544c.jpg,-2.1964573860168457,-3.922384262084961
3576840040_9356b5b10a.jpg,-0.5435256361961365,-2.576781749725342
3577235421_69e4efb8d1.jpg,-6.20775032043457,0.5109811425209045
357725852_6f55cb9abc.jpg,1.316376805305481,-7.692797660827637
3577309234_c952c2af86.jpg,0.5294409394264221,-0.2620062530040741
3578068665_87bdacef6a.jpg,-2.8960137367248535,1.386655330657959
3578372039_57473f473c.jpg,-3.771028757095337,2.335657835006714
3578477508_b7d839da16.jpg,-0.13367119431495667,-0.7932103872299194
3578841731_f775cab089.jpg,2.7581090927124023,-4.349471092224121
3578914491_36019ba703.jpg,8.786128997802734,4.559733867645264
3578981202_efef47e264.jpg,-3.349071741104126,1.5415500402450562
3579686259_b1fe6aefc9.jpg,2.666372537612915,2.474187135696411
3579842996_3a62ec1bc7.jpg,-3.824280023574829,1.894212245941162
3580082200_ea10bf2f68.jpg,5.492175102233887,6.031688213348389
3580375310_46ec3e476c.jpg,-0.5635508298873901,7.502645492553711
3580741947_cc64a83648.jpg,-6.097967624664307,0.28237247467041016
358114269_96fdb5f7c3.jpg,0.29821327328681946,-3.2935590744018555
3581451227_618854cea4.jpg,-2.5146141052246094,2.0911686420440674
3581538034_783b7d0d09.jpg,4.118695259094238,-4.875966548919678
3581818450_546c89ca38.jpg,4.400557518005371,4.578414440155029
3582048078_7bac2d8473.jpg,8.455299377441406,-6.470798969268799
3582066525_e9d6377f56.jpg,4.090280055999756,-6.328784465789795
3582465732_78f77f34ae.jpg,-0.9468667507171631,3.38560152053833
3582685410_05315a15b8.jpg,1.5625616312026978,-5.999721050262451
3582689770_e57ab56671.jpg,-0.6235290169715881,-3.2304654121398926
3582742297_1daa29968e.jpg,5.3222808837890625,2.060915231704712
3582814058_564776f26c.jpg,-8.184147834777832,-1.487476110458374
3582914739_bef2828a06.jpg,-6.054381847381592,-0.12065494060516357
3582914905_f58db879ae.jpg,7.729653835296631,-5.968209743499756
3582920844_2742804f3d.jpg,2.134310483932495,-7.404881954193115
3583065748_7d149a865c.jpg,6.495617866516113,8.326550483703613
3583293892_c96af8cd98.jpg,-3.222912073135376,5.465854167938232
3583321426_f373c52161.jpg,-5.764900207519531,1.1159454584121704
3583516290_1c87a13770.jpg,-4.834854602813721,-1.0869230031967163
3583704941_611353857e.jpg,-0.8958085775375366,0.9176455736160278
3583903436_028b06c489.jpg,-2.5991530418395996,2.517861843109131
3584196366_a4b43d6644.jpg,5.480224132537842,-2.414897918701172
3584406900_039f30b34c.jpg,-1.1854609251022339,1.503466010093689
3584534971_b44f82c4b9.jpg,-0.8753631114959717,-3.019425868988037
3584561689_b6eb24dd70.jpg,-5.3436126708984375,3.3223342895507812
3584603849_6cfd9af7dd.jpg,-0.42707422375679016,-2.51431941986084
3584829998_25e59fdef3.jpg,3.282179355621338,6.318121433258057
3584930205_a3f58a4b7c.jpg,-1.6608885526657104,0.13840174674987793
3585117340_73e96b6173.jpg,4.939121723175049,6.757737159729004
3585123310_9a8e94bd2b.jpg,4.3307623863220215,6.725010871887207
3585487286_ef9a8d4c56.jpg,10.610214233398438,-0.025227099657058716
3585488964_1467945775.jpg,9.99667739868164,-0.2556520700454712
3585495069_33cba06d0a.jpg,-5.784863471984863,2.3606820106506348
3585598356_8ce815bbb9.jpg,-4.450968265533447,0.6477982401847839
358559906_d5f3f584f4.jpg,0.8145682215690613,-4.615177154541016
358607894_5abb1250d3.jpg,-3.191770553588867,0.2296949028968811
3586239953_da4fb3f775.jpg,-0.9841395020484924,5.282413959503174
3587009091_37188fd07e.jpg,8.290237426757812,-0.5769984722137451
3587077732_0933f1677b.jpg,3.1318793296813965,-3.4440805912017822
3587092143_c63030ed6d.jpg,-6.7629265785217285,1.7251343727111816
3587449716_3bf1552c36.jpg,-6.677335739135742,-0.8301454186439514
3587596696_9c5964c94d.jpg,-2.9525506496429443,2.899196147918701
3587781729_bd21ce7b11.jpg,-1.4324220418930054,2.135096788406372
3587941206_36769c3f1d.jpg,-1.1786911487579346,4.3595991134643555
3588417747_b152a51c52.jpg,-4.517123699188232,-3.0642945766448975
358875403_f357f03713.jpg,8.314529418945312,-0.9184903502464294
3589052481_059e5e2c37.jpg,-3.141636610031128,1.7332117557525635
3589156060_3ed8d6bbc3.jpg,8.32520580291748,-0.968177080154419
3589267801_5a222e3a60.jpg,5.382802963256836,1.9493108987808228
3589367895_5d3729e3ea.jpg,-6.7091193199157715,1.0551961660385132
3589368949_0866846949.jpg,-5.302330493927002,0.041362714022397995
3589895574_ee08207d26.jpg,-5.201848983764648,4.459984302520752
3590294974_4ef98f013e.jpg,-5.36129903793335,-3.049917221069336
3590557969_d0270d518b.jpg,-0.5610983967781067,-3.205768585205078
3590593467_be497a6139.jpg,2.471376895904541,-5.397000789642334
3590647207_2d4ec3f52c.jpg,-0.5641747713088989,0.2939160466194153
3590653633_495de5f288.jpg,0.3110654056072235,-1.4929519891738892
3590654365_fd4819f48b.jpg,2.8747971057891846,1.306275486946106
3590739067_58baffb3a7.jpg,-1.5886836051940918,-1.2155369520187378
3590753142_61993d39df.jpg,-3.2746214866638184,-5.770963668823242
359082432_c1fd5aa2d6.jpg,5.70550012588501,-2.2524538040161133
3591094476_b61acd63d6.jpg,2.9305176734924316,5.407303810119629
3591170729_406fdb74e5.jpg,-3.621289014816284,-1.4766676425933838
3591457224_88281dd04f.jpg,-4.662542819976807,1.2609533071517944
3591458156_f1a9a33918.jpg,1.8726140260696411,2.5742294788360596
3591461782_687e320042.jpg,0.021270906552672386,1.6517888307571411
3591462960_86045906bd.jpg,2.499873638153076,1.2612403631210327
359173181_a75c950aeb.jpg,6.479553699493408,-0.22284004092216492
3592968286_b63c81bcd2.jpg,-7.443542957305908,-0.40338608622550964
3592992234_6d3fe58a70.jpg,-0.5421334505081177,2.2931442260742188
3593220756_5c416c3ceb.jpg,2.1897873878479004,-5.375952243804932
3593222804_c187808ac3.jpg,2.648637294769287,-4.334013938903809
3593392955_a4125087f6.jpg,6.657474040985107,0.01762470416724682
3593538248_dffa1a5ed4.jpg,-5.413058280944824,1.6186268329620361
3593556797_46b49a02a8.jpg,-6.767395973205566,-3.8049075603485107
3594029059_cee1f4c59a.jpg,1.9082669019699097,2.612698793411255
3594566537_55bd712fdb.jpg,4.3789286613464355,-6.872652530670166
3594822096_e1144b85d6.jpg,2.0486772060394287,-2.691361427307129
3595080592_5fd55570e5.jpg,-6.41655158996582,0.5183484554290771
3595216998_0a19efebd0.jpg,2.0964572429656982,5.99880838394165
3595398879_13e33b8916.jpg,-4.458201885223389,-1.1576184034347534
3595408539_a7d8aabc24.jpg,-3.6474690437316895,-0.6318490505218506
3595412126_4020d4643b.jpg,-4.555623531341553,1.8739473819732666
3595643050_d312e4b652.jpg,3.517817258834839,7.041325569152832
3595992258_6f192e6ae7.jpg,4.700993537902832,2.502476692199707
3596131692_91b8a05606.jpg,-1.5893213748931885,8.734294891357422
3596428453_8cfdec4869.jpg,-4.408401966094971,1.5529745817184448
3596459539_a47aa80612.jpg,-1.1621538400650024,-0.7470942735671997
3596959859_a7cb1e194b.jpg,-1.561057686805725,-4.748761177062988
3597146852_3d000a5d5f.jpg,-5.7090606689453125,-0.9631305932998657
3597210806_95b07bb968.jpg,-4.0955634117126465,2.205183982849121
3597326009_3678a98a43.jpg,-6.811428070068359,3.2703990936279297
3597354819_0069aaf16e.jpg,2.087662696838379,-10.886859893798828
3597715122_45878432ec.jpg,-6.689888000488281,1.3803613185882568
3597921737_3fd1d0665b.jpg,-5.294205665588379,1.9573317766189575
3597924257_d0da3c5fe6.jpg,5.9699296951293945,8.343233108520508
359837950_9e22ffe6c2.jpg,7.369956016540527,-1.0492321252822876
3598447435_f66cd10bd6.jpg,2.4115517139434814,-10.650078773498535
3599124739_b7e60cf477.jpg,8.606344223022461,-7.866977691650391
3599392711_8264881de2.jpg,-2.012585401535034,-3.0819413661956787
3599442049_e448c7c9b2.jpg,2.4849793910980225,-5.514573097229004
3599568766_9e96def0ef.jpg,5.099789142608643,2.0055346488952637
3600221224_945df01247.jpg,6.934142589569092,-0.9192559123039246
3600403707_527aa0596e.jpg,-3.765937566757202,-1.1227325201034546
3600909823_ce72c26e66.jpg,-3.6857635974884033,-4.4829535484313965
3601491447_a338875b51.jpg,-0.5308530330657959,3.79403018951416
3601508034_5a3bfc905e.jpg,1.9951057434082031,6.139566898345947
3601533527_6c2439113c.jpg,-5.099024772644043,-3.419308662414551
3601569729_bf4bf82768.jpg,1.6422178745269775,1.9369090795516968
3601803640_5f3cb05acf.jpg,-3.828549861907959,-0.48295214772224426
3601843201_4809e66909.jpg,-0.47424882650375366,-0.7373479008674622
3601978895_9fec23ce0c.jpg,-5.767085075378418,0.625565767288208
3602676311_824b2c04ba.jpg,-1.7237893342971802,-3.9891185760498047
3602838407_bf13e49243.jpg,12.313761711120605,-0.3500567674636841
3603064161_a8f3b6455d.jpg,-2.626732587814331,-0.6901878118515015
3603116579_4a28a932e2.jpg,-0.4895602762699127,5.26392126083374
3603301825_5817727be2.jpg,-4.09593391418457,4.296633243560791
3603870481_1ebc696d91.jpg,9.853255271911621,-1.0795598030090332
3604314527_5077cd9d43.jpg,-0.6289621591567993,-0.6454080939292908
3604383863_5e387cb8e6.jpg,-3.9660096168518066,3.2756905555725098
3604384157_99241be16e.jpg,-2.827285051345825,-0.9523351788520813
3604384383_db6805d1b9.jpg,-1.6202329397201538,2.510308265686035
3604391853_b4809fcb8c.jpg,0.30338263511657715,4.58524227142334
3604496023_c1f546423e.jpg,-4.876035213470459,-0.1931137889623642
3604928725_58147c87cd.jpg,11.361231803894043,-3.213285446166992
3605061440_1d08c80a57.jpg,1.0899484157562256,4.9501729011535645
3605100550_01214a1224.jpg,5.536872386932373,5.088925838470459
3605676864_0fb491267e.jpg,3.035564422607422,0.21796096861362457
3606084228_6286a52875.jpg,0.13232876360416412,-4.699407577514648
3606093421_eddd46c2c7.jpg,2.8240163326263428,-5.261794567108154
3606355203_1260f43ec0.jpg,1.397515892982483,-6.436915397644043
3606846822_28c40b933a.jpg,-3.3329861164093018,-0.5932533740997314
3606909929_90a1a072b7.jpg,1.4426060914993286,-3.6492364406585693
3606942887_1159d92548.jpg,1.6164928674697876,-4.995827674865723
360723732_23199af4bf.jpg,4.045922756195068,1.7451857328414917
3607405494_0df89110a6.jpg,4.255033493041992,6.776155948638916
3607489370_92683861f7.jpg,0.18650245666503906,-1.9490543603897095
3607969989_68cc411493.jpg,-5.491550922393799,-0.7894330620765686
3608400551_d6f7965308.jpg,3.536386251449585,5.58097505569458
3608567609_aae96d4a5e.jpg,-2.59283709526062,4.926263809204102
3608663656_9192a21eeb.jpg,4.14787483215332,-8.066047668457031
3608752424_01a1cfd8a6.jpg,8.956477165222168,-1.8570828437805176
3608849440_e7d2bed29f.jpg,-3.077439546585083,3.1313343048095703
3609026563_9c66f2dc41.jpg,2.2782416343688965,4.071385860443115
3609027309_af75f773d9.jpg,-4.044399738311768,1.424798846244812
3609032038_005c789f64.jpg,0.6328403353691101,-6.873782634735107
3609645320_815c294b65.jpg,-2.98069167137146,-0.4237145185470581
3609952704_3719ab0524.jpg,-4.720273494720459,1.8222997188568115
3609999845_faf5d2fe74.jpg,-1.5567506551742554,1.9365432262420654
3610189629_f46de92ab3.jpg,3.2477309703826904,1.3676396608352661
3610683688_bbe6d725ed.jpg,9.435148239135742,0.0470447912812233
3610687607_895fdc94bd.jpg,-4.405798435211182,-0.8651113510131836
3610836023_3a972b10b0.jpg,1.1621731519699097,-7.325141429901123
361092202_3d70144ebd.jpg,-0.2638353407382965,-5.818913459777832
3611603026_9112b0c53f.jpg,-7.062985897064209,-0.572786271572113
3611672054_45edd3e08f.jpg,2.1429195404052734,-0.06909605115652084
361183669_52be9662b9.jpg,2.5920469760894775,-6.76432466506958
3612249030_e2829ffa31.jpg,-0.236984521150589,-0.8041132688522339
3612484827_0e479f9ee8.jpg,-3.3062734603881836,3.2960760593414307
3612485097_b706d950ed.jpg,-3.5348315238952637,3.360978364944458
3612485611_12dd7742f7.jpg,-4.756526470184326,3.1571204662323
3612538549_2828b45867.jpg,4.485159873962402,-1.53933846950531
3612825666_54f5a2bc06.jpg,-4.389942646026611,-1.5895955562591553
3613005134_bb7f304da1.jpg,-5.069246292114258,-1.5987850427627563
3613027188_1645ca1976.jpg,-3.1908071041107178,5.8723039627075195
3613030730_0b28b079ba.jpg,0.5251334309577942,0.3740452826023102
3613175012_bcd063e7c9.jpg,-7.323723316192627,-0.7793028950691223
3613242966_a1c63a0174.jpg,11.595928192138672,-1.1103025674819946
3613264553_97b687f172.jpg,4.133248329162598,-7.031825542449951
3613323772_d15cef66d1.jpg,-1.876908779144287,-0.04303485155105591
3613375729_d0b3c41556.jpg,-0.8366134762763977,0.6420329213142395
3613424631_3ae537624f.jpg,-2.1451311111450195,-5.796586036682129
3613585080_36629d8157.jpg,-4.418441295623779,-0.06073501333594322
3613667665_1881c689ea.jpg,9.308852195739746,-0.36250653862953186
3613705104_46d854134e.jpg,-4.399434566497803,-2.400798797607422
3613800013_5a54968ab0.jpg,6.839908599853516,8.081002235412598
3613955682_3860e116cf.jpg,-2.601125717163086,1.9546793699264526
3614542901_29877fc342.jpg,-7.385340213775635,2.083622455596924
3614582606_16bd88dab2.jpg,-5.735428333282471,3.57208251953125
3614595423_f9e0ab4fb0.jpg,-5.842023849487305,2.269988775253296
3614881872_ccf9739b0e.jpg,1.254318118095398,-8.966404914855957
3615239961_62b4dbc174.jpg,-0.24257901310920715,-2.4951975345611572
3615730936_23457575e9.jpg,0.1508958786725998,-3.824805498123169
3616525288_9c19223de6.jpg,-0.8093723654747009,1.2857234477996826
3616638478_641d02183d.jpg,-6.4564032554626465,0.9617026448249817
3616771728_2c16bf8d85.jpg,0.623751699924469,2.713494062423706
3616808182_fb4eaec778.jpg,2.411905527114868,-7.0604963302612305
3616846215_d61881b60f.jpg,-0.9275927543640137,0.41483768820762634
3618115051_41b5a7706c.jpg,-5.429949760437012,-1.3162442445755005
3618504267_d7eaa495d0.jpg,1.197779893875122,5.524601936340332
3618525295_d32d634b2e.jpg,-3.7040140628814697,1.0422502756118774
3618908551_7fd2de5710.jpg,-1.4250555038452148,-5.2256879806518555
3618932839_acd7d2c2ea.jpg,4.827616214752197,7.761072635650635
3619232550_0b1e1fd4e4.jpg,-5.1106085777282715,0.6897106766700745
3619381206_5bc8b406f9.jpg,-2.739755153656006,-2.9060144424438477
3619416477_9d18580a14.jpg,8.100459098815918,2.814145803451538
3619630328_2d0865b6f4.jpg,5.002866268157959,6.264738082885742
3619806638_7480883039.jpg,-3.1890037059783936,-0.3830330967903137
3620343911_64a862904e.jpg,-0.8579857349395752,-2.04109787940979
3620492762_7f6a9b4746.jpg,-0.16512131690979004,-4.089226245880127
3621177753_1718c30ea0.jpg,-4.406897068023682,-7.390115261077881
3621329299_6fb3f2935c.jpg,1.0255976915359497,-4.490109920501709
3621623690_0095e330bc.jpg,-1.1810458898544312,-0.8128175735473633
3621647714_fc67ab2617.jpg,3.7963247299194336,-8.676071166992188
3621649810_cca783b777.jpg,0.6486964225769043,-3.3768649101257324
3621652774_fd9634bd5b.jpg,0.8947509527206421,-2.3438456058502197
3621717946_d96f8a6012.jpg,3.545976400375366,-3.190214157104492
3621741935_54d243f25f.jpg,-1.2594431638717651,-1.776116132736206
3622216490_1314a58b66.jpg,-3.0049288272857666,-0.8808034062385559
3622929632_26fb800000.jpg,3.3540632724761963,3.4369983673095703
362316425_bda238b4de.jpg,-2.9228909015655518,3.1814849376678467
3623302162_099f983d58.jpg,3.251849889755249,5.154806137084961
3623331945_df0f51d7dd.jpg,3.285433292388916,-5.004218101501465
3623650392_7b75d4de21.jpg,9.216606140136719,1.832482933998108
3624076529_9793655a21.jpg,10.00732707977295,0.5683650970458984
3624327440_bef4f33f32.jpg,7.516378879547119,-8.140467643737793
3624676866_8f6d0efcc9.jpg,-5.975055694580078,-0.9109747409820557
3625049113_554d82c2a1.jpg,-3.6579954624176025,-1.9957751035690308
3625519177_4c2bb9e7f0.jpg,0.8124595284461975,-6.16392183303833
3625957413_e475943aa3.jpg,5.459218502044678,6.252279281616211
3626475209_f71cdd06bd.jpg,6.124443531036377,9.839845657348633
3626642428_3396568c3c.jpg,8.966277122497559,1.5852853059768677
3626689571_5817f99c0e.jpg,-5.358216762542725,-1.8697609901428223
3626964430_cb5c7e5acc.jpg,0.19018925726413727,4.124170303344727
3626998066_3ae11ee278.jpg,6.424496650695801,7.039270877838135
3627011534_485f667b10.jpg,-2.3783116340637207,1.3774932622909546
3627076769_3b71e73018.jpg,-6.091659069061279,1.0554358959197998
3627216820_4952bacbcb.jpg,6.1822829246521,4.336544513702393
3627290893_561e176e80.jpg,-4.028039932250977,0.11721539497375488
3627676364_1dc9294ec5.jpg,-5.645012378692627,-0.963581919670105
3627679667_0e3de9fc90.jpg,6.914712905883789,-7.05285120010376
3628017876_4ac27e687b.jpg,0.19193647801876068,3.9930508136749268
3628043835_9d9bd595a7.jpg,-6.577450752258301,-2.4242002964019775
3628059004_5c3529b120.jpg,-5.485274314880371,0.12127295881509781
3628103548_2708abcda2.jpg,-5.0661234855651855,1.8713074922561646
3628698119_5566769777.jpg,3.309020519256592,6.018001079559326
3628994466_a12065d29b.jpg,-3.5796685218811035,-0.7579245567321777
3629492654_619d7b67ee.jpg,-5.406983375549316,-1.688890814781189
3629664676_36bcefe6b7.jpg,3.418205738067627,5.38964319229126
3630102841_b4c3e00b2c.jpg,-6.820127964019775,0.7603617906570435
3630332976_fdba22c50b.jpg,-4.110389232635498,1.43825364112854
3630641436_8f9ac5b9b2.jpg,13.757007598876953,-0.8214267492294312
3630991662_990f397f7c.jpg,-0.4766216576099396,-5.588877201080322
3631023049_8a85bab19f.jpg,-4.9875922203063965,2.244872570037842
3631136463_53ff624b82.jpg,5.491264820098877,4.933368682861328
3631344685_ed0f3e091b.jpg,-4.817718505859375,3.0799546241760254
3631474374_e40764d153.jpg,-6.863190174102783,2.3483564853668213
3631671718_d712821757.jpg,-2.904778242111206,5.414523124694824
3631810528_7233c0f421.jpg,-4.0496625900268555,1.4392609596252441
3631986552_944ea208fc.jpg,8.385122299194336,-8.93228816986084
3632047678_f202609e50.jpg,-3.1423323154449463,1.9732351303100586
3632197966_0c5061025f.jpg,0.1958867758512497,-3.3156135082244873
3632225464_612d7b4c0f.jpg,-2.7499852180480957,-2.5473203659057617
3632258003_6a0a69bf3a.jpg,-1.6697826385498047,-2.553896427154541
3632572264_577703b384.jpg,-2.697174310684204,-2.318234443664551
3632842482_482f29e712.jpg,7.578760147094727,6.8387675285339355
3633396324_c4b24b1f51.jpg,-6.566075801849365,1.4653149843215942
3634032601_2236676cdd.jpg,-5.925203323364258,0.6691251397132874
3634281981_d9cf1d1a33.jpg,0.6152629852294922,-7.903074741363525
3634400263_c6fcaa48e1.jpg,-2.136547803878784,-4.293569087982178
3634785801_4b23184a06.jpg,6.4359893798828125,2.5057597160339355
3634828052_3b6aeda7d6.jpg,-6.052064418792725,-2.4788575172424316
3635177305_bfbe1fc348.jpg,-5.2407965660095215,1.2857284545898438
3635194562_4c1dfa120a.jpg,-3.8160929679870605,-0.45022860169410706
3635577874_48ebaac734.jpg,-2.789984703063965,-3.9045825004577637
3635911776_dbc2763f2c.jpg,-3.644580602645874,0.6267824172973633
3635991166_f95304af0a.jpg,-1.3377605676651,4.479670524597168
3636055584_65a60426f8.jpg,-1.8845285177230835,5.298428535461426
3636126441_5617c89aaa.jpg,-3.6995906829833984,-2.454753875732422
363617160_6cb0c723be.jpg,-2.658643960952759,0.1876261681318283
3636247381_65ccf8f106.jpg,1.1179313659667969,7.444168567657471
3636418958_f038130bb2.jpg,-6.1581830978393555,0.9528734683990479
3636491114_ab34dac833.jpg,9.277762413024902,-5.313337326049805
3636543173_15f56515e5.jpg,-6.696121692657471,0.578574001789093
3636632926_09f39f2629.jpg,-5.528509616851807,-4.0602521896362305
3636796219_9916c0465a.jpg,-2.737449884414673,5.8715386390686035
3637013_c675de7705.jpg,2.177567481994629,-4.76976203918457
3637966641_1b108a35ba.jpg,0.8660786151885986,4.026483058929443
3638178504_be1ff246bd.jpg,0.18600915372371674,1.9322203397750854
3638318149_b60450bfbe.jpg,-7.790092468261719,2.1460697650909424
3638374272_444f5e0457.jpg,-1.248684287071228,-5.8039445877075195
3638440337_6d5c19a8f0.jpg,-1.4635769128799438,-0.9474560618400574
3638459638_ec74e3ff89.jpg,8.581398010253906,-7.359179496765137
3638577494_fe55f7b4cb.jpg,7.876483917236328,0.5817685723304749
3638631362_af29bbff01.jpg,-1.2995766401290894,-4.378634929656982
3638688673_176f99d7fd.jpg,-2.7641172409057617,-0.3877852261066437
3638783120_f600ceb19d.jpg,-2.86468243598938,2.5315537452697754
3638783842_af08dbb518.jpg,-5.402810573577881,2.0540144443511963
3638908276_b1751d30ff.jpg,-1.951298713684082,-2.8678479194641113
3638992163_a085cc0c24.jpg,4.639755725860596,8.195369720458984
3639105305_bd9cb2d1db.jpg,-1.8701391220092773,-6.155745029449463
3639363462_bcdb21de29.jpg,-2.6946370601654053,0.04395751655101776
3639428663_dae5e8146e.jpg,-4.226656913757324,0.41003066301345825
3639547922_0b00fed5cd.jpg,-1.9709274768829346,-0.5135970711708069
3639617775_149001232a.jpg,-5.604647159576416,0.45901405811309814
3639684919_cb6fbf5638.jpg,-4.606432914733887,1.287239909172058
3639704469_fe83e1c9b7.jpg,-2.3711419105529785,-2.2034566402435303
3639845565_be547c38ba.jpg,0.5863691568374634,-3.867302417755127
3639967449_137f48b43d.jpg,-5.146605968475342,3.4942667484283447
3640020134_367941f5ec.jpg,14.647801399230957,1.9491087198257446
3640104986_5d8c9a9948.jpg,-4.5827765464782715,-1.576944351196289
3640109324_3ce89e4d1a.jpg,-6.453303337097168,1.9509997367858887
3640241166_b1ab7a8e7a.jpg,-1.1954364776611328,1.7532258033752441
3640329164_20cb245fd5.jpg,6.9050822257995605,-8.210235595703125
3640348910_fcd627ec66.jpg,-4.158515453338623,-1.7872658967971802
3640407952_bb38fb9d55.jpg,-2.5145208835601807,0.34852132201194763
3640417354_b0b3e4aec9.jpg,2.0027952194213867,1.8323845863342285
3640422448_a0f42e4559.jpg,-0.7735320925712585,-5.060719966888428
3640443200_b8066f37f6.jpg,-5.224027633666992,1.142585277557373
3640661245_c8c419524d.jpg,-4.2504801750183105,5.319460868835449
3640743904_d14eea0a0b.jpg,1.9856401681900024,2.771880626678467
3640870001_acbd1d5ceb.jpg,9.447793960571289,1.529911994934082
3641022607_e7a5455d6c.jpg,6.552441596984863,-7.547625541687012
3641456303_c50c33337b.jpg,-2.7257139682769775,2.0555553436279297
3641999223_942f8198cc.jpg,-3.4729340076446533,7.031192302703857
364213568_7f83e7d144.jpg,9.450989723205566,2.140331506729126
3642220260_3aa8a52670.jpg,8.414599418640137,-1.054248332977295
36422830_55c844bc2d.jpg,3.0198519229888916,-4.589581489562988
3643074723_94d42b7a0c.jpg,-2.239597797393799,1.3926442861557007
3643087589_627a0a9e01.jpg,6.417821407318115,4.075232028961182
3643684044_a131168127.jpg,-2.426279067993164,1.2984329462051392
3643684616_9d2be87a5a.jpg,-3.681168556213379,0.6885155439376831
3643684688_2f7157b23d.jpg,-6.258261680603027,-2.4144446849823
3644142276_caed26029e.jpg,-4.484776496887207,2.5632386207580566
3644941648_012ec87848.jpg,-3.660410165786743,-1.3248900175094604
3645080830_1d9ee2f50a.jpg,-3.525649309158325,-2.7138609886169434
3646453252_5ebbbaa6cc.jpg,0.13561034202575684,-3.760497570037842
3646820231_2abc736840.jpg,3.4965574741363525,-2.465583562850952
3646927481_5e0af1efab.jpg,-2.910273313522339,-2.357372999191284
3646970605_d25c25340b.jpg,-2.2727622985839844,3.802509069442749
3647170476_0fd71a4c9f.jpg,-5.875097274780273,-0.36326175928115845
3647283075_3005333222.jpg,-3.7677950859069824,-1.6958948373794556
3647446816_bd4383c828.jpg,-1.5366255044937134,3.0672574043273926
3647693147_0d0434351b.jpg,-0.8611050248146057,0.35072600841522217
3647750811_395fbd397e.jpg,4.683500289916992,6.981586933135986
3647826834_dc63e21bd0.jpg,-2.5540568828582764,1.6419624090194702
3648081498_76ec091495.jpg,-2.1310653686523438,-4.080324649810791
3648097366_706c8a57a1.jpg,-5.047152042388916,0.1168987825512886
3648160673_0c783236a6.jpg,10.93740463256836,-2.273890495300293
3648988742_888a16f600.jpg,-3.452648401260376,1.2406749725341797
3649224118_abe73c672c.jpg,-0.41243892908096313,-5.342535972595215
3649307685_60c1294d2a.jpg,-1.404235601425171,4.6588263511657715
3649382413_58a4b1efe8.jpg,-3.5948829650878906,0.6244715452194214
3649384501_f1e06c58c0.jpg,-4.871156215667725,1.3857059478759766
3649387275_75295baa28.jpg,3.938751697540283,1.8878556489944458
3649802021_8a689bc153.jpg,5.34115743637085,0.2570143938064575
3649916507_b88a3d2082.jpg,0.40491747856140137,-5.361607074737549
3650111717_346804ec2f.jpg,6.282053470611572,1.6273666620254517
3650188378_cc8aea89f0.jpg,-5.386308193206787,-3.0482101440429688
3650986674_3e101c606b.jpg,6.9218926429748535,-0.9650302529335022
3651107058_d84d4c3c25.jpg,-0.7361356019973755,4.826251983642578
365128300_6966058139.jpg,3.7197020053863525,-9.735671043395996
3651476768_2bae721a6b.jpg,-1.195695161819458,-2.513946533203125
3651971126_309e6a5e22.jpg,4.7932024002075195,4.40825891494751
3652150541_8fb5a3a5d1.jpg,-3.6059300899505615,0.8649522066116333
3652572138_34d6b72999.jpg,-5.786141872406006,1.2298918962478638
3652584682_5b5c43e445.jpg,4.629323482513428,-6.281943321228027
365274901_576b0f8241.jpg,5.822194576263428,2.8713746070861816
3652764505_87139e71f8.jpg,-1.766846776008606,-5.341231822967529
3652859271_908ae0ae89.jpg,-5.732595920562744,0.8913285732269287
3653462288_bfe2360a64.jpg,-3.238891124725342,0.38286441564559937
3653484549_f316590b0f.jpg,-4.894756317138672,2.229020357131958
3653764864_225958c9c1.jpg,-0.843471348285675,-3.1833646297454834
3653837067_94050699ec.jpg,0.32180726528167725,0.03798922896385193
3654103642_075f8af4f4.jpg,9.610777854919434,1.9339815378189087
3654338683_13b2f95a9a.jpg,6.80198860168457,4.24025821685791
3654869593_c8599a8e20.jpg,0.8476078510284424,-1.3587168455123901
3655074079_7df3812bc5.jpg,-2.407017230987549,-1.0978556871414185
3655155990_b0e201dd3c.jpg,14.692266464233398,-0.7927555441856384
3655326478_4472c5c630.jpg,4.007997989654541,7.201959133148193
3655773435_c234e94820.jpg,11.692651748657227,-1.6768227815628052
365584746_681f33fa46.jpg,-5.044858932495117,-0.07942729443311691
3655964639_21e76383d0.jpg,-3.9177069664001465,-0.7601630687713623
3656030945_fa003bd696.jpg,2.9309957027435303,4.584251880645752
3656104088_a0d1642fa9.jpg,3.027062177658081,0.4998139441013336
3656151153_b4ed5d94c4.jpg,3.8925087451934814,-3.833754301071167
3656206975_09e6ce58bd.jpg,11.008392333984375,-3.247602701187134
3656225270_cdf89e3240.jpg,-0.23973144590854645,-0.8856036067008972
3656906086_7034f69ab6.jpg,5.190953731536865,4.884430408477783
3657016761_d553e514d9.jpg,-0.620174765586853,-2.100733518600464
3657209354_cde9bbd2c5.jpg,1.516224980354309,-5.843618392944336
3657503733_9888ccf05e.jpg,1.1081408262252808,-2.1241793632507324
365759754_6cf7068c9a.jpg,5.944023609161377,3.3544199466705322
3658016590_f761e72dc3.jpg,2.5325732231140137,4.052134037017822
3658427967_6e2e57458d.jpg,3.3036065101623535,-1.6790964603424072
3658733605_fbcf570843.jpg,-3.096843957901001,-1.8001022338867188
3659090958_a56913ca68.jpg,-4.5213799476623535,3.657137155532837
3659686168_49c3abcee1.jpg,-5.545413017272949,-0.8358876705169678
3659769138_d907fd9647.jpg,0.6241990923881531,-2.6449999809265137
3660361818_e05367693f.jpg,-4.767693519592285,-1.072515845298767
3660826540_481d25fbb0.jpg,-2.150789737701416,0.7333381772041321
3661072592_2e693cd5a0.jpg,-6.239140033721924,1.4022095203399658
3661239105_973f8216c4.jpg,0.1294388324022293,2.617192268371582
3661659196_6ed90f96c0.jpg,-5.444027423858643,1.157784104347229
3662406028_29b9e46a6f.jpg,-5.771905899047852,2.249052047729492
3662871327_b128d25f04.jpg,-2.4183413982391357,-0.29389914870262146
3662909101_21b9e59a3e.jpg,6.213890075683594,6.6978983879089355
3662963630_8f097e38d4.jpg,-1.1947439908981323,-3.974940776824951
3663307538_468739e4c3.jpg,-4.861791133880615,0.5783230066299438
3663951804_868982f3f9.jpg,-2.76926589012146,-1.4243475198745728
3664297064_a4d45cbbbc.jpg,-4.691204071044922,-0.07099654525518417
3664928753_7b0437fedf.jpg,-2.7647862434387207,-0.9297193884849548
3665169936_01ae94c9fd.jpg,-1.3743336200714111,-5.435823440551758
3665179773_dd217416fc.jpg,-4.2181396484375,0.09205175191164017
366548880_3d3e914746.jpg,9.367547988891602,2.3087158203125
3665549027_d7fb05d157.jpg,3.9781384468078613,3.9075944423675537
3665569615_9a71c4b6e4.jpg,-2.209779739379883,5.228249549865723
3665987581_5e6b0a65f2.jpg,4.112875938415527,5.3207106590271
3665996775_6d7d9a46f1.jpg,-3.342188596725464,3.51808762550354
3666056567_661e25f54c.jpg,-7.647974014282227,-0.28155606985092163
3666169738_a8c74cf745.jpg,3.4553375244140625,0.13053056597709656
3666188047_e81e1d97a7.jpg,-7.483710765838623,3.946105480194092
3666324102_18ecdf8253.jpg,-5.0156145095825195,1.5403916835784912
3666537170_c4ecda4be8.jpg,9.572649002075195,-4.120693206787109
3666574371_317b008d2a.jpg,0.48546743392944336,5.073053359985352
366713533_bd6d48cf02.jpg,-5.859435558319092,-0.714866578578949
3667157255_4e66d11dc2.jpg,-4.662272930145264,2.0023410320281982
3667318593_fa1816b346.jpg,-1.0622599124908447,2.1340746879577637
3667404919_b273df57e4.jpg,2.9307777881622314,-4.943734169006348
3667492609_97f88b373f.jpg,0.015254666097462177,-2.8529887199401855
3667822570_d39850e217.jpg,-1.9761414527893066,6.750205039978027
3667908724_65c7d112f2.jpg,-5.827131271362305,0.40721818804740906
3668259129_e073af1533.jpg,-1.7676982879638672,-0.7421247959136963
3668518431_43abb169eb.jpg,4.310571193695068,-6.560515880584717
3668900592_a84b0c07db.jpg,8.08626937866211,-6.546092510223389
3668984985_b60ceb2ae9.jpg,-1.9948937892913818,-3.796323537826538
3669069522_555c97fbfb.jpg,-1.2664282321929932,2.457188129425049
3669564923_8fcb1a6eff.jpg,-2.896214246749878,-0.2379913181066513
3670075789_92ea9a183a.jpg,1.2825291156768799,0.5527117252349854
3670907052_c827593564.jpg,0.05966131016612053,-2.8328261375427246
3670918456_68631d362a.jpg,-1.1562089920043945,-0.6788114309310913
3671262694_29fbeb9d95.jpg,-6.962743759155273,-2.2650506496429443
3671777903_6fbf643980.jpg,5.37080192565918,-4.131841659545898
3671851846_60c25269df.jpg,0.48252660036087036,3.5393457412719727
3671933270_d124e9a1a4.jpg,-0.5613970756530762,-4.882582664489746
3671935691_57bdd0e778.jpg,0.27753496170043945,2.7103219032287598
3671950830_b570bac1b9.jpg,-4.212306022644043,-2.0023887157440186
3672057606_cb6393dbd9.jpg,-3.3624420166015625,-0.6023507118225098
3672105509_53b13b2ed4.jpg,0.06621316820383072,5.6286115646362305
3672106148_56cfb5fc8d.jpg,3.266160726547241,1.477793574333191
3672109677_8caa992671.jpg,-6.904121398925781,-1.415365219116211
3672940355_47f30e2b28.jpg,-0.8525427579879761,5.7910051345825195
3672944692_8d24a44fc6.jpg,-1.0308666229248047,-4.819823265075684
3673032164_6c6843de87.jpg,-5.678182601928711,2.9371390342712402
3673035152_da7ed916d9.jpg,-4.608781814575195,0.8880172371864319
3673165148_67f217064f.jpg,7.319485187530518,0.722557008266449
3673484638_dce87295fe.jpg,-6.740506649017334,-0.26682248711586
3673878924_506c9d767b.jpg,-2.268388509750366,4.001051902770996
3673970325_4e025069e9.jpg,-4.452507495880127,1.6021555662155151
3674168459_6245f4f658.jpg,-6.45895528793335,1.4089255332946777
3674521435_89ff681074.jpg,-1.2760814428329468,-7.384793758392334
3674565156_14d3b41450.jpg,-0.5552982091903687,-1.7011680603027344
3675685612_3987d91d92.jpg,-5.242136001586914,-1.6490275859832764
3675742996_02ccef16a3.jpg,-0.5262589454650879,2.2738680839538574
3675825945_96b2916959.jpg,-1.2383614778518677,-0.8744137287139893
3676432043_0ca418b861.jpg,-4.857147216796875,1.2528020143508911
3676460610_8c52e8a355.jpg,2.4686150550842285,-4.86549186706543
3676561090_9828a9f6d0.jpg,4.926264762878418,5.002628803253174
367673290_f8799f3a85.jpg,-4.426095008850098,1.0104591846466064
3676788491_01e9bc5f15.jpg,-5.7447099685668945,-2.3460471630096436
3677239603_95865a9073.jpg,-1.3029887676239014,4.205776691436768
3677302645_8cd3fac70d.jpg,-3.59769344329834,0.8738790154457092
3677318686_b018862bb7.jpg,-1.0517419576644897,6.113680839538574
3677329561_fa3e1fdcf9.jpg,5.679384231567383,6.03920841217041
3677514746_26f5588150.jpg,-6.363973617553711,-0.7749314308166504
3677613006_4689cb8e4e.jpg,-7.9158782958984375,-0.9896889328956604
3677693858_62f2f3163f.jpg,-2.10710072517395,3.094191312789917
3677734351_63d60844cb.jpg,-4.447655200958252,-1.1691489219665527
3677860841_3aa9d8036c.jpg,1.2329988479614258,-3.140026807785034
3677927146_1696f0b075.jpg,4.414012432098389,5.824326515197754
3677954655_df4c0845aa.jpg,-6.157113552093506,-0.5739232897758484
3677964239_6406ed096f.jpg,-7.75793981552124,2.632671594619751
3678098428_40c1b74cc2.jpg,-3.2827281951904297,1.4498556852340698
3678100844_e3a9802471.jpg,-5.101404666900635,1.732018232345581
367925122_335ed279a8.jpg,-1.1917768716812134,1.411237359046936
3679341667_936769fd0c.jpg,-4.886839389801025,0.6744746565818787
3679405397_bb130ea3c2.jpg,-3.9572103023529053,1.5295814275741577
3679407035_708774de34.jpg,-5.370273590087891,-0.09454358369112015
3679502342_7fe6ef8a36.jpg,-4.070057392120361,-1.5854867696762085
367964525_b1528ac6e4.jpg,10.898863792419434,2.2968127727508545
3679707139_1cc1e71237.jpg,14.473861694335938,0.32220205664634705
3680031186_c3c6698f9d.jpg,-3.8433351516723633,2.7975661754608154
3680218298_582e6a2289.jpg,-1.2304881811141968,0.3456418514251709
3681056426_fbd6c0c92c.jpg,-1.6695278882980347,0.3347681760787964
3681172959_6674c118d2.jpg,-3.2705957889556885,-1.4665180444717407
3681324243_b69fa90842.jpg,-3.0478146076202393,-1.0732873678207397
3681414069_71ba164f71.jpg,3.4847729206085205,5.262918949127197
3681575323_433d007650.jpg,-6.075616359710693,-1.5735642910003662
3681651647_08eba60f89.jpg,-4.2969160079956055,0.7395414710044861
3682038869_585075b5ff.jpg,-1.1150274276733398,0.7989426255226135
368212336_bc19b0bb72.jpg,-4.258820056915283,-2.6747632026672363
3682277595_55f8b16975.jpg,8.518296241760254,3.0008738040924072
3682428916_69ce66d375.jpg,-0.7903366684913635,-0.42501869797706604
3683185795_704f445bf4.jpg,0.5449884533882141,2.6181817054748535
3683592946_262e9bfbfd.jpg,2.1822261810302734,-0.7467901706695557
3683644335_b70bed1d83.jpg,5.673521518707275,-4.513906002044678
368393384_86defdcde8.jpg,8.970478057861328,-4.9786272048950195
3684518763_f3490b647a.jpg,-7.223962783813477,1.1089811325073242
3684562647_28dc325522.jpg,-2.708195447921753,-1.6322460174560547
3684680947_f1c460242f.jpg,-4.71006965637207,-2.160088300704956
3685328542_ab999b83bb.jpg,-6.684875965118408,0.5487118363380432
3685372942_6ae935b34e.jpg,-3.03808856010437,1.5141950845718384
3685373706_37f2ced9ff.jpg,-4.274166107177734,0.04621264711022377
3686078365_9e655e238f.jpg,-4.977748394012451,1.0512508153915405
3686924335_3c51e8834a.jpg,1.6957846879959106,4.595795154571533
3687062281_e62f70baf3.jpg,-5.9692559242248535,2.403512477874756
3687222696_85bf6f78f7.jpg,-1.950190544128418,0.5735526084899902
3687995245_624b54090d.jpg,-6.5665082931518555,2.4834091663360596
3687996279_05b5a2a706.jpg,-5.655157089233398,0.39497557282447815
3687996569_99163a41c3.jpg,-7.2840962409973145,0.3858335614204407
3688005475_d200165cf7.jpg,3.203282117843628,-4.233574867248535
3688797852_89ed3cb056.jpg,-4.978065490722656,-0.35109880566596985
3688839836_ba5e4c24fc.jpg,-6.17676305770874,0.8372693657875061
3688858505_e8afd1475d.jpg,-4.335378170013428,-0.18469040095806122
3689355450_fd559b816d.jpg,-6.095972061157227,-0.7877470850944519
368954110_821ccf005c.jpg,0.15146276354789734,2.964012861251831
3689727848_b53f931130.jpg,-1.0282829999923706,-5.220847129821777
3689975998_72f50b6d91.jpg,1.1090670824050903,-6.63116979598999
3690107455_0fdb4ecee7.jpg,0.21752633154392242,-8.569417953491211
3690159129_93ba49ea18.jpg,-1.6082875728607178,-3.4309895038604736
3690189273_927d42ff43.jpg,-1.642717719078064,-1.3346409797668457
3690348036_a01f243fb0.jpg,-1.6473958492279053,-2.5649194717407227
3690425778_3b390b3ea5.jpg,0.3837452232837677,-3.86715030670166
3690431163_1d81e19549.jpg,-5.077042102813721,-0.43839699029922485
369047365_35476becc9.jpg,3.991525173187256,-3.877016067504883
3690883532_d883f34617.jpg,4.997549057006836,-6.886223316192627
3691592651_6e4e7f1da9.jpg,1.9057564735412598,-5.074105262756348
3691622437_f13644273c.jpg,-4.820844650268555,1.516829013824463
3691670743_0ed111bcf3.jpg,-4.47404146194458,-1.862999439239502
3691729694_2b97f14c1e.jpg,-1.74929940700531,0.4451730251312256
3691800116_6a7b315e46.jpg,-0.18465884029865265,5.306965351104736
369186134_5eef374112.jpg,5.542287349700928,5.306459903717041
369244499_752f0c1018.jpg,-5.779347896575928,2.3905606269836426
3692593096_fbaea67476.jpg,2.7418558597564697,-10.026429176330566
3692746368_ab7d97ab31.jpg,3.432781219482422,-1.8591325283050537
3692836015_d11180727b.jpg,-3.0538063049316406,-0.9520248770713806
3692892751_f6574e2700.jpg,-5.078750133514404,-0.1239207461476326
3693297007_94512e861e.jpg,-4.503137588500977,-2.4653940200805664
369360998_ba56fb436f.jpg,3.005866289138794,-7.301620960235596
3693961165_9d6c333d5b.jpg,6.645907402038574,5.990110874176025
3694064560_467683205b.jpg,-6.817142009735107,0.04867878928780556
3694071771_ce760db4c7.jpg,-0.45062536001205444,-1.0260107517242432
3694093650_547259731e.jpg,-4.564715385437012,-3.6977174282073975
3694219419_a7a83d4886.jpg,-2.247708320617676,0.9599692225456238
3694555931_7807db2fb4.jpg,0.07860284298658371,-0.20911771059036255
3694991841_141804da1f.jpg,-3.102447271347046,0.4216741919517517
3695064885_a6922f06b2.jpg,0.4714333415031433,6.363471031188965
3695517194_2a6b604cb2.jpg,-4.9452033042907715,3.438701629638672
3695949492_27ca3892fd.jpg,7.374272346496582,-1.8348082304000854
3696246123_99d4d10140.jpg,7.517814636230469,9.555624008178711
3696698390_989f1488e7.jpg,-0.8802971243858337,-4.804686069488525
3697003897_d8ac13be9a.jpg,-3.0035581588745117,-1.5937128067016602
3697153626_90fb177731.jpg,-3.5823187828063965,0.1701376885175705
3697359692_8a5cdbe4fe.jpg,-1.0798518657684326,0.42800530791282654
3697378565_7060d9281a.jpg,-5.364311218261719,-1.479236125946045
3697379772_40d831392b.jpg,-6.336301803588867,-0.07389350980520248
3697456750_460aea7252.jpg,-5.367191314697266,0.7434849739074707
3697675767_97796334e4.jpg,0.1800183802843094,-3.738797903060913
369802520_9825f2cd84.jpg,5.845421314239502,-0.29115426540374756
3698607223_22fe09763a.jpg,-0.41100725531578064,-5.927152633666992
3698944019_825ef54f2f.jpg,-2.2355597019195557,2.0948379039764404
3699318394_6193f2c8e0.jpg,-5.810292720794678,0.8651490807533264
3699522388_2333f01f40.jpg,2.178511381149292,-3.3244481086730957
3699763582_f28c5130dd.jpg,2.9644598960876465,-7.885768890380859
3700004668_99c3e3f55b.jpg,7.286169528961182,-5.168875217437744
3700322513_50f0d45bfa.jpg,-1.8500031232833862,-5.9613847732543945
3700346840_bb80d622f7.jpg,3.0784473419189453,-2.730337619781494
3700554247_9824ae6f3a.jpg,2.703930139541626,-2.354050397872925
3701226275_952547ba0f.jpg,-5.036647319793701,1.0953348875045776
3701249979_8bc757e171.jpg,1.0840582847595215,0.6678200960159302
3701291852_373ea46bb6.jpg,-2.4009385108947754,-5.1194658279418945
3701509233_a2275a4e57.jpg,2.984907865524292,-8.805930137634277
3701544312_b2e4e9813d.jpg,-0.8667356967926025,-1.6033779382705688
3701878677_8f2c26227b.jpg,-2.8989622592926025,-3.3749234676361084
3702038926_966fdaa311.jpg,-3.63875150680542,-1.2975066900253296
3702436188_2c26192fd0.jpg,-4.939316272735596,-1.2528709173202515
3702607829_2b8b3e65ab.jpg,-2.7362747192382812,0.503903865814209
3703035378_c6034cac51.jpg,-6.000564098358154,1.9303910732269287
3703107969_175da4b276.jpg,-1.2109512090682983,-2.847637414932251
3703413486_3c682732a0.jpg,-1.3848462104797363,-0.8698276281356812
3703960010_1e4c922a25.jpg,-4.157705783843994,0.5173309445381165
370442541_60d93ecd13.jpg,-5.386394500732422,1.2003229856491089
3704431444_f337ec2b90.jpg,11.811556816101074,1.192589521408081
3704698586_a42c25d0c1.jpg,-3.8651058673858643,-2.151038885116577
3704995657_e2e114083d.jpg,3.2085156440734863,-6.070353031158447
3705430840_e108de78bf.jpg,-3.31088924407959,1.5029253959655762
3705688385_47651205d3.jpg,2.7341079711914062,-4.894373416900635
3705976184_53ae07e898.jpg,4.653964996337891,4.3401618003845215
370614351_98b8a166b9.jpg,-6.827538967132568,1.239841103553772
3706356018_28f62290e8.jpg,-4.585866451263428,1.4438526630401611
3706653103_e777a825e4.jpg,-0.4906890094280243,-6.942806243896484
3707077198_efd6aa808d.jpg,-4.501889228820801,0.8452323079109192
370713359_7560808550.jpg,-4.50469446182251,1.513311743736267
3707283973_5cdaa39340.jpg,-0.9637978076934814,-2.51705265045166
3707738261_777075e885.jpg,-4.702781677246094,4.230053901672363
3707990914_843e8f15f1.jpg,5.75619649887085,-7.878663539886475
3708172446_4034ddc5f6.jpg,-2.6212234497070312,-1.5547116994857788
3708177171_529bb4ff1d.jpg,-3.7489545345306396,-0.9895349144935608
3708244207_0d3a2b2f92.jpg,-0.6093769073486328,-6.1729326248168945
3708266246_97a033fcc7.jpg,5.182980537414551,9.270651817321777
3708743823_3e3e0554d1.jpg,3.9973320960998535,-10.119277000427246
3708748633_e7e3cf4e84.jpg,-4.809919357299805,-1.2013678550720215
3708839890_ed448012cf.jpg,7.017339706420898,-3.04754638671875
3709030554_02301229ea.jpg,-0.614155113697052,0.9573943018913269
3710050559_f6f12760fe.jpg,1.6718546152114868,5.838047504425049
3710073758_ac2b217f29.jpg,-3.506814479827881,0.6445367932319641
3710176138_fbfe00bd35.jpg,4.717297077178955,-2.6688530445098877
3710353645_8fbfaa4175.jpg,-1.781756043434143,-1.6750093698501587
3710468717_c051d96a5f.jpg,3.917469024658203,-4.491369724273682
3710520638_866d542a80.jpg,16.035869598388672,0.701682448387146
3710674892_857b8056f7.jpg,1.1104472875595093,3.635324478149414
3710971182_cb01c97d15.jpg,-0.3558962941169739,6.30828857421875
3711030008_3872d0b03f.jpg,-7.481513977050781,0.5602845549583435
3711611500_ea47b58b6f.jpg,6.450275897979736,-6.224269390106201
3711664623_ef87105ea7.jpg,1.621020793914795,-4.506306171417236
3711826708_bba64fb1e1.jpg,3.866237163543701,0.031898412853479385
3712008738_1e1fa728da.jpg,8.831787109375,-4.813836574554443
3712574653_e009f76d19.jpg,-4.68837308883667,2.303985118865967
3712742641_641282803e.jpg,8.597799301147461,0.043017394840717316
3712923460_1b20ebb131.jpg,-7.103203773498535,0.08572109043598175
3713133789_f05e8daffd.jpg,4.375288963317871,9.232000350952148
3713177334_32f3245fd8.jpg,-7.239706516265869,-2.2779252529144287
3713324467_104d72f7db.jpg,-3.561749219894409,-0.677000105381012
371364900_5167d4dd7f.jpg,4.041729927062988,0.7540910840034485
3713882697_6dd30c7505.jpg,-2.8350276947021484,1.8380614519119263
3713922357_e0a013fb97.jpg,-0.24192136526107788,-2.0247983932495117
3714551959_66ece78f27.jpg,-1.2222703695297241,-2.7153215408325195
371522748_dc557bcd6c.jpg,-1.7371349334716797,2.4545254707336426
3715469645_6d1dc019b3.jpg,-3.9457597732543945,-0.4799913167953491
3715559023_70c41b31c7.jpg,5.030456066131592,-7.239560604095459
3716244806_97d5a1fb61.jpg,-0.33804669976234436,-5.315537452697754
3716272233_7845ec5b3e.jpg,3.946749210357666,-0.9691508412361145
3716277216_c04002be81.jpg,-3.730701446533203,-2.1140432357788086
3717309680_e5105afa6d.jpg,0.9731396436691284,-2.788069248199463
3717531382_e1e05e22c5.jpg,1.3660039901733398,-4.828529357910156
3717809376_f97611ab84.jpg,-2.693634033203125,-0.10280091315507889
3717845800_ab45e255b8.jpg,-0.16689015924930573,6.063237190246582
3718007650_e5930b4509.jpg,-5.93430757522583,0.4020252227783203
3718076407_0b4588d7bc.jpg,2.971362352371216,7.077685356140137
3718305988_fe2c91fd44.jpg,-2.038358449935913,-0.7368422746658325
3718892835_a3e74a3417.jpg,-4.162834644317627,0.6072820425033569
3718964174_cb2dc1615e.jpg,-6.354726314544678,0.8029210567474365
3719461451_07de35af3a.jpg,3.7985928058624268,-2.890540361404419
3720210639_18bb34e475.jpg,-3.7399630546569824,-1.6594486236572266
3720366614_dfa8fe1088.jpg,3.787062883377075,4.5442214012146
3721082512_8277087f3f.jpg,0.187479630112648,-4.187407970428467
3721799573_2f470950e0.jpg,-2.6686148643493652,1.3905612230300903
3721812313_6000566803.jpg,-5.6609721183776855,0.5275216102600098
3721881082_afe9fc734e.jpg,-5.493136882781982,2.970482587814331
3722507770_0d6cb7420e.jpg,-2.8310904502868652,0.14759449660778046
3722572342_6904d11d52.jpg,1.4256043434143066,-2.9250574111938477
3723690961_729dd5d617.jpg,-5.850711345672607,1.485049843788147
3723903586_e98d3d8ec7.jpg,-1.1387144327163696,-1.417777180671692
3724113279_99b6e5bf41.jpg,-2.8135316371917725,0.4723525941371918
3724150944_fc62e8d5e0.jpg,-0.34508445858955383,4.4483962059021
3724487641_d2096f10e5.jpg,1.0961109399795532,1.132264494895935
3724581378_41049da264.jpg,12.384903907775879,-3.505152940750122
3724623861_2bb6c23641.jpg,-3.9076926708221436,0.19914211332798004
3724718895_bd03f4a4dc.jpg,5.715689182281494,5.532088756561279
3724738804_f00748a137.jpg,3.0079007148742676,-5.757262229919434
3724759125_2dc0e1f4a3.jpg,-0.327404648065567,-0.2562299072742462
3725177385_62d5e13634.jpg,-1.057072639465332,1.7476285696029663
3725202807_12fbfdd207.jpg,-4.901734828948975,0.05191832408308983
3725353555_75c346d7ec.jpg,6.833272933959961,4.680617809295654
3725814794_30db172f67.jpg,-4.550779819488525,1.5390915870666504
3726019124_f302b3d48a.jpg,2.142406702041626,-0.25604578852653503
3726025663_e7d35d23f6.jpg,-1.2817957401275635,-5.527468681335449
3726076549_0efb38854b.jpg,-2.8674492835998535,-2.6094536781311035
3726120436_740bda8416.jpg,-0.43295812606811523,-1.6464616060256958
3726130458_07df79e969.jpg,-3.7145018577575684,6.18129825592041
3726168984_1fa2c8965b.jpg,6.60938024520874,4.075525283813477
3726170067_094cc1b7e5.jpg,-4.446749210357666,1.1925123929977417
3726590391_bc6e729bb6.jpg,-4.74044942855835,1.3627797365188599
3726629271_7639634703.jpg,7.927447319030762,8.46601676940918
3726700898_c50494b8bd.jpg,-5.86284875869751,2.3723251819610596
3726730085_2468ee9220.jpg,0.8717934489250183,-3.064603805541992
3727740053_3baa94ffcb.jpg,-5.983367919921875,1.9554294347763062
3727752439_907795603b.jpg,-4.807941913604736,3.4867312908172607
3728015645_b43a60258b.jpg,-3.0878195762634277,-1.776686668395996
3728164558_52729baefa.jpg,-4.435816764831543,-2.5363035202026367
3728256505_7f8db8270d.jpg,-0.2678052484989166,-6.343287467956543
3728695560_00ec1ca492.jpg,-3.6996536254882812,2.908451557159424
3729405438_6e79077ab2.jpg,-3.814124584197998,-3.8743419647216797
3729525173_7f984ed776.jpg,-4.4554924964904785,0.8736897110939026
3730011219_588cdc7972.jpg,2.7350854873657227,-3.762031078338623
3730011701_5352e02286.jpg,0.7596917152404785,-3.1098122596740723
3730457171_e66dde8c91.jpg,-2.372837543487549,2.710759162902832
373219198_149af371d9.jpg,3.6152849197387695,1.9566015005111694
3732728142_86364a706e.jpg,-3.731635093688965,1.6439268589019775
3733074526_82aa8d5f8d.jpg,-5.183192253112793,3.629733085632324
373394550_1b2296b8c4.jpg,-4.22584342956543,1.87639319896698
3736786640_70df13be2c.jpg,0.245291069149971,-2.299238920211792
3737492755_bcfb800ed1.jpg,-4.939046859741211,0.13335362076759338
3737539561_d1dc161040.jpg,0.6476677060127258,-1.5517945289611816
3737711435_113ccd0a52.jpg,2.8029983043670654,-4.179805278778076
3738685861_8dfff28760.jpg,-2.9135494232177734,4.292736053466797
3738789925_7d17dbdf25.jpg,-6.48199462890625,0.6543307304382324
3739833689_a0038545bd.jpg,-1.208975076675415,4.408364295959473
374103776_0de490c1b0.jpg,-7.176989555358887,0.8368281126022339
374103842_17873ce505.jpg,-5.191889762878418,-1.127434253692627
374103966_2987706be1.jpg,-5.460089683532715,1.8671386241912842
374104006_7f32c8c5de.jpg,-2.3583550453186035,1.9577815532684326
374124237_51f62b6937.jpg,-5.300248146057129,2.395702600479126
3741462565_cc35966b7a.jpg,-4.992137432098389,2.5961849689483643
374176648_ba4b88c221.jpg,4.839813709259033,-1.6212427616119385
3741827382_71e93298d0.jpg,0.4062477648258209,-1.3419138193130493
3744832122_2f4febdff6.jpg,-0.9721100330352783,4.4946393966674805
3745451546_fc8ec70cbd.jpg,7.590485095977783,-4.110090732574463
374567836_3ae12ecffb.jpg,5.585549354553223,2.4495296478271484
3747543364_bf5b548527.jpg,6.366199970245361,-4.035652160644531
374828031_9d087da5cf.jpg,0.23306454718112946,-4.2144856452941895
3751594676_edfbfa0688.jpg,-2.9736199378967285,2.6847047805786133
375171241_0302ad8481.jpg,-6.133309364318848,-1.717348337173462
375384566_254c2362d4.jpg,-7.442459583282471,-0.3894704580307007
375392855_54d46ed5c8.jpg,2.5009167194366455,-5.105255126953125
3756150099_50882fc029.jpg,-1.0165119171142578,-0.22245028614997864
3757598567_739b7da835.jpg,-5.896859645843506,2.299466609954834
3758175529_81941e7cc9.jpg,0.8916422724723816,-1.230221152305603
3758787457_1a903ee1e9.jpg,7.428572654724121,-1.312808871269226
3759230208_1c2a492b12.jpg,4.168084144592285,-1.084326982498169
3759492488_592cd78ed1.jpg,-4.270355224609375,-0.08009865880012512
3760400645_3ba51d27f9.jpg,-5.2658371925354,2.642735481262207
3765374230_cb1bbee0cb.jpg,-0.8171065449714661,-3.875606060028076
3767841911_6678052eb6.jpg,-0.07789542526006699,6.060553073883057
377872472_35805fc143.jpg,6.805444240570068,1.8756611347198486
377872672_d499aae449.jpg,6.219543933868408,-0.6457461714744568
378170167_9b5119d918.jpg,8.413606643676758,2.4047491550445557
378453580_21d688748e.jpg,3.250157356262207,5.075491905212402
379006645_b9a2886b51.jpg,3.28173828125,2.219212532043457
380034515_4fbdfa6b26.jpg,0.14099091291427612,3.583433151245117
380041023_0dfd712ef1.jpg,5.291350364685059,5.781099319458008
380515798_c2abbf46b0.jpg,-5.983170986175537,-1.7132371664047241
380527679_574749123d.jpg,-6.225335121154785,-1.5770723819732666
380537190_11d6c0a412.jpg,-3.537792444229126,-0.8479984402656555
380590140_25b9889772.jpg,-7.862137794494629,-1.271154522895813
381052465_722e00807b.jpg,-2.629028081893921,-0.4086528718471527
381239475_044cbffa2b.jpg,11.90917682647705,-0.5619073510169983
381275595_b429fd1639.jpg,0.8352065086364746,3.935295581817627
381514859_b40418d9c3.jpg,0.2851567268371582,4.870553493499756
381976882_0063d16d88.jpg,10.863755226135254,6.675528526306152
382090166_be2c2c63e1.jpg,3.07440447807312,4.594200134277344
382151094_c7376cf22b.jpg,-4.310069561004639,0.927873969078064
382701159_f98c1988cd.jpg,7.175824165344238,-7.823431968688965
383223174_7165a54c30.jpg,6.431437969207764,5.630972862243652
384465370_9918873f9a.jpg,2.5821831226348877,-5.090723037719727
384465575_31294122c0.jpg,1.5470941066741943,-6.006996154785156
384577800_fc325af410.jpg,8.996020317077637,0.6316140294075012
385186343_464f5fc186.jpg,2.108283281326294,8.123499870300293
385835044_4aa11f6990.jpg,-5.091764450073242,0.6282426118850708
386160015_d4b31df68e.jpg,9.535470962524414,4.710345268249512
386470686_1ae9242878.jpg,1.741618275642395,-5.017807483673096
386655611_1329495f97.jpg,7.668455600738525,0.42009595036506653
386656845_4e77c3e3da.jpg,9.663311004638672,3.1788620948791504
387078972_514a38dc33.jpg,4.552935600280762,2.609635353088379
387830531_e89c192b92.jpg,6.597428321838379,4.725895881652832
387974450_bcd205daac.jpg,4.014036655426025,2.888563632965088
388386075_9ac3a89ada.jpg,-5.444892406463623,1.881150722503662
389643437_9a9830a3ba.jpg,-1.5445258617401123,3.083502769470215
390360326_26f5936189.jpg,8.462878227233887,2.6734142303466797
390671130_09fdccd52f.jpg,3.9523706436157227,4.620272159576416
390986651_c801db91a0.jpg,-0.637138307094574,-4.285585880279541
390987167_2d5905b459.jpg,-0.3795854151248932,-5.489517688751221
390992102_67fa31b22f.jpg,5.958299160003662,-6.919613361358643
390992388_d74daee638.jpg,3.5018670558929443,-9.616537094116211
391020801_aaaae1e42b.jpg,-5.378984451293945,1.2870742082595825
391106734_d374bc3080.jpg,0.4874435365200043,5.920589447021484
391324644_d23fdf06cb.jpg,-5.328798294067383,-0.6672958135604858
391579205_c8373b5411.jpg,0.14361891150474548,4.251594066619873
391723162_3bdeb7ea33.jpg,6.759328842163086,1.784391164779663
392467282_00bb22e201.jpg,7.903992652893066,2.26993727684021
392976422_c8d0514bc3.jpg,-2.2172093391418457,-3.897963762283325
393284934_d38e1cd6fe.jpg,0.6009884476661682,3.2484753131866455
393810324_1c33760a95.jpg,2.042832136154175,4.573330879211426
393958545_48c17c66d1.jpg,6.4376325607299805,4.964108467102051
393987665_91d28f0ed0.jpg,-6.76555871963501,0.1669953465461731
394136487_4fc531b33a.jpg,-1.5506852865219116,-4.983523368835449
394161692_2576920777.jpg,-1.892928957939148,3.2650036811828613
394463341_5311c53783.jpg,3.37717866897583,-0.3220493495464325
394563330_68b566368c.jpg,-3.7144389152526855,-1.485563039779663
395461421_c586b136de.jpg,-2.910787343978882,-2.8693737983703613
396179143_e1511336e1.jpg,4.330473899841309,4.778478622436523
396360611_941e5849a3.jpg,4.383657932281494,-8.455570220947266
396763804_3b7f1e12a8.jpg,9.218152046203613,4.402653217315674
397286183_745abbf40d.jpg,-3.5944957733154297,-1.392503261566162
397451339_76a84bd310.jpg,-7.888365745544434,-1.374103307723999
397547349_1fd14b95af.jpg,2.770723581314087,5.272223472595215
397601572_9587a39291.jpg,-3.113070487976074,3.6900041103363037
397725001_e51f7c391c.jpg,-5.073074817657471,-2.7979938983917236
397815951_3b02090324.jpg,0.4640673100948334,5.6222991943359375
397982550_cf9f5cdb74.jpg,-2.2358920574188232,-3.7064998149871826
398413603_166896900f.jpg,3.353665590286255,2.6533138751983643
398662202_97e5819b79.jpg,-4.757411956787109,2.5730667114257812
399212516_d68046b277.jpg,-6.400529384613037,3.387096643447876
399246804_b4b5dc70e1.jpg,2.5947329998016357,4.7645721435546875
399679638_d3036da331.jpg,9.667654037475586,1.8345295190811157
400562847_e15aba0aac.jpg,10.177791595458984,3.191633939743042
400851260_5911898657.jpg,2.8918709754943848,-8.857596397399902
401079494_562454c4d6.jpg,2.904085159301758,4.64113712310791
401476986_73918145a3.jpg,7.31032657623291,5.93776798248291
403523132_73b9a1a4b3.jpg,1.7257425785064697,6.848363399505615
403678611_73978faed7.jpg,-2.3919050693511963,-0.3393954634666443
404216567_75b50b5a36.jpg,-3.7432773113250732,-3.809880495071411
404702274_fa8b3fe378.jpg,9.186108589172363,2.469773054122925
404850242_3a55a4c874.jpg,-7.147592067718506,-1.0277360677719116
404890608_33f138aefa.jpg,1.3253653049468994,4.158938407897949
405051459_3b3a3ba5b3.jpg,-4.820437908172607,-4.3660888671875
405253184_5f611f3880.jpg,8.087590217590332,-0.9351171255111694
405331006_4e94e07698.jpg,3.098245143890381,-1.3380026817321777
405534893_2d0f3b0147.jpg,3.953472137451172,-12.536808967590332
405534993_5158644f98.jpg,-0.06353706121444702,-8.040831565856934
405537503_f66ecc5073.jpg,-1.399105429649353,-7.7661943435668945
405615014_03be7ef618.jpg,-4.464105606079102,-1.0634541511535645
405961988_fcfe97f31e.jpg,-4.670934200286865,-1.5948504209518433
405970010_8cebaa77d3.jpg,3.341656446456909,-10.269929885864258
406248253_27b5eba25a.jpg,0.3740583062171936,-1.801653265953064
406642021_9ec852eccf.jpg,1.1446794271469116,-8.905633926391602
406901451_7eafd7568a.jpg,5.64798641204834,5.407124996185303
407008823_bdd7fc6ed5.jpg,2.064040422439575,-11.644718170166016
407569668_19b3f8eaf6.jpg,-6.475342750549316,0.6231807470321655
407678652_1f475acd65.jpg,0.7428396940231323,-8.78862190246582
408233586_f2c1be3ce1.jpg,9.733922958374023,0.22764866054058075
408573233_1fff966798.jpg,5.563558578491211,3.2901458740234375
408627152_1feaa4b94e.jpg,0.3023858964443207,0.12120594084262848
408748500_e8dc8c0c4f.jpg,-4.5225958824157715,-0.06832440197467804
409327234_7b29eecb4e.jpg,-4.977180480957031,-0.3511170744895935
410042380_517ccee020.jpg,-4.740893363952637,1.884190559387207
410413536_11f1127c46.jpg,7.990391731262207,-2.224189281463623
410422753_de506155fa.jpg,7.196629047393799,0.7574714422225952
410453140_5401bf659a.jpg,-5.391615390777588,0.1699029803276062
411011549_1298d2b4d2.jpg,3.010770797729492,4.306650638580322
411175971_0fffd3b8c6.jpg,9.49239444732666,-1.1092689037322998
411216802_aead9e67e3.jpg,5.164053440093994,5.632686614990234
411863595_d77156687e.jpg,4.777777194976807,1.35281503200531
412056525_191724b058.jpg,-5.102264881134033,3.706963300704956
412082368_371df946b3.jpg,-4.385280609130859,1.1401054859161377
412101267_7257e6d8c0.jpg,7.698550224304199,0.41068002581596375
412203580_2c7278909c.jpg,8.501825332641602,-7.344823360443115
413231421_43833a11f5.jpg,7.6303391456604,-0.38936862349510193
413737417_b0a8b445e9.jpg,2.737412214279175,-4.5018486976623535
414568315_5adcfc23c0.jpg,-4.007395267486572,2.98881459236145
414773731_c3f5bf43d5.jpg,3.6865627765655518,1.7817089557647705
415118186_64defc96f3.jpg,6.774456977844238,-5.566863059997559
415657941_454d370721.jpg,-2.542306423187256,0.08917459845542908
415793623_6c1225ae27.jpg,-1.3788238763809204,-6.089329719543457
416106657_cab2a107a5.jpg,2.595405101776123,2.0808467864990234
416650559_cd08d3cd96.jpg,-5.893372535705566,-0.4865707755088806
416788726_5b4eb1466e.jpg,-5.694095134735107,0.15492714941501617
416960865_048fd3f294.jpg,-0.11555345356464386,-7.30805778503418
416992999_654a99a903.jpg,0.6020362377166748,-9.787034034729004
417577408_eb571658c1.jpg,5.950286388397217,4.803704738616943
417966898_a04f9b5349.jpg,-2.127053737640381,0.951440691947937
418357172_bdddf71d32.jpg,6.353623390197754,-0.018168440088629723
418616992_22090c6195.jpg,7.062745094299316,-1.7053859233856201
418667611_b9995000f4.jpg,8.454846382141113,-8.768180847167969
418796494_bdb441de42.jpg,2.2498552799224854,2.0825188159942627
419116771_642800891d.jpg,2.5746028423309326,3.0850696563720703
41999070_838089137e.jpg,9.454789161682129,-0.9740686416625977
420355149_f2076770df.jpg,-1.8896591663360596,0.037466417998075485
421153376_d1d325568f.jpg,6.032811164855957,0.8818246126174927
421316045_ae7a1eb4bc.jpg,-1.7286325693130493,-0.5089783072471619
421322723_3470543368.jpg,-7.4947943687438965,2.1668951511383057
421706022_1ddb6a7a78.jpg,-3.5704145431518555,1.630494475364685
421730441_6b2267fd31.jpg,-6.4839863777160645,0.26530686020851135
421808539_57abee6d55.jpg,7.355621337890625,1.9148907661437988
421932359_edbf181f44.jpg,8.890506744384766,4.947961330413818
422756764_e7eaac76bf.jpg,7.234975814819336,4.817389488220215
422763475_0bc814dac6.jpg,1.6580783128738403,-3.2726964950561523
423066487_07757b2b49.jpg,-7.23409366607666,-1.3052234649658203
424307754_1e2f44d265.jpg,0.6654002070426941,-1.1329646110534668
424379231_23f1ade134.jpg,3.9729602336883545,4.888427734375
424416723_19c56cb365.jpg,5.211135387420654,2.8732893466949463
424506167_01f365726b.jpg,8.474541664123535,4.099552631378174
424779662_568f9606d0.jpg,-8.785402297973633,-0.27246567606925964
424869823_7aec015d87.jpg,1.4506856203079224,-1.6949386596679688
425088533_a460dc4617.jpg,-2.831115961074829,-2.3601040840148926
425518464_a18b87c563.jpg,-6.940230846405029,0.9695032835006714
425706089_f138118e12.jpg,-5.610476970672607,-1.211956262588501
426065353_e9a604a01f.jpg,-7.392829418182373,2.5291459560394287
426191845_1e979e9345.jpg,6.666098117828369,-2.8869974613189697
42637986_135a9786a6.jpg,1.1593496799468994,-2.8020904064178467
42637987_866635edf6.jpg,-5.065186023712158,0.8503785133361816
426805536_d1d5e68c17.jpg,-5.797094821929932,0.993863582611084
426920445_d07d1fd0f7.jpg,3.9221348762512207,7.76119327545166
427082246_5bf1c3676f.jpg,1.0920157432556152,5.4004340171813965
427167162_2c99779444.jpg,-8.6871337890625,-1.2990831136703491
427557693_1108566fd2.jpg,0.8460804224014282,-0.8959875106811523
427683329_95d510a087.jpg,-1.6334596872329712,-0.24811774492263794
427936315_0b8f7b8d23.jpg,8.080486297607422,3.530341863632202
428408242_b32faf2240.jpg,5.850802421569824,7.707818031311035
428483413_b9370baf72.jpg,-7.753961563110352,1.5727968215942383
428485639_a82635d6ee.jpg,-5.069916725158691,-1.265699863433838
428796930_476a3d6395.jpg,6.372156620025635,6.155829906463623
429174232_ddd4ff5e0b.jpg,-6.857899188995361,-1.8626550436019897
429205889_ff5a006311.jpg,-3.9513700008392334,1.2143718004226685
429270993_294ba8e64c.jpg,-7.016709327697754,-1.1410695314407349
429283612_37f6e7fb7f.jpg,0.34232357144355774,-3.311183452606201
429851331_b248ca01cd.jpg,7.057028293609619,4.081385612487793
430173345_86388d8822.jpg,8.741436958312988,5.618800163269043
430803349_a66c91f64e.jpg,12.55066204071045,0.9638004899024963
430964917_022995afb6.jpg,-3.373826742172241,-2.5792009830474854
431018958_84b2beebff.jpg,-1.2327661514282227,-3.454362154006958
431282339_0aa60dd78e.jpg,4.053074836730957,8.988396644592285
431410325_f4916b5460.jpg,7.460785388946533,-0.6449550986289978
432167214_c17fcc1a2d.jpg,-5.505634784698486,0.7602669596672058
432248727_e7b623adbf.jpg,6.571109771728516,3.531507730484009
432490118_54a9c0e500.jpg,2.834456205368042,3.2408030033111572
432496659_f01464d9fb.jpg,4.110320091247559,3.7490427494049072
433810429_a4da0eac50.jpg,3.717519760131836,-7.986433506011963
433855742_c2a6fda763.jpg,6.442934036254883,7.22473669052124
434433505_966e50e17d.jpg,-2.9719557762145996,1.3852407932281494
434792818_56375e203f.jpg,-2.072526216506958,-0.40408769249916077
434938585_fbf913dfb4.jpg,-6.742029190063477,0.1742657572031021
435054077_3506dbfcf4.jpg,4.590435981750488,9.027937889099121
435739506_2daf7f4887.jpg,8.810776710510254,4.030978202819824
435827376_4384c3005a.jpg,-6.920505046844482,-1.0321507453918457
436009777_440c7679a1.jpg,-4.336462020874023,-1.628509283065796
436013859_793d870b6f.jpg,4.949284553527832,4.211783409118652
436015762_8d0bae90c3.jpg,-1.972175121307373,-1.941478967666626
436393371_822ee70952.jpg,4.5422210693359375,0.7998361587524414
436608339_f1d1298770.jpg,-7.132053375244141,-3.4688987731933594
437054333_5c2761b8cd.jpg,-4.581855773925781,1.407423973083496
437404867_209625774d.jpg,-6.129826545715332,-1.8230960369110107
437527058_189f2a7eef.jpg,4.209260940551758,-6.953876495361328
437917001_ae1106f34e.jpg,-3.939021348953247,-0.2986810803413391
438639005_208bc59b0b.jpg,2.722722053527832,4.849647521972656
439037721_cdf1fc7358.jpg,2.1025521755218506,-3.522315502166748
439049388_3dcee2d30b.jpg,1.5215030908584595,-8.507434844970703
439492931_a96d590e40.jpg,5.367660045623779,4.3406877517700195
439569646_c917f1bc78.jpg,-1.024671196937561,4.515578746795654
439916996_1ddb9dc8e7.jpg,6.574956893920898,7.532749652862549
440184957_267f3f3a2b.jpg,-5.785522937774658,2.947728395462036
440190907_bf8b7ba8ef.jpg,-6.495980739593506,-0.9224633574485779
440737340_5af34ca9cf.jpg,1.7349342107772827,-0.5142436027526855
441212506_fcc321ac28.jpg,6.008167743682861,6.539615154266357
44129946_9eeb385d77.jpg,1.8662538528442383,-6.859873294830322
441398149_297146e38d.jpg,-1.8705984354019165,-1.0410199165344238
441817653_fbdf83060b.jpg,-2.2434630393981934,-1.9386467933654785
441921713_1cafc7d7d2.jpg,-5.1421332359313965,1.809238314628601
442220883_ff3d6e507f.jpg,3.23089861869812,3.492121934890747
442594271_2c3dd38483.jpg,2.399843692779541,-6.972018718719482
442918418_0f29c97fa9.jpg,5.431109428405762,2.8123221397399902
443430496_3fea95a07d.jpg,8.734628677368164,-1.1151400804519653
443885436_6e927e6c58.jpg,7.201183319091797,1.3494701385498047
444047125_66b249287c.jpg,4.046456336975098,-6.477229118347168
444057017_f1e0fcaef7.jpg,1.8141884803771973,-2.9563021659851074
444481722_690d0cadcf.jpg,-5.077547073364258,-0.9698116183280945
444803340_fdcaab86f9.jpg,-4.612791538238525,3.1141369342803955
444845904_a4531c811a.jpg,1.8343729972839355,-10.709175109863281
444872454_9f51e07f88.jpg,-3.078338861465454,0.5104698538780212
444881000_bba92e585c.jpg,-2.1829023361206055,1.2307900190353394
445148321_9f2f3ac711.jpg,0.9458272457122803,-8.439595222473145
445655284_c29e6d7323.jpg,5.932435989379883,1.9366086721420288
445861800_75fc6a8c16.jpg,-7.953958511352539,-0.47227898240089417
446138054_d40c66d5f0.jpg,-0.2733229398727417,-4.1133713722229
446286714_dcec7f339e.jpg,-4.707243919372559,1.386560082435608
446291803_2fd4641b99.jpg,-2.3705732822418213,-2.0765926837921143
446514680_ff5ca15ece.jpg,7.22113037109375,5.268109321594238
447111935_5af98563e3.jpg,4.909570693969727,7.021811485290527
447722389_4b51b7e13d.jpg,8.56517505645752,7.064706325531006
447733067_09cfac3286.jpg,-8.701883316040039,-1.5743054151535034
447800028_0242008fa3.jpg,8.462470054626465,2.1877970695495605
448252603_7d928c900e.jpg,0.43030428886413574,-3.1553866863250732
448257345_ce149c2ea6.jpg,0.9248037934303284,4.421913146972656
44856031_0d82c2c7d1.jpg,6.7675700187683105,7.162128925323486
448590900_db83c42006.jpg,6.711639881134033,1.6095694303512573
448658518_eec0b648a6.jpg,-7.2166948318481445,1.007262110710144
448916362_17f3f1d0e1.jpg,7.6214680671691895,4.822786331176758
449287870_f17fb825d7.jpg,-2.7657055854797363,2.462877035140991
449352117_63c359c6e7.jpg,0.6786426305770874,4.487202167510986
450596617_ed37ec0fe4.jpg,-2.678713321685791,-0.6215046048164368
451081733_40218cec31.jpg,0.2933671474456787,-2.2560875415802
451326127_2d95a2e1c2.jpg,5.216672897338867,-0.6927804946899414
451597318_4f370b1339.jpg,5.440220355987549,2.3428125381469727
452345346_afe1248586.jpg,4.169465065002441,5.094136714935303
452363869_cad37e609f.jpg,3.5772337913513184,7.103567123413086
452416075_60b2bb5832.jpg,-5.067901611328125,2.766031503677368
452419961_6d42ab7000.jpg,-3.83052396774292,4.815704822540283
453473508_682c0a7189.jpg,8.06991958618164,0.21340209245681763
453756106_711c20471a.jpg,4.591951847076416,6.0950822830200195
454686980_7517fe0c2e.jpg,-7.335111618041992,2.047452926635742
454691853_cc1e0fa6a1.jpg,3.873948335647583,5.262375354766846
454709143_9c513f095c.jpg,-3.092167377471924,-3.905567169189453
455611732_d65bf3e976.jpg,3.637301445007324,-8.115007400512695
455856615_f6361d9253.jpg,0.5242301225662231,-6.498500823974609
456299217_b2802efbc2.jpg,-0.7958546876907349,-7.435166358947754
456512643_0aac2fa9ce.jpg,7.564518928527832,2.989821434020996
457631171_12b1aee828.jpg,-0.6987654566764832,-6.3192524909973145
457875937_982588d918.jpg,3.954423427581787,5.3100152015686035
457945610_1a23b9ced0.jpg,6.538934230804443,-3.2701663970947266
458004873_f084c47a88.jpg,-3.916991710662842,2.847721815109253
458183774_afe65abf67.jpg,2.3593297004699707,1.7839407920837402
458213442_12c59e61a0.jpg,3.447404384613037,5.126760005950928
458735196_176e7df6b3.jpg,1.2785546779632568,4.188092231750488
459284240_5a4167bf92.jpg,-2.775304079055786,-4.796760559082031
459778335_857d8ffebf.jpg,2.259594202041626,-3.251271963119507
459814265_d48ba48978.jpg,5.061844348907471,4.729706287384033
460195978_fc522a4979.jpg,6.426332473754883,5.462910175323486
460350019_af60511a3b.jpg,6.4067063331604,4.337551116943359
460478198_83039f2593.jpg,9.685663223266602,1.5730245113372803
460781612_6815c74d37.jpg,4.724918365478516,7.096681594848633
460935487_75b2da7854.jpg,1.7538185119628906,3.5328147411346436
460973814_5eacd1ced4.jpg,-4.533692359924316,1.5505080223083496
461019788_bc0993dabd.jpg,2.9264297485351562,-6.4220099449157715
461505235_590102a5bf.jpg,2.030815362930298,-10.68831729888916
462080147_ca088e6541.jpg,-3.8073296546936035,1.2867021560668945
462198798_89e2df0358.jpg,6.522663116455078,-3.496983289718628
462288558_b31a8a976f.jpg,2.976118564605713,5.054440498352051
463786229_b54c9a3436.jpg,-0.1286550760269165,-0.9894440770149231
463875230_f19e83d6df.jpg,-1.1681910753250122,-1.0297088623046875
463978865_c87c6ca84c.jpg,-4.827884674072266,-1.4311819076538086
464116251_1ac4bc91f8.jpg,3.0565271377563477,3.5210394859313965
464251704_b0f0c4c87a.jpg,0.24784772098064423,-0.6656510829925537
464506846_1734302b58.jpg,6.9670634269714355,4.5796098709106445
464527562_a18f095225.jpg,2.6703250408172607,6.18480920791626
465859490_b077219424.jpg,-5.152505397796631,0.7558927536010742
465994762_1760e83c5d.jpg,3.8426036834716797,-1.0167328119277954
466176275_f40d37851e.jpg,4.771270751953125,3.2927730083465576
466956209_2ffcea3941.jpg,0.012242447584867477,-7.2475433349609375
466956675_a2fb6bf901.jpg,0.1168728843331337,-6.629828453063965
467858872_f3431df682.jpg,5.184844970703125,4.391756534576416
467960888_6943257534.jpg,12.3493070602417,-0.38635680079460144
468102269_135938e209.jpg,-3.004794120788574,-3.3604049682617188
468141298_3154d717e1.jpg,-4.635504722595215,-1.9272024631500244
468310111_d9396abcbd.jpg,3.761047124862671,0.13454703986644745
468608014_09fd20eb9b.jpg,2.997096300125122,4.44819450378418
468871328_72990babd4.jpg,2.5468194484710693,3.9682235717773438
468911753_cc595f5da0.jpg,8.368390083312988,5.210418224334717
468918320_9c275b877f.jpg,0.23911648988723755,2.140993118286133
468930779_8008d90e10.jpg,11.31396770477295,-2.5886261463165283
469021173_aa31c07108.jpg,-0.020623497664928436,-2.566810131072998
469029994_349e138606.jpg,-0.66603022813797,-5.162851333618164
469259974_bb03c15c42.jpg,-4.683971881866455,0.11428474634885788
469617651_278e586e46.jpg,-2.726059913635254,-0.11651896685361862
469969326_4b84073286.jpg,5.7994771003723145,-8.536746978759766
470373679_98dceb19e7.jpg,-3.512707233428955,-2.666402816772461
470887781_faae5dae83.jpg,-4.808156490325928,-0.20104731619358063
470887785_e0b1241d94.jpg,-1.810937523841858,1.7145600318908691
470887791_86d5a08a38.jpg,-5.817129611968994,0.4078437089920044
470887795_8443ce53d0.jpg,-5.636602878570557,1.6564980745315552
470903027_489cc507de.jpg,0.42046481370925903,-3.192991018295288
471402959_0b187560df.jpg,-5.032653331756592,1.6542401313781738
472396131_6e97068d93.jpg,5.8529229164123535,4.783905982971191
472535997_0dbf42b9f3.jpg,-6.429368495941162,2.8131895065307617
472661386_723aae880b.jpg,-5.101301670074463,2.5393223762512207
472860064_a96a228796.jpg,5.185009002685547,6.557322025299072
473220329_819a913bbb.jpg,3.3130135536193848,-5.463644504547119
473988700_570422001b.jpg,10.814912796020508,0.04219439998269081
475042270_719ebe6c48.jpg,5.551029682159424,4.919276237487793
475313618_bdb2f72be5.jpg,-6.7054877281188965,-1.7298954725265503
475317104_1cdc1653b4.jpg,-2.9006354808807373,0.6954706907272339
475778645_65b7343c47.jpg,2.8408937454223633,1.0831608772277832
475816542_f5c2736815.jpg,4.398457050323486,1.5114834308624268
475980315_b8ecd50094.jpg,4.073858737945557,-0.1818077266216278
476233374_e1396998ef.jpg,3.4073410034179688,-5.501697540283203
476740978_45b65ebe0c.jpg,-4.459451675415039,-0.8651492595672607
476759700_8911f087f8.jpg,-6.27247428894043,-0.3596770763397217
476760133_c33d2bd83d.jpg,6.014178276062012,7.229888439178467
477204750_d04d111cd4.jpg,7.3783063888549805,7.625724792480469
477254932_56b48d775d.jpg,1.2469741106033325,-3.6489665508270264
477768471_d7cd618fdb.jpg,3.439718246459961,5.094590187072754
478208896_90e7187b64.jpg,4.8833394050598145,-3.877255439758301
478209058_21e2c37c73.jpg,0.8311213254928589,-8.296562194824219
478592803_f57cc9c461.jpg,-4.623231410980225,-0.5239160656929016
47870024_73a4481f7d.jpg,-3.8662912845611572,-2.9734299182891846
47871819_db55ac4699.jpg,-1.640201210975647,7.4140238761901855
478750151_e0adb5030a.jpg,4.6329240798950195,3.3793556690216064
478754346_addb53893c.jpg,-0.15614046156406403,-3.0945041179656982
479807115_3a484fb18b.jpg,2.2198123931884766,-2.644932985305786
479807465_cf42f39d00.jpg,2.511077880859375,-2.117905616760254
479807833_85eed6899c.jpg,1.4522699117660522,-4.882725715637207
480200554_6155e9dfeb.jpg,-6.501402378082275,-0.21469789743423462
480505313_2dc686e5db.jpg,-5.183816909790039,-3.5268890857696533
480607352_65614ab348.jpg,-5.468427658081055,-0.38200515508651733
481054596_cad8c02103.jpg,-7.906219959259033,-1.2184357643127441
481632457_7372f18275.jpg,3.7254347801208496,4.919668674468994
481732592_b50194cb89.jpg,-6.770384788513184,0.19109344482421875
481827288_a688be7913.jpg,15.965331077575684,2.15259051322937
481887827_f8975dabf1.jpg,0.25616326928138733,-3.0130820274353027
482047956_9a29e9cee6.jpg,-4.0383124351501465,0.1734834611415863
482088914_e6ea4501e9.jpg,6.701115131378174,-8.661157608032227
482098572_e83153b300.jpg,7.576152801513672,-9.509627342224121
482353373_03a9d5e8bc.jpg,-7.045289516448975,0.8415880799293518
482830610_13a0a6c924.jpg,-4.519680500030518,1.9082136154174805
482882307_7dcb9eee11.jpg,8.903545379638672,-9.231659889221191
482882719_165722082d.jpg,9.581121444702148,-9.109579086303711
482907079_22085ada04.jpg,-3.0255677700042725,-2.260615348815918
483039719_75181b2726.jpg,-6.284718036651611,-0.6896397471427917
483136916_16976f4902.jpg,6.527927398681641,2.814105987548828
483841513_e660391880.jpg,1.2010916471481323,-1.8481807708740234
484896012_7787d04f41.jpg,2.739304780960083,7.393651008605957
485054073_fef8b80b4b.jpg,2.2787115573883057,2.6449763774871826
485245061_5a5de43e20.jpg,6.498856544494629,-9.292197227478027
485312202_784508f2a9.jpg,-0.550172746181488,0.6700273752212524
485357535_b45ba5b6da.jpg,-6.29957389831543,0.7344963550567627
485566887_57eac33bd1.jpg,7.674884796142578,6.1996378898620605
485738889_c2a00876a6.jpg,3.190007448196411,-4.296701431274414
485741580_ab523fa657.jpg,3.443450689315796,4.470221519470215
485921585_1974b1577a.jpg,-4.156571865081787,-3.8290059566497803
486300784_2cc7a770ff.jpg,9.216842651367188,-1.7211655378341675
486712504_36be449055.jpg,2.67435359954834,5.688841342926025
486720042_b785e7f88c.jpg,3.7169227600097656,3.363170862197876
486917990_72bd4069af.jpg,-4.006134986877441,-6.712764263153076
487071033_27e460a1b9.jpg,-4.898487567901611,0.6732283234596252
487074671_66db20bf47.jpg,-3.168992280960083,-1.0678516626358032
487487795_54705c406e.jpg,5.483032703399658,5.958296298980713
487894806_352d9b5e66.jpg,2.998553991317749,4.620647430419922
488089932_c3a5fa4140.jpg,-3.0371968746185303,0.6975201368331909
488196964_49159f11fd.jpg,9.403779029846191,1.0774950981140137
488352274_9a22064cb3.jpg,9.540685653686523,6.067569255828857
488356951_b3b77ad832.jpg,-8.356762886047363,1.52406907081604
488408004_a1e26d4886.jpg,-0.25064772367477417,4.187744140625
488416045_1c6d903fe0.jpg,8.58208179473877,3.92720627784729
488549693_a1f51d8c4a.jpg,3.3040032386779785,-3.0488994121551514
488590040_35a3e96c89.jpg,1.5882855653762817,-6.202188491821289
489065557_0eb08889cd.jpg,7.2233076095581055,-3.9621269702911377
489134459_1b3f46fc03.jpg,-2.421462297439575,-2.2395715713500977
489372715_ce52da796a.jpg,5.780813217163086,1.276751160621643
489551372_b19a6ad0ed.jpg,2.3984482288360596,1.649244785308838
489773343_a8aecf7db3.jpg,7.073673248291016,1.4255046844482422
489865145_65ea6d1c14.jpg,-3.723111867904663,1.6629784107208252
490044494_d2d546be8d.jpg,9.980134963989258,9.47029972076416
490390951_87395fcb1c.jpg,-0.8754259943962097,1.0085598230361938
491405109_798222cfd0.jpg,-2.8617916107177734,2.665043830871582
491564019_1ca68d16c1.jpg,-3.5526363849639893,1.444398045539856
491600485_26c52c8816.jpg,4.036124229431152,0.44703006744384766
491964988_414b556228.jpg,3.932385206222534,-3.8475394248962402
492341908_1ef53be265.jpg,0.9620597958564758,-2.2706382274627686
492493570_c27237a396.jpg,5.814630031585693,-2.8176231384277344
492802403_ba5246cfea.jpg,2.9436638355255127,5.033961296081543
493109089_468e105233.jpg,-2.3508191108703613,0.9271306395530701
493507605_48fe8e3739.jpg,6.989198207855225,5.481359004974365
493542985_c85ad29ebe.jpg,3.7096073627471924,-7.337673664093018
493621130_152bdd4e91.jpg,7.496645450592041,2.110531806945801
494221578_027f51cdf4.jpg,-3.0787532329559326,1.1245969533920288
494329594_6e751372a0.jpg,-2.477609395980835,-1.240643858909607
494792770_2c5f767ac0.jpg,4.806119918823242,3.577132225036621
494907021_321e82877a.jpg,-5.812504291534424,0.6829711198806763
494921598_af73bda568.jpg,-3.103774309158325,0.8075332641601562
495014499_8fd065cfd9.jpg,-8.8589448928833,-1.6313999891281128
495033548_bd320405d8.jpg,1.1202133893966675,10.678862571716309
495054019_3dee8a02f5.jpg,-2.377772569656372,4.328409671783447
495055747_a75872762a.jpg,-7.3423542976379395,-1.3859965801239014
495116214_f1df479fb0.jpg,6.80664587020874,4.13369607925415
495340319_705f2e63d6.jpg,-2.6119887828826904,5.587759971618652
495341977_b27279f962.jpg,6.037092685699463,5.258920669555664
49553964_cee950f3ba.jpg,8.672277450561523,-4.000828266143799
496110746_a93ca191ae.jpg,-5.4313435554504395,1.7801976203918457
496129405_b9feeda1ab.jpg,2.6380789279937744,4.346463680267334
496380034_d22aeeedb3.jpg,4.555780410766602,7.870265483856201
496555371_3e1ee0d97d.jpg,6.942811965942383,3.7338128089904785
496606439_9333831e73.jpg,-5.763171672821045,1.493098497390747
496971341_22782195f0.jpg,4.61506462097168,6.575884819030762
497122685_a51b29dc46.jpg,5.636874198913574,-2.4455246925354004
497579819_f91b26f7d3.jpg,5.19236946105957,4.130226135253906
497791037_93499238d8.jpg,-3.154758930206299,1.3400031328201294
498404951_527adba7b8.jpg,4.272886753082275,1.4177350997924805
498444334_a680d318a1.jpg,-5.102841377258301,2.2846410274505615
498492764_fe276e505a.jpg,-4.049004554748535,-0.4491504728794098
498748832_941faaaf40.jpg,-7.05962610244751,0.46881625056266785
498794783_cc2ac62b47.jpg,-3.548919200897217,4.936107635498047
498957941_f0eda42787.jpg,-0.858458399772644,2.135852098464966
50030244_02cd4de372.jpg,4.846939563751221,0.22973313927650452
500308355_f0c19067c0.jpg,1.795159101486206,5.894637107849121
500446858_125702b296.jpg,4.306421756744385,5.485236644744873
500678178_26ce0f4417.jpg,0.10760708898305893,1.837998628616333
501320769_31eea7b7ea.jpg,-6.318042278289795,0.5703577995300293
501520507_c86f805ab8.jpg,-8.237536430358887,2.787628650665283
501650847_b0beba926c.jpg,3.5487351417541504,1.5186474323272705
501684722_0f20c4e704.jpg,-5.325467109680176,0.9486562013626099
501699433_f8df386cf9.jpg,-0.2317659705877304,-4.479340076446533
502115726_927dd684d3.jpg,-3.4495134353637695,-1.3442234992980957
502671104_b2114246c7.jpg,4.824264049530029,-4.109503746032715
502783522_3656f27014.jpg,6.046444892883301,0.7892306447029114
502884177_25939ac000.jpg,-3.7838571071624756,1.7102723121643066
503090187_8758ab5680.jpg,-0.5180458426475525,-0.9965221881866455
503717911_fc43cb3cf9.jpg,6.154435157775879,3.4425606727600098
503794526_603a7954d3.jpg,-2.3211183547973633,-1.9326497316360474
504385521_6e668691a3.jpg,8.232621192932129,-2.4654581546783447
504765160_b4b083b293.jpg,-5.45625638961792,1.8534358739852905
504904434_889f426c6e.jpg,-2.944861650466919,4.159366130828857
505062117_a70b4e10ab.jpg,9.607823371887207,-0.23867133259773254
505929313_7668f021ab.jpg,10.494507789611816,2.0175342559814453
505944126_f9a6ab8944.jpg,5.109570026397705,1.9950401782989502
505955292_026f1489f2.jpg,-1.7233465909957886,-0.10746511816978455
506343925_b30a235de6.jpg,4.848421096801758,0.2867918014526367
506367606_7cca2bba9b.jpg,-3.9812119007110596,-0.3507930636405945
506412121_67ecc7ec05.jpg,2.719970703125,-5.274044513702393
506478284_7cf8bdbe36.jpg,-5.5574774742126465,0.6308154463768005
506738508_327efdf9c3.jpg,-5.985044002532959,1.4837068319320679
506808265_fe84ada926.jpg,-5.098306179046631,2.96791934967041
506882688_b37d549593.jpg,-2.1893370151519775,-7.228085041046143
507758961_e63ca126cc.jpg,0.06888428330421448,7.0165886878967285
508261758_78fb8ae067.jpg,-3.4883651733398438,0.3259959816932678
508432819_3d055f395d.jpg,2.6195106506347656,-4.006200313568115
508929192_670910fdd2.jpg,-2.7295076847076416,6.8092522621154785
508958120_afe274f726.jpg,0.2078772634267807,-6.921153545379639
509123893_07b8ea82a9.jpg,-2.515307903289795,1.3978989124298096
509200598_171a1ab6c8.jpg,5.350775718688965,6.702075958251953
509241560_00e5b20562.jpg,-3.050914764404297,-0.28499194979667664
509778093_21236bb64d.jpg,3.067094564437866,7.995425701141357
510197538_0a11b94460.jpg,-1.3445508480072021,1.7294021844863892
510510783_b2cf5d57bb.jpg,-3.476318597793579,0.23666076362133026
510531976_90bbee22a2.jpg,-6.673738479614258,0.7689855694770813
510791586_3913ade6a7.jpg,4.409774303436279,-6.9946370124816895
511282305_dbab4bf4be.jpg,-1.7100684642791748,3.9999256134033203
511749704_3037806cb1.jpg,-2.7404181957244873,1.2666940689086914
511844627_0ec78e01e9.jpg,6.7277679443359375,-10.987744331359863
512026551_ba63ddbd31.jpg,12.6609468460083,-0.7097603678703308
512031915_0dd03dcdf9.jpg,2.9358108043670654,5.290028095245361
512045825_1be2083922.jpg,6.196537971496582,6.559360504150391
512101751_05a6d93e19.jpg,5.95759916305542,5.68078088760376
512163695_51a108761d.jpg,-5.3353986740112305,-0.2558121681213379
512306469_1392697d32.jpg,-2.5013370513916016,2.826857328414917
512550372_438849ce19.jpg,-0.6820912957191467,-6.159090518951416
512634877_d7ad8c8329.jpg,6.2457451820373535,5.313967227935791
512991147_dc48e6839c.jpg,-0.8289815783500671,-6.291727542877197
513116697_ad0f4dc800.jpg,3.6513545513153076,-7.798520565032959
513269597_c38308feaf.jpg,3.0952255725860596,2.5607941150665283
514036362_5f2b9b7314.jpg,-1.7570077180862427,-0.2496894896030426
514073775_56796be990.jpg,-4.832683086395264,-0.2579371929168701
514222285_aa0c8d05b7.jpg,4.187057971954346,-9.8674898147583
514222303_cb98584536.jpg,-2.926173686981201,1.6500802040100098
514431934_9cf78f05a9.jpg,-6.407063007354736,1.9332263469696045
514905846_b54d13946a.jpg,-4.7059454917907715,1.1350038051605225
514990193_2d2422af2c.jpg,-0.3697430193424225,3.33161997795105
515335111_c4afd5b903.jpg,4.592555522918701,-7.226183891296387
515702827_be3c6ce857.jpg,6.930574893951416,-7.238112926483154
515755283_8f890b3207.jpg,-3.560659408569336,-1.418044924736023
515797344_4ae75cb9b1.jpg,-4.805418014526367,0.23454120755195618
516214924_c2a4364cb3.jpg,3.463282585144043,2.935457468032837
516394876_8b9b8021bc.jpg,-6.458230972290039,0.15145114064216614
516648762_0cff84ea97.jpg,-2.275665044784546,2.8340232372283936
516725192_c9cdd63878.jpg,5.454138278961182,-5.723493576049805
516761840_842dabc908.jpg,-2.487562894821167,-0.3105337619781494
516998046_1175674fcd.jpg,12.40101146697998,-0.8450703620910645
517094985_4b9e926936.jpg,-2.8432459831237793,0.9686143398284912
517102724_a0f3069156.jpg,7.649295330047607,-0.842046320438385
518144037_9a1754b2a6.jpg,-4.605763912200928,2.5888171195983887
518251319_40e031e818.jpg,-5.034325122833252,-0.13703134655952454
518610439_b64ab21c02.jpg,2.0281858444213867,-2.953322410583496
518789868_8895ef8792.jpg,-4.968925476074219,0.12311661243438721
519059913_4906fe4050.jpg,1.5936716794967651,-2.9946932792663574
519061891_320061864e.jpg,1.978013038635254,-1.4395666122436523
519167484_ee03e2a91e.jpg,-1.2368377447128296,2.6049327850341797
519228867_2fd25e38d4.jpg,4.103226661682129,-2.0657312870025635
519754987_51861fea85.jpg,-7.12840461730957,0.1120578870177269
520491467_54cbc0a866.jpg,-2.138923406600952,-0.4779881536960602
521186251_e97d1f50f8.jpg,7.552152633666992,-4.765182971954346
521658170_a837af87e9.jpg,8.709128379821777,3.658296823501587
522063319_33827f1627.jpg,-3.430633068084717,1.5036033391952515
522486784_978021d537.jpg,6.83274507522583,4.333707332611084
522652105_a89f1cf260.jpg,-1.5341343879699707,4.358151912689209
522700240_d9af45e60d.jpg,2.086298704147339,5.634610652923584
523249012_a0a25f487e.jpg,1.9459047317504883,-2.46075439453125
523327429_af093fc7cf.jpg,-5.211206912994385,-1.5358436107635498
523692399_d2e261a302.jpg,-1.2163145542144775,-1.755505084991455
523985664_c866af4850.jpg,-5.297397136688232,0.3877992630004883
523991446_65dbc5a4a5.jpg,-3.4076955318450928,0.931900680065155
524031846_28b11bc0e5.jpg,5.076603412628174,-5.873685836791992
524036004_6747cf909b.jpg,1.1715941429138184,-2.2761709690093994
524105255_b346f288be.jpg,-3.7659213542938232,-1.6684694290161133
524282699_71e678a6bd.jpg,8.813743591308594,4.002875804901123
524310507_51220580de.jpg,0.9494079351425171,1.1983048915863037
524360969_472a7152f0.jpg,-3.9556291103363037,-1.3545235395431519
524698457_77ba13840a.jpg,4.440946102142334,8.783293724060059
525538142_7348f0bce7.jpg,-1.3472723960876465,-0.7511774301528931
525863257_053333e612.jpg,5.481685161590576,-4.235009670257568
525887861_4cc7a1beca.jpg,-4.406553268432617,4.316193103790283
525968880_82623392d1.jpg,2.9138126373291016,1.890517234802246
526661994_21838fc72c.jpg,6.483042240142822,4.447388648986816
526955751_f519d62b58.jpg,9.201351165771484,-9.87120532989502
527272653_8a5bd818e5.jpg,6.471118927001953,-4.544877529144287
527288854_f26127b770.jpg,0.8340983986854553,-4.020820140838623
527946505_a51ade1578.jpg,9.253182411193848,1.9376492500305176
527968666_1fcddf81ab.jpg,9.282459259033203,0.6290327310562134
528498076_43f0ef36b5.jpg,-3.85007381439209,0.030251987278461456
528500099_7be78a0ca5.jpg,-1.3830355405807495,-1.373555064201355
529101401_ab1f6b1206.jpg,2.766483783721924,-5.047367572784424
529198549_5cd9fedf3f.jpg,4.384607315063477,-5.559228897094727
53043785_c468d6f931.jpg,8.317789077758789,-4.658994674682617
530454257_66d58b49ee.jpg,-7.8758673667907715,1.6833823919296265
530661899_94655d7d0e.jpg,-0.5061538219451904,-5.803279399871826
530888330_a18343e38d.jpg,1.4144505262374878,-5.878207206726074
530950375_eea665583f.jpg,-3.6979598999023438,-0.5996030569076538
531055369_936fd76a63.jpg,-6.398873805999756,0.48959019780158997
531152619_6db02a7ed9.jpg,7.017786979675293,1.5685439109802246
531197115_2be4d5034b.jpg,-6.683769702911377,-1.506569266319275
531261613_f1a045cd75.jpg,1.001388669013977,-2.671635627746582
532036676_e88b13e0a1.jpg,-3.4118480682373047,-1.0904468297958374
532131603_c82d454c8a.jpg,5.214389324188232,6.847116947174072
532396029_ce125bda3f.jpg,5.2140092849731445,-0.6338015198707581
532457586_bddfc5251d.jpg,0.7355065941810608,2.349027395248413
532914728_c5d8d56b0b.jpg,-2.066309928894043,-1.2264256477355957
532999240_1409d073be.jpg,4.929379463195801,7.0695695877075195
533483374_86c5d4c13e.jpg,10.940409660339355,1.300835371017456
533602654_9edc74385d.jpg,-5.289592266082764,-1.010137677192688
533713001_2d36e93509.jpg,-5.041679382324219,0.7764928340911865
533713007_bf9f3e25b4.jpg,-2.293355703353882,1.5314630270004272
533979933_a95b03323b.jpg,5.877202033996582,-5.303155899047852
534056823_0752303702.jpg,-0.9725520014762878,-3.131810426712036
534200447_b0f3ff02be.jpg,-1.0847898721694946,5.146902561187744
534313000_4ad39c7ee0.jpg,6.257288932800293,3.6110193729400635
534655560_dc1c335b3f.jpg,-2.4562582969665527,2.1958107948303223
534669139_1a4f8ab9d5.jpg,-2.8427436351776123,1.6248348951339722
534875358_6ea30d3091.jpg,-6.806848526000977,2.563654661178589
534886684_a6c9f40fa1.jpg,-3.461989402770996,3.1545417308807373
535123126_c06c1ab9bf.jpg,5.158020496368408,4.897141456604004
535249787_0fcaa613a0.jpg,-2.4125235080718994,2.0189261436462402
535309053_ec737abde8.jpg,0.3898090720176697,-2.6214499473571777
535399240_0714a6e950.jpg,-0.17713144421577454,3.3913745880126953
535529555_583d89b7f2.jpg,5.122020721435547,6.894108772277832
535830521_aa971319fc.jpg,-7.298996925354004,-1.0335369110107422
536495604_b22bbc905a.jpg,-7.846388816833496,-0.2811190187931061
536537638_f5ee42410b.jpg,-5.357250213623047,0.719028651714325
536721406_884ab8fece.jpg,3.8260903358459473,4.6912407875061035
536828916_b763b82949.jpg,-6.035210132598877,1.1340328454971313
537222436_ab406234ce.jpg,-9.189949035644531,2.244256019592285
537225246_dd0e2158a7.jpg,-0.19917094707489014,1.987485647201538
537230454_1f09199476.jpg,-0.856212317943573,2.161853075027466
537359971_6e28f5e66e.jpg,-7.297828197479248,3.2816319465637207
537390477_7dd3407f96.jpg,2.38856840133667,3.3790841102600098
537479916_c033897fac.jpg,3.632551431655884,5.693342685699463
537532165_e4b7c0e61a.jpg,-3.414475917816162,2.230294704437256
537559285_29be110134.jpg,0.7931898832321167,7.7689595222473145
537579448_a7f92cef58.jpg,2.75642991065979,5.209310531616211
537628742_146f2c24f8.jpg,-0.81491619348526,0.45625999569892883
537758332_8beb9cf522.jpg,-3.4454903602600098,-1.6523348093032837
538825260_a4a8784b75.jpg,-4.13716983795166,1.569024920463562
539493423_9d7d1b77fa.jpg,-2.719855785369873,0.24192342162132263
539493431_744eb1abaa.jpg,-1.6686956882476807,1.0652797222137451
539667015_fd0a3bea07.jpg,-1.4547780752182007,-0.023520343005657196
539676201_c8f1f04952.jpg,4.731748580932617,-5.61346960067749
539705321_99406e5820.jpg,0.38901427388191223,6.739920616149902
539744890_85e63f5854.jpg,-3.8658812046051025,1.9719895124435425
539750844_02a07ec524.jpg,4.4479079246521,5.957617282867432
539751252_2bd88c456b.jpg,7.323983192443848,-3.5528650283813477
539761097_5c6c70425b.jpg,2.772104024887085,3.6438212394714355
539801139_7258ee437f.jpg,-0.48551782965660095,-3.6838550567626953
540338917_57069687be.jpg,2.1804118156433105,-9.816924095153809
540604040_bec822c144.jpg,-6.319659233093262,-0.09391540288925171
540721368_12ac732c6c.jpg,-7.605142116546631,0.756640613079071
540873795_ae62ae6f60.jpg,-5.844700813293457,0.7310891151428223
541046380_513e295384.jpg,-8.058995246887207,2.5505011081695557
541063419_a5f3672d59.jpg,1.5198818445205688,-8.191125869750977
541063517_35044c554a.jpg,2.1216042041778564,-7.853763103485107
542179694_e170e9e465.jpg,-5.0931830406188965,-0.4423876106739044
542269487_5d77b363eb.jpg,-2.520658254623413,-0.8320948481559753
542317719_ed4dd95dc2.jpg,-1.7945592403411865,-0.9759422540664673
542405691_0594b1ce72.jpg,-5.180469036102295,0.445206880569458
542648687_adf13c406b.jpg,3.385134696960449,3.718658685684204
543007912_23fc735b99.jpg,-4.849240303039551,-0.1480436474084854
543102698_38e7e38bbc.jpg,-5.5723114013671875,-0.8610483407974243
543264612_c53cc163b4.jpg,-4.424698829650879,1.0747371912002563
543291644_64539956e9.jpg,-3.4341464042663574,0.017498161643743515
543326592_70bd4d8602.jpg,-5.402255535125732,-0.8942626118659973
543363241_74d8246fab.jpg,-4.309988498687744,-0.443557471036911
543603259_ef26d9c72d.jpg,-7.4059882164001465,-0.5873259902000427
543940240_a54a3c7989.jpg,-6.008310317993164,-1.5023645162582397
544122267_e9e0100bc5.jpg,-2.4353342056274414,1.08951735496521
544257613_d9a1fea3f7.jpg,-2.97934889793396,2.9345548152923584
544301311_5e7d69a517.jpg,-6.0947184562683105,0.8737540245056152
544576742_283b65fa0d.jpg,-0.43849050998687744,-5.318559646606445
54501196_a9ac9d66f2.jpg,2.330336809158325,-9.517499923706055
54723805_bcf7af3f16.jpg,-0.9601299166679382,-6.912647247314453
548751378_c657401312.jpg,-1.7927331924438477,-0.7852296233177185
549520317_af3d5c32eb.jpg,-3.069215774536133,0.42070236802101135
549887636_0ea5ae4739.jpg,-6.696035385131836,-1.5480800867080688
55135290_9bed5c4ca3.jpg,-0.7728021740913391,-3.0274205207824707
551403320_dfdcf9fc3b.jpg,-2.6730620861053467,-9.778850555419922
551664516_78a5131dc4.jpg,-5.970281600952148,1.7524503469467163
554526471_a31f8b74ef.jpg,3.2226133346557617,-6.824428558349609
55470226_52ff517151.jpg,1.3294378519058228,-6.28776216506958
55473406_1d2271c1f2.jpg,2.2545957565307617,-8.043655395507812
554774472_b5d165ff69.jpg,5.437516689300537,-5.656441688537598
556568556_bc5124dc8e.jpg,-2.7951152324676514,3.2446353435516357
557101732_32bbc47c12.jpg,-4.819839000701904,-2.788755416870117
557601144_50b8c40393.jpg,-1.889501690864563,3.7043473720550537
557721978_dfde31bc02.jpg,-2.8322184085845947,-1.1515655517578125
559102835_472ff702b5.jpg,0.9285283088684082,8.208405494689941
560278886_df4bd2e212.jpg,-1.0026315450668335,9.92670726776123
561179884_8b6b925ef9.jpg,-0.5294859409332275,-4.31352424621582
561179890_af8e31cb2e.jpg,0.8777366876602173,-5.929926872253418
561417861_8e25d0c0e8.jpg,-5.9539337158203125,-2.5014095306396484
561940436_64d6fc125d.jpg,-5.030510425567627,-0.7717149257659912
562588230_edb2c071c8.jpg,0.7094578146934509,0.6013458371162415
562928217_21f967a807.jpg,5.3844733238220215,4.215969085693359
56489627_e1de43de34.jpg,4.2015461921691895,-7.261317729949951
56494233_1824005879.jpg,3.3096625804901123,-8.983694076538086
565605894_8f0bed0438.jpg,-3.7871525287628174,1.1589921712875366
566384456_97da3c7bd6.jpg,4.076846599578857,-2.1607367992401123
566397227_a469e9e415.jpg,3.30734920501709,1.809436559677124
566446626_9793890f95.jpg,-5.019536018371582,2.201774835586548
566794036_60f7acdf35.jpg,-4.147978782653809,1.7717325687408447
566794440_f9ec673a2f.jpg,-1.3230787515640259,7.501297950744629
566921157_07c18a41e2.jpg,5.070507526397705,1.7895570993423462
571130875_30051ac02d.jpg,-5.1782145500183105,-0.9593716859817505
571507143_be346225b7.jpg,-3.597165107727051,-3.1440844535827637
572618443_647483ca82.jpg,0.09831017255783081,-5.932508945465088
57417274_d55d34e93e.jpg,5.020755767822266,-10.326272010803223
57422853_b5f6366081.jpg,0.6850156188011169,-8.921239852905273
574274795_57e0834e7d.jpg,-0.5882385969161987,-2.7601401805877686
575636303_b0b8fd4eee.jpg,-0.9907590746879578,-3.8487157821655273
576075451_5e0f6facb3.jpg,10.031481742858887,2.096580982208252
576093768_e78f91c176.jpg,-4.431200981140137,0.9375554919242859
576920249_df1bdc2068.jpg,-5.562360763549805,-0.6795249581336975
578274277_652cae32ba.jpg,-3.0740222930908203,2.3921139240264893
578644583_da3ff18dd1.jpg,-0.5697620511054993,-0.5684983134269714
581419370_30485f3580.jpg,-0.9320433735847473,-6.031589031219482
582788646_dc40748639.jpg,3.829116106033325,-2.3319737911224365
582899605_d96f9201f1.jpg,-0.8902724385261536,5.4978108406066895
583087629_a09334e1fb.jpg,-3.603541374206543,-0.4595031440258026
583174725_6b522b621f.jpg,-2.9288766384124756,0.44056305289268494
58357057_dea882479e.jpg,2.4743597507476807,-9.090144157409668
58363928_6f7074608c.jpg,2.3450891971588135,-11.08443832397461
58363930_0544844edd.jpg,5.6659650802612305,-10.298819541931152
58368365_03ed3e5bdf.jpg,0.9795189499855042,-9.410059928894043
584484388_0eeb36d03d.jpg,6.257007598876953,5.386518955230713
587604325_af5d6df679.jpg,2.595763683319092,3.829507827758789
590445887_4d4fa43923.jpg,-4.049098968505859,2.8606512546539307
597543181_6a85ef4c17.jpg,-2.2930514812469482,3.6464362144470215
599366440_a238e805cf.jpg,4.407413005828857,6.059943675994873
607339469_af851c4119.jpg,2.6956946849823,-2.1345460414886475
608257195_6ec6f48e37.jpg,0.606627881526947,-5.901527404785156
609681901_66809d2dc1.jpg,-2.891862154006958,2.139892578125
610590753_cd69ce081a.jpg,7.043323516845703,-4.908465385437012
611910909_4f8e43e070.jpg,-3.6359100341796875,0.9272782206535339
61209225_8512e1dad5.jpg,-1.6512686014175415,-0.8638004660606384
613030608_4355e007c7.jpg,-6.257505893707275,1.7314167022705078
613900608_2e49415772.jpg,-3.324530601501465,3.4444310665130615
615916000_5044047d71.jpg,-5.525594234466553,-0.3212570548057556
616045808_0286d0574b.jpg,-7.940677165985107,-0.913147509098053
616177206_0e16c33f6b.jpg,-4.684613227844238,-0.07188554853200912
617038406_4092ee91dd.jpg,-7.462785720825195,2.371882438659668
618292739_0fdc2ccab0.jpg,-0.5112828612327576,-0.37712404131889343
618771382_459bb492e4.jpg,-5.506814002990723,1.4551458358764648
619169586_0a13ee7c21.jpg,2.135929584503174,-7.406049728393555
621000329_84f48948eb.jpg,-4.450719356536865,3.0700225830078125
624058168_f1c5e87e59.jpg,1.6432530879974365,0.06509193778038025
624742559_ff467d8ebc.jpg,-4.229435920715332,1.494306206703186
630476551_2ee7399f77.jpg,9.218048095703125,-4.512914657592773
632251903_b36701a5e9.jpg,4.258170127868652,-7.134098052978516
632608471_a70461f123.jpg,-3.4526898860931396,-0.22128045558929443
633456174_b768c1d6cd.jpg,-5.278519630432129,1.064234972000122
634891010_9fa189effb.jpg,8.893295288085938,4.30993127822876
635444010_bd81c89ab7.jpg,-5.195565700531006,-0.9607692360877991
636503038_17ca82b50f.jpg,4.34188175201416,-7.136232376098633
637342973_89f6fac1f7.jpg,7.122945785522461,4.107717037200928
639120223_7db6bdb61f.jpg,-7.303667068481445,2.16237211227417
639865690_d66d480879.jpg,0.3044740855693817,-0.5183503031730652
640053014_549d2f23d2.jpg,0.40051382780075073,-2.2109591960906982
640203018_c0e7175831.jpg,-4.422968864440918,-3.1000754833221436
640409060_6af18fdd54.jpg,-3.0061404705047607,3.662949562072754
640506101_ae1145b6d1.jpg,2.1752712726593018,5.487369060516357
641893280_36fd6e886a.jpg,8.621810913085938,2.8346498012542725
642987597_03b21a1437.jpg,0.533352255821228,-3.8540210723876953
649596742_5ba84ce946.jpg,3.7725565433502197,5.736288547515869
652542470_60e858da64.jpg,-1.5048365592956543,-2.226865768432617
654130822_4aeb1f1273.jpg,-2.0437698364257812,-2.220095634460449
656260720_a7db4ce48b.jpg,-1.3978818655014038,-1.3809242248535156
661546153_9d30db6984.jpg,-2.0112342834472656,1.8955883979797363
661749711_6f408dad62.jpg,3.0711824893951416,6.213790416717529
661755629_602ea4cf09.jpg,1.5654796361923218,5.138363838195801
661757041_61e131e913.jpg,2.0672225952148438,4.472420692443848
662606040_8cc8cd9f1b.jpg,2.7538912296295166,6.120450496673584
664341930_bd5c8b60ea.jpg,-4.666388034820557,-0.5430299639701843
664470170_6a1ad20c45.jpg,-6.185605049133301,5.069888114929199
667626_18933d713e.jpg,3.8998005390167236,-4.478512763977051
670609997_5c7fdb3f0b.jpg,2.444404363632202,3.5573177337646484
673806038_0a3682a83f.jpg,-0.334993839263916,-2.0302622318267822
684255145_db3f8e3e46.jpg,6.404437065124512,-5.4486589431762695
684375286_09cc1aa778.jpg,4.8043212890625,4.382325172424316
687513087_413d4a3a3b.jpg,2.543735980987549,5.633003234863281
688210930_85c5675d5b.jpg,-7.491377830505371,-0.09235281497240067
688940111_325a74674a.jpg,-2.840536594390869,3.524912118911743
689359034_4a64c24ca4.jpg,-3.727935314178467,-2.1185367107391357
689776124_07f560a920.jpg,6.641944885253906,5.974280834197998
691770760_48ce80a674.jpg,4.787227153778076,0.833651602268219
69189650_6687da7280.jpg,5.60275936126709,6.253292560577393
693164706_9624582e69.jpg,-2.0992331504821777,-4.486907482147217
693450725_8ad72389e6.jpg,2.441709518432617,2.6053731441497803
693785581_68bec8312a.jpg,-5.923821449279785,2.0636653900146484
694496803_f2a05869cf.jpg,-6.626810550689697,0.13879218697547913
696663662_232edd58af.jpg,-1.1751952171325684,3.541893243789673
69710411_2cf537f61f.jpg,-2.9868662357330322,-1.2542990446090698
69710415_5c2bfb1058.jpg,2.771393299102783,-8.9241361618042
697490420_67d8d2a859.jpg,1.4110711812973022,-7.09467077255249
697582336_601462e052.jpg,6.117722988128662,6.419811725616455
697778778_b52090709d.jpg,2.80489444732666,-9.08387279510498
698107542_3aa0ba78b4.jpg,-6.566481590270996,2.676179885864258
700884207_d3ec546494.jpg,-0.3192662298679352,2.590007781982422
701816897_221bbe761a.jpg,0.5677943229675293,-1.0393140316009521
707941195_4386109029.jpg,5.038031101226807,0.566184401512146
707972553_36816e53a2.jpg,2.6548593044281006,-1.2120740413665771
708860480_1a956ae0f7.jpg,9.234586715698242,-3.1041910648345947
708945669_08e7ffb9a7.jpg,0.7635416984558105,-7.693002223968506
709373049_15b8b6457a.jpg,-0.4625553786754608,-0.07612595707178116
70995350_75d0698839.jpg,1.635838270187378,-4.028781890869141
710878348_323082babd.jpg,5.737665176391602,-1.7820820808410645
716597900_b72c58362c.jpg,3.258146286010742,-6.009239673614502
717673249_ac998cfbe6.jpg,4.753039836883545,7.075644016265869
719837187_3e7bf1d472.jpg,7.4735589027404785,5.717324256896973
720208977_f44c2bba5b.jpg,-0.36340221762657166,-5.156993389129639
72218201_e0e9c7d65b.jpg,-0.04339361935853958,-4.294424057006836
724702877_f2a938766b.jpg,3.5571937561035156,4.537846565246582
72964268_d532bb8ec7.jpg,0.22425870597362518,-4.223861217498779
732468337_a37075225e.jpg,0.10424095392227173,0.6299452781677246
733172023_5810350af6.jpg,-5.965577602386475,0.4375605583190918
733752482_ee01a419e5.jpg,3.962388515472412,5.277781963348389
733964952_69f011a6c4.jpg,-6.140296459197998,0.8998497128486633
733965014_1a0b2b5ee9.jpg,1.9459363222122192,7.200308799743652
735787579_617b047319.jpg,-6.17339563369751,2.0845022201538086
742073622_1206be8f7f.jpg,-5.86729097366333,1.0931084156036377
743571049_68080e8751.jpg,-0.8057832717895508,0.49295395612716675
745563422_f4fa7d9157.jpg,-5.475487232208252,-0.16048990190029144
745880539_cd3f948837.jpg,3.6169729232788086,6.428725242614746
745966757_6d16dfad8f.jpg,-0.23576465249061584,-1.3893580436706543
746787916_ceb103069f.jpg,1.255605697631836,7.091837406158447
747242766_afdc9cb2ba.jpg,5.6444091796875,3.3343679904937744
747921928_48eb02aab2.jpg,-5.387382984161377,1.2482439279556274
749840385_e004bf3b7c.jpg,-2.5780556201934814,2.0873191356658936
750196276_c3258c6f1b.jpg,-2.2520079612731934,-1.0020577907562256
751074141_feafc7b16c.jpg,-1.3173798322677612,3.5791778564453125
751109943_2a7f8e117f.jpg,0.4642651081085205,1.4077446460723877
751737218_b89839a311.jpg,-0.9131606221199036,0.9673317074775696
752052256_243d111bf0.jpg,-1.924540400505066,2.0756916999816895
753285176_f21a2b984d.jpg,0.18603606522083282,-1.1312812566757202
753578547_912d2b4048.jpg,3.0836586952209473,5.500143051147461
754852108_72f80d421f.jpg,-2.646115303039551,0.5549494028091431
755326139_ee344ece7b.jpg,5.219172477722168,-5.399291515350342
756004341_1a816df714.jpg,-3.294407606124878,-0.5233920216560364
756521713_5d3da56a54.jpg,3.84342622756958,4.4036664962768555
756909515_a416161656.jpg,9.045007705688477,2.8422539234161377
757046028_ff5999f91b.jpg,-4.2101850509643555,1.1839689016342163
757133580_ba974ef649.jpg,-4.694622993469238,-0.451307088136673
757332692_6866ae545c.jpg,2.156717538833618,4.523075103759766
758921886_55a351dd67.jpg,-3.6918342113494873,-5.223342418670654
759015118_4bd3617e60.jpg,-3.876246690750122,-0.5179274082183838
760138567_762d9022d4.jpg,2.9872467517852783,-2.104077100753784
760180310_3c6bd4fd1f.jpg,3.9674670696258545,5.9388628005981445
762947607_2001ee4c72.jpg,-1.1705244779586792,2.4266343116760254
763577068_4b96ed768b.jpg,0.9251769781112671,5.1159868240356445
765091078_a8a11c6f9e.jpg,-0.73799067735672,-2.3060686588287354
765298136_7805fbb079.jpg,2.1836559772491455,-7.9704976081848145
765929807_de381cc764.jpg,-0.9018849730491638,-7.987730503082275
766061382_6c7ff514c4.jpg,0.07003671675920486,-0.20362313091754913
766099402_cdda6964f0.jpg,-2.457573890686035,-0.7899954915046692
766346887_a9a9d0637a.jpg,-0.6792454123497009,-1.4299490451812744
769260947_02bc973d76.jpg,7.080211639404297,0.022981958463788033
771048251_602e5e8f45.jpg,-2.625237464904785,4.158736228942871
771366843_a66304161b.jpg,3.389801025390625,-7.869995594024658
772212710_f5fc22ed35.jpg,-1.3652329444885254,-0.40033239126205444
772403830_08b72c7da9.jpg,2.9628238677978516,-2.4161384105682373
774009278_8e75b7d498.jpg,4.553248405456543,7.597168445587158
775664534_3f6de7d413.jpg,2.9428458213806152,-0.36875489354133606
778885185_3f6905370b.jpg,8.611641883850098,6.803552627563477
781118358_19087c9ec0.jpg,-1.7588012218475342,2.954010009765625
781387473_208ba152b3.jpg,-4.8766093254089355,-0.40054067969322205
782017931_75d92bb7a4.jpg,-5.216183185577393,-3.2137703895568848
782401952_5bc5d3413a.jpg,-5.181253433227539,0.6154528260231018
783353797_fdf91bdf4c.jpg,-4.5238213539123535,3.2341721057891846
783994497_4f6885454d.jpg,-8.9456205368042,1.225862979888916
788126442_086334f0cf.jpg,-3.051612615585327,2.6086807250976562
78984436_ad96eaa802.jpg,6.381248474121094,3.7218284606933594
791338571_7f38510bf7.jpg,1.7266902923583984,0.9704332947731018
792362827_5ab5281b99.jpg,-3.282719850540161,-0.14500540494918823
795081510_53fd17d101.jpg,0.01683776266872883,-6.766031742095947
798343627_7492fe0c12.jpg,-1.2952028512954712,0.4060607850551605
799199774_142b1c3bb2.jpg,7.4214677810668945,-4.356811046600342
799431781_65dc312afc.jpg,-3.874325752258301,1.9408509731292725
799486353_f665d7b0f0.jpg,0.9392912983894348,-3.6658411026000977
801607443_f15956d1ce.jpg,4.548769950866699,-6.575590133666992
802594049_289e3c8420.jpg,-4.624365329742432,-0.01977173238992691
804087017_330bcc8c56.jpg,-7.149146556854248,-1.2129148244857788
805682444_90ed9e1ef3.jpg,7.321537017822266,3.395263910293579
808245064_8a7971fc5b.jpg,-4.675994873046875,-0.49622881412506104
811662356_f9a632b63c.jpg,-1.9827723503112793,0.3084011375904083
811663364_4b350a62ce.jpg,0.3534310460090637,3.3128273487091064
812196663_0c969970b5.jpg,4.657868385314941,-5.219689846038818
816084977_21c1811c9a.jpg,5.051006317138672,-2.919433355331421
818340833_7b963c0ee3.jpg,5.2391862869262695,3.7655012607574463
820169182_f5e78d7d19.jpg,-3.2954678535461426,2.9128925800323486
822836318_21544f0f78.jpg,2.1704459190368652,-5.821535587310791
823675317_b5fbdb17b3.jpg,0.9215189814567566,-3.2398834228515625
823697339_aadbeef495.jpg,-7.442779064178467,0.8213916420936584
824123145_59243e504e.jpg,-4.528748989105225,-1.282883644104004
824782868_a8f532f3a6.jpg,-1.370152473449707,1.591322660446167
824923476_d85edce294.jpg,4.061453342437744,4.066468715667725
825918657_d92f1761f4.jpg,1.9130384922027588,7.260743141174316
827941668_2e4ac6cb39.jpg,7.2988176345825195,-4.088745594024658
832128857_1390386ea6.jpg,-2.956108808517456,1.9239552021026611
835415474_7b7f2a9768.jpg,-3.157382011413574,3.121212959289551
836768303_d748df5546.jpg,4.6381964683532715,4.225276947021484
836828001_af98d16256.jpg,0.5825515985488892,-1.8336113691329956
837893113_81854e94e3.jpg,0.7320070266723633,5.634093284606934
837919879_94e3dacd83.jpg,2.098088264465332,-0.20846576988697052
838074897_9d6270b3cd.jpg,-0.9366217851638794,-0.5832349061965942
839295615_bb9baf2f95.jpg,-3.6885361671447754,-1.553892970085144
842960985_91daf0d6ec.jpg,-4.188120365142822,-2.1946585178375244
842961005_692737888e.jpg,-2.5643279552459717,-1.0129268169403076
843616798_5ab0ecb525.jpg,4.405411720275879,4.358843803405762
846085364_fc9d23df46.jpg,0.7577391862869263,-4.302362442016602
84713990_d3f3cef78b.jpg,1.5010236501693726,-10.924609184265137
847782643_57248bbdab.jpg,-4.486615180969238,2.1102333068847656
848180689_d67a1361ce.jpg,1.2175685167312622,-2.464916944503784
848293676_98e73c52c1.jpg,0.9334418773651123,-2.578334093093872
852469220_bc0fee3623.jpg,9.371234893798828,-1.8501945734024048
854333409_38bc1da9dc.jpg,6.924759387969971,6.404062747955322
856985136_649c0a3881.jpg,-2.444134473800659,-4.730759620666504
857914283_270d7d1c87.jpg,-1.328031063079834,3.9559898376464844
859620561_de417cac1e.jpg,6.0916666984558105,3.882112503051758
860928274_744d14f198.jpg,-3.616236686706543,2.155519485473633
861608773_bdafd5c996.jpg,2.50093150138855,6.851964473724365
861661418_8a37024ace.jpg,1.6637107133865356,3.3431801795959473
861795382_5145ad433d.jpg,-2.0763347148895264,-3.1243534088134766
862054277_34b5a6f401.jpg,5.493824005126953,-1.9670472145080566
862156271_3eacea90a8.jpg,-6.420202255249023,0.810684323310852
862177617_c2c0581075.jpg,-6.693258762359619,0.4503105878829956
862187579_9faf4a51e0.jpg,-4.1546478271484375,-2.8819220066070557
86412576_c53392ef80.jpg,-2.5515120029449463,1.560165524482727
864290968_eccb46d5ab.jpg,-1.9297301769256592,-0.3406999111175537
86542183_5e312ae4d4.jpg,4.361414909362793,-5.887462615966797
866841633_05d273b96d.jpg,5.753023624420166,-7.320623397827148
870710405_51e507b31a.jpg,1.4057766199111938,-3.6924126148223877
871290646_307cddd4e7.jpg,-5.163008689880371,0.6232750415802002
871290666_4877e128c0.jpg,-6.3615241050720215,-1.0939216613769531
872135364_8c1e47d163.jpg,5.059727668762207,2.8408312797546387
872512911_ca383b40e4.jpg,-4.802575588226318,-2.5450918674468994
872622575_ba1d3632cc.jpg,1.6784220933914185,-5.9528045654296875
873633312_a756d8b381.jpg,-0.24368004500865936,1.7351950407028198
874665322_9ad05c4065.jpg,7.785991191864014,5.825706958770752
875731481_a5a0a09934.jpg,-6.163522243499756,-0.5094424486160278
878758390_dd2cdc42f6.jpg,6.619832992553711,0.27743449807167053
880220939_0ef1c37f1f.jpg,-7.220428466796875,-1.5221174955368042
881725588_efabbcd96a.jpg,-6.5529561042785645,1.5871474742889404
883040210_3c4a10f030.jpg,2.676931381225586,-4.581180572509766
887108308_2da97f15ef.jpg,-3.4612693786621094,1.3536118268966675
888425986_e4b6c12324.jpg,-1.9603009223937988,-2.481152057647705
888517718_3d5b4b7b43.jpg,4.213377475738525,5.696868896484375
890734502_a5ae67beac.jpg,0.5392719507217407,-2.695350170135498
892340814_bdd61e10a4.jpg,-0.9242162108421326,-6.6838884353637695
894928353_002a3d5f06.jpg,-2.2044694423675537,-1.4160405397415161
895502702_5170ada2ee.jpg,7.363326072692871,8.010202407836914
897406883_f09f673d94.jpg,1.862971305847168,2.0226175785064697
897621891_efb1e00d1d.jpg,3.16145920753479,-4.591882228851318
899810584_61e1578d3f.jpg,6.03763484954834,-8.63056755065918
90011335_cfdf9674c2.jpg,4.458284378051758,-7.126474380493164
900144365_03cd1899e3.jpg,-7.69521427154541,0.26197028160095215
905355838_3a43fdfd4e.jpg,-5.992152214050293,2.8562777042388916
909191414_1cf5d85821.jpg,-1.733140468597412,3.036081075668335
909808296_23c427022d.jpg,3.7498574256896973,5.024478435516357
911527312_f81ee36b97.jpg,-2.2638144493103027,-0.08171408623456955
911795495_342bb15b97.jpg,-1.7676554918289185,0.5159348249435425
917574521_74fab68514.jpg,-2.941584825515747,2.343768358230591
918886676_3323fb2a01.jpg,4.285235404968262,1.6273974180221558
923550133_ac9d7a2932.jpg,-1.2562072277069092,-4.385193824768066
925491651_57df3a5b36.jpg,9.615262031555176,-1.1187859773635864
927420680_6cba7c040a.jpg,1.0610628128051758,-0.9966403245925903
929679367_ff8c7df2ee.jpg,3.7369658946990967,4.379481315612793
930126921_1b94605bdc.jpg,-2.9079859256744385,1.9959654808044434
930748509_8ca5cf5c24.jpg,8.930534362792969,8.013717651367188
933118213_b35b0b62a7.jpg,1.4502555131912231,-3.4632375240325928
934375844_dd149fed18.jpg,-2.1194682121276855,1.4475431442260742
937559727_ae2613cee5.jpg,0.28997838497161865,-0.3221268951892853
938162709_21443d352f.jpg,2.2450928688049316,-5.726929664611816
93922153_8d831f7f01.jpg,-0.6932117938995361,-7.035436630249023
940973925_a2e6d7951c.jpg,-6.7731733322143555,2.84621524810791
94232465_a135df2711.jpg,3.809640884399414,-3.4851696491241455
942399470_6132d3e5d2.jpg,-0.03245772048830986,0.2020847499370575
944374205_fd3e69bfca.jpg,1.3324511051177979,0.39764347672462463
944788251_a0bcd4b960.jpg,8.672073364257812,-1.473812460899353
945509052_740bb19bc3.jpg,1.3411325216293335,-1.8314826488494873
946051430_8db7e4ce09.jpg,1.0341391563415527,-5.095451831817627
947664583_7c63172366.jpg,2.7769834995269775,-5.320522308349609
947969010_f1ea572e89.jpg,12.234075546264648,-2.692082643508911
948196883_e190a483b1.jpg,-6.426759243011475,1.0840033292770386
950273886_88c324e663.jpg,1.0731106996536255,-8.412083625793457
950411653_20d0335946.jpg,0.39901676774024963,-1.6022052764892578
95151149_5ca6747df6.jpg,1.6469365358352661,-9.949348449707031
952171414_2db16f846f.jpg,-5.835967063903809,1.1216260194778442
953941506_5082c9160c.jpg,8.653325080871582,-0.49021124839782715
954987350_a0c608b467.jpg,-3.8246912956237793,0.07815173268318176
956164675_9ee084364e.jpg,-2.018063545227051,-3.940596580505371
957230475_48f4285ffe.jpg,-3.001922369003296,0.5033212900161743
95728660_d47de66544.jpg,0.48290061950683594,-7.717947959899902
95728664_06c43b90f1.jpg,-1.6524529457092285,-6.887390613555908
95734035_84732a92c1.jpg,-0.4140793979167938,-6.4597883224487305
95734036_bef6d1a871.jpg,2.3997600078582764,-7.198323726654053
95734038_2ab5783da7.jpg,1.960912823677063,-8.034802436828613
957682378_46c3b07bcd.jpg,6.208888053894043,5.85853910446167
95783195_e1ba3f57ca.jpg,-0.8106548190116882,-5.882199287414551
958326692_6210150354.jpg,-0.7971668243408203,-2.7339138984680176
961189263_0990f3bcb5.jpg,4.125559329986572,-3.032726526260376
961611340_251081fcb8.jpg,-4.068436622619629,1.9156206846237183
963730324_0638534227.jpg,-6.325329303741455,2.3406198024749756
96399948_b86c61bfe6.jpg,-2.2984023094177246,0.6215057373046875
964197865_0133acaeb4.jpg,-0.36445707082748413,4.498814582824707
96420612_feb18fc6c6.jpg,-0.051490478217601776,-3.3415274620056152
965444691_fe7e85bf0e.jpg,-5.8745503425598145,2.8837621212005615
967719295_3257695095.jpg,5.308104038238525,-0.30118033289909363
968081289_cdba83ce2e.jpg,1.8015204668045044,-4.823035717010498
96973080_783e375945.jpg,9.062115669250488,4.236672878265381
96978713_775d66a18d.jpg,0.6340343356132507,-8.37146282196045
96985174_31d4c6f06d.jpg,0.13360701501369476,-10.5201997756958
970641406_9a20ee636a.jpg,-3.579184055328369,0.7520139217376709
97105139_fae46fe8ef.jpg,-3.487283945083618,-3.199347972869873
972381743_5677b420ab.jpg,-6.421467304229736,0.5229403972625732
973827791_467d83986e.jpg,1.86564302444458,-3.400779962539673
97406261_5eea044056.jpg,2.054147720336914,3.310227632522583
974924582_10bed89b8d.jpg,0.3375234603881836,-2.367292881011963
975131015_9acd25db9c.jpg,1.3245420455932617,5.350081443786621
97577988_65e2eae14a.jpg,6.8609819412231445,-10.04836368560791
976392326_082dafc3c5.jpg,0.4551399350166321,-5.5840630531311035
97731718_eb7ba71fd3.jpg,0.11251892894506454,-2.407553195953369
977856234_0d9caee7b2.jpg,5.487975597381592,5.411869049072266
978580450_e862715aba.jpg,8.038472175598145,-3.283156633377075
979201222_75b6456d34.jpg,-6.5791544914245605,0.589499294757843
979383193_0a542a059d.jpg,-5.934205055236816,-1.055018424987793
98377566_e4674d1ebd.jpg,1.5685443878173828,4.787003993988037
985067019_705fe4a4cc.jpg,-2.8910202980041504,-1.464933156967163
987907964_5a06a63609.jpg,4.569808483123779,4.020651340484619
989754491_7e53fb4586.jpg,3.3783321380615234,-4.335466384887695
989851184_9ef368e520.jpg,2.126842498779297,5.156492710113525
990890291_afc72be141.jpg,-3.456188678741455,-2.622342348098755
99171998_7cc800ceef.jpg,1.3719903230667114,-8.982931137084961
99679241_adc853a5c0.jpg,4.993658542633057,-1.434105396270752
997338199_7343367d7f.jpg,-6.053384780883789,-0.5781772136688232
997722733_0cb5439472.jpg,-0.8369048237800598,-6.86807918548584
